[2026-05-25T08:54:48+08:00][sql] CONNECT:[ UseTime:0.008048s ] mysql:host=127.0.0.1;port=3306;dbname=weihua;charset=utf8mb4
[2026-05-25T08:54:48+08:00][sql] SHOW FULL COLUMNS FROM `cmf_hook` [ RunTime:0.012514s ]
[2026-05-25T08:54:48+08:00][sql] SELECT `hook`,`id` FROM `cmf_hook` WHERE  (  (  `app` = '' OR `app` = 'cmf' )  AND `type` = 3 ) OR `type` = 1 [ RunTime:0.001783s ]
[2026-05-25T08:54:48+08:00][sql] SHOW FULL COLUMNS FROM `cmf_hook_plugin` [ RunTime:0.001203s ]
[2026-05-25T08:54:48+08:00][sql] SELECT `hook`,`plugin` FROM `cmf_hook_plugin` WHERE  `status` = 1  AND `hook` IN ('app_begin','module_init','action_begin','view_filter','app_end','log_write','response_end','admin_init','home_init','send_mobile_verification_code','body_start','before_head_end','footer_start','before_footer','before_footer_end','before_body_end','left_sidebar_start','before_left_sidebar_end','right_sidebar_start','before_right_sidebar_end','comment','guestbook','switch_theme','after_content','before_content','log_write_done','switch_admin_theme','captcha_image','user_login_start') ORDER BY `list_order` ASC [ RunTime:0.002694s ]
[2026-05-25T08:54:48+08:00][sql] SELECT `hook` FROM `cmf_hook` WHERE  `app` = 'portal' [ RunTime:0.000562s ]
[2026-05-25T08:54:48+08:00][sql] SELECT `hook`,`plugin` FROM `cmf_hook_plugin` WHERE  `status` = 1  AND `hook` IN ('portal_before_assign_article','portal_admin_after_save_article','portal_admin_article_index_view','portal_admin_article_add_view','portal_admin_article_edit_view','portal_admin_category_index_view','portal_admin_category_add_view','portal_admin_category_edit_view','portal_admin_page_index_view','portal_admin_page_add_view','portal_admin_page_edit_view','portal_admin_tag_index_view','portal_admin_article_edit_view_right_sidebar','portal_admin_article_edit_view_main') ORDER BY `list_order` ASC [ RunTime:0.000439s ]
[2026-05-25T08:54:48+08:00][sql] SHOW FULL COLUMNS FROM `cmf_plugin` [ RunTime:0.002985s ]
[2026-05-25T08:54:48+08:00][sql] SELECT `config` FROM `cmf_plugin` WHERE  `name` = 'SwitchTheme' LIMIT 1 [ RunTime:0.001919s ]
[2026-05-25T08:54:48+08:00][sql] SHOW FULL COLUMNS FROM `cmf_option` [ RunTime:0.001521s ]
[2026-05-25T08:54:48+08:00][sql] SELECT `option_value` FROM `cmf_option` WHERE  `option_name` = 'cdn_settings' LIMIT 1 [ RunTime:0.000380s ]
[2026-05-25T08:54:48+08:00][sql] SELECT `option_value` FROM `cmf_option` WHERE  `option_name` = 'cdn_settings' LIMIT 1 [ RunTime:0.000628s ]
[2026-05-25T08:54:48+08:00][sql] SHOW FULL COLUMNS FROM `cmf_product_category` [ RunTime:0.003034s ]
[2026-05-25T08:54:48+08:00][sql] SELECT * FROM `cmf_product_category` WHERE  `parent_id` = 0 ORDER BY `list_order` ASC,`create_time` DESC [ RunTime:0.001001s ]
[2026-05-25T08:54:48+08:00][sql] SELECT * FROM `cmf_product_category` WHERE  `parent_id` IN (28,19,22,23,25,27,30) [ RunTime:0.000605s ]
[2026-05-25T08:54:48+08:00][sql] SHOW FULL COLUMNS FROM `cmf_portal_category` [ RunTime:0.002679s ]
[2026-05-25T08:54:48+08:00][sql] SELECT * FROM `cmf_portal_category` WHERE (  `type` = 8 ) AND `cmf_portal_category`.`delete_time` = '0' ORDER BY `list_order` ASC [ RunTime:0.000580s ]
[2026-05-25T08:54:48+08:00][sql] SELECT `option_value` FROM `cmf_option` WHERE  `option_name` = 'site_info' LIMIT 1 [ RunTime:0.000322s ]
[2026-05-25T08:54:48+08:00][sql] SHOW FULL COLUMNS FROM `cmf_slide_item` [ RunTime:0.003669s ]
[2026-05-25T08:54:48+08:00][sql] SELECT `title`,`description`,`image`,`url`,`target`,`content` FROM `cmf_slide_item` WHERE  `slide_id` = 1 ORDER BY `list_order` ASC [ RunTime:0.000588s ]
[2026-05-25T08:54:48+08:00][sql] SHOW FULL COLUMNS FROM `cmf_slide` [ RunTime:0.001325s ]
[2026-05-25T08:54:48+08:00][sql] SELECT * FROM `cmf_slide` WHERE  `name` LIKE '%choose%' OR `name` LIKE '%选择%' LIMIT 1 [ RunTime:0.001474s ]
[2026-05-25T08:54:48+08:00][sql] SELECT `title`,`description`,`image`,`url`,`target`,`content` FROM `cmf_slide_item` WHERE  `slide_id` = 14  AND `status` = 1 ORDER BY `list_order` ASC [ RunTime:0.000423s ]
[2026-05-25T08:54:48+08:00][sql] SELECT * FROM `cmf_product_category` WHERE  `parent_id` = 0  AND `recommend` = 1 ORDER BY `list_order` ASC,`create_time` DESC [ RunTime:0.000926s ]
[2026-05-25T08:54:48+08:00][sql] SHOW FULL COLUMNS FROM `cmf_product` [ RunTime:0.001566s ]
[2026-05-25T08:54:48+08:00][sql] SELECT `id`,`title`,`thumbnail`,`industry` FROM `cmf_product` WHERE  `is_recommended` = 1  AND `category_id` = 28 ORDER BY `list_order` ASC LIMIT 6 [ RunTime:0.001213s ]
[2026-05-25T08:54:48+08:00][sql] SELECT `id`,`title`,`thumbnail`,`industry` FROM `cmf_product` WHERE  `is_recommended` = 1  AND `category_id` = 19 ORDER BY `list_order` ASC LIMIT 6 [ RunTime:0.000515s ]
[2026-05-25T08:54:48+08:00][sql] SELECT `id`,`title`,`thumbnail`,`industry` FROM `cmf_product` WHERE  `is_recommended` = 1  AND `category_id` = 23 ORDER BY `list_order` ASC LIMIT 6 [ RunTime:0.000448s ]
[2026-05-25T08:54:48+08:00][sql] SELECT `option_value` FROM `cmf_option` WHERE  `option_name` = 'index_setting' LIMIT 1 [ RunTime:0.000332s ]
[2026-05-25T08:54:48+08:00][sql] SELECT `option_value` FROM `cmf_option` WHERE  `option_name` = 'about_site' LIMIT 1 [ RunTime:0.000393s ]
[2026-05-25T08:54:48+08:00][sql] SHOW FULL COLUMNS FROM `cmf_portal_post` [ RunTime:0.001410s ]
[2026-05-25T08:54:48+08:00][sql] SELECT `p`.`id`,`p`.`post_title`,`p`.`post_excerpt`,`p`.`thumbnail`,`p`.`create_time`,`c`.`category_id` FROM `cmf_portal_post` `p` INNER JOIN `cmf_portal_category_post` `c` ON `p`.`id`=`c`.`post_id` WHERE (  `p`.`post_type` = '8' ) AND `p`.`delete_time` = '0' ORDER BY `c`.`list_order` ASC,`p`.`create_time` DESC [ RunTime:0.001342s ]
[2026-05-25T08:54:48+08:00][sql] SELECT `id`,`post_title`,`post_excerpt`,`more` FROM `cmf_portal_post` WHERE (  `post_type` = 3 ) AND `cmf_portal_post`.`delete_time` = '0' ORDER BY `create_time` DESC [ RunTime:0.000394s ]
[2026-05-25T08:54:48+08:00][sql] SHOW FULL COLUMNS FROM `cmf_theme_file` [ RunTime:0.003199s ]
[2026-05-25T08:54:48+08:00][sql] SELECT `more`,`file`,`id` FROM `cmf_theme_file` WHERE  `theme` = 'simpleboot3'  AND (  `is_public` = 1 OR `file` = 'portal/index' ) ORDER BY `is_public` DESC [ RunTime:0.000815s ]
[2026-05-25T08:54:48+08:00][sql] SHOW FULL COLUMNS FROM `cmf_route` [ RunTime:0.001270s ]
[2026-05-25T08:54:48+08:00][sql] SELECT * FROM `cmf_route` WHERE  `status` = 1 ORDER BY `list_order` ASC [ RunTime:0.000692s ]
[2026-05-25T08:54:48+08:00][sql] SELECT `option_value` FROM `cmf_option` WHERE  `option_name` = 'storage' LIMIT 1 [ RunTime:0.000705s ]
[2026-05-25T08:54:52+08:00][sql] CONNECT:[ UseTime:0.001621s ] mysql:host=127.0.0.1;port=3306;dbname=weihua;charset=utf8mb4
[2026-05-25T08:54:52+08:00][sql] SHOW FULL COLUMNS FROM `cmf_option` [ RunTime:0.002486s ]
[2026-05-25T08:54:52+08:00][sql] SELECT `option_value` FROM `cmf_option` WHERE  `option_name` = 'cdn_settings' LIMIT 1 [ RunTime:0.000535s ]
[2026-05-25T08:54:52+08:00][sql] SELECT `option_value` FROM `cmf_option` WHERE  `option_name` = 'cdn_settings' LIMIT 1 [ RunTime:0.000335s ]
[2026-05-25T08:54:52+08:00][sql] SHOW FULL COLUMNS FROM `cmf_product_category` [ RunTime:0.001044s ]
[2026-05-25T08:54:52+08:00][sql] SELECT * FROM `cmf_product_category` WHERE  `parent_id` = 0 ORDER BY `list_order` ASC,`create_time` DESC [ RunTime:0.000435s ]
[2026-05-25T08:54:52+08:00][sql] SELECT * FROM `cmf_product_category` WHERE  `parent_id` IN (28,19,22,23,25,27,30) [ RunTime:0.000475s ]
[2026-05-25T08:54:52+08:00][sql] SHOW FULL COLUMNS FROM `cmf_portal_category` [ RunTime:0.001485s ]
[2026-05-25T08:54:52+08:00][sql] SELECT * FROM `cmf_portal_category` WHERE (  `type` = 8 ) AND `cmf_portal_category`.`delete_time` = '0' ORDER BY `list_order` ASC [ RunTime:0.000469s ]
[2026-05-25T08:54:52+08:00][sql] SELECT `option_value` FROM `cmf_option` WHERE  `option_name` = 'product_category_hero_settings' LIMIT 1 [ RunTime:0.000314s ]
[2026-05-25T08:54:52+08:00][sql] SHOW FULL COLUMNS FROM `cmf_product` [ RunTime:0.002814s ]
[2026-05-25T08:54:52+08:00][sql] SELECT COUNT(*) AS think_count FROM `cmf_product` WHERE  `category_id` = 28 LIMIT 1 [ RunTime:0.004711s ]
[2026-05-25T08:54:52+08:00][sql] SELECT COUNT(*) AS think_count FROM `cmf_product` WHERE  `category_id` = 19 LIMIT 1 [ RunTime:0.000513s ]
[2026-05-25T08:54:52+08:00][sql] SELECT COUNT(*) AS think_count FROM `cmf_product` WHERE  `category_id` = 22 LIMIT 1 [ RunTime:0.000641s ]
[2026-05-25T08:54:52+08:00][sql] SELECT COUNT(*) AS think_count FROM `cmf_product` WHERE  `category_id` = 23 LIMIT 1 [ RunTime:0.000371s ]
[2026-05-25T08:54:52+08:00][sql] SELECT COUNT(*) AS think_count FROM `cmf_product` WHERE  `category_id` = 25 LIMIT 1 [ RunTime:0.000376s ]
[2026-05-25T08:54:52+08:00][sql] SELECT COUNT(*) AS think_count FROM `cmf_product` WHERE  `category_id` = 27 LIMIT 1 [ RunTime:0.000341s ]
[2026-05-25T08:54:52+08:00][sql] SELECT * FROM `cmf_product` WHERE  `category_id` = 27  AND `thumbnail` <> '' ORDER BY `list_order` ASC,`id` DESC LIMIT 1 [ RunTime:0.001368s ]
[2026-05-25T08:54:52+08:00][sql] SELECT COUNT(*) AS think_count FROM `cmf_product` WHERE  `category_id` = 30 LIMIT 1 [ RunTime:0.000308s ]
[2026-05-25T08:54:52+08:00][sql] SELECT COUNT(*) AS think_count FROM `cmf_product` LIMIT 1 [ RunTime:0.000282s ]
[2026-05-25T08:54:52+08:00][sql] SELECT `id`,`category_id`,`title`,`thumbnail`,`industry`,`overview` FROM `cmf_product` ORDER BY `list_order` ASC,`create_time` DESC LIMIT 0,12 [ RunTime:0.001611s ]
[2026-05-25T08:54:52+08:00][sql] SHOW FULL COLUMNS FROM `cmf_slide_item` [ RunTime:0.001681s ]
[2026-05-25T08:54:52+08:00][sql] SELECT `title`,`description`,`image` FROM `cmf_slide_item` WHERE  `slide_id` = 2  AND `status` = 1 ORDER BY `list_order` ASC,`id` DESC LIMIT 1 [ RunTime:0.000582s ]
[2026-05-25T08:54:52+08:00][sql] SELECT `option_value` FROM `cmf_option` WHERE  `option_name` = 'storage' LIMIT 1 [ RunTime:0.000531s ]
[2026-05-25T08:54:52+08:00][sql] SHOW FULL COLUMNS FROM `cmf_portal_post` [ RunTime:0.001543s ]
[2026-05-25T08:54:52+08:00][sql] SELECT `id`,`post_title`,`post_excerpt`,`more` FROM `cmf_portal_post` WHERE (  `post_type` = 3 ) AND `cmf_portal_post`.`delete_time` = '0' ORDER BY `create_time` DESC [ RunTime:0.000603s ]
[2026-05-25T08:54:52+08:00][sql] SHOW FULL COLUMNS FROM `cmf_theme_file` [ RunTime:0.001076s ]
[2026-05-25T08:54:52+08:00][sql] SELECT `more`,`file`,`id` FROM `cmf_theme_file` WHERE  `theme` = 'simpleboot3'  AND (  `is_public` = 1 OR `file` = 'portal/product' ) ORDER BY `is_public` DESC [ RunTime:0.000739s ]
[2026-05-25T08:54:55+08:00][sql] CONNECT:[ UseTime:0.001944s ] mysql:host=127.0.0.1;port=3306;dbname=weihua;charset=utf8mb4
[2026-05-25T08:54:55+08:00][sql] SHOW FULL COLUMNS FROM `cmf_option` [ RunTime:0.005313s ]
[2026-05-25T08:54:55+08:00][sql] SELECT `option_value` FROM `cmf_option` WHERE  `option_name` = 'cdn_settings' LIMIT 1 [ RunTime:0.000445s ]
[2026-05-25T08:54:55+08:00][sql] SELECT `option_value` FROM `cmf_option` WHERE  `option_name` = 'cdn_settings' LIMIT 1 [ RunTime:0.001037s ]
[2026-05-25T08:54:55+08:00][sql] SHOW FULL COLUMNS FROM `cmf_product_category` [ RunTime:0.002176s ]
[2026-05-25T08:54:55+08:00][sql] SELECT * FROM `cmf_product_category` WHERE  `parent_id` = 0 ORDER BY `list_order` ASC,`create_time` DESC [ RunTime:0.000799s ]
[2026-05-25T08:54:55+08:00][sql] SELECT * FROM `cmf_product_category` WHERE  `parent_id` IN (28,19,22,23,25,27,30) [ RunTime:0.000904s ]
[2026-05-25T08:54:55+08:00][sql] SHOW FULL COLUMNS FROM `cmf_portal_category` [ RunTime:0.002681s ]
[2026-05-25T08:54:55+08:00][sql] SELECT * FROM `cmf_portal_category` WHERE (  `type` = 8 ) AND `cmf_portal_category`.`delete_time` = '0' ORDER BY `list_order` ASC [ RunTime:0.003207s ]
[2026-05-25T08:54:55+08:00][sql] SHOW FULL COLUMNS FROM `cmf_slide_item` [ RunTime:0.001956s ]
[2026-05-25T08:54:55+08:00][sql] SELECT `title`,`description`,`image`,`url`,`target`,`content` FROM `cmf_slide_item` WHERE  `slide_id` = 1 ORDER BY `list_order` ASC [ RunTime:0.000559s ]
[2026-05-25T08:54:55+08:00][sql] SHOW FULL COLUMNS FROM `cmf_slide` [ RunTime:0.001240s ]
[2026-05-25T08:54:55+08:00][sql] SELECT * FROM `cmf_slide` WHERE  `name` LIKE '%choose%' OR `name` LIKE '%选择%' LIMIT 1 [ RunTime:0.000423s ]
[2026-05-25T08:54:55+08:00][sql] SELECT `title`,`description`,`image`,`url`,`target`,`content` FROM `cmf_slide_item` WHERE  `slide_id` = 14  AND `status` = 1 ORDER BY `list_order` ASC [ RunTime:0.000784s ]
[2026-05-25T08:54:55+08:00][sql] SELECT * FROM `cmf_product_category` WHERE  `parent_id` = 0  AND `recommend` = 1 ORDER BY `list_order` ASC,`create_time` DESC [ RunTime:0.000441s ]
[2026-05-25T08:54:55+08:00][sql] SHOW FULL COLUMNS FROM `cmf_product` [ RunTime:0.001287s ]
[2026-05-25T08:54:55+08:00][sql] SELECT `id`,`title`,`thumbnail`,`industry` FROM `cmf_product` WHERE  `is_recommended` = 1  AND `category_id` = 28 ORDER BY `list_order` ASC LIMIT 6 [ RunTime:0.000985s ]
[2026-05-25T08:54:55+08:00][sql] SELECT `id`,`title`,`thumbnail`,`industry` FROM `cmf_product` WHERE  `is_recommended` = 1  AND `category_id` = 19 ORDER BY `list_order` ASC LIMIT 6 [ RunTime:0.000775s ]
[2026-05-25T08:54:55+08:00][sql] SELECT `id`,`title`,`thumbnail`,`industry` FROM `cmf_product` WHERE  `is_recommended` = 1  AND `category_id` = 23 ORDER BY `list_order` ASC LIMIT 6 [ RunTime:0.000744s ]
[2026-05-25T08:54:55+08:00][sql] SHOW FULL COLUMNS FROM `cmf_portal_post` [ RunTime:0.002137s ]
[2026-05-25T08:54:55+08:00][sql] SELECT `p`.`id`,`p`.`post_title`,`p`.`post_excerpt`,`p`.`thumbnail`,`p`.`create_time`,`c`.`category_id` FROM `cmf_portal_post` `p` INNER JOIN `cmf_portal_category_post` `c` ON `p`.`id`=`c`.`post_id` WHERE (  `p`.`post_type` = '8' ) AND `p`.`delete_time` = '0' ORDER BY `c`.`list_order` ASC,`p`.`create_time` DESC [ RunTime:0.001020s ]
[2026-05-25T08:54:55+08:00][sql] SELECT `id`,`post_title`,`post_excerpt`,`more` FROM `cmf_portal_post` WHERE (  `post_type` = 3 ) AND `cmf_portal_post`.`delete_time` = '0' ORDER BY `create_time` DESC [ RunTime:0.000438s ]
[2026-05-25T08:54:55+08:00][sql] SHOW FULL COLUMNS FROM `cmf_theme_file` [ RunTime:0.000975s ]
[2026-05-25T08:54:55+08:00][sql] SELECT `more`,`file`,`id` FROM `cmf_theme_file` WHERE  `theme` = 'simpleboot3'  AND (  `is_public` = 1 OR `file` = 'portal/index' ) ORDER BY `is_public` DESC [ RunTime:0.000483s ]
[2026-05-25T08:54:55+08:00][sql] SELECT `option_value` FROM `cmf_option` WHERE  `option_name` = 'storage' LIMIT 1 [ RunTime:0.000438s ]
[2026-05-25T08:55:22+08:00][sql] CONNECT:[ UseTime:0.001964s ] mysql:host=127.0.0.1;port=3306;dbname=weihua;charset=utf8mb4
[2026-05-25T08:55:22+08:00][sql] SHOW FULL COLUMNS FROM `cmf_option` [ RunTime:0.007309s ]
[2026-05-25T08:55:22+08:00][sql] SELECT `option_value` FROM `cmf_option` WHERE  `option_name` = 'cdn_settings' LIMIT 1 [ RunTime:0.001879s ]
[2026-05-25T08:55:22+08:00][sql] SELECT `option_value` FROM `cmf_option` WHERE  `option_name` = 'cdn_settings' LIMIT 1 [ RunTime:0.001261s ]
[2026-05-25T08:55:22+08:00][sql] SHOW FULL COLUMNS FROM `cmf_product_category` [ RunTime:0.001508s ]
[2026-05-25T08:55:22+08:00][sql] SELECT * FROM `cmf_product_category` WHERE  `parent_id` = 0 ORDER BY `list_order` ASC,`create_time` DESC [ RunTime:0.000507s ]
[2026-05-25T08:55:22+08:00][sql] SELECT * FROM `cmf_product_category` WHERE  `parent_id` IN (28,19,22,23,25,27,30) [ RunTime:0.000663s ]
[2026-05-25T08:55:22+08:00][sql] SHOW FULL COLUMNS FROM `cmf_portal_category` [ RunTime:0.001362s ]
[2026-05-25T08:55:22+08:00][sql] SELECT * FROM `cmf_portal_category` WHERE (  `type` = 8 ) AND `cmf_portal_category`.`delete_time` = '0' ORDER BY `list_order` ASC [ RunTime:0.002935s ]
[2026-05-25T08:55:22+08:00][sql] SHOW FULL COLUMNS FROM `cmf_slide_item` [ RunTime:0.002937s ]
[2026-05-25T08:55:22+08:00][sql] SELECT `title`,`description`,`image` FROM `cmf_slide_item` WHERE  `slide_id` = 4  AND `status` = 1 ORDER BY `list_order` ASC,`id` DESC LIMIT 1 [ RunTime:0.000549s ]
[2026-05-25T08:55:22+08:00][sql] SHOW FULL COLUMNS FROM `cmf_theme_file` [ RunTime:0.002446s ]
[2026-05-25T08:55:22+08:00][sql] SELECT `more`,`file`,`id` FROM `cmf_theme_file` WHERE  `theme` = 'simpleboot3'  AND (  `is_public` = 1 OR `file` = 'portal/about' ) ORDER BY `is_public` DESC [ RunTime:0.000619s ]
[2026-05-25T08:55:22+08:00][sql] SELECT `option_value` FROM `cmf_option` WHERE  `option_name` = 'storage' LIMIT 1 [ RunTime:0.000611s ]
[2026-05-25T08:55:25+08:00][sql] CONNECT:[ UseTime:0.001120s ] mysql:host=127.0.0.1;port=3306;dbname=weihua;charset=utf8mb4
[2026-05-25T08:55:25+08:00][sql] SHOW FULL COLUMNS FROM `cmf_option` [ RunTime:0.004658s ]
[2026-05-25T08:55:25+08:00][sql] SELECT `option_value` FROM `cmf_option` WHERE  `option_name` = 'cdn_settings' LIMIT 1 [ RunTime:0.002141s ]
[2026-05-25T08:55:25+08:00][sql] SELECT `option_value` FROM `cmf_option` WHERE  `option_name` = 'cdn_settings' LIMIT 1 [ RunTime:0.000431s ]
[2026-05-25T08:55:25+08:00][sql] SHOW FULL COLUMNS FROM `cmf_product_category` [ RunTime:0.000995s ]
[2026-05-25T08:55:25+08:00][sql] SELECT * FROM `cmf_product_category` WHERE  `parent_id` = 0 ORDER BY `list_order` ASC,`create_time` DESC [ RunTime:0.000460s ]
[2026-05-25T08:55:25+08:00][sql] SELECT * FROM `cmf_product_category` WHERE  `parent_id` IN (28,19,22,23,25,27,30) [ RunTime:0.000857s ]
[2026-05-25T08:55:25+08:00][sql] SHOW FULL COLUMNS FROM `cmf_portal_category` [ RunTime:0.001004s ]
[2026-05-25T08:55:25+08:00][sql] SELECT * FROM `cmf_portal_category` WHERE (  `type` = 8 ) AND `cmf_portal_category`.`delete_time` = '0' ORDER BY `list_order` ASC [ RunTime:0.000977s ]
[2026-05-25T08:55:25+08:00][sql] SHOW FULL COLUMNS FROM `cmf_product` [ RunTime:0.001718s ]
[2026-05-25T08:55:25+08:00][sql] SELECT COUNT(*) AS think_count FROM `cmf_product` WHERE  `category_id` = 28 LIMIT 1 [ RunTime:0.001598s ]
[2026-05-25T08:55:25+08:00][sql] SELECT COUNT(*) AS think_count FROM `cmf_product` WHERE  `category_id` = 19 LIMIT 1 [ RunTime:0.001656s ]
[2026-05-25T08:55:25+08:00][sql] SELECT COUNT(*) AS think_count FROM `cmf_product` WHERE  `category_id` = 22 LIMIT 1 [ RunTime:0.000268s ]
[2026-05-25T08:55:25+08:00][sql] SELECT COUNT(*) AS think_count FROM `cmf_product` WHERE  `category_id` = 23 LIMIT 1 [ RunTime:0.000273s ]
[2026-05-25T08:55:25+08:00][sql] SELECT COUNT(*) AS think_count FROM `cmf_product` WHERE  `category_id` = 25 LIMIT 1 [ RunTime:0.000564s ]
[2026-05-25T08:55:25+08:00][sql] SELECT COUNT(*) AS think_count FROM `cmf_product` WHERE  `category_id` = 27 LIMIT 1 [ RunTime:0.000244s ]
[2026-05-25T08:55:25+08:00][sql] SELECT * FROM `cmf_product` WHERE  `category_id` = 27  AND `thumbnail` <> '' ORDER BY `list_order` ASC,`id` DESC LIMIT 1 [ RunTime:0.001008s ]
[2026-05-25T08:55:25+08:00][sql] SELECT COUNT(*) AS think_count FROM `cmf_product` WHERE  `category_id` = 30 LIMIT 1 [ RunTime:0.000306s ]
[2026-05-25T08:55:25+08:00][sql] SELECT COUNT(*) AS think_count FROM `cmf_product` LIMIT 1 [ RunTime:0.000215s ]
[2026-05-25T08:55:25+08:00][sql] SELECT `id`,`category_id`,`title`,`thumbnail`,`industry`,`overview` FROM `cmf_product` ORDER BY `list_order` ASC,`create_time` DESC LIMIT 0,12 [ RunTime:0.000652s ]
[2026-05-25T08:55:25+08:00][sql] SHOW FULL COLUMNS FROM `cmf_slide_item` [ RunTime:0.001116s ]
[2026-05-25T08:55:25+08:00][sql] SELECT `title`,`description`,`image` FROM `cmf_slide_item` WHERE  `slide_id` = 2  AND `status` = 1 ORDER BY `list_order` ASC,`id` DESC LIMIT 1 [ RunTime:0.000455s ]
[2026-05-25T08:55:25+08:00][sql] SELECT `option_value` FROM `cmf_option` WHERE  `option_name` = 'storage' LIMIT 1 [ RunTime:0.000242s ]
[2026-05-25T08:55:25+08:00][sql] SHOW FULL COLUMNS FROM `cmf_portal_post` [ RunTime:0.001417s ]
[2026-05-25T08:55:25+08:00][sql] SELECT `id`,`post_title`,`post_excerpt`,`more` FROM `cmf_portal_post` WHERE (  `post_type` = 3 ) AND `cmf_portal_post`.`delete_time` = '0' ORDER BY `create_time` DESC [ RunTime:0.000494s ]
[2026-05-25T08:55:25+08:00][sql] SHOW FULL COLUMNS FROM `cmf_theme_file` [ RunTime:0.000802s ]
[2026-05-25T08:55:25+08:00][sql] SELECT `more`,`file`,`id` FROM `cmf_theme_file` WHERE  `theme` = 'simpleboot3'  AND (  `is_public` = 1 OR `file` = 'portal/product' ) ORDER BY `is_public` DESC [ RunTime:0.000376s ]
[2026-05-25T08:55:27+08:00][sql] CONNECT:[ UseTime:0.000805s ] mysql:host=127.0.0.1;port=3306;dbname=weihua;charset=utf8mb4
[2026-05-25T08:55:27+08:00][sql] SHOW FULL COLUMNS FROM `cmf_option` [ RunTime:0.005426s ]
[2026-05-25T08:55:27+08:00][sql] SELECT `option_value` FROM `cmf_option` WHERE  `option_name` = 'cdn_settings' LIMIT 1 [ RunTime:0.000375s ]
[2026-05-25T08:55:27+08:00][sql] SELECT `option_value` FROM `cmf_option` WHERE  `option_name` = 'cdn_settings' LIMIT 1 [ RunTime:0.000340s ]
[2026-05-25T08:55:27+08:00][sql] SHOW FULL COLUMNS FROM `cmf_product_category` [ RunTime:0.000950s ]
[2026-05-25T08:55:27+08:00][sql] SELECT * FROM `cmf_product_category` WHERE  `parent_id` = 0 ORDER BY `list_order` ASC,`create_time` DESC [ RunTime:0.000453s ]
[2026-05-25T08:55:27+08:00][sql] SELECT * FROM `cmf_product_category` WHERE  `parent_id` IN (28,19,22,23,25,27,30) [ RunTime:0.000370s ]
[2026-05-25T08:55:27+08:00][sql] SHOW FULL COLUMNS FROM `cmf_portal_category` [ RunTime:0.000968s ]
[2026-05-25T08:55:27+08:00][sql] SELECT * FROM `cmf_portal_category` WHERE (  `type` = 8 ) AND `cmf_portal_category`.`delete_time` = '0' ORDER BY `list_order` ASC [ RunTime:0.001821s ]
[2026-05-25T08:55:27+08:00][sql] SELECT * FROM `cmf_product_category` WHERE  `id` = 28 LIMIT 1 [ RunTime:0.001275s ]
[2026-05-25T08:55:27+08:00][sql] SHOW FULL COLUMNS FROM `cmf_product` [ RunTime:0.001223s ]
[2026-05-25T08:55:27+08:00][sql] SELECT COUNT(*) AS think_count FROM `cmf_product` WHERE  `category_id` = 28 LIMIT 1 [ RunTime:0.000684s ]
[2026-05-25T08:55:27+08:00][sql] SELECT COUNT(*) AS think_count FROM `cmf_product` WHERE  `category_id` = 19 LIMIT 1 [ RunTime:0.000632s ]
[2026-05-25T08:55:27+08:00][sql] SELECT COUNT(*) AS think_count FROM `cmf_product` WHERE  `category_id` = 22 LIMIT 1 [ RunTime:0.000419s ]
[2026-05-25T08:55:27+08:00][sql] SELECT COUNT(*) AS think_count FROM `cmf_product` WHERE  `category_id` = 23 LIMIT 1 [ RunTime:0.000358s ]
[2026-05-25T08:55:27+08:00][sql] SELECT COUNT(*) AS think_count FROM `cmf_product` WHERE  `category_id` = 25 LIMIT 1 [ RunTime:0.000290s ]
[2026-05-25T08:55:27+08:00][sql] SELECT COUNT(*) AS think_count FROM `cmf_product` WHERE  `category_id` = 27 LIMIT 1 [ RunTime:0.000300s ]
[2026-05-25T08:55:27+08:00][sql] SELECT * FROM `cmf_product` WHERE  `category_id` = 27  AND `thumbnail` <> '' ORDER BY `list_order` ASC,`id` DESC LIMIT 1 [ RunTime:0.001110s ]
[2026-05-25T08:55:27+08:00][sql] SELECT COUNT(*) AS think_count FROM `cmf_product` WHERE  `category_id` = 30 LIMIT 1 [ RunTime:0.000298s ]
[2026-05-25T08:55:27+08:00][sql] SELECT COUNT(*) AS think_count FROM `cmf_product` WHERE  `category_id` = 28 LIMIT 1 [ RunTime:0.000244s ]
[2026-05-25T08:55:27+08:00][sql] SELECT `id`,`category_id`,`title`,`thumbnail`,`industry`,`overview` FROM `cmf_product` WHERE  `category_id` = 28 ORDER BY `list_order` ASC,`create_time` DESC LIMIT 0,12 [ RunTime:0.000556s ]
[2026-05-25T08:55:27+08:00][sql] SHOW FULL COLUMNS FROM `cmf_slide_item` [ RunTime:0.000924s ]
[2026-05-25T08:55:27+08:00][sql] SELECT `title`,`description`,`image` FROM `cmf_slide_item` WHERE  `slide_id` = 2  AND `status` = 1 ORDER BY `list_order` ASC,`id` DESC LIMIT 1 [ RunTime:0.000490s ]
[2026-05-25T08:55:27+08:00][sql] SELECT `option_value` FROM `cmf_option` WHERE  `option_name` = 'storage' LIMIT 1 [ RunTime:0.000318s ]
[2026-05-25T08:55:27+08:00][sql] SELECT `option_value` FROM `cmf_option` WHERE  `option_name` = 'product_category_faq_settings' LIMIT 1 [ RunTime:0.000296s ]
[2026-05-25T08:55:27+08:00][sql] SHOW FULL COLUMNS FROM `cmf_portal_post` [ RunTime:0.003602s ]
[2026-05-25T08:55:27+08:00][sql] SELECT `id`,`post_title`,`post_excerpt`,`more` FROM `cmf_portal_post` WHERE (  `post_type` = 3 ) AND `cmf_portal_post`.`delete_time` = '0' ORDER BY `create_time` DESC [ RunTime:0.000775s ]
[2026-05-25T08:55:27+08:00][sql] SHOW FULL COLUMNS FROM `cmf_theme_file` [ RunTime:0.001193s ]
[2026-05-25T08:55:27+08:00][sql] SELECT `more`,`file`,`id` FROM `cmf_theme_file` WHERE  `theme` = 'simpleboot3'  AND (  `is_public` = 1 OR `file` = 'portal/product' ) ORDER BY `is_public` DESC [ RunTime:0.000754s ]
[2026-05-25T08:57:45+08:00][sql] CONNECT:[ UseTime:0.000974s ] mysql:host=127.0.0.1;port=3306;dbname=weihua;charset=utf8mb4
[2026-05-25T08:57:45+08:00][sql] SHOW FULL COLUMNS FROM `cmf_option` [ RunTime:0.002603s ]
[2026-05-25T08:57:45+08:00][sql] SELECT `option_value` FROM `cmf_option` WHERE  `option_name` = 'cdn_settings' LIMIT 1 [ RunTime:0.000307s ]
[2026-05-25T08:57:45+08:00][sql] SELECT `option_value` FROM `cmf_option` WHERE  `option_name` = 'cdn_settings' LIMIT 1 [ RunTime:0.000685s ]
[2026-05-25T08:57:45+08:00][sql] SHOW FULL COLUMNS FROM `cmf_product_category` [ RunTime:0.001394s ]
[2026-05-25T08:57:45+08:00][sql] SELECT * FROM `cmf_product_category` WHERE  `parent_id` = 0 ORDER BY `list_order` ASC,`create_time` DESC [ RunTime:0.000549s ]
[2026-05-25T08:57:45+08:00][sql] SELECT * FROM `cmf_product_category` WHERE  `parent_id` IN (28,19,22,23,25,27,30) [ RunTime:0.000405s ]
[2026-05-25T08:57:45+08:00][sql] SHOW FULL COLUMNS FROM `cmf_portal_category` [ RunTime:0.001009s ]
[2026-05-25T08:57:45+08:00][sql] SELECT * FROM `cmf_portal_category` WHERE (  `type` = 8 ) AND `cmf_portal_category`.`delete_time` = '0' ORDER BY `list_order` ASC [ RunTime:0.000377s ]
[2026-05-25T08:57:45+08:00][sql] SHOW FULL COLUMNS FROM `cmf_slide_item` [ RunTime:0.000865s ]
[2026-05-25T08:57:45+08:00][sql] SELECT `title`,`description`,`image`,`url`,`target`,`content` FROM `cmf_slide_item` WHERE  `slide_id` = 1 ORDER BY `list_order` ASC [ RunTime:0.000333s ]
[2026-05-25T08:57:45+08:00][sql] SHOW FULL COLUMNS FROM `cmf_slide` [ RunTime:0.000818s ]
[2026-05-25T08:57:45+08:00][sql] SELECT * FROM `cmf_slide` WHERE  `name` LIKE '%choose%' OR `name` LIKE '%选择%' LIMIT 1 [ RunTime:0.000834s ]
[2026-05-25T08:57:45+08:00][sql] SELECT `title`,`description`,`image`,`url`,`target`,`content` FROM `cmf_slide_item` WHERE  `slide_id` = 14  AND `status` = 1 ORDER BY `list_order` ASC [ RunTime:0.000313s ]
[2026-05-25T08:57:45+08:00][sql] SELECT * FROM `cmf_product_category` WHERE  `parent_id` = 0  AND `recommend` = 1 ORDER BY `list_order` ASC,`create_time` DESC [ RunTime:0.000305s ]
[2026-05-25T08:57:45+08:00][sql] SHOW FULL COLUMNS FROM `cmf_product` [ RunTime:0.001311s ]
[2026-05-25T08:57:45+08:00][sql] SELECT `id`,`title`,`thumbnail`,`industry` FROM `cmf_product` WHERE  `is_recommended` = 1  AND `category_id` = 28 ORDER BY `list_order` ASC LIMIT 6 [ RunTime:0.000815s ]
[2026-05-25T08:57:45+08:00][sql] SELECT `id`,`title`,`thumbnail`,`industry` FROM `cmf_product` WHERE  `is_recommended` = 1  AND `category_id` = 19 ORDER BY `list_order` ASC LIMIT 6 [ RunTime:0.000551s ]
[2026-05-25T08:57:45+08:00][sql] SELECT `id`,`title`,`thumbnail`,`industry` FROM `cmf_product` WHERE  `is_recommended` = 1  AND `category_id` = 23 ORDER BY `list_order` ASC LIMIT 6 [ RunTime:0.000951s ]
[2026-05-25T08:57:45+08:00][sql] SHOW FULL COLUMNS FROM `cmf_portal_post` [ RunTime:0.001087s ]
[2026-05-25T08:57:45+08:00][sql] SELECT `p`.`id`,`p`.`post_title`,`p`.`post_excerpt`,`p`.`thumbnail`,`p`.`create_time`,`c`.`category_id` FROM `cmf_portal_post` `p` INNER JOIN `cmf_portal_category_post` `c` ON `p`.`id`=`c`.`post_id` WHERE (  `p`.`post_type` = '8' ) AND `p`.`delete_time` = '0' ORDER BY `c`.`list_order` ASC,`p`.`create_time` DESC [ RunTime:0.001237s ]
[2026-05-25T08:57:45+08:00][sql] SELECT `id`,`post_title`,`post_excerpt`,`more` FROM `cmf_portal_post` WHERE (  `post_type` = 3 ) AND `cmf_portal_post`.`delete_time` = '0' ORDER BY `create_time` DESC [ RunTime:0.000374s ]
[2026-05-25T08:57:45+08:00][sql] SHOW FULL COLUMNS FROM `cmf_theme_file` [ RunTime:0.000838s ]
[2026-05-25T08:57:45+08:00][sql] SELECT `more`,`file`,`id` FROM `cmf_theme_file` WHERE  `theme` = 'simpleboot3'  AND (  `is_public` = 1 OR `file` = 'portal/index' ) ORDER BY `is_public` DESC [ RunTime:0.000405s ]
[2026-05-25T08:57:45+08:00][sql] SELECT `option_value` FROM `cmf_option` WHERE  `option_name` = 'storage' LIMIT 1 [ RunTime:0.000278s ]
[2026-05-25T08:58:12+08:00][sql] CONNECT:[ UseTime:0.001776s ] mysql:host=127.0.0.1;port=3306;dbname=weihua;charset=utf8mb4
[2026-05-25T08:58:12+08:00][sql] SHOW FULL COLUMNS FROM `cmf_option` [ RunTime:0.007378s ]
[2026-05-25T08:58:12+08:00][sql] SELECT `option_value` FROM `cmf_option` WHERE  `option_name` = 'cdn_settings' LIMIT 1 [ RunTime:0.000674s ]
[2026-05-25T08:58:12+08:00][sql] SELECT `option_value` FROM `cmf_option` WHERE  `option_name` = 'cdn_settings' LIMIT 1 [ RunTime:0.000559s ]
[2026-05-25T08:58:12+08:00][sql] SHOW FULL COLUMNS FROM `cmf_product_category` [ RunTime:0.001551s ]
[2026-05-25T08:58:12+08:00][sql] SELECT * FROM `cmf_product_category` WHERE  `parent_id` = 0 ORDER BY `list_order` ASC,`create_time` DESC [ RunTime:0.000575s ]
[2026-05-25T08:58:12+08:00][sql] SELECT * FROM `cmf_product_category` WHERE  `parent_id` IN (28,19,22,23,25,27,30) [ RunTime:0.001271s ]
[2026-05-25T08:58:12+08:00][sql] SHOW FULL COLUMNS FROM `cmf_portal_category` [ RunTime:0.002102s ]
[2026-05-25T08:58:12+08:00][sql] SELECT * FROM `cmf_portal_category` WHERE (  `type` = 8 ) AND `cmf_portal_category`.`delete_time` = '0' ORDER BY `list_order` ASC [ RunTime:0.001091s ]
[2026-05-25T08:58:12+08:00][sql] SHOW FULL COLUMNS FROM `cmf_slide_item` [ RunTime:0.001674s ]
[2026-05-25T08:58:12+08:00][sql] SELECT `title`,`description`,`image`,`url`,`target`,`content` FROM `cmf_slide_item` WHERE  `slide_id` = 1 ORDER BY `list_order` ASC [ RunTime:0.001130s ]
[2026-05-25T08:58:12+08:00][sql] SHOW FULL COLUMNS FROM `cmf_slide` [ RunTime:0.001133s ]
[2026-05-25T08:58:12+08:00][sql] SELECT * FROM `cmf_slide` WHERE  `name` LIKE '%choose%' OR `name` LIKE '%选择%' LIMIT 1 [ RunTime:0.002170s ]
[2026-05-25T08:58:12+08:00][sql] SELECT `title`,`description`,`image`,`url`,`target`,`content` FROM `cmf_slide_item` WHERE  `slide_id` = 14  AND `status` = 1 ORDER BY `list_order` ASC [ RunTime:0.000940s ]
[2026-05-25T08:58:12+08:00][sql] SELECT * FROM `cmf_product_category` WHERE  `parent_id` = 0  AND `recommend` = 1 ORDER BY `list_order` ASC,`create_time` DESC [ RunTime:0.000971s ]
[2026-05-25T08:58:12+08:00][sql] SHOW FULL COLUMNS FROM `cmf_product` [ RunTime:0.001719s ]
[2026-05-25T08:58:12+08:00][sql] SELECT `id`,`title`,`thumbnail`,`industry` FROM `cmf_product` WHERE  `is_recommended` = 1  AND `category_id` = 28 ORDER BY `list_order` ASC LIMIT 6 [ RunTime:0.000913s ]
[2026-05-25T08:58:12+08:00][sql] SELECT `id`,`title`,`thumbnail`,`industry` FROM `cmf_product` WHERE  `is_recommended` = 1  AND `category_id` = 19 ORDER BY `list_order` ASC LIMIT 6 [ RunTime:0.000568s ]
[2026-05-25T08:58:12+08:00][sql] SELECT `id`,`title`,`thumbnail`,`industry` FROM `cmf_product` WHERE  `is_recommended` = 1  AND `category_id` = 23 ORDER BY `list_order` ASC LIMIT 6 [ RunTime:0.000517s ]
[2026-05-25T08:58:12+08:00][sql] SHOW FULL COLUMNS FROM `cmf_portal_post` [ RunTime:0.001598s ]
[2026-05-25T08:58:12+08:00][sql] SELECT `p`.`id`,`p`.`post_title`,`p`.`post_excerpt`,`p`.`thumbnail`,`p`.`create_time`,`c`.`category_id` FROM `cmf_portal_post` `p` INNER JOIN `cmf_portal_category_post` `c` ON `p`.`id`=`c`.`post_id` WHERE (  `p`.`post_type` = '8' ) AND `p`.`delete_time` = '0' ORDER BY `c`.`list_order` ASC,`p`.`create_time` DESC [ RunTime:0.000881s ]
[2026-05-25T08:58:12+08:00][sql] SELECT `id`,`post_title`,`post_excerpt`,`more` FROM `cmf_portal_post` WHERE (  `post_type` = 3 ) AND `cmf_portal_post`.`delete_time` = '0' ORDER BY `create_time` DESC [ RunTime:0.000589s ]
[2026-05-25T08:58:12+08:00][sql] SHOW FULL COLUMNS FROM `cmf_theme_file` [ RunTime:0.002697s ]
[2026-05-25T08:58:12+08:00][sql] SELECT `more`,`file`,`id` FROM `cmf_theme_file` WHERE  `theme` = 'simpleboot3'  AND (  `is_public` = 1 OR `file` = 'portal/index' ) ORDER BY `is_public` DESC [ RunTime:0.000935s ]
[2026-05-25T08:58:12+08:00][sql] SELECT `option_value` FROM `cmf_option` WHERE  `option_name` = 'storage' LIMIT 1 [ RunTime:0.001154s ]
[2026-05-25T08:58:14+08:00][sql] CONNECT:[ UseTime:0.001846s ] mysql:host=127.0.0.1;port=3306;dbname=weihua;charset=utf8mb4
[2026-05-25T08:58:14+08:00][sql] SHOW FULL COLUMNS FROM `cmf_option` [ RunTime:0.003056s ]
[2026-05-25T08:58:14+08:00][sql] SELECT `option_value` FROM `cmf_option` WHERE  `option_name` = 'cdn_settings' LIMIT 1 [ RunTime:0.000389s ]
[2026-05-25T08:58:14+08:00][sql] SELECT `option_value` FROM `cmf_option` WHERE  `option_name` = 'cdn_settings' LIMIT 1 [ RunTime:0.000902s ]
[2026-05-25T08:58:14+08:00][sql] SHOW FULL COLUMNS FROM `cmf_product_category` [ RunTime:0.001648s ]
[2026-05-25T08:58:14+08:00][sql] SELECT * FROM `cmf_product_category` WHERE  `parent_id` = 0 ORDER BY `list_order` ASC,`create_time` DESC [ RunTime:0.001510s ]
[2026-05-25T08:58:14+08:00][sql] SELECT * FROM `cmf_product_category` WHERE  `parent_id` IN (28,19,22,23,25,27,30) [ RunTime:0.000372s ]
[2026-05-25T08:58:14+08:00][sql] SHOW FULL COLUMNS FROM `cmf_portal_category` [ RunTime:0.001050s ]
[2026-05-25T08:58:14+08:00][sql] SELECT * FROM `cmf_portal_category` WHERE (  `type` = 8 ) AND `cmf_portal_category`.`delete_time` = '0' ORDER BY `list_order` ASC [ RunTime:0.000473s ]
[2026-05-25T08:58:14+08:00][sql] SHOW FULL COLUMNS FROM `cmf_product` [ RunTime:0.001201s ]
[2026-05-25T08:58:14+08:00][sql] SELECT COUNT(*) AS think_count FROM `cmf_product` WHERE  `category_id` = 28 LIMIT 1 [ RunTime:0.000936s ]
[2026-05-25T08:58:14+08:00][sql] SELECT COUNT(*) AS think_count FROM `cmf_product` WHERE  `category_id` = 19 LIMIT 1 [ RunTime:0.000269s ]
[2026-05-25T08:58:14+08:00][sql] SELECT COUNT(*) AS think_count FROM `cmf_product` WHERE  `category_id` = 22 LIMIT 1 [ RunTime:0.000226s ]
[2026-05-25T08:58:14+08:00][sql] SELECT COUNT(*) AS think_count FROM `cmf_product` WHERE  `category_id` = 23 LIMIT 1 [ RunTime:0.000357s ]
[2026-05-25T08:58:14+08:00][sql] SELECT COUNT(*) AS think_count FROM `cmf_product` WHERE  `category_id` = 25 LIMIT 1 [ RunTime:0.000488s ]
[2026-05-25T08:58:14+08:00][sql] SELECT COUNT(*) AS think_count FROM `cmf_product` WHERE  `category_id` = 27 LIMIT 1 [ RunTime:0.000386s ]
[2026-05-25T08:58:14+08:00][sql] SELECT * FROM `cmf_product` WHERE  `category_id` = 27  AND `thumbnail` <> '' ORDER BY `list_order` ASC,`id` DESC LIMIT 1 [ RunTime:0.001124s ]
[2026-05-25T08:58:14+08:00][sql] SELECT COUNT(*) AS think_count FROM `cmf_product` WHERE  `category_id` = 30 LIMIT 1 [ RunTime:0.000769s ]
[2026-05-25T08:58:14+08:00][sql] SELECT COUNT(*) AS think_count FROM `cmf_product` LIMIT 1 [ RunTime:0.000414s ]
[2026-05-25T08:58:14+08:00][sql] SELECT `id`,`category_id`,`title`,`thumbnail`,`industry`,`overview` FROM `cmf_product` ORDER BY `list_order` ASC,`create_time` DESC LIMIT 0,12 [ RunTime:0.001439s ]
[2026-05-25T08:58:14+08:00][sql] SHOW FULL COLUMNS FROM `cmf_slide_item` [ RunTime:0.001013s ]
[2026-05-25T08:58:14+08:00][sql] SELECT `title`,`description`,`image` FROM `cmf_slide_item` WHERE  `slide_id` = 2  AND `status` = 1 ORDER BY `list_order` ASC,`id` DESC LIMIT 1 [ RunTime:0.000849s ]
[2026-05-25T08:58:14+08:00][sql] SELECT `option_value` FROM `cmf_option` WHERE  `option_name` = 'storage' LIMIT 1 [ RunTime:0.000250s ]
[2026-05-25T08:58:14+08:00][sql] SHOW FULL COLUMNS FROM `cmf_portal_post` [ RunTime:0.001048s ]
[2026-05-25T08:58:14+08:00][sql] SELECT `id`,`post_title`,`post_excerpt`,`more` FROM `cmf_portal_post` WHERE (  `post_type` = 3 ) AND `cmf_portal_post`.`delete_time` = '0' ORDER BY `create_time` DESC [ RunTime:0.000460s ]
[2026-05-25T08:58:14+08:00][sql] SHOW FULL COLUMNS FROM `cmf_theme_file` [ RunTime:0.000844s ]
[2026-05-25T08:58:14+08:00][sql] SELECT `more`,`file`,`id` FROM `cmf_theme_file` WHERE  `theme` = 'simpleboot3'  AND (  `is_public` = 1 OR `file` = 'portal/product' ) ORDER BY `is_public` DESC [ RunTime:0.000793s ]
[2026-05-25T08:58:35+08:00][sql] CONNECT:[ UseTime:0.001892s ] mysql:host=127.0.0.1;port=3306;dbname=weihua;charset=utf8mb4
[2026-05-25T08:58:35+08:00][sql] SHOW FULL COLUMNS FROM `cmf_option` [ RunTime:0.002630s ]
[2026-05-25T08:58:35+08:00][sql] SELECT `option_value` FROM `cmf_option` WHERE  `option_name` = 'cdn_settings' LIMIT 1 [ RunTime:0.000404s ]
[2026-05-25T08:58:35+08:00][sql] SELECT `option_value` FROM `cmf_option` WHERE  `option_name` = 'cdn_settings' LIMIT 1 [ RunTime:0.000336s ]
[2026-05-25T08:58:35+08:00][sql] SHOW FULL COLUMNS FROM `cmf_product_category` [ RunTime:0.001437s ]
[2026-05-25T08:58:35+08:00][sql] SELECT * FROM `cmf_product_category` WHERE  `parent_id` = 0 ORDER BY `list_order` ASC,`create_time` DESC [ RunTime:0.000780s ]
[2026-05-25T08:58:35+08:00][sql] SELECT * FROM `cmf_product_category` WHERE  `parent_id` IN (28,19,22,23,25,27,30) [ RunTime:0.000437s ]
[2026-05-25T08:58:35+08:00][sql] SHOW FULL COLUMNS FROM `cmf_portal_category` [ RunTime:0.002599s ]
[2026-05-25T08:58:35+08:00][sql] SELECT * FROM `cmf_portal_category` WHERE (  `type` = 8 ) AND `cmf_portal_category`.`delete_time` = '0' ORDER BY `list_order` ASC [ RunTime:0.000530s ]
[2026-05-25T08:58:35+08:00][sql] SHOW FULL COLUMNS FROM `cmf_product` [ RunTime:0.001353s ]
[2026-05-25T08:58:35+08:00][sql] SELECT COUNT(*) AS think_count FROM `cmf_product` WHERE  `category_id` = 28 LIMIT 1 [ RunTime:0.000416s ]
[2026-05-25T08:58:35+08:00][sql] SELECT COUNT(*) AS think_count FROM `cmf_product` WHERE  `category_id` = 19 LIMIT 1 [ RunTime:0.000262s ]
[2026-05-25T08:58:35+08:00][sql] SELECT COUNT(*) AS think_count FROM `cmf_product` WHERE  `category_id` = 22 LIMIT 1 [ RunTime:0.000225s ]
[2026-05-25T08:58:35+08:00][sql] SELECT COUNT(*) AS think_count FROM `cmf_product` WHERE  `category_id` = 23 LIMIT 1 [ RunTime:0.000222s ]
[2026-05-25T08:58:35+08:00][sql] SELECT COUNT(*) AS think_count FROM `cmf_product` WHERE  `category_id` = 25 LIMIT 1 [ RunTime:0.000204s ]
[2026-05-25T08:58:35+08:00][sql] SELECT COUNT(*) AS think_count FROM `cmf_product` WHERE  `category_id` = 27 LIMIT 1 [ RunTime:0.000216s ]
[2026-05-25T08:58:35+08:00][sql] SELECT * FROM `cmf_product` WHERE  `category_id` = 27  AND `thumbnail` <> '' ORDER BY `list_order` ASC,`id` DESC LIMIT 1 [ RunTime:0.000461s ]
[2026-05-25T08:58:35+08:00][sql] SELECT COUNT(*) AS think_count FROM `cmf_product` WHERE  `category_id` = 30 LIMIT 1 [ RunTime:0.000288s ]
[2026-05-25T08:58:35+08:00][sql] SELECT COUNT(*) AS think_count FROM `cmf_product` LIMIT 1 [ RunTime:0.000196s ]
[2026-05-25T08:58:35+08:00][sql] SELECT `id`,`category_id`,`title`,`thumbnail`,`industry`,`overview` FROM `cmf_product` ORDER BY `list_order` ASC,`create_time` DESC LIMIT 0,12 [ RunTime:0.000648s ]
[2026-05-25T08:58:35+08:00][sql] SHOW FULL COLUMNS FROM `cmf_slide_item` [ RunTime:0.001069s ]
[2026-05-25T08:58:35+08:00][sql] SELECT `title`,`description`,`image` FROM `cmf_slide_item` WHERE  `slide_id` = 2  AND `status` = 1 ORDER BY `list_order` ASC,`id` DESC LIMIT 1 [ RunTime:0.000927s ]
[2026-05-25T08:58:35+08:00][sql] SELECT `option_value` FROM `cmf_option` WHERE  `option_name` = 'storage' LIMIT 1 [ RunTime:0.000342s ]
[2026-05-25T08:58:35+08:00][sql] SHOW FULL COLUMNS FROM `cmf_portal_post` [ RunTime:0.004781s ]
[2026-05-25T08:58:35+08:00][sql] SELECT `id`,`post_title`,`post_excerpt`,`more` FROM `cmf_portal_post` WHERE (  `post_type` = 3 ) AND `cmf_portal_post`.`delete_time` = '0' ORDER BY `create_time` DESC [ RunTime:0.001354s ]
[2026-05-25T08:58:35+08:00][sql] SHOW FULL COLUMNS FROM `cmf_theme_file` [ RunTime:0.001467s ]
[2026-05-25T08:58:35+08:00][sql] SELECT `more`,`file`,`id` FROM `cmf_theme_file` WHERE  `theme` = 'simpleboot3'  AND (  `is_public` = 1 OR `file` = 'portal/product' ) ORDER BY `is_public` DESC [ RunTime:0.001065s ]
[2026-05-25T08:58:38+08:00][sql] CONNECT:[ UseTime:0.001298s ] mysql:host=127.0.0.1;port=3306;dbname=weihua;charset=utf8mb4
[2026-05-25T08:58:38+08:00][sql] SHOW FULL COLUMNS FROM `cmf_option` [ RunTime:0.002000s ]
[2026-05-25T08:58:38+08:00][sql] SELECT `option_value` FROM `cmf_option` WHERE  `option_name` = 'cdn_settings' LIMIT 1 [ RunTime:0.000340s ]
[2026-05-25T08:58:38+08:00][sql] SELECT `option_value` FROM `cmf_option` WHERE  `option_name` = 'cdn_settings' LIMIT 1 [ RunTime:0.000368s ]
[2026-05-25T08:58:38+08:00][sql] SHOW FULL COLUMNS FROM `cmf_product_category` [ RunTime:0.001013s ]
[2026-05-25T08:58:38+08:00][sql] SELECT * FROM `cmf_product_category` WHERE  `parent_id` = 0 ORDER BY `list_order` ASC,`create_time` DESC [ RunTime:0.000882s ]
[2026-05-25T08:58:38+08:00][sql] SELECT * FROM `cmf_product_category` WHERE  `parent_id` IN (28,19,22,23,25,27,30) [ RunTime:0.000325s ]
[2026-05-25T08:58:38+08:00][sql] SHOW FULL COLUMNS FROM `cmf_portal_category` [ RunTime:0.001053s ]
[2026-05-25T08:58:38+08:00][sql] SELECT * FROM `cmf_portal_category` WHERE (  `type` = 8 ) AND `cmf_portal_category`.`delete_time` = '0' ORDER BY `list_order` ASC [ RunTime:0.002373s ]
[2026-05-25T08:58:38+08:00][sql] SHOW FULL COLUMNS FROM `cmf_slide_item` [ RunTime:0.001308s ]
[2026-05-25T08:58:38+08:00][sql] SELECT `title`,`description`,`image`,`url`,`target`,`content` FROM `cmf_slide_item` WHERE  `slide_id` = 1 ORDER BY `list_order` ASC [ RunTime:0.000376s ]
[2026-05-25T08:58:38+08:00][sql] SHOW FULL COLUMNS FROM `cmf_slide` [ RunTime:0.000793s ]
[2026-05-25T08:58:38+08:00][sql] SELECT * FROM `cmf_slide` WHERE  `name` LIKE '%choose%' OR `name` LIKE '%选择%' LIMIT 1 [ RunTime:0.000446s ]
[2026-05-25T08:58:38+08:00][sql] SELECT `title`,`description`,`image`,`url`,`target`,`content` FROM `cmf_slide_item` WHERE  `slide_id` = 14  AND `status` = 1 ORDER BY `list_order` ASC [ RunTime:0.000312s ]
[2026-05-25T08:58:38+08:00][sql] SELECT * FROM `cmf_product_category` WHERE  `parent_id` = 0  AND `recommend` = 1 ORDER BY `list_order` ASC,`create_time` DESC [ RunTime:0.000399s ]
[2026-05-25T08:58:38+08:00][sql] SHOW FULL COLUMNS FROM `cmf_product` [ RunTime:0.001514s ]
[2026-05-25T08:58:38+08:00][sql] SELECT `id`,`title`,`thumbnail`,`industry` FROM `cmf_product` WHERE  `is_recommended` = 1  AND `category_id` = 28 ORDER BY `list_order` ASC LIMIT 6 [ RunTime:0.001371s ]
[2026-05-25T08:58:38+08:00][sql] SELECT `id`,`title`,`thumbnail`,`industry` FROM `cmf_product` WHERE  `is_recommended` = 1  AND `category_id` = 19 ORDER BY `list_order` ASC LIMIT 6 [ RunTime:0.000828s ]
[2026-05-25T08:58:38+08:00][sql] SELECT `id`,`title`,`thumbnail`,`industry` FROM `cmf_product` WHERE  `is_recommended` = 1  AND `category_id` = 23 ORDER BY `list_order` ASC LIMIT 6 [ RunTime:0.000455s ]
[2026-05-25T08:58:38+08:00][sql] SHOW FULL COLUMNS FROM `cmf_portal_post` [ RunTime:0.002295s ]
[2026-05-25T08:58:38+08:00][sql] SELECT `p`.`id`,`p`.`post_title`,`p`.`post_excerpt`,`p`.`thumbnail`,`p`.`create_time`,`c`.`category_id` FROM `cmf_portal_post` `p` INNER JOIN `cmf_portal_category_post` `c` ON `p`.`id`=`c`.`post_id` WHERE (  `p`.`post_type` = '8' ) AND `p`.`delete_time` = '0' ORDER BY `c`.`list_order` ASC,`p`.`create_time` DESC [ RunTime:0.002077s ]
[2026-05-25T08:58:38+08:00][sql] SELECT `id`,`post_title`,`post_excerpt`,`more` FROM `cmf_portal_post` WHERE (  `post_type` = 3 ) AND `cmf_portal_post`.`delete_time` = '0' ORDER BY `create_time` DESC [ RunTime:0.000424s ]
[2026-05-25T08:58:38+08:00][sql] SHOW FULL COLUMNS FROM `cmf_theme_file` [ RunTime:0.001190s ]
[2026-05-25T08:58:38+08:00][sql] SELECT `more`,`file`,`id` FROM `cmf_theme_file` WHERE  `theme` = 'simpleboot3'  AND (  `is_public` = 1 OR `file` = 'portal/index' ) ORDER BY `is_public` DESC [ RunTime:0.000565s ]
[2026-05-25T08:58:38+08:00][sql] SELECT `option_value` FROM `cmf_option` WHERE  `option_name` = 'storage' LIMIT 1 [ RunTime:0.000423s ]
[2026-05-25T08:58:39+08:00][sql] CONNECT:[ UseTime:0.001099s ] mysql:host=127.0.0.1;port=3306;dbname=weihua;charset=utf8mb4
[2026-05-25T08:58:39+08:00][sql] SHOW FULL COLUMNS FROM `cmf_option` [ RunTime:0.002201s ]
[2026-05-25T08:58:39+08:00][sql] SELECT `option_value` FROM `cmf_option` WHERE  `option_name` = 'cdn_settings' LIMIT 1 [ RunTime:0.000387s ]
[2026-05-25T08:58:39+08:00][sql] SELECT `option_value` FROM `cmf_option` WHERE  `option_name` = 'cdn_settings' LIMIT 1 [ RunTime:0.000547s ]
[2026-05-25T08:58:39+08:00][sql] SHOW FULL COLUMNS FROM `cmf_product_category` [ RunTime:0.001601s ]
[2026-05-25T08:58:39+08:00][sql] SELECT * FROM `cmf_product_category` WHERE  `parent_id` = 0 ORDER BY `list_order` ASC,`create_time` DESC [ RunTime:0.000777s ]
[2026-05-25T08:58:39+08:00][sql] SELECT * FROM `cmf_product_category` WHERE  `parent_id` IN (28,19,22,23,25,27,30) [ RunTime:0.000704s ]
[2026-05-25T08:58:39+08:00][sql] SHOW FULL COLUMNS FROM `cmf_portal_category` [ RunTime:0.001476s ]
[2026-05-25T08:58:39+08:00][sql] SELECT * FROM `cmf_portal_category` WHERE (  `type` = 8 ) AND `cmf_portal_category`.`delete_time` = '0' ORDER BY `list_order` ASC [ RunTime:0.000506s ]
[2026-05-25T08:58:39+08:00][sql] SHOW FULL COLUMNS FROM `cmf_product` [ RunTime:0.001642s ]
[2026-05-25T08:58:39+08:00][sql] SELECT COUNT(*) AS think_count FROM `cmf_product` WHERE  `category_id` = 28 LIMIT 1 [ RunTime:0.001101s ]
[2026-05-25T08:58:39+08:00][sql] SELECT COUNT(*) AS think_count FROM `cmf_product` WHERE  `category_id` = 19 LIMIT 1 [ RunTime:0.000261s ]
[2026-05-25T08:58:39+08:00][sql] SELECT COUNT(*) AS think_count FROM `cmf_product` WHERE  `category_id` = 22 LIMIT 1 [ RunTime:0.000219s ]
[2026-05-25T08:58:39+08:00][sql] SELECT COUNT(*) AS think_count FROM `cmf_product` WHERE  `category_id` = 23 LIMIT 1 [ RunTime:0.000241s ]
[2026-05-25T08:58:39+08:00][sql] SELECT COUNT(*) AS think_count FROM `cmf_product` WHERE  `category_id` = 25 LIMIT 1 [ RunTime:0.000228s ]
[2026-05-25T08:58:39+08:00][sql] SELECT COUNT(*) AS think_count FROM `cmf_product` WHERE  `category_id` = 27 LIMIT 1 [ RunTime:0.000209s ]
[2026-05-25T08:58:39+08:00][sql] SELECT * FROM `cmf_product` WHERE  `category_id` = 27  AND `thumbnail` <> '' ORDER BY `list_order` ASC,`id` DESC LIMIT 1 [ RunTime:0.000462s ]
[2026-05-25T08:58:39+08:00][sql] SELECT COUNT(*) AS think_count FROM `cmf_product` WHERE  `category_id` = 30 LIMIT 1 [ RunTime:0.000255s ]
[2026-05-25T08:58:39+08:00][sql] SELECT COUNT(*) AS think_count FROM `cmf_product` LIMIT 1 [ RunTime:0.000520s ]
[2026-05-25T08:58:39+08:00][sql] SELECT `id`,`category_id`,`title`,`thumbnail`,`industry`,`overview` FROM `cmf_product` ORDER BY `list_order` ASC,`create_time` DESC LIMIT 0,12 [ RunTime:0.001557s ]
[2026-05-25T08:58:39+08:00][sql] SHOW FULL COLUMNS FROM `cmf_slide_item` [ RunTime:0.001632s ]
[2026-05-25T08:58:39+08:00][sql] SELECT `title`,`description`,`image` FROM `cmf_slide_item` WHERE  `slide_id` = 2  AND `status` = 1 ORDER BY `list_order` ASC,`id` DESC LIMIT 1 [ RunTime:0.000789s ]
[2026-05-25T08:58:39+08:00][sql] SELECT `option_value` FROM `cmf_option` WHERE  `option_name` = 'storage' LIMIT 1 [ RunTime:0.000399s ]
[2026-05-25T08:58:39+08:00][sql] SHOW FULL COLUMNS FROM `cmf_portal_post` [ RunTime:0.001502s ]
[2026-05-25T08:58:39+08:00][sql] SELECT `id`,`post_title`,`post_excerpt`,`more` FROM `cmf_portal_post` WHERE (  `post_type` = 3 ) AND `cmf_portal_post`.`delete_time` = '0' ORDER BY `create_time` DESC [ RunTime:0.000745s ]
[2026-05-25T08:58:39+08:00][sql] SHOW FULL COLUMNS FROM `cmf_theme_file` [ RunTime:0.001939s ]
[2026-05-25T08:58:39+08:00][sql] SELECT `more`,`file`,`id` FROM `cmf_theme_file` WHERE  `theme` = 'simpleboot3'  AND (  `is_public` = 1 OR `file` = 'portal/product' ) ORDER BY `is_public` DESC [ RunTime:0.001347s ]
[2026-05-25T08:58:47+08:00][sql] CONNECT:[ UseTime:0.001292s ] mysql:host=127.0.0.1;port=3306;dbname=weihua;charset=utf8mb4
[2026-05-25T08:58:47+08:00][sql] SHOW FULL COLUMNS FROM `cmf_option` [ RunTime:0.022554s ]
[2026-05-25T08:58:47+08:00][sql] SELECT `option_value` FROM `cmf_option` WHERE  `option_name` = 'cdn_settings' LIMIT 1 [ RunTime:0.000601s ]
[2026-05-25T08:58:47+08:00][sql] SELECT `option_value` FROM `cmf_option` WHERE  `option_name` = 'cdn_settings' LIMIT 1 [ RunTime:0.000542s ]
[2026-05-25T08:58:47+08:00][sql] SHOW FULL COLUMNS FROM `cmf_product_category` [ RunTime:0.001323s ]
[2026-05-25T08:58:47+08:00][sql] SELECT * FROM `cmf_product_category` WHERE  `parent_id` = 0 ORDER BY `list_order` ASC,`create_time` DESC [ RunTime:0.000527s ]
[2026-05-25T08:58:47+08:00][sql] SELECT * FROM `cmf_product_category` WHERE  `parent_id` IN (28,19,22,23,25,27,30) [ RunTime:0.000359s ]
[2026-05-25T08:58:47+08:00][sql] SHOW FULL COLUMNS FROM `cmf_portal_category` [ RunTime:0.001378s ]
[2026-05-25T08:58:47+08:00][sql] SELECT * FROM `cmf_portal_category` WHERE (  `type` = 8 ) AND `cmf_portal_category`.`delete_time` = '0' ORDER BY `list_order` ASC [ RunTime:0.000461s ]
[2026-05-25T08:58:47+08:00][sql] SHOW FULL COLUMNS FROM `cmf_slide_item` [ RunTime:0.001644s ]
[2026-05-25T08:58:47+08:00][sql] SELECT `title`,`description`,`image`,`url`,`target`,`content` FROM `cmf_slide_item` WHERE  `slide_id` = 1 ORDER BY `list_order` ASC [ RunTime:0.001435s ]
[2026-05-25T08:58:47+08:00][sql] SHOW FULL COLUMNS FROM `cmf_slide` [ RunTime:0.000956s ]
[2026-05-25T08:58:47+08:00][sql] SELECT * FROM `cmf_slide` WHERE  `name` LIKE '%choose%' OR `name` LIKE '%选择%' LIMIT 1 [ RunTime:0.001055s ]
[2026-05-25T08:58:47+08:00][sql] SELECT `title`,`description`,`image`,`url`,`target`,`content` FROM `cmf_slide_item` WHERE  `slide_id` = 14  AND `status` = 1 ORDER BY `list_order` ASC [ RunTime:0.000491s ]
[2026-05-25T08:58:47+08:00][sql] SELECT * FROM `cmf_product_category` WHERE  `parent_id` = 0  AND `recommend` = 1 ORDER BY `list_order` ASC,`create_time` DESC [ RunTime:0.000413s ]
[2026-05-25T08:58:47+08:00][sql] SHOW FULL COLUMNS FROM `cmf_product` [ RunTime:0.001317s ]
[2026-05-25T08:58:47+08:00][sql] SELECT `id`,`title`,`thumbnail`,`industry` FROM `cmf_product` WHERE  `is_recommended` = 1  AND `category_id` = 28 ORDER BY `list_order` ASC LIMIT 6 [ RunTime:0.001773s ]
[2026-05-25T08:58:47+08:00][sql] SELECT `id`,`title`,`thumbnail`,`industry` FROM `cmf_product` WHERE  `is_recommended` = 1  AND `category_id` = 19 ORDER BY `list_order` ASC LIMIT 6 [ RunTime:0.000514s ]
[2026-05-25T08:58:47+08:00][sql] SELECT `id`,`title`,`thumbnail`,`industry` FROM `cmf_product` WHERE  `is_recommended` = 1  AND `category_id` = 23 ORDER BY `list_order` ASC LIMIT 6 [ RunTime:0.000676s ]
[2026-05-25T08:58:47+08:00][sql] SHOW FULL COLUMNS FROM `cmf_portal_post` [ RunTime:0.001858s ]
[2026-05-25T08:58:47+08:00][sql] SELECT `p`.`id`,`p`.`post_title`,`p`.`post_excerpt`,`p`.`thumbnail`,`p`.`create_time`,`c`.`category_id` FROM `cmf_portal_post` `p` INNER JOIN `cmf_portal_category_post` `c` ON `p`.`id`=`c`.`post_id` WHERE (  `p`.`post_type` = '8' ) AND `p`.`delete_time` = '0' ORDER BY `c`.`list_order` ASC,`p`.`create_time` DESC [ RunTime:0.002158s ]
[2026-05-25T08:58:47+08:00][sql] SELECT `id`,`post_title`,`post_excerpt`,`more` FROM `cmf_portal_post` WHERE (  `post_type` = 3 ) AND `cmf_portal_post`.`delete_time` = '0' ORDER BY `create_time` DESC [ RunTime:0.000558s ]
[2026-05-25T08:58:47+08:00][sql] SHOW FULL COLUMNS FROM `cmf_theme_file` [ RunTime:0.001957s ]
[2026-05-25T08:58:47+08:00][sql] SELECT `more`,`file`,`id` FROM `cmf_theme_file` WHERE  `theme` = 'simpleboot3'  AND (  `is_public` = 1 OR `file` = 'portal/index' ) ORDER BY `is_public` DESC [ RunTime:0.001194s ]
[2026-05-25T08:58:47+08:00][sql] SELECT `option_value` FROM `cmf_option` WHERE  `option_name` = 'storage' LIMIT 1 [ RunTime:0.000619s ]
[2026-05-25T08:58:57+08:00][sql] CONNECT:[ UseTime:0.001521s ] mysql:host=127.0.0.1;port=3306;dbname=weihua;charset=utf8mb4
[2026-05-25T08:58:57+08:00][sql] SHOW FULL COLUMNS FROM `cmf_option` [ RunTime:0.002175s ]
[2026-05-25T08:58:57+08:00][sql] SELECT `option_value` FROM `cmf_option` WHERE  `option_name` = 'cdn_settings' LIMIT 1 [ RunTime:0.000353s ]
[2026-05-25T08:58:57+08:00][sql] SELECT `option_value` FROM `cmf_option` WHERE  `option_name` = 'cdn_settings' LIMIT 1 [ RunTime:0.000664s ]
[2026-05-25T08:58:57+08:00][sql] SHOW FULL COLUMNS FROM `cmf_product_category` [ RunTime:0.002231s ]
[2026-05-25T08:58:57+08:00][sql] SELECT * FROM `cmf_product_category` WHERE  `parent_id` = 0 ORDER BY `list_order` ASC,`create_time` DESC [ RunTime:0.001088s ]
[2026-05-25T08:58:57+08:00][sql] SELECT * FROM `cmf_product_category` WHERE  `parent_id` IN (28,19,22,23,25,27,30) [ RunTime:0.000415s ]
[2026-05-25T08:58:57+08:00][sql] SHOW FULL COLUMNS FROM `cmf_portal_category` [ RunTime:0.001061s ]
[2026-05-25T08:58:57+08:00][sql] SELECT * FROM `cmf_portal_category` WHERE (  `type` = 8 ) AND `cmf_portal_category`.`delete_time` = '0' ORDER BY `list_order` ASC [ RunTime:0.001202s ]
[2026-05-25T08:58:57+08:00][sql] SHOW FULL COLUMNS FROM `cmf_product` [ RunTime:0.001127s ]
[2026-05-25T08:58:57+08:00][sql] SELECT COUNT(*) AS think_count FROM `cmf_product` WHERE  `category_id` = 28 LIMIT 1 [ RunTime:0.001056s ]
[2026-05-25T08:58:57+08:00][sql] SELECT COUNT(*) AS think_count FROM `cmf_product` WHERE  `category_id` = 19 LIMIT 1 [ RunTime:0.000562s ]
[2026-05-25T08:58:57+08:00][sql] SELECT COUNT(*) AS think_count FROM `cmf_product` WHERE  `category_id` = 22 LIMIT 1 [ RunTime:0.000438s ]
[2026-05-25T08:58:57+08:00][sql] SELECT COUNT(*) AS think_count FROM `cmf_product` WHERE  `category_id` = 23 LIMIT 1 [ RunTime:0.000338s ]
[2026-05-25T08:58:57+08:00][sql] SELECT COUNT(*) AS think_count FROM `cmf_product` WHERE  `category_id` = 25 LIMIT 1 [ RunTime:0.000443s ]
[2026-05-25T08:58:57+08:00][sql] SELECT COUNT(*) AS think_count FROM `cmf_product` WHERE  `category_id` = 27 LIMIT 1 [ RunTime:0.000345s ]
[2026-05-25T08:58:57+08:00][sql] SELECT * FROM `cmf_product` WHERE  `category_id` = 27  AND `thumbnail` <> '' ORDER BY `list_order` ASC,`id` DESC LIMIT 1 [ RunTime:0.000573s ]
[2026-05-25T08:58:57+08:00][sql] SELECT COUNT(*) AS think_count FROM `cmf_product` WHERE  `category_id` = 30 LIMIT 1 [ RunTime:0.000239s ]
[2026-05-25T08:58:57+08:00][sql] SELECT COUNT(*) AS think_count FROM `cmf_product` LIMIT 1 [ RunTime:0.000189s ]
[2026-05-25T08:58:57+08:00][sql] SELECT `id`,`category_id`,`title`,`thumbnail`,`industry`,`overview` FROM `cmf_product` ORDER BY `list_order` ASC,`create_time` DESC LIMIT 0,12 [ RunTime:0.000671s ]
[2026-05-25T08:58:57+08:00][sql] SHOW FULL COLUMNS FROM `cmf_slide_item` [ RunTime:0.001245s ]
[2026-05-25T08:58:57+08:00][sql] SELECT `title`,`description`,`image` FROM `cmf_slide_item` WHERE  `slide_id` = 2  AND `status` = 1 ORDER BY `list_order` ASC,`id` DESC LIMIT 1 [ RunTime:0.000512s ]
[2026-05-25T08:58:57+08:00][sql] SELECT `option_value` FROM `cmf_option` WHERE  `option_name` = 'storage' LIMIT 1 [ RunTime:0.000275s ]
[2026-05-25T08:58:57+08:00][sql] SHOW FULL COLUMNS FROM `cmf_portal_post` [ RunTime:0.000956s ]
[2026-05-25T08:58:57+08:00][sql] SELECT `id`,`post_title`,`post_excerpt`,`more` FROM `cmf_portal_post` WHERE (  `post_type` = 3 ) AND `cmf_portal_post`.`delete_time` = '0' ORDER BY `create_time` DESC [ RunTime:0.000413s ]
[2026-05-25T08:58:57+08:00][sql] SHOW FULL COLUMNS FROM `cmf_theme_file` [ RunTime:0.000837s ]
[2026-05-25T08:58:57+08:00][sql] SELECT `more`,`file`,`id` FROM `cmf_theme_file` WHERE  `theme` = 'simpleboot3'  AND (  `is_public` = 1 OR `file` = 'portal/product' ) ORDER BY `is_public` DESC [ RunTime:0.000333s ]
[2026-05-25T08:59:00+08:00][sql] CONNECT:[ UseTime:0.001013s ] mysql:host=127.0.0.1;port=3306;dbname=weihua;charset=utf8mb4
[2026-05-25T08:59:00+08:00][sql] SHOW FULL COLUMNS FROM `cmf_option` [ RunTime:0.002404s ]
[2026-05-25T08:59:00+08:00][sql] SELECT `option_value` FROM `cmf_option` WHERE  `option_name` = 'cdn_settings' LIMIT 1 [ RunTime:0.001238s ]
[2026-05-25T08:59:00+08:00][sql] SELECT `option_value` FROM `cmf_option` WHERE  `option_name` = 'cdn_settings' LIMIT 1 [ RunTime:0.000787s ]
[2026-05-25T08:59:00+08:00][sql] SHOW FULL COLUMNS FROM `cmf_product_category` [ RunTime:0.001491s ]
[2026-05-25T08:59:00+08:00][sql] SELECT * FROM `cmf_product_category` WHERE  `parent_id` = 0 ORDER BY `list_order` ASC,`create_time` DESC [ RunTime:0.000901s ]
[2026-05-25T08:59:00+08:00][sql] SELECT * FROM `cmf_product_category` WHERE  `parent_id` IN (28,19,22,23,25,27,30) [ RunTime:0.000499s ]
[2026-05-25T08:59:00+08:00][sql] SHOW FULL COLUMNS FROM `cmf_portal_category` [ RunTime:0.001615s ]
[2026-05-25T08:59:00+08:00][sql] SELECT * FROM `cmf_portal_category` WHERE (  `type` = 8 ) AND `cmf_portal_category`.`delete_time` = '0' ORDER BY `list_order` ASC [ RunTime:0.000657s ]
[2026-05-25T08:59:00+08:00][sql] SELECT * FROM `cmf_product_category` WHERE  `id` = 28 LIMIT 1 [ RunTime:0.000527s ]
[2026-05-25T08:59:00+08:00][sql] SHOW FULL COLUMNS FROM `cmf_product` [ RunTime:0.001570s ]
[2026-05-25T08:59:00+08:00][sql] SELECT COUNT(*) AS think_count FROM `cmf_product` WHERE  `category_id` = 28 LIMIT 1 [ RunTime:0.000687s ]
[2026-05-25T08:59:00+08:00][sql] SELECT COUNT(*) AS think_count FROM `cmf_product` WHERE  `category_id` = 19 LIMIT 1 [ RunTime:0.000412s ]
[2026-05-25T08:59:00+08:00][sql] SELECT COUNT(*) AS think_count FROM `cmf_product` WHERE  `category_id` = 22 LIMIT 1 [ RunTime:0.000330s ]
[2026-05-25T08:59:00+08:00][sql] SELECT COUNT(*) AS think_count FROM `cmf_product` WHERE  `category_id` = 23 LIMIT 1 [ RunTime:0.000335s ]
[2026-05-25T08:59:00+08:00][sql] SELECT COUNT(*) AS think_count FROM `cmf_product` WHERE  `category_id` = 25 LIMIT 1 [ RunTime:0.000286s ]
[2026-05-25T08:59:00+08:00][sql] SELECT COUNT(*) AS think_count FROM `cmf_product` WHERE  `category_id` = 27 LIMIT 1 [ RunTime:0.000352s ]
[2026-05-25T08:59:00+08:00][sql] SELECT * FROM `cmf_product` WHERE  `category_id` = 27  AND `thumbnail` <> '' ORDER BY `list_order` ASC,`id` DESC LIMIT 1 [ RunTime:0.000964s ]
[2026-05-25T08:59:00+08:00][sql] SELECT COUNT(*) AS think_count FROM `cmf_product` WHERE  `category_id` = 30 LIMIT 1 [ RunTime:0.000348s ]
[2026-05-25T08:59:00+08:00][sql] SELECT COUNT(*) AS think_count FROM `cmf_product` WHERE  `category_id` = 28 LIMIT 1 [ RunTime:0.000363s ]
[2026-05-25T08:59:00+08:00][sql] SELECT `id`,`category_id`,`title`,`thumbnail`,`industry`,`overview` FROM `cmf_product` WHERE  `category_id` = 28 ORDER BY `list_order` ASC,`create_time` DESC LIMIT 0,12 [ RunTime:0.000640s ]
[2026-05-25T08:59:00+08:00][sql] SHOW FULL COLUMNS FROM `cmf_slide_item` [ RunTime:0.001375s ]
[2026-05-25T08:59:00+08:00][sql] SELECT `title`,`description`,`image` FROM `cmf_slide_item` WHERE  `slide_id` = 2  AND `status` = 1 ORDER BY `list_order` ASC,`id` DESC LIMIT 1 [ RunTime:0.000600s ]
[2026-05-25T08:59:00+08:00][sql] SELECT `option_value` FROM `cmf_option` WHERE  `option_name` = 'storage' LIMIT 1 [ RunTime:0.000316s ]
[2026-05-25T08:59:00+08:00][sql] SHOW FULL COLUMNS FROM `cmf_portal_post` [ RunTime:0.001504s ]
[2026-05-25T08:59:00+08:00][sql] SELECT `id`,`post_title`,`post_excerpt`,`more` FROM `cmf_portal_post` WHERE (  `post_type` = 3 ) AND `cmf_portal_post`.`delete_time` = '0' ORDER BY `create_time` DESC [ RunTime:0.001203s ]
[2026-05-25T08:59:00+08:00][sql] SHOW FULL COLUMNS FROM `cmf_theme_file` [ RunTime:0.001217s ]
[2026-05-25T08:59:00+08:00][sql] SELECT `more`,`file`,`id` FROM `cmf_theme_file` WHERE  `theme` = 'simpleboot3'  AND (  `is_public` = 1 OR `file` = 'portal/product' ) ORDER BY `is_public` DESC [ RunTime:0.000804s ]
[2026-05-25T08:59:04+08:00][sql] CONNECT:[ UseTime:0.000859s ] mysql:host=127.0.0.1;port=3306;dbname=weihua;charset=utf8mb4
[2026-05-25T08:59:04+08:00][sql] SHOW FULL COLUMNS FROM `cmf_option` [ RunTime:0.001686s ]
[2026-05-25T08:59:04+08:00][sql] SELECT `option_value` FROM `cmf_option` WHERE  `option_name` = 'cdn_settings' LIMIT 1 [ RunTime:0.000455s ]
[2026-05-25T08:59:04+08:00][sql] SELECT `option_value` FROM `cmf_option` WHERE  `option_name` = 'cdn_settings' LIMIT 1 [ RunTime:0.000324s ]
[2026-05-25T08:59:04+08:00][sql] SHOW FULL COLUMNS FROM `cmf_product_category` [ RunTime:0.001013s ]
[2026-05-25T08:59:04+08:00][sql] SELECT * FROM `cmf_product_category` WHERE  `parent_id` = 0 ORDER BY `list_order` ASC,`create_time` DESC [ RunTime:0.000599s ]
[2026-05-25T08:59:04+08:00][sql] SELECT * FROM `cmf_product_category` WHERE  `parent_id` IN (28,19,22,23,25,27,30) [ RunTime:0.000403s ]
[2026-05-25T08:59:04+08:00][sql] SHOW FULL COLUMNS FROM `cmf_portal_category` [ RunTime:0.001184s ]
[2026-05-25T08:59:04+08:00][sql] SELECT * FROM `cmf_portal_category` WHERE (  `type` = 8 ) AND `cmf_portal_category`.`delete_time` = '0' ORDER BY `list_order` ASC [ RunTime:0.000487s ]
[2026-05-25T08:59:04+08:00][sql] SHOW FULL COLUMNS FROM `cmf_slide_item` [ RunTime:0.001648s ]
[2026-05-25T08:59:04+08:00][sql] SELECT `title`,`description`,`image`,`url`,`target`,`content` FROM `cmf_slide_item` WHERE  `slide_id` = 1 ORDER BY `list_order` ASC [ RunTime:0.000524s ]
[2026-05-25T08:59:04+08:00][sql] SHOW FULL COLUMNS FROM `cmf_slide` [ RunTime:0.000930s ]
[2026-05-25T08:59:04+08:00][sql] SELECT * FROM `cmf_slide` WHERE  `name` LIKE '%choose%' OR `name` LIKE '%选择%' LIMIT 1 [ RunTime:0.000431s ]
[2026-05-25T08:59:04+08:00][sql] SELECT `title`,`description`,`image`,`url`,`target`,`content` FROM `cmf_slide_item` WHERE  `slide_id` = 14  AND `status` = 1 ORDER BY `list_order` ASC [ RunTime:0.000373s ]
[2026-05-25T08:59:04+08:00][sql] SELECT * FROM `cmf_product_category` WHERE  `parent_id` = 0  AND `recommend` = 1 ORDER BY `list_order` ASC,`create_time` DESC [ RunTime:0.000345s ]
[2026-05-25T08:59:04+08:00][sql] SHOW FULL COLUMNS FROM `cmf_product` [ RunTime:0.001311s ]
[2026-05-25T08:59:04+08:00][sql] SELECT `id`,`title`,`thumbnail`,`industry` FROM `cmf_product` WHERE  `is_recommended` = 1  AND `category_id` = 28 ORDER BY `list_order` ASC LIMIT 6 [ RunTime:0.000690s ]
[2026-05-25T08:59:04+08:00][sql] SELECT `id`,`title`,`thumbnail`,`industry` FROM `cmf_product` WHERE  `is_recommended` = 1  AND `category_id` = 19 ORDER BY `list_order` ASC LIMIT 6 [ RunTime:0.000516s ]
[2026-05-25T08:59:04+08:00][sql] SELECT `id`,`title`,`thumbnail`,`industry` FROM `cmf_product` WHERE  `is_recommended` = 1  AND `category_id` = 23 ORDER BY `list_order` ASC LIMIT 6 [ RunTime:0.000736s ]
[2026-05-25T08:59:04+08:00][sql] SHOW FULL COLUMNS FROM `cmf_portal_post` [ RunTime:0.001594s ]
[2026-05-25T08:59:04+08:00][sql] SELECT `p`.`id`,`p`.`post_title`,`p`.`post_excerpt`,`p`.`thumbnail`,`p`.`create_time`,`c`.`category_id` FROM `cmf_portal_post` `p` INNER JOIN `cmf_portal_category_post` `c` ON `p`.`id`=`c`.`post_id` WHERE (  `p`.`post_type` = '8' ) AND `p`.`delete_time` = '0' ORDER BY `c`.`list_order` ASC,`p`.`create_time` DESC [ RunTime:0.001491s ]
[2026-05-25T08:59:04+08:00][sql] SELECT `id`,`post_title`,`post_excerpt`,`more` FROM `cmf_portal_post` WHERE (  `post_type` = 3 ) AND `cmf_portal_post`.`delete_time` = '0' ORDER BY `create_time` DESC [ RunTime:0.000502s ]
[2026-05-25T08:59:04+08:00][sql] SHOW FULL COLUMNS FROM `cmf_theme_file` [ RunTime:0.001727s ]
[2026-05-25T08:59:04+08:00][sql] SELECT `more`,`file`,`id` FROM `cmf_theme_file` WHERE  `theme` = 'simpleboot3'  AND (  `is_public` = 1 OR `file` = 'portal/index' ) ORDER BY `is_public` DESC [ RunTime:0.000747s ]
[2026-05-25T08:59:04+08:00][sql] SELECT `option_value` FROM `cmf_option` WHERE  `option_name` = 'storage' LIMIT 1 [ RunTime:0.000549s ]
[2026-05-25T08:59:06+08:00][sql] CONNECT:[ UseTime:0.001135s ] mysql:host=127.0.0.1;port=3306;dbname=weihua;charset=utf8mb4
[2026-05-25T08:59:06+08:00][sql] SHOW FULL COLUMNS FROM `cmf_option` [ RunTime:0.001863s ]
[2026-05-25T08:59:06+08:00][sql] SELECT `option_value` FROM `cmf_option` WHERE  `option_name` = 'cdn_settings' LIMIT 1 [ RunTime:0.000425s ]
[2026-05-25T08:59:06+08:00][sql] SELECT `option_value` FROM `cmf_option` WHERE  `option_name` = 'cdn_settings' LIMIT 1 [ RunTime:0.000454s ]
[2026-05-25T08:59:06+08:00][sql] SHOW FULL COLUMNS FROM `cmf_product_category` [ RunTime:0.001136s ]
[2026-05-25T08:59:06+08:00][sql] SELECT * FROM `cmf_product_category` WHERE  `parent_id` = 0 ORDER BY `list_order` ASC,`create_time` DESC [ RunTime:0.000324s ]
[2026-05-25T08:59:06+08:00][sql] SELECT * FROM `cmf_product_category` WHERE  `parent_id` IN (28,19,22,23,25,27,30) [ RunTime:0.000298s ]
[2026-05-25T08:59:06+08:00][sql] SHOW FULL COLUMNS FROM `cmf_portal_category` [ RunTime:0.001088s ]
[2026-05-25T08:59:06+08:00][sql] SELECT * FROM `cmf_portal_category` WHERE (  `type` = 8 ) AND `cmf_portal_category`.`delete_time` = '0' ORDER BY `list_order` ASC [ RunTime:0.000302s ]
[2026-05-25T08:59:06+08:00][sql] SHOW FULL COLUMNS FROM `cmf_product` [ RunTime:0.001495s ]
[2026-05-25T08:59:06+08:00][sql] SELECT COUNT(*) AS think_count FROM `cmf_product` WHERE  `category_id` = 28 LIMIT 1 [ RunTime:0.000297s ]
[2026-05-25T08:59:06+08:00][sql] SELECT COUNT(*) AS think_count FROM `cmf_product` WHERE  `category_id` = 19 LIMIT 1 [ RunTime:0.000235s ]
[2026-05-25T08:59:06+08:00][sql] SELECT COUNT(*) AS think_count FROM `cmf_product` WHERE  `category_id` = 22 LIMIT 1 [ RunTime:0.000201s ]
[2026-05-25T08:59:06+08:00][sql] SELECT COUNT(*) AS think_count FROM `cmf_product` WHERE  `category_id` = 23 LIMIT 1 [ RunTime:0.000219s ]
[2026-05-25T08:59:06+08:00][sql] SELECT COUNT(*) AS think_count FROM `cmf_product` WHERE  `category_id` = 25 LIMIT 1 [ RunTime:0.000254s ]
[2026-05-25T08:59:06+08:00][sql] SELECT COUNT(*) AS think_count FROM `cmf_product` WHERE  `category_id` = 27 LIMIT 1 [ RunTime:0.000243s ]
[2026-05-25T08:59:06+08:00][sql] SELECT * FROM `cmf_product` WHERE  `category_id` = 27  AND `thumbnail` <> '' ORDER BY `list_order` ASC,`id` DESC LIMIT 1 [ RunTime:0.000844s ]
[2026-05-25T08:59:06+08:00][sql] SELECT COUNT(*) AS think_count FROM `cmf_product` WHERE  `category_id` = 30 LIMIT 1 [ RunTime:0.000431s ]
[2026-05-25T08:59:06+08:00][sql] SELECT COUNT(*) AS think_count FROM `cmf_product` LIMIT 1 [ RunTime:0.000275s ]
[2026-05-25T08:59:06+08:00][sql] SELECT `id`,`category_id`,`title`,`thumbnail`,`industry`,`overview` FROM `cmf_product` ORDER BY `list_order` ASC,`create_time` DESC LIMIT 0,12 [ RunTime:0.000882s ]
[2026-05-25T08:59:06+08:00][sql] SHOW FULL COLUMNS FROM `cmf_slide_item` [ RunTime:0.001066s ]
[2026-05-25T08:59:06+08:00][sql] SELECT `title`,`description`,`image` FROM `cmf_slide_item` WHERE  `slide_id` = 2  AND `status` = 1 ORDER BY `list_order` ASC,`id` DESC LIMIT 1 [ RunTime:0.000394s ]
[2026-05-25T08:59:06+08:00][sql] SELECT `option_value` FROM `cmf_option` WHERE  `option_name` = 'storage' LIMIT 1 [ RunTime:0.000254s ]
[2026-05-25T08:59:06+08:00][sql] SHOW FULL COLUMNS FROM `cmf_portal_post` [ RunTime:0.000966s ]
[2026-05-25T08:59:06+08:00][sql] SELECT `id`,`post_title`,`post_excerpt`,`more` FROM `cmf_portal_post` WHERE (  `post_type` = 3 ) AND `cmf_portal_post`.`delete_time` = '0' ORDER BY `create_time` DESC [ RunTime:0.000359s ]
[2026-05-25T08:59:06+08:00][sql] SHOW FULL COLUMNS FROM `cmf_theme_file` [ RunTime:0.000832s ]
[2026-05-25T08:59:06+08:00][sql] SELECT `more`,`file`,`id` FROM `cmf_theme_file` WHERE  `theme` = 'simpleboot3'  AND (  `is_public` = 1 OR `file` = 'portal/product' ) ORDER BY `is_public` DESC [ RunTime:0.000278s ]
[2026-05-25T08:59:10+08:00][sql] CONNECT:[ UseTime:0.009966s ] mysql:host=127.0.0.1;port=3306;dbname=weihua;charset=utf8mb4
[2026-05-25T08:59:10+08:00][sql] SHOW FULL COLUMNS FROM `cmf_option` [ RunTime:0.001814s ]
[2026-05-25T08:59:10+08:00][sql] SELECT `option_value` FROM `cmf_option` WHERE  `option_name` = 'cdn_settings' LIMIT 1 [ RunTime:0.000457s ]
[2026-05-25T08:59:10+08:00][sql] SELECT `option_value` FROM `cmf_option` WHERE  `option_name` = 'cdn_settings' LIMIT 1 [ RunTime:0.000294s ]
[2026-05-25T08:59:10+08:00][sql] SHOW FULL COLUMNS FROM `cmf_product_category` [ RunTime:0.000962s ]
[2026-05-25T08:59:10+08:00][sql] SELECT * FROM `cmf_product_category` WHERE  `parent_id` = 0 ORDER BY `list_order` ASC,`create_time` DESC [ RunTime:0.000303s ]
[2026-05-25T08:59:10+08:00][sql] SELECT * FROM `cmf_product_category` WHERE  `parent_id` IN (28,19,22,23,25,27,30) [ RunTime:0.000464s ]
[2026-05-25T08:59:10+08:00][sql] SHOW FULL COLUMNS FROM `cmf_portal_category` [ RunTime:0.000988s ]
[2026-05-25T08:59:10+08:00][sql] SELECT * FROM `cmf_portal_category` WHERE (  `type` = 8 ) AND `cmf_portal_category`.`delete_time` = '0' ORDER BY `list_order` ASC [ RunTime:0.000346s ]
[2026-05-25T08:59:10+08:00][sql] SHOW FULL COLUMNS FROM `cmf_slide_item` [ RunTime:0.001193s ]
[2026-05-25T08:59:10+08:00][sql] SELECT `title`,`description`,`image`,`url`,`target`,`content` FROM `cmf_slide_item` WHERE  `slide_id` = 1 ORDER BY `list_order` ASC [ RunTime:0.000473s ]
[2026-05-25T08:59:10+08:00][sql] SHOW FULL COLUMNS FROM `cmf_slide` [ RunTime:0.000767s ]
[2026-05-25T08:59:10+08:00][sql] SELECT * FROM `cmf_slide` WHERE  `name` LIKE '%choose%' OR `name` LIKE '%选择%' LIMIT 1 [ RunTime:0.001246s ]
[2026-05-25T08:59:10+08:00][sql] SELECT `title`,`description`,`image`,`url`,`target`,`content` FROM `cmf_slide_item` WHERE  `slide_id` = 14  AND `status` = 1 ORDER BY `list_order` ASC [ RunTime:0.000299s ]
[2026-05-25T08:59:10+08:00][sql] SELECT * FROM `cmf_product_category` WHERE  `parent_id` = 0  AND `recommend` = 1 ORDER BY `list_order` ASC,`create_time` DESC [ RunTime:0.000390s ]
[2026-05-25T08:59:10+08:00][sql] SHOW FULL COLUMNS FROM `cmf_product` [ RunTime:0.000950s ]
[2026-05-25T08:59:10+08:00][sql] SELECT `id`,`title`,`thumbnail`,`industry` FROM `cmf_product` WHERE  `is_recommended` = 1  AND `category_id` = 28 ORDER BY `list_order` ASC LIMIT 6 [ RunTime:0.000454s ]
[2026-05-25T08:59:10+08:00][sql] SELECT `id`,`title`,`thumbnail`,`industry` FROM `cmf_product` WHERE  `is_recommended` = 1  AND `category_id` = 19 ORDER BY `list_order` ASC LIMIT 6 [ RunTime:0.000328s ]
[2026-05-25T08:59:10+08:00][sql] SELECT `id`,`title`,`thumbnail`,`industry` FROM `cmf_product` WHERE  `is_recommended` = 1  AND `category_id` = 23 ORDER BY `list_order` ASC LIMIT 6 [ RunTime:0.000869s ]
[2026-05-25T08:59:10+08:00][sql] SHOW FULL COLUMNS FROM `cmf_portal_post` [ RunTime:0.001231s ]
[2026-05-25T08:59:10+08:00][sql] SELECT `p`.`id`,`p`.`post_title`,`p`.`post_excerpt`,`p`.`thumbnail`,`p`.`create_time`,`c`.`category_id` FROM `cmf_portal_post` `p` INNER JOIN `cmf_portal_category_post` `c` ON `p`.`id`=`c`.`post_id` WHERE (  `p`.`post_type` = '8' ) AND `p`.`delete_time` = '0' ORDER BY `c`.`list_order` ASC,`p`.`create_time` DESC [ RunTime:0.001190s ]
[2026-05-25T08:59:10+08:00][sql] SELECT `id`,`post_title`,`post_excerpt`,`more` FROM `cmf_portal_post` WHERE (  `post_type` = 3 ) AND `cmf_portal_post`.`delete_time` = '0' ORDER BY `create_time` DESC [ RunTime:0.000467s ]
[2026-05-25T08:59:10+08:00][sql] SHOW FULL COLUMNS FROM `cmf_theme_file` [ RunTime:0.000950s ]
[2026-05-25T08:59:10+08:00][sql] SELECT `more`,`file`,`id` FROM `cmf_theme_file` WHERE  `theme` = 'simpleboot3'  AND (  `is_public` = 1 OR `file` = 'portal/index' ) ORDER BY `is_public` DESC [ RunTime:0.000659s ]
[2026-05-25T08:59:10+08:00][sql] SELECT `option_value` FROM `cmf_option` WHERE  `option_name` = 'storage' LIMIT 1 [ RunTime:0.000591s ]
[2026-05-25T09:06:25+08:00][sql] CONNECT:[ UseTime:0.002168s ] mysql:host=127.0.0.1;port=3306;dbname=weihua;charset=utf8mb4
[2026-05-25T09:06:25+08:00][sql] SHOW FULL COLUMNS FROM `cmf_option` [ RunTime:0.002993s ]
[2026-05-25T09:06:25+08:00][sql] SELECT `option_value` FROM `cmf_option` WHERE  `option_name` = 'cdn_settings' LIMIT 1 [ RunTime:0.000696s ]
[2026-05-25T09:06:25+08:00][sql] SELECT `option_value` FROM `cmf_option` WHERE  `option_name` = 'cdn_settings' LIMIT 1 [ RunTime:0.000910s ]
[2026-05-25T09:06:25+08:00][sql] SHOW FULL COLUMNS FROM `cmf_product_category` [ RunTime:0.001350s ]
[2026-05-25T09:06:25+08:00][sql] SELECT * FROM `cmf_product_category` WHERE  `parent_id` = 0 ORDER BY `list_order` ASC,`create_time` DESC [ RunTime:0.000343s ]
[2026-05-25T09:06:25+08:00][sql] SELECT * FROM `cmf_product_category` WHERE  `parent_id` IN (28,19,22,23,25,27,30) [ RunTime:0.000327s ]
[2026-05-25T09:06:25+08:00][sql] SHOW FULL COLUMNS FROM `cmf_portal_category` [ RunTime:0.001688s ]
[2026-05-25T09:06:25+08:00][sql] SELECT * FROM `cmf_portal_category` WHERE (  `type` = 8 ) AND `cmf_portal_category`.`delete_time` = '0' ORDER BY `list_order` ASC [ RunTime:0.000304s ]
[2026-05-25T09:06:25+08:00][sql] SHOW FULL COLUMNS FROM `cmf_product` [ RunTime:0.001060s ]
[2026-05-25T09:06:25+08:00][sql] SELECT COUNT(*) AS think_count FROM `cmf_product` WHERE  `category_id` = 28 LIMIT 1 [ RunTime:0.000280s ]
[2026-05-25T09:06:25+08:00][sql] SELECT COUNT(*) AS think_count FROM `cmf_product` WHERE  `category_id` = 19 LIMIT 1 [ RunTime:0.000886s ]
[2026-05-25T09:06:25+08:00][sql] SELECT COUNT(*) AS think_count FROM `cmf_product` WHERE  `category_id` = 22 LIMIT 1 [ RunTime:0.000247s ]
[2026-05-25T09:06:25+08:00][sql] SELECT COUNT(*) AS think_count FROM `cmf_product` WHERE  `category_id` = 23 LIMIT 1 [ RunTime:0.000234s ]
[2026-05-25T09:06:25+08:00][sql] SELECT COUNT(*) AS think_count FROM `cmf_product` WHERE  `category_id` = 25 LIMIT 1 [ RunTime:0.000223s ]
[2026-05-25T09:06:25+08:00][sql] SELECT COUNT(*) AS think_count FROM `cmf_product` WHERE  `category_id` = 27 LIMIT 1 [ RunTime:0.000225s ]
[2026-05-25T09:06:25+08:00][sql] SELECT * FROM `cmf_product` WHERE  `category_id` = 27  AND `thumbnail` <> '' ORDER BY `list_order` ASC,`id` DESC LIMIT 1 [ RunTime:0.000440s ]
[2026-05-25T09:06:25+08:00][sql] SELECT COUNT(*) AS think_count FROM `cmf_product` WHERE  `category_id` = 30 LIMIT 1 [ RunTime:0.000277s ]
[2026-05-25T09:06:25+08:00][sql] SELECT COUNT(*) AS think_count FROM `cmf_product` LIMIT 1 [ RunTime:0.000193s ]
[2026-05-25T09:06:25+08:00][sql] SELECT `id`,`category_id`,`title`,`thumbnail`,`industry`,`overview` FROM `cmf_product` ORDER BY `list_order` ASC,`create_time` DESC LIMIT 0,12 [ RunTime:0.001165s ]
[2026-05-25T09:06:25+08:00][sql] SHOW FULL COLUMNS FROM `cmf_slide_item` [ RunTime:0.001713s ]
[2026-05-25T09:06:25+08:00][sql] SELECT `title`,`description`,`image` FROM `cmf_slide_item` WHERE  `slide_id` = 2  AND `status` = 1 ORDER BY `list_order` ASC,`id` DESC LIMIT 1 [ RunTime:0.000916s ]
[2026-05-25T09:06:25+08:00][sql] SELECT `option_value` FROM `cmf_option` WHERE  `option_name` = 'storage' LIMIT 1 [ RunTime:0.000285s ]
[2026-05-25T09:06:25+08:00][sql] SHOW FULL COLUMNS FROM `cmf_portal_post` [ RunTime:0.001016s ]
[2026-05-25T09:06:25+08:00][sql] SELECT `id`,`post_title`,`post_excerpt`,`more` FROM `cmf_portal_post` WHERE (  `post_type` = 3 ) AND `cmf_portal_post`.`delete_time` = '0' ORDER BY `create_time` DESC [ RunTime:0.000473s ]
[2026-05-25T09:06:25+08:00][sql] SHOW FULL COLUMNS FROM `cmf_theme_file` [ RunTime:0.000996s ]
[2026-05-25T09:06:25+08:00][sql] SELECT `more`,`file`,`id` FROM `cmf_theme_file` WHERE  `theme` = 'simpleboot3'  AND (  `is_public` = 1 OR `file` = 'portal/product' ) ORDER BY `is_public` DESC [ RunTime:0.000307s ]
[2026-05-25T09:07:01+08:00][sql] CONNECT:[ UseTime:0.001788s ] mysql:host=127.0.0.1;port=3306;dbname=weihua;charset=utf8mb4
[2026-05-25T09:07:01+08:00][sql] SHOW FULL COLUMNS FROM `cmf_option` [ RunTime:0.003649s ]
[2026-05-25T09:07:01+08:00][sql] SELECT `option_value` FROM `cmf_option` WHERE  `option_name` = 'cdn_settings' LIMIT 1 [ RunTime:0.000877s ]
[2026-05-25T09:07:01+08:00][sql] SELECT `option_value` FROM `cmf_option` WHERE  `option_name` = 'cdn_settings' LIMIT 1 [ RunTime:0.000460s ]
[2026-05-25T09:07:01+08:00][sql] SHOW FULL COLUMNS FROM `cmf_product_category` [ RunTime:0.001240s ]
[2026-05-25T09:07:01+08:00][sql] SELECT * FROM `cmf_product_category` WHERE  `parent_id` = 0 ORDER BY `list_order` ASC,`create_time` DESC [ RunTime:0.000490s ]
[2026-05-25T09:07:01+08:00][sql] SELECT * FROM `cmf_product_category` WHERE  `parent_id` IN (28,19,22,23,25,27,30) [ RunTime:0.000970s ]
[2026-05-25T09:07:01+08:00][sql] SHOW FULL COLUMNS FROM `cmf_portal_category` [ RunTime:0.001724s ]
[2026-05-25T09:07:01+08:00][sql] SELECT * FROM `cmf_portal_category` WHERE (  `type` = 8 ) AND `cmf_portal_category`.`delete_time` = '0' ORDER BY `list_order` ASC [ RunTime:0.000475s ]
[2026-05-25T09:07:01+08:00][sql] SHOW FULL COLUMNS FROM `cmf_slide_item` [ RunTime:0.001476s ]
[2026-05-25T09:07:01+08:00][sql] SELECT `title`,`description`,`image`,`url`,`target`,`content` FROM `cmf_slide_item` WHERE  `slide_id` = 1 ORDER BY `list_order` ASC [ RunTime:0.000607s ]
[2026-05-25T09:07:01+08:00][sql] SHOW FULL COLUMNS FROM `cmf_slide` [ RunTime:0.001130s ]
[2026-05-25T09:07:01+08:00][sql] SELECT * FROM `cmf_slide` WHERE  `name` LIKE '%choose%' OR `name` LIKE '%选择%' LIMIT 1 [ RunTime:0.000993s ]
[2026-05-25T09:07:01+08:00][sql] SELECT `title`,`description`,`image`,`url`,`target`,`content` FROM `cmf_slide_item` WHERE  `slide_id` = 14  AND `status` = 1 ORDER BY `list_order` ASC [ RunTime:0.000440s ]
[2026-05-25T09:07:01+08:00][sql] SELECT * FROM `cmf_product_category` WHERE  `parent_id` = 0  AND `recommend` = 1 ORDER BY `list_order` ASC,`create_time` DESC [ RunTime:0.000400s ]
[2026-05-25T09:07:01+08:00][sql] SHOW FULL COLUMNS FROM `cmf_product` [ RunTime:0.001294s ]
[2026-05-25T09:07:01+08:00][sql] SELECT `id`,`title`,`thumbnail`,`industry` FROM `cmf_product` WHERE  `is_recommended` = 1  AND `category_id` = 28 ORDER BY `list_order` ASC LIMIT 6 [ RunTime:0.001101s ]
[2026-05-25T09:07:01+08:00][sql] SELECT `id`,`title`,`thumbnail`,`industry` FROM `cmf_product` WHERE  `is_recommended` = 1  AND `category_id` = 19 ORDER BY `list_order` ASC LIMIT 6 [ RunTime:0.000474s ]
[2026-05-25T09:07:01+08:00][sql] SELECT `id`,`title`,`thumbnail`,`industry` FROM `cmf_product` WHERE  `is_recommended` = 1  AND `category_id` = 23 ORDER BY `list_order` ASC LIMIT 6 [ RunTime:0.000530s ]
[2026-05-25T09:07:01+08:00][sql] SHOW FULL COLUMNS FROM `cmf_portal_post` [ RunTime:0.001358s ]
[2026-05-25T09:07:01+08:00][sql] SELECT `p`.`id`,`p`.`post_title`,`p`.`post_excerpt`,`p`.`thumbnail`,`p`.`create_time`,`c`.`category_id` FROM `cmf_portal_post` `p` INNER JOIN `cmf_portal_category_post` `c` ON `p`.`id`=`c`.`post_id` WHERE (  `p`.`post_type` = '8' ) AND `p`.`delete_time` = '0' ORDER BY `c`.`list_order` ASC,`p`.`create_time` DESC [ RunTime:0.000891s ]
[2026-05-25T09:07:01+08:00][sql] SELECT `id`,`post_title`,`post_excerpt`,`more` FROM `cmf_portal_post` WHERE (  `post_type` = 3 ) AND `cmf_portal_post`.`delete_time` = '0' ORDER BY `create_time` DESC [ RunTime:0.000417s ]
[2026-05-25T09:07:01+08:00][sql] SHOW FULL COLUMNS FROM `cmf_theme_file` [ RunTime:0.001008s ]
[2026-05-25T09:07:01+08:00][sql] SELECT `more`,`file`,`id` FROM `cmf_theme_file` WHERE  `theme` = 'simpleboot3'  AND (  `is_public` = 1 OR `file` = 'portal/index' ) ORDER BY `is_public` DESC [ RunTime:0.000359s ]
[2026-05-25T09:07:01+08:00][sql] SELECT `option_value` FROM `cmf_option` WHERE  `option_name` = 'storage' LIMIT 1 [ RunTime:0.000309s ]
[2026-05-25T09:07:42+08:00][sql] CONNECT:[ UseTime:0.003003s ] mysql:host=127.0.0.1;port=3306;dbname=weihua;charset=utf8mb4
[2026-05-25T09:07:42+08:00][sql] SHOW FULL COLUMNS FROM `cmf_option` [ RunTime:0.001749s ]
[2026-05-25T09:07:42+08:00][sql] SELECT `option_value` FROM `cmf_option` WHERE  `option_name` = 'cdn_settings' LIMIT 1 [ RunTime:0.000382s ]
[2026-05-25T09:07:42+08:00][sql] SELECT `option_value` FROM `cmf_option` WHERE  `option_name` = 'cdn_settings' LIMIT 1 [ RunTime:0.000598s ]
[2026-05-25T09:07:42+08:00][sql] SHOW FULL COLUMNS FROM `cmf_product_category` [ RunTime:0.001932s ]
[2026-05-25T09:07:42+08:00][sql] SELECT * FROM `cmf_product_category` WHERE  `parent_id` = 0 ORDER BY `list_order` ASC,`create_time` DESC [ RunTime:0.000895s ]
[2026-05-25T09:07:42+08:00][sql] SELECT * FROM `cmf_product_category` WHERE  `parent_id` IN (28,19,22,23,25,27,30) [ RunTime:0.002260s ]
[2026-05-25T09:07:42+08:00][sql] SHOW FULL COLUMNS FROM `cmf_portal_category` [ RunTime:0.003932s ]
[2026-05-25T09:07:42+08:00][sql] SELECT * FROM `cmf_portal_category` WHERE (  `type` = 8 ) AND `cmf_portal_category`.`delete_time` = '0' ORDER BY `list_order` ASC [ RunTime:0.000636s ]
[2026-05-25T09:07:42+08:00][sql] SHOW FULL COLUMNS FROM `cmf_product` [ RunTime:0.003030s ]
[2026-05-25T09:07:42+08:00][sql] SELECT COUNT(*) AS think_count FROM `cmf_product` WHERE  `category_id` = 28 LIMIT 1 [ RunTime:0.001165s ]
[2026-05-25T09:07:42+08:00][sql] SELECT COUNT(*) AS think_count FROM `cmf_product` WHERE  `category_id` = 19 LIMIT 1 [ RunTime:0.000509s ]
[2026-05-25T09:07:42+08:00][sql] SELECT COUNT(*) AS think_count FROM `cmf_product` WHERE  `category_id` = 22 LIMIT 1 [ RunTime:0.000328s ]
[2026-05-25T09:07:42+08:00][sql] SELECT COUNT(*) AS think_count FROM `cmf_product` WHERE  `category_id` = 23 LIMIT 1 [ RunTime:0.000442s ]
[2026-05-25T09:07:42+08:00][sql] SELECT COUNT(*) AS think_count FROM `cmf_product` WHERE  `category_id` = 25 LIMIT 1 [ RunTime:0.000354s ]
[2026-05-25T09:07:42+08:00][sql] SELECT COUNT(*) AS think_count FROM `cmf_product` WHERE  `category_id` = 27 LIMIT 1 [ RunTime:0.000415s ]
[2026-05-25T09:07:42+08:00][sql] SELECT * FROM `cmf_product` WHERE  `category_id` = 27  AND `thumbnail` <> '' ORDER BY `list_order` ASC,`id` DESC LIMIT 1 [ RunTime:0.000695s ]
[2026-05-25T09:07:42+08:00][sql] SELECT COUNT(*) AS think_count FROM `cmf_product` WHERE  `category_id` = 30 LIMIT 1 [ RunTime:0.000385s ]
[2026-05-25T09:07:42+08:00][sql] SELECT COUNT(*) AS think_count FROM `cmf_product` LIMIT 1 [ RunTime:0.000497s ]
[2026-05-25T09:07:42+08:00][sql] SELECT `id`,`category_id`,`title`,`thumbnail`,`industry`,`overview` FROM `cmf_product` ORDER BY `list_order` ASC,`create_time` DESC LIMIT 0,12 [ RunTime:0.000893s ]
[2026-05-25T09:07:42+08:00][sql] SHOW FULL COLUMNS FROM `cmf_slide_item` [ RunTime:0.002326s ]
[2026-05-25T09:07:42+08:00][sql] SELECT `title`,`description`,`image` FROM `cmf_slide_item` WHERE  `slide_id` = 2  AND `status` = 1 ORDER BY `list_order` ASC,`id` DESC LIMIT 1 [ RunTime:0.000870s ]
[2026-05-25T09:07:42+08:00][sql] SELECT `option_value` FROM `cmf_option` WHERE  `option_name` = 'storage' LIMIT 1 [ RunTime:0.000668s ]
[2026-05-25T09:07:42+08:00][sql] SHOW FULL COLUMNS FROM `cmf_portal_post` [ RunTime:0.001899s ]
[2026-05-25T09:07:42+08:00][sql] SELECT `id`,`post_title`,`post_excerpt`,`more` FROM `cmf_portal_post` WHERE (  `post_type` = 3 ) AND `cmf_portal_post`.`delete_time` = '0' ORDER BY `create_time` DESC [ RunTime:0.000631s ]
[2026-05-25T09:07:42+08:00][sql] SHOW FULL COLUMNS FROM `cmf_theme_file` [ RunTime:0.002524s ]
[2026-05-25T09:07:42+08:00][sql] SELECT `more`,`file`,`id` FROM `cmf_theme_file` WHERE  `theme` = 'simpleboot3'  AND (  `is_public` = 1 OR `file` = 'portal/product' ) ORDER BY `is_public` DESC [ RunTime:0.000422s ]
[2026-05-25T09:08:20+08:00][sql] CONNECT:[ UseTime:0.001978s ] mysql:host=127.0.0.1;port=3306;dbname=weihua;charset=utf8mb4
[2026-05-25T09:08:20+08:00][sql] SHOW FULL COLUMNS FROM `cmf_option` [ RunTime:0.002281s ]
[2026-05-25T09:08:20+08:00][sql] SELECT `option_value` FROM `cmf_option` WHERE  `option_name` = 'cdn_settings' LIMIT 1 [ RunTime:0.000339s ]
[2026-05-25T09:08:20+08:00][sql] SELECT `option_value` FROM `cmf_option` WHERE  `option_name` = 'cdn_settings' LIMIT 1 [ RunTime:0.000407s ]
[2026-05-25T09:08:20+08:00][sql] SHOW FULL COLUMNS FROM `cmf_product_category` [ RunTime:0.001127s ]
[2026-05-25T09:08:20+08:00][sql] SELECT * FROM `cmf_product_category` WHERE  `parent_id` = 0 ORDER BY `list_order` ASC,`create_time` DESC [ RunTime:0.000377s ]
[2026-05-25T09:08:20+08:00][sql] SELECT * FROM `cmf_product_category` WHERE  `parent_id` IN (28,19,22,23,25,27,30) [ RunTime:0.000350s ]
[2026-05-25T09:08:20+08:00][sql] SHOW FULL COLUMNS FROM `cmf_portal_category` [ RunTime:0.001734s ]
[2026-05-25T09:08:20+08:00][sql] SELECT * FROM `cmf_portal_category` WHERE (  `type` = 8 ) AND `cmf_portal_category`.`delete_time` = '0' ORDER BY `list_order` ASC [ RunTime:0.000376s ]
[2026-05-25T09:08:20+08:00][sql] SHOW FULL COLUMNS FROM `cmf_product` [ RunTime:0.001412s ]
[2026-05-25T09:08:20+08:00][sql] SELECT COUNT(*) AS think_count FROM `cmf_product` WHERE  `category_id` = 28 LIMIT 1 [ RunTime:0.000368s ]
[2026-05-25T09:08:20+08:00][sql] SELECT COUNT(*) AS think_count FROM `cmf_product` WHERE  `category_id` = 19 LIMIT 1 [ RunTime:0.000295s ]
[2026-05-25T09:08:20+08:00][sql] SELECT COUNT(*) AS think_count FROM `cmf_product` WHERE  `category_id` = 22 LIMIT 1 [ RunTime:0.000292s ]
[2026-05-25T09:08:20+08:00][sql] SELECT COUNT(*) AS think_count FROM `cmf_product` WHERE  `category_id` = 23 LIMIT 1 [ RunTime:0.000277s ]
[2026-05-25T09:08:20+08:00][sql] SELECT COUNT(*) AS think_count FROM `cmf_product` WHERE  `category_id` = 25 LIMIT 1 [ RunTime:0.000276s ]
[2026-05-25T09:08:20+08:00][sql] SELECT COUNT(*) AS think_count FROM `cmf_product` WHERE  `category_id` = 27 LIMIT 1 [ RunTime:0.000278s ]
[2026-05-25T09:08:20+08:00][sql] SELECT * FROM `cmf_product` WHERE  `category_id` = 27  AND `thumbnail` <> '' ORDER BY `list_order` ASC,`id` DESC LIMIT 1 [ RunTime:0.000492s ]
[2026-05-25T09:08:20+08:00][sql] SELECT COUNT(*) AS think_count FROM `cmf_product` WHERE  `category_id` = 30 LIMIT 1 [ RunTime:0.000270s ]
[2026-05-25T09:08:20+08:00][sql] SELECT COUNT(*) AS think_count FROM `cmf_product` LIMIT 1 [ RunTime:0.000258s ]
[2026-05-25T09:08:20+08:00][sql] SELECT `id`,`category_id`,`title`,`thumbnail`,`industry`,`overview` FROM `cmf_product` ORDER BY `list_order` ASC,`create_time` DESC LIMIT 0,12 [ RunTime:0.001311s ]
[2026-05-25T09:08:20+08:00][sql] SHOW FULL COLUMNS FROM `cmf_slide_item` [ RunTime:0.001028s ]
[2026-05-25T09:08:20+08:00][sql] SELECT `title`,`description`,`image` FROM `cmf_slide_item` WHERE  `slide_id` = 2  AND `status` = 1 ORDER BY `list_order` ASC,`id` DESC LIMIT 1 [ RunTime:0.000362s ]
[2026-05-25T09:08:20+08:00][sql] SELECT `option_value` FROM `cmf_option` WHERE  `option_name` = 'storage' LIMIT 1 [ RunTime:0.000309s ]
[2026-05-25T09:08:20+08:00][sql] SHOW FULL COLUMNS FROM `cmf_portal_post` [ RunTime:0.001309s ]
[2026-05-25T09:08:20+08:00][sql] SELECT `id`,`post_title`,`post_excerpt`,`more` FROM `cmf_portal_post` WHERE (  `post_type` = 3 ) AND `cmf_portal_post`.`delete_time` = '0' ORDER BY `create_time` DESC [ RunTime:0.000700s ]
[2026-05-25T09:08:20+08:00][sql] SHOW FULL COLUMNS FROM `cmf_theme_file` [ RunTime:0.001415s ]
[2026-05-25T09:08:20+08:00][sql] SELECT `more`,`file`,`id` FROM `cmf_theme_file` WHERE  `theme` = 'simpleboot3'  AND (  `is_public` = 1 OR `file` = 'portal/product' ) ORDER BY `is_public` DESC [ RunTime:0.000387s ]
[2026-05-25T09:08:40+08:00][sql] CONNECT:[ UseTime:0.001756s ] mysql:host=127.0.0.1;port=3306;dbname=weihua;charset=utf8mb4
[2026-05-25T09:08:40+08:00][sql] SHOW FULL COLUMNS FROM `cmf_option` [ RunTime:0.001098s ]
[2026-05-25T09:08:40+08:00][sql] SELECT `option_value` FROM `cmf_option` WHERE  `option_name` = 'cdn_settings' LIMIT 1 [ RunTime:0.000296s ]
[2026-05-25T09:08:40+08:00][sql] SELECT `option_value` FROM `cmf_option` WHERE  `option_name` = 'cdn_settings' LIMIT 1 [ RunTime:0.000312s ]
[2026-05-25T09:08:40+08:00][sql] SHOW FULL COLUMNS FROM `cmf_product_category` [ RunTime:0.000888s ]
[2026-05-25T09:08:40+08:00][sql] SELECT * FROM `cmf_product_category` WHERE  `parent_id` = 0 ORDER BY `list_order` ASC,`create_time` DESC [ RunTime:0.000292s ]
[2026-05-25T09:08:40+08:00][sql] SELECT * FROM `cmf_product_category` WHERE  `parent_id` IN (28,19,22,23,25,27,30) [ RunTime:0.000292s ]
[2026-05-25T09:08:40+08:00][sql] SHOW FULL COLUMNS FROM `cmf_portal_category` [ RunTime:0.000864s ]
[2026-05-25T09:08:40+08:00][sql] SELECT * FROM `cmf_portal_category` WHERE (  `type` = 8 ) AND `cmf_portal_category`.`delete_time` = '0' ORDER BY `list_order` ASC [ RunTime:0.000310s ]
[2026-05-25T09:08:40+08:00][sql] SHOW FULL COLUMNS FROM `cmf_slide_item` [ RunTime:0.001017s ]
[2026-05-25T09:08:40+08:00][sql] SELECT `title`,`description`,`image`,`url`,`target`,`content` FROM `cmf_slide_item` WHERE  `slide_id` = 1 ORDER BY `list_order` ASC [ RunTime:0.000442s ]
[2026-05-25T09:08:40+08:00][sql] SHOW FULL COLUMNS FROM `cmf_slide` [ RunTime:0.000860s ]
[2026-05-25T09:08:40+08:00][sql] SELECT * FROM `cmf_slide` WHERE  `name` LIKE '%choose%' OR `name` LIKE '%选择%' LIMIT 1 [ RunTime:0.000342s ]
[2026-05-25T09:08:40+08:00][sql] SELECT `title`,`description`,`image`,`url`,`target`,`content` FROM `cmf_slide_item` WHERE  `slide_id` = 14  AND `status` = 1 ORDER BY `list_order` ASC [ RunTime:0.000319s ]
[2026-05-25T09:08:40+08:00][sql] SELECT * FROM `cmf_product_category` WHERE  `parent_id` = 0  AND `recommend` = 1 ORDER BY `list_order` ASC,`create_time` DESC [ RunTime:0.000344s ]
[2026-05-25T09:08:40+08:00][sql] SHOW FULL COLUMNS FROM `cmf_product` [ RunTime:0.000949s ]
[2026-05-25T09:08:40+08:00][sql] SELECT `id`,`title`,`thumbnail`,`industry` FROM `cmf_product` WHERE  `is_recommended` = 1  AND `category_id` = 28 ORDER BY `list_order` ASC LIMIT 6 [ RunTime:0.000552s ]
[2026-05-25T09:08:40+08:00][sql] SELECT `id`,`title`,`thumbnail`,`industry` FROM `cmf_product` WHERE  `is_recommended` = 1  AND `category_id` = 19 ORDER BY `list_order` ASC LIMIT 6 [ RunTime:0.000409s ]
[2026-05-25T09:08:40+08:00][sql] SELECT `id`,`title`,`thumbnail`,`industry` FROM `cmf_product` WHERE  `is_recommended` = 1  AND `category_id` = 23 ORDER BY `list_order` ASC LIMIT 6 [ RunTime:0.000575s ]
[2026-05-25T09:08:40+08:00][sql] SHOW FULL COLUMNS FROM `cmf_portal_post` [ RunTime:0.000955s ]
[2026-05-25T09:08:40+08:00][sql] SELECT `p`.`id`,`p`.`post_title`,`p`.`post_excerpt`,`p`.`thumbnail`,`p`.`create_time`,`c`.`category_id` FROM `cmf_portal_post` `p` INNER JOIN `cmf_portal_category_post` `c` ON `p`.`id`=`c`.`post_id` WHERE (  `p`.`post_type` = '8' ) AND `p`.`delete_time` = '0' ORDER BY `c`.`list_order` ASC,`p`.`create_time` DESC [ RunTime:0.000481s ]
[2026-05-25T09:08:40+08:00][sql] SELECT `id`,`post_title`,`post_excerpt`,`more` FROM `cmf_portal_post` WHERE (  `post_type` = 3 ) AND `cmf_portal_post`.`delete_time` = '0' ORDER BY `create_time` DESC [ RunTime:0.000335s ]
[2026-05-25T09:08:40+08:00][sql] SHOW FULL COLUMNS FROM `cmf_theme_file` [ RunTime:0.000807s ]
[2026-05-25T09:08:40+08:00][sql] SELECT `more`,`file`,`id` FROM `cmf_theme_file` WHERE  `theme` = 'simpleboot3'  AND (  `is_public` = 1 OR `file` = 'portal/index' ) ORDER BY `is_public` DESC [ RunTime:0.000356s ]
[2026-05-25T09:08:40+08:00][sql] SELECT `option_value` FROM `cmf_option` WHERE  `option_name` = 'storage' LIMIT 1 [ RunTime:0.000367s ]
[2026-05-25T09:08:42+08:00][sql] CONNECT:[ UseTime:0.001341s ] mysql:host=127.0.0.1;port=3306;dbname=weihua;charset=utf8mb4
[2026-05-25T09:08:42+08:00][sql] SHOW FULL COLUMNS FROM `cmf_option` [ RunTime:0.002364s ]
[2026-05-25T09:08:42+08:00][sql] SELECT `option_value` FROM `cmf_option` WHERE  `option_name` = 'cdn_settings' LIMIT 1 [ RunTime:0.000562s ]
[2026-05-25T09:08:42+08:00][sql] SELECT `option_value` FROM `cmf_option` WHERE  `option_name` = 'cdn_settings' LIMIT 1 [ RunTime:0.000285s ]
[2026-05-25T09:08:42+08:00][sql] SHOW FULL COLUMNS FROM `cmf_product_category` [ RunTime:0.000888s ]
[2026-05-25T09:08:42+08:00][sql] SELECT * FROM `cmf_product_category` WHERE  `parent_id` = 0 ORDER BY `list_order` ASC,`create_time` DESC [ RunTime:0.000293s ]
[2026-05-25T09:08:42+08:00][sql] SELECT * FROM `cmf_product_category` WHERE  `parent_id` IN (28,19,22,23,25,27,30) [ RunTime:0.000290s ]
[2026-05-25T09:08:42+08:00][sql] SHOW FULL COLUMNS FROM `cmf_portal_category` [ RunTime:0.000876s ]
[2026-05-25T09:08:42+08:00][sql] SELECT * FROM `cmf_portal_category` WHERE (  `type` = 8 ) AND `cmf_portal_category`.`delete_time` = '0' ORDER BY `list_order` ASC [ RunTime:0.000295s ]
[2026-05-25T09:08:42+08:00][sql] SHOW FULL COLUMNS FROM `cmf_product` [ RunTime:0.001255s ]
[2026-05-25T09:08:42+08:00][sql] SELECT COUNT(*) AS think_count FROM `cmf_product` WHERE  `category_id` = 28 LIMIT 1 [ RunTime:0.000321s ]
[2026-05-25T09:08:42+08:00][sql] SELECT COUNT(*) AS think_count FROM `cmf_product` WHERE  `category_id` = 19 LIMIT 1 [ RunTime:0.000420s ]
[2026-05-25T09:08:42+08:00][sql] SELECT COUNT(*) AS think_count FROM `cmf_product` WHERE  `category_id` = 22 LIMIT 1 [ RunTime:0.000255s ]
[2026-05-25T09:08:42+08:00][sql] SELECT COUNT(*) AS think_count FROM `cmf_product` WHERE  `category_id` = 23 LIMIT 1 [ RunTime:0.000291s ]
[2026-05-25T09:08:42+08:00][sql] SELECT COUNT(*) AS think_count FROM `cmf_product` WHERE  `category_id` = 25 LIMIT 1 [ RunTime:0.000224s ]
[2026-05-25T09:08:42+08:00][sql] SELECT COUNT(*) AS think_count FROM `cmf_product` WHERE  `category_id` = 27 LIMIT 1 [ RunTime:0.000325s ]
[2026-05-25T09:08:42+08:00][sql] SELECT * FROM `cmf_product` WHERE  `category_id` = 27  AND `thumbnail` <> '' ORDER BY `list_order` ASC,`id` DESC LIMIT 1 [ RunTime:0.000591s ]
[2026-05-25T09:08:42+08:00][sql] SELECT COUNT(*) AS think_count FROM `cmf_product` WHERE  `category_id` = 30 LIMIT 1 [ RunTime:0.000266s ]
[2026-05-25T09:08:42+08:00][sql] SELECT COUNT(*) AS think_count FROM `cmf_product` LIMIT 1 [ RunTime:0.000190s ]
[2026-05-25T09:08:42+08:00][sql] SELECT `id`,`category_id`,`title`,`thumbnail`,`industry`,`overview` FROM `cmf_product` ORDER BY `list_order` ASC,`create_time` DESC LIMIT 0,12 [ RunTime:0.000929s ]
[2026-05-25T09:08:42+08:00][sql] SHOW FULL COLUMNS FROM `cmf_slide_item` [ RunTime:0.001046s ]
[2026-05-25T09:08:42+08:00][sql] SELECT `title`,`description`,`image` FROM `cmf_slide_item` WHERE  `slide_id` = 2  AND `status` = 1 ORDER BY `list_order` ASC,`id` DESC LIMIT 1 [ RunTime:0.000339s ]
[2026-05-25T09:08:42+08:00][sql] SELECT `option_value` FROM `cmf_option` WHERE  `option_name` = 'storage' LIMIT 1 [ RunTime:0.000240s ]
[2026-05-25T09:08:42+08:00][sql] SHOW FULL COLUMNS FROM `cmf_portal_post` [ RunTime:0.000920s ]
[2026-05-25T09:08:42+08:00][sql] SELECT `id`,`post_title`,`post_excerpt`,`more` FROM `cmf_portal_post` WHERE (  `post_type` = 3 ) AND `cmf_portal_post`.`delete_time` = '0' ORDER BY `create_time` DESC [ RunTime:0.000322s ]
[2026-05-25T09:08:42+08:00][sql] SHOW FULL COLUMNS FROM `cmf_theme_file` [ RunTime:0.000773s ]
[2026-05-25T09:08:42+08:00][sql] SELECT `more`,`file`,`id` FROM `cmf_theme_file` WHERE  `theme` = 'simpleboot3'  AND (  `is_public` = 1 OR `file` = 'portal/product' ) ORDER BY `is_public` DESC [ RunTime:0.000314s ]
[2026-05-25T09:08:44+08:00][sql] CONNECT:[ UseTime:0.000807s ] mysql:host=127.0.0.1;port=3306;dbname=weihua;charset=utf8mb4
[2026-05-25T09:08:44+08:00][sql] SHOW FULL COLUMNS FROM `cmf_option` [ RunTime:0.001092s ]
[2026-05-25T09:08:44+08:00][sql] SELECT `option_value` FROM `cmf_option` WHERE  `option_name` = 'cdn_settings' LIMIT 1 [ RunTime:0.000252s ]
[2026-05-25T09:08:44+08:00][sql] SELECT `option_value` FROM `cmf_option` WHERE  `option_name` = 'cdn_settings' LIMIT 1 [ RunTime:0.000770s ]
[2026-05-25T09:08:44+08:00][sql] SHOW FULL COLUMNS FROM `cmf_product_category` [ RunTime:0.001137s ]
[2026-05-25T09:08:44+08:00][sql] SELECT * FROM `cmf_product_category` WHERE  `parent_id` = 0 ORDER BY `list_order` ASC,`create_time` DESC [ RunTime:0.000517s ]
[2026-05-25T09:08:44+08:00][sql] SELECT * FROM `cmf_product_category` WHERE  `parent_id` IN (28,19,22,23,25,27,30) [ RunTime:0.000344s ]
[2026-05-25T09:08:44+08:00][sql] SHOW FULL COLUMNS FROM `cmf_portal_category` [ RunTime:0.001194s ]
[2026-05-25T09:08:44+08:00][sql] SELECT * FROM `cmf_portal_category` WHERE (  `type` = 8 ) AND `cmf_portal_category`.`delete_time` = '0' ORDER BY `list_order` ASC [ RunTime:0.000399s ]
[2026-05-25T09:08:44+08:00][sql] SELECT * FROM `cmf_product_category` WHERE  `id` = 28 LIMIT 1 [ RunTime:0.000306s ]
[2026-05-25T09:08:44+08:00][sql] SHOW FULL COLUMNS FROM `cmf_product` [ RunTime:0.001123s ]
[2026-05-25T09:08:44+08:00][sql] SELECT COUNT(*) AS think_count FROM `cmf_product` WHERE  `category_id` = 28 LIMIT 1 [ RunTime:0.000283s ]
[2026-05-25T09:08:44+08:00][sql] SELECT COUNT(*) AS think_count FROM `cmf_product` WHERE  `category_id` = 19 LIMIT 1 [ RunTime:0.000238s ]
[2026-05-25T09:08:44+08:00][sql] SELECT COUNT(*) AS think_count FROM `cmf_product` WHERE  `category_id` = 22 LIMIT 1 [ RunTime:0.000222s ]
[2026-05-25T09:08:44+08:00][sql] SELECT COUNT(*) AS think_count FROM `cmf_product` WHERE  `category_id` = 23 LIMIT 1 [ RunTime:0.000221s ]
[2026-05-25T09:08:44+08:00][sql] SELECT COUNT(*) AS think_count FROM `cmf_product` WHERE  `category_id` = 25 LIMIT 1 [ RunTime:0.000209s ]
[2026-05-25T09:08:44+08:00][sql] SELECT COUNT(*) AS think_count FROM `cmf_product` WHERE  `category_id` = 27 LIMIT 1 [ RunTime:0.000240s ]
[2026-05-25T09:08:44+08:00][sql] SELECT * FROM `cmf_product` WHERE  `category_id` = 27  AND `thumbnail` <> '' ORDER BY `list_order` ASC,`id` DESC LIMIT 1 [ RunTime:0.000612s ]
[2026-05-25T09:08:44+08:00][sql] SELECT COUNT(*) AS think_count FROM `cmf_product` WHERE  `category_id` = 30 LIMIT 1 [ RunTime:0.000449s ]
[2026-05-25T09:08:44+08:00][sql] SELECT COUNT(*) AS think_count FROM `cmf_product` WHERE  `category_id` = 28 LIMIT 1 [ RunTime:0.000302s ]
[2026-05-25T09:08:44+08:00][sql] SELECT `id`,`category_id`,`title`,`thumbnail`,`industry`,`overview` FROM `cmf_product` WHERE  `category_id` = 28 ORDER BY `list_order` ASC,`create_time` DESC LIMIT 0,12 [ RunTime:0.000753s ]
[2026-05-25T09:08:44+08:00][sql] SHOW FULL COLUMNS FROM `cmf_slide_item` [ RunTime:0.001303s ]
[2026-05-25T09:08:44+08:00][sql] SELECT `title`,`description`,`image` FROM `cmf_slide_item` WHERE  `slide_id` = 2  AND `status` = 1 ORDER BY `list_order` ASC,`id` DESC LIMIT 1 [ RunTime:0.000375s ]
[2026-05-25T09:08:44+08:00][sql] SELECT `option_value` FROM `cmf_option` WHERE  `option_name` = 'storage' LIMIT 1 [ RunTime:0.000243s ]
[2026-05-25T09:08:44+08:00][sql] SHOW FULL COLUMNS FROM `cmf_portal_post` [ RunTime:0.001074s ]
[2026-05-25T09:08:44+08:00][sql] SELECT `id`,`post_title`,`post_excerpt`,`more` FROM `cmf_portal_post` WHERE (  `post_type` = 3 ) AND `cmf_portal_post`.`delete_time` = '0' ORDER BY `create_time` DESC [ RunTime:0.000357s ]
[2026-05-25T09:08:44+08:00][sql] SHOW FULL COLUMNS FROM `cmf_theme_file` [ RunTime:0.000907s ]
[2026-05-25T09:08:44+08:00][sql] SELECT `more`,`file`,`id` FROM `cmf_theme_file` WHERE  `theme` = 'simpleboot3'  AND (  `is_public` = 1 OR `file` = 'portal/product' ) ORDER BY `is_public` DESC [ RunTime:0.000356s ]
[2026-05-25T09:09:23+08:00][sql] CONNECT:[ UseTime:0.002085s ] mysql:host=127.0.0.1;port=3306;dbname=weihua;charset=utf8mb4
[2026-05-25T09:09:23+08:00][sql] SHOW FULL COLUMNS FROM `cmf_option` [ RunTime:0.002189s ]
[2026-05-25T09:09:23+08:00][sql] SELECT `option_value` FROM `cmf_option` WHERE  `option_name` = 'cdn_settings' LIMIT 1 [ RunTime:0.000390s ]
[2026-05-25T09:09:23+08:00][sql] SELECT `option_value` FROM `cmf_option` WHERE  `option_name` = 'cdn_settings' LIMIT 1 [ RunTime:0.000626s ]
[2026-05-25T09:09:23+08:00][sql] SHOW FULL COLUMNS FROM `cmf_product_category` [ RunTime:0.001464s ]
[2026-05-25T09:09:23+08:00][sql] SELECT * FROM `cmf_product_category` WHERE  `parent_id` = 0 ORDER BY `list_order` ASC,`create_time` DESC [ RunTime:0.000436s ]
[2026-05-25T09:09:23+08:00][sql] SELECT * FROM `cmf_product_category` WHERE  `parent_id` IN (28,19,22,23,25,27,30) [ RunTime:0.000728s ]
[2026-05-25T09:09:23+08:00][sql] SHOW FULL COLUMNS FROM `cmf_portal_category` [ RunTime:0.001666s ]
[2026-05-25T09:09:23+08:00][sql] SELECT * FROM `cmf_portal_category` WHERE (  `type` = 8 ) AND `cmf_portal_category`.`delete_time` = '0' ORDER BY `list_order` ASC [ RunTime:0.000414s ]
[2026-05-25T09:09:23+08:00][sql] SHOW FULL COLUMNS FROM `cmf_product` [ RunTime:0.001473s ]
[2026-05-25T09:09:23+08:00][sql] SELECT COUNT(*) AS think_count FROM `cmf_product` WHERE  `category_id` = 28 LIMIT 1 [ RunTime:0.000358s ]
[2026-05-25T09:09:23+08:00][sql] SELECT COUNT(*) AS think_count FROM `cmf_product` WHERE  `category_id` = 19 LIMIT 1 [ RunTime:0.000242s ]
[2026-05-25T09:09:23+08:00][sql] SELECT COUNT(*) AS think_count FROM `cmf_product` WHERE  `category_id` = 22 LIMIT 1 [ RunTime:0.000205s ]
[2026-05-25T09:09:23+08:00][sql] SELECT COUNT(*) AS think_count FROM `cmf_product` WHERE  `category_id` = 23 LIMIT 1 [ RunTime:0.000188s ]
[2026-05-25T09:09:23+08:00][sql] SELECT COUNT(*) AS think_count FROM `cmf_product` WHERE  `category_id` = 25 LIMIT 1 [ RunTime:0.000192s ]
[2026-05-25T09:09:23+08:00][sql] SELECT COUNT(*) AS think_count FROM `cmf_product` WHERE  `category_id` = 27 LIMIT 1 [ RunTime:0.000181s ]
[2026-05-25T09:09:23+08:00][sql] SELECT * FROM `cmf_product` WHERE  `category_id` = 27  AND `thumbnail` <> '' ORDER BY `list_order` ASC,`id` DESC LIMIT 1 [ RunTime:0.000499s ]
[2026-05-25T09:09:23+08:00][sql] SELECT COUNT(*) AS think_count FROM `cmf_product` WHERE  `category_id` = 30 LIMIT 1 [ RunTime:0.000204s ]
[2026-05-25T09:09:23+08:00][sql] SELECT COUNT(*) AS think_count FROM `cmf_product` LIMIT 1 [ RunTime:0.000189s ]
[2026-05-25T09:09:23+08:00][sql] SELECT `id`,`category_id`,`title`,`thumbnail`,`industry`,`overview` FROM `cmf_product` ORDER BY `list_order` ASC,`create_time` DESC LIMIT 0,12 [ RunTime:0.000668s ]
[2026-05-25T09:09:23+08:00][sql] SHOW FULL COLUMNS FROM `cmf_slide_item` [ RunTime:0.001890s ]
[2026-05-25T09:09:23+08:00][sql] SELECT `title`,`description`,`image` FROM `cmf_slide_item` WHERE  `slide_id` = 7  AND `status` = 1 ORDER BY `list_order` ASC,`id` DESC LIMIT 1 [ RunTime:0.000545s ]
[2026-05-25T09:09:23+08:00][sql] SELECT `option_value` FROM `cmf_option` WHERE  `option_name` = 'storage' LIMIT 1 [ RunTime:0.000407s ]
[2026-05-25T09:09:23+08:00][sql] SHOW FULL COLUMNS FROM `cmf_portal_post` [ RunTime:0.001703s ]
[2026-05-25T09:09:23+08:00][sql] SELECT `id`,`post_title`,`post_excerpt`,`more` FROM `cmf_portal_post` WHERE (  `post_type` = 3 ) AND `cmf_portal_post`.`delete_time` = '0' ORDER BY `create_time` DESC [ RunTime:0.000566s ]
[2026-05-25T09:09:23+08:00][sql] SHOW FULL COLUMNS FROM `cmf_theme_file` [ RunTime:0.001107s ]
[2026-05-25T09:09:23+08:00][sql] SELECT `more`,`file`,`id` FROM `cmf_theme_file` WHERE  `theme` = 'simpleboot3_mobile'  AND (  `is_public` = 1 OR `file` = 'portal/product' ) ORDER BY `is_public` DESC [ RunTime:0.000345s ]
[2026-05-25T09:11:30+08:00][sql] CONNECT:[ UseTime:0.000892s ] mysql:host=127.0.0.1;port=3306;dbname=weihua;charset=utf8mb4
[2026-05-25T09:11:30+08:00][sql] SHOW FULL COLUMNS FROM `cmf_option` [ RunTime:0.002183s ]
[2026-05-25T09:11:30+08:00][sql] SELECT `option_value` FROM `cmf_option` WHERE  `option_name` = 'cdn_settings' LIMIT 1 [ RunTime:0.000563s ]
[2026-05-25T09:11:30+08:00][sql] SELECT `option_value` FROM `cmf_option` WHERE  `option_name` = 'cdn_settings' LIMIT 1 [ RunTime:0.000282s ]
[2026-05-25T09:11:30+08:00][sql] SHOW FULL COLUMNS FROM `cmf_product_category` [ RunTime:0.000899s ]
[2026-05-25T09:11:30+08:00][sql] SELECT * FROM `cmf_product_category` WHERE  `parent_id` = 0 ORDER BY `list_order` ASC,`create_time` DESC [ RunTime:0.000288s ]
[2026-05-25T09:11:30+08:00][sql] SELECT * FROM `cmf_product_category` WHERE  `parent_id` IN (28,19,22,23,25,27,30) [ RunTime:0.000301s ]
[2026-05-25T09:11:30+08:00][sql] SHOW FULL COLUMNS FROM `cmf_portal_category` [ RunTime:0.000952s ]
[2026-05-25T09:11:30+08:00][sql] SELECT * FROM `cmf_portal_category` WHERE (  `type` = 8 ) AND `cmf_portal_category`.`delete_time` = '0' ORDER BY `list_order` ASC [ RunTime:0.000320s ]
[2026-05-25T09:11:30+08:00][sql] SHOW FULL COLUMNS FROM `cmf_product` [ RunTime:0.000940s ]
[2026-05-25T09:11:30+08:00][sql] SELECT COUNT(*) AS think_count FROM `cmf_product` WHERE  `category_id` = 28 LIMIT 1 [ RunTime:0.000299s ]
[2026-05-25T09:11:30+08:00][sql] SELECT COUNT(*) AS think_count FROM `cmf_product` WHERE  `category_id` = 19 LIMIT 1 [ RunTime:0.000227s ]
[2026-05-25T09:11:30+08:00][sql] SELECT COUNT(*) AS think_count FROM `cmf_product` WHERE  `category_id` = 22 LIMIT 1 [ RunTime:0.000215s ]
[2026-05-25T09:11:30+08:00][sql] SELECT COUNT(*) AS think_count FROM `cmf_product` WHERE  `category_id` = 23 LIMIT 1 [ RunTime:0.001022s ]
[2026-05-25T09:11:30+08:00][sql] SELECT COUNT(*) AS think_count FROM `cmf_product` WHERE  `category_id` = 25 LIMIT 1 [ RunTime:0.000808s ]
[2026-05-25T09:11:30+08:00][sql] SELECT COUNT(*) AS think_count FROM `cmf_product` WHERE  `category_id` = 27 LIMIT 1 [ RunTime:0.000447s ]
[2026-05-25T09:11:30+08:00][sql] SELECT * FROM `cmf_product` WHERE  `category_id` = 27  AND `thumbnail` <> '' ORDER BY `list_order` ASC,`id` DESC LIMIT 1 [ RunTime:0.000673s ]
[2026-05-25T09:11:30+08:00][sql] SELECT COUNT(*) AS think_count FROM `cmf_product` WHERE  `category_id` = 30 LIMIT 1 [ RunTime:0.000370s ]
[2026-05-25T09:11:30+08:00][sql] SELECT COUNT(*) AS think_count FROM `cmf_product` LIMIT 1 [ RunTime:0.000251s ]
[2026-05-25T09:11:30+08:00][sql] SELECT `id`,`category_id`,`title`,`thumbnail`,`industry`,`overview` FROM `cmf_product` ORDER BY `list_order` ASC,`create_time` DESC LIMIT 0,12 [ RunTime:0.001703s ]
[2026-05-25T09:11:30+08:00][sql] SHOW FULL COLUMNS FROM `cmf_slide_item` [ RunTime:0.001448s ]
[2026-05-25T09:11:30+08:00][sql] SELECT `title`,`description`,`image` FROM `cmf_slide_item` WHERE  `slide_id` = 2  AND `status` = 1 ORDER BY `list_order` ASC,`id` DESC LIMIT 1 [ RunTime:0.000468s ]
[2026-05-25T09:11:30+08:00][sql] SELECT `option_value` FROM `cmf_option` WHERE  `option_name` = 'storage' LIMIT 1 [ RunTime:0.000272s ]
[2026-05-25T09:11:30+08:00][sql] SHOW FULL COLUMNS FROM `cmf_portal_post` [ RunTime:0.001279s ]
[2026-05-25T09:11:30+08:00][sql] SELECT `id`,`post_title`,`post_excerpt`,`more` FROM `cmf_portal_post` WHERE (  `post_type` = 3 ) AND `cmf_portal_post`.`delete_time` = '0' ORDER BY `create_time` DESC [ RunTime:0.000333s ]
[2026-05-25T09:11:30+08:00][sql] SHOW FULL COLUMNS FROM `cmf_theme_file` [ RunTime:0.000987s ]
[2026-05-25T09:11:30+08:00][sql] SELECT `more`,`file`,`id` FROM `cmf_theme_file` WHERE  `theme` = 'simpleboot3'  AND (  `is_public` = 1 OR `file` = 'portal/product' ) ORDER BY `is_public` DESC [ RunTime:0.000287s ]
[2026-05-25T09:11:31+08:00][sql] CONNECT:[ UseTime:0.001276s ] mysql:host=127.0.0.1;port=3306;dbname=weihua;charset=utf8mb4
[2026-05-25T09:11:31+08:00][sql] SHOW FULL COLUMNS FROM `cmf_option` [ RunTime:0.002251s ]
[2026-05-25T09:11:31+08:00][sql] SELECT `option_value` FROM `cmf_option` WHERE  `option_name` = 'cdn_settings' LIMIT 1 [ RunTime:0.000344s ]
[2026-05-25T09:11:31+08:00][sql] SELECT `option_value` FROM `cmf_option` WHERE  `option_name` = 'cdn_settings' LIMIT 1 [ RunTime:0.000755s ]
[2026-05-25T09:11:31+08:00][sql] SHOW FULL COLUMNS FROM `cmf_product_category` [ RunTime:0.002360s ]
[2026-05-25T09:11:31+08:00][sql] SELECT * FROM `cmf_product_category` WHERE  `parent_id` = 0 ORDER BY `list_order` ASC,`create_time` DESC [ RunTime:0.000649s ]
[2026-05-25T09:11:31+08:00][sql] SELECT * FROM `cmf_product_category` WHERE  `parent_id` IN (28,19,22,23,25,27,30) [ RunTime:0.000537s ]
[2026-05-25T09:11:31+08:00][sql] SHOW FULL COLUMNS FROM `cmf_portal_category` [ RunTime:0.001621s ]
[2026-05-25T09:11:31+08:00][sql] SELECT * FROM `cmf_portal_category` WHERE (  `type` = 8 ) AND `cmf_portal_category`.`delete_time` = '0' ORDER BY `list_order` ASC [ RunTime:0.000382s ]
[2026-05-25T09:11:31+08:00][sql] SHOW FULL COLUMNS FROM `cmf_product` [ RunTime:0.002309s ]
[2026-05-25T09:11:31+08:00][sql] SELECT COUNT(*) AS think_count FROM `cmf_product` WHERE  `category_id` = 28 LIMIT 1 [ RunTime:0.000422s ]
[2026-05-25T09:11:31+08:00][sql] SELECT COUNT(*) AS think_count FROM `cmf_product` WHERE  `category_id` = 19 LIMIT 1 [ RunTime:0.000289s ]
[2026-05-25T09:11:31+08:00][sql] SELECT COUNT(*) AS think_count FROM `cmf_product` WHERE  `category_id` = 22 LIMIT 1 [ RunTime:0.000235s ]
[2026-05-25T09:11:31+08:00][sql] SELECT COUNT(*) AS think_count FROM `cmf_product` WHERE  `category_id` = 23 LIMIT 1 [ RunTime:0.000222s ]
[2026-05-25T09:11:31+08:00][sql] SELECT COUNT(*) AS think_count FROM `cmf_product` WHERE  `category_id` = 25 LIMIT 1 [ RunTime:0.000201s ]
[2026-05-25T09:11:31+08:00][sql] SELECT COUNT(*) AS think_count FROM `cmf_product` WHERE  `category_id` = 27 LIMIT 1 [ RunTime:0.000273s ]
[2026-05-25T09:11:31+08:00][sql] SELECT * FROM `cmf_product` WHERE  `category_id` = 27  AND `thumbnail` <> '' ORDER BY `list_order` ASC,`id` DESC LIMIT 1 [ RunTime:0.000476s ]
[2026-05-25T09:11:31+08:00][sql] SELECT COUNT(*) AS think_count FROM `cmf_product` WHERE  `category_id` = 30 LIMIT 1 [ RunTime:0.000427s ]
[2026-05-25T09:11:31+08:00][sql] SELECT COUNT(*) AS think_count FROM `cmf_product` LIMIT 1 [ RunTime:0.000305s ]
[2026-05-25T09:11:31+08:00][sql] SELECT `id`,`category_id`,`title`,`thumbnail`,`industry`,`overview` FROM `cmf_product` ORDER BY `list_order` ASC,`create_time` DESC LIMIT 0,12 [ RunTime:0.001386s ]
[2026-05-25T09:11:31+08:00][sql] SHOW FULL COLUMNS FROM `cmf_slide_item` [ RunTime:0.001667s ]
[2026-05-25T09:11:31+08:00][sql] SELECT `title`,`description`,`image` FROM `cmf_slide_item` WHERE  `slide_id` = 2  AND `status` = 1 ORDER BY `list_order` ASC,`id` DESC LIMIT 1 [ RunTime:0.000463s ]
[2026-05-25T09:11:31+08:00][sql] SELECT `option_value` FROM `cmf_option` WHERE  `option_name` = 'storage' LIMIT 1 [ RunTime:0.000318s ]
[2026-05-25T09:11:31+08:00][sql] SHOW FULL COLUMNS FROM `cmf_portal_post` [ RunTime:0.001353s ]
[2026-05-25T09:11:31+08:00][sql] SELECT `id`,`post_title`,`post_excerpt`,`more` FROM `cmf_portal_post` WHERE (  `post_type` = 3 ) AND `cmf_portal_post`.`delete_time` = '0' ORDER BY `create_time` DESC [ RunTime:0.000484s ]
[2026-05-25T09:11:31+08:00][sql] SHOW FULL COLUMNS FROM `cmf_theme_file` [ RunTime:0.001378s ]
[2026-05-25T09:11:31+08:00][sql] SELECT `more`,`file`,`id` FROM `cmf_theme_file` WHERE  `theme` = 'simpleboot3'  AND (  `is_public` = 1 OR `file` = 'portal/product' ) ORDER BY `is_public` DESC [ RunTime:0.000401s ]
[2026-05-25T09:11:49+08:00][sql] CONNECT:[ UseTime:0.001466s ] mysql:host=127.0.0.1;port=3306;dbname=weihua;charset=utf8mb4
[2026-05-25T09:11:49+08:00][sql] SHOW FULL COLUMNS FROM `cmf_option` [ RunTime:0.002133s ]
[2026-05-25T09:11:49+08:00][sql] SELECT `option_value` FROM `cmf_option` WHERE  `option_name` = 'cdn_settings' LIMIT 1 [ RunTime:0.000270s ]
[2026-05-25T09:11:49+08:00][sql] SELECT `option_value` FROM `cmf_option` WHERE  `option_name` = 'cdn_settings' LIMIT 1 [ RunTime:0.000277s ]
[2026-05-25T09:11:49+08:00][sql] SHOW FULL COLUMNS FROM `cmf_product_category` [ RunTime:0.000834s ]
[2026-05-25T09:11:49+08:00][sql] SELECT * FROM `cmf_product_category` WHERE  `parent_id` = 0 ORDER BY `list_order` ASC,`create_time` DESC [ RunTime:0.000285s ]
[2026-05-25T09:11:49+08:00][sql] SELECT * FROM `cmf_product_category` WHERE  `parent_id` IN (28,19,22,23,25,27,30) [ RunTime:0.000521s ]
[2026-05-25T09:11:49+08:00][sql] SHOW FULL COLUMNS FROM `cmf_portal_category` [ RunTime:0.001071s ]
[2026-05-25T09:11:49+08:00][sql] SELECT * FROM `cmf_portal_category` WHERE (  `type` = 8 ) AND `cmf_portal_category`.`delete_time` = '0' ORDER BY `list_order` ASC [ RunTime:0.000316s ]
[2026-05-25T09:11:49+08:00][sql] SHOW FULL COLUMNS FROM `cmf_slide_item` [ RunTime:0.000820s ]
[2026-05-25T09:11:49+08:00][sql] SELECT `title`,`description`,`image`,`url`,`target`,`content` FROM `cmf_slide_item` WHERE  `slide_id` = 1 ORDER BY `list_order` ASC [ RunTime:0.000302s ]
[2026-05-25T09:11:49+08:00][sql] SHOW FULL COLUMNS FROM `cmf_slide` [ RunTime:0.000830s ]
[2026-05-25T09:11:49+08:00][sql] SELECT * FROM `cmf_slide` WHERE  `name` LIKE '%choose%' OR `name` LIKE '%选择%' LIMIT 1 [ RunTime:0.000407s ]
[2026-05-25T09:11:49+08:00][sql] SELECT `title`,`description`,`image`,`url`,`target`,`content` FROM `cmf_slide_item` WHERE  `slide_id` = 14  AND `status` = 1 ORDER BY `list_order` ASC [ RunTime:0.000321s ]
[2026-05-25T09:11:49+08:00][sql] SELECT * FROM `cmf_product_category` WHERE  `parent_id` = 0  AND `recommend` = 1 ORDER BY `list_order` ASC,`create_time` DESC [ RunTime:0.000610s ]
[2026-05-25T09:11:49+08:00][sql] SHOW FULL COLUMNS FROM `cmf_product` [ RunTime:0.000964s ]
[2026-05-25T09:11:49+08:00][sql] SELECT `id`,`title`,`thumbnail`,`industry` FROM `cmf_product` WHERE  `is_recommended` = 1  AND `category_id` = 28 ORDER BY `list_order` ASC LIMIT 6 [ RunTime:0.000471s ]
[2026-05-25T09:11:49+08:00][sql] SELECT `id`,`title`,`thumbnail`,`industry` FROM `cmf_product` WHERE  `is_recommended` = 1  AND `category_id` = 19 ORDER BY `list_order` ASC LIMIT 6 [ RunTime:0.000385s ]
[2026-05-25T09:11:49+08:00][sql] SELECT `id`,`title`,`thumbnail`,`industry` FROM `cmf_product` WHERE  `is_recommended` = 1  AND `category_id` = 23 ORDER BY `list_order` ASC LIMIT 6 [ RunTime:0.000362s ]
[2026-05-25T09:11:49+08:00][sql] SHOW FULL COLUMNS FROM `cmf_portal_post` [ RunTime:0.001112s ]
[2026-05-25T09:11:49+08:00][sql] SELECT `p`.`id`,`p`.`post_title`,`p`.`post_excerpt`,`p`.`thumbnail`,`p`.`create_time`,`c`.`category_id` FROM `cmf_portal_post` `p` INNER JOIN `cmf_portal_category_post` `c` ON `p`.`id`=`c`.`post_id` WHERE (  `p`.`post_type` = '8' ) AND `p`.`delete_time` = '0' ORDER BY `c`.`list_order` ASC,`p`.`create_time` DESC [ RunTime:0.000508s ]
[2026-05-25T09:11:49+08:00][sql] SELECT `id`,`post_title`,`post_excerpt`,`more` FROM `cmf_portal_post` WHERE (  `post_type` = 3 ) AND `cmf_portal_post`.`delete_time` = '0' ORDER BY `create_time` DESC [ RunTime:0.000317s ]
[2026-05-25T09:11:49+08:00][sql] SHOW FULL COLUMNS FROM `cmf_theme_file` [ RunTime:0.000762s ]
[2026-05-25T09:11:49+08:00][sql] SELECT `more`,`file`,`id` FROM `cmf_theme_file` WHERE  `theme` = 'simpleboot3'  AND (  `is_public` = 1 OR `file` = 'portal/index' ) ORDER BY `is_public` DESC [ RunTime:0.000311s ]
[2026-05-25T09:11:49+08:00][sql] SELECT `option_value` FROM `cmf_option` WHERE  `option_name` = 'storage' LIMIT 1 [ RunTime:0.000377s ]
[2026-05-25T09:11:53+08:00][sql] CONNECT:[ UseTime:0.001456s ] mysql:host=127.0.0.1;port=3306;dbname=weihua;charset=utf8mb4
[2026-05-25T09:11:53+08:00][sql] SHOW FULL COLUMNS FROM `cmf_option` [ RunTime:0.001517s ]
[2026-05-25T09:11:53+08:00][sql] SELECT `option_value` FROM `cmf_option` WHERE  `option_name` = 'cdn_settings' LIMIT 1 [ RunTime:0.000333s ]
[2026-05-25T09:11:53+08:00][sql] SELECT `option_value` FROM `cmf_option` WHERE  `option_name` = 'cdn_settings' LIMIT 1 [ RunTime:0.000782s ]
[2026-05-25T09:11:53+08:00][sql] SHOW FULL COLUMNS FROM `cmf_product_category` [ RunTime:0.001440s ]
[2026-05-25T09:11:53+08:00][sql] SELECT * FROM `cmf_product_category` WHERE  `parent_id` = 0 ORDER BY `list_order` ASC,`create_time` DESC [ RunTime:0.000837s ]
[2026-05-25T09:11:53+08:00][sql] SELECT * FROM `cmf_product_category` WHERE  `parent_id` IN (28,19,22,23,25,27,30) [ RunTime:0.000473s ]
[2026-05-25T09:11:53+08:00][sql] SHOW FULL COLUMNS FROM `cmf_portal_category` [ RunTime:0.001501s ]
[2026-05-25T09:11:53+08:00][sql] SELECT * FROM `cmf_portal_category` WHERE (  `type` = 8 ) AND `cmf_portal_category`.`delete_time` = '0' ORDER BY `list_order` ASC [ RunTime:0.000370s ]
[2026-05-25T09:11:53+08:00][sql] SHOW FULL COLUMNS FROM `cmf_slide_item` [ RunTime:0.001083s ]
[2026-05-25T09:11:53+08:00][sql] SELECT `title`,`description`,`image`,`url`,`target`,`content` FROM `cmf_slide_item` WHERE  `slide_id` = 1 ORDER BY `list_order` ASC [ RunTime:0.000313s ]
[2026-05-25T09:11:53+08:00][sql] SHOW FULL COLUMNS FROM `cmf_slide` [ RunTime:0.001293s ]
[2026-05-25T09:11:53+08:00][sql] SELECT * FROM `cmf_slide` WHERE  `name` LIKE '%choose%' OR `name` LIKE '%选择%' LIMIT 1 [ RunTime:0.001479s ]
[2026-05-25T09:11:53+08:00][sql] SELECT `title`,`description`,`image`,`url`,`target`,`content` FROM `cmf_slide_item` WHERE  `slide_id` = 14  AND `status` = 1 ORDER BY `list_order` ASC [ RunTime:0.000523s ]
[2026-05-25T09:11:53+08:00][sql] SELECT * FROM `cmf_product_category` WHERE  `parent_id` = 0  AND `recommend` = 1 ORDER BY `list_order` ASC,`create_time` DESC [ RunTime:0.000346s ]
[2026-05-25T09:11:53+08:00][sql] SHOW FULL COLUMNS FROM `cmf_product` [ RunTime:0.001087s ]
[2026-05-25T09:11:53+08:00][sql] SELECT `id`,`title`,`thumbnail`,`industry` FROM `cmf_product` WHERE  `is_recommended` = 1  AND `category_id` = 28 ORDER BY `list_order` ASC LIMIT 6 [ RunTime:0.000630s ]
[2026-05-25T09:11:53+08:00][sql] SELECT `id`,`title`,`thumbnail`,`industry` FROM `cmf_product` WHERE  `is_recommended` = 1  AND `category_id` = 19 ORDER BY `list_order` ASC LIMIT 6 [ RunTime:0.000415s ]
[2026-05-25T09:11:53+08:00][sql] SELECT `id`,`title`,`thumbnail`,`industry` FROM `cmf_product` WHERE  `is_recommended` = 1  AND `category_id` = 23 ORDER BY `list_order` ASC LIMIT 6 [ RunTime:0.000430s ]
[2026-05-25T09:11:53+08:00][sql] SHOW FULL COLUMNS FROM `cmf_portal_post` [ RunTime:0.001103s ]
[2026-05-25T09:11:53+08:00][sql] SELECT `p`.`id`,`p`.`post_title`,`p`.`post_excerpt`,`p`.`thumbnail`,`p`.`create_time`,`c`.`category_id` FROM `cmf_portal_post` `p` INNER JOIN `cmf_portal_category_post` `c` ON `p`.`id`=`c`.`post_id` WHERE (  `p`.`post_type` = '8' ) AND `p`.`delete_time` = '0' ORDER BY `c`.`list_order` ASC,`p`.`create_time` DESC [ RunTime:0.000685s ]
[2026-05-25T09:11:53+08:00][sql] SELECT `id`,`post_title`,`post_excerpt`,`more` FROM `cmf_portal_post` WHERE (  `post_type` = 3 ) AND `cmf_portal_post`.`delete_time` = '0' ORDER BY `create_time` DESC [ RunTime:0.000403s ]
[2026-05-25T09:11:53+08:00][sql] SHOW FULL COLUMNS FROM `cmf_theme_file` [ RunTime:0.000966s ]
[2026-05-25T09:11:53+08:00][sql] SELECT `more`,`file`,`id` FROM `cmf_theme_file` WHERE  `theme` = 'simpleboot3_mobile'  AND (  `is_public` = 1 OR `file` = 'portal/index' ) ORDER BY `is_public` DESC [ RunTime:0.000320s ]
[2026-05-25T09:11:53+08:00][sql] SELECT `option_value` FROM `cmf_option` WHERE  `option_name` = 'storage' LIMIT 1 [ RunTime:0.000543s ]
[2026-05-25T09:12:04+08:00][sql] CONNECT:[ UseTime:0.001021s ] mysql:host=127.0.0.1;port=3306;dbname=weihua;charset=utf8mb4
[2026-05-25T09:12:04+08:00][sql] SHOW FULL COLUMNS FROM `cmf_option` [ RunTime:0.001936s ]
[2026-05-25T09:12:04+08:00][sql] SELECT `option_value` FROM `cmf_option` WHERE  `option_name` = 'cdn_settings' LIMIT 1 [ RunTime:0.000571s ]
[2026-05-25T09:12:04+08:00][sql] SELECT `option_value` FROM `cmf_option` WHERE  `option_name` = 'cdn_settings' LIMIT 1 [ RunTime:0.000516s ]
[2026-05-25T09:12:04+08:00][sql] SHOW FULL COLUMNS FROM `cmf_product_category` [ RunTime:0.001398s ]
[2026-05-25T09:12:04+08:00][sql] SELECT * FROM `cmf_product_category` WHERE  `parent_id` = 0 ORDER BY `list_order` ASC,`create_time` DESC [ RunTime:0.000517s ]
[2026-05-25T09:12:04+08:00][sql] SELECT * FROM `cmf_product_category` WHERE  `parent_id` IN (28,19,22,23,25,27,30) [ RunTime:0.000348s ]
[2026-05-25T09:12:04+08:00][sql] SHOW FULL COLUMNS FROM `cmf_portal_category` [ RunTime:0.001617s ]
[2026-05-25T09:12:04+08:00][sql] SELECT * FROM `cmf_portal_category` WHERE (  `type` = 8 ) AND `cmf_portal_category`.`delete_time` = '0' ORDER BY `list_order` ASC [ RunTime:0.000391s ]
[2026-05-25T09:12:04+08:00][sql] SHOW FULL COLUMNS FROM `cmf_slide_item` [ RunTime:0.001464s ]
[2026-05-25T09:12:04+08:00][sql] SELECT `title`,`description`,`image`,`url`,`target`,`content` FROM `cmf_slide_item` WHERE  `slide_id` = 1 ORDER BY `list_order` ASC [ RunTime:0.000553s ]
[2026-05-25T09:12:04+08:00][sql] SHOW FULL COLUMNS FROM `cmf_slide` [ RunTime:0.001201s ]
[2026-05-25T09:12:04+08:00][sql] SELECT * FROM `cmf_slide` WHERE  `name` LIKE '%choose%' OR `name` LIKE '%选择%' LIMIT 1 [ RunTime:0.000462s ]
[2026-05-25T09:12:04+08:00][sql] SELECT `title`,`description`,`image`,`url`,`target`,`content` FROM `cmf_slide_item` WHERE  `slide_id` = 14  AND `status` = 1 ORDER BY `list_order` ASC [ RunTime:0.000362s ]
[2026-05-25T09:12:04+08:00][sql] SELECT * FROM `cmf_product_category` WHERE  `parent_id` = 0  AND `recommend` = 1 ORDER BY `list_order` ASC,`create_time` DESC [ RunTime:0.000403s ]
[2026-05-25T09:12:04+08:00][sql] SHOW FULL COLUMNS FROM `cmf_product` [ RunTime:0.001506s ]
[2026-05-25T09:12:04+08:00][sql] SELECT `id`,`title`,`thumbnail`,`industry` FROM `cmf_product` WHERE  `is_recommended` = 1  AND `category_id` = 28 ORDER BY `list_order` ASC LIMIT 6 [ RunTime:0.000629s ]
[2026-05-25T09:12:04+08:00][sql] SELECT `id`,`title`,`thumbnail`,`industry` FROM `cmf_product` WHERE  `is_recommended` = 1  AND `category_id` = 19 ORDER BY `list_order` ASC LIMIT 6 [ RunTime:0.000428s ]
[2026-05-25T09:12:04+08:00][sql] SELECT `id`,`title`,`thumbnail`,`industry` FROM `cmf_product` WHERE  `is_recommended` = 1  AND `category_id` = 23 ORDER BY `list_order` ASC LIMIT 6 [ RunTime:0.000435s ]
[2026-05-25T09:12:04+08:00][sql] SHOW FULL COLUMNS FROM `cmf_portal_post` [ RunTime:0.001448s ]
[2026-05-25T09:12:04+08:00][sql] SELECT `p`.`id`,`p`.`post_title`,`p`.`post_excerpt`,`p`.`thumbnail`,`p`.`create_time`,`c`.`category_id` FROM `cmf_portal_post` `p` INNER JOIN `cmf_portal_category_post` `c` ON `p`.`id`=`c`.`post_id` WHERE (  `p`.`post_type` = '8' ) AND `p`.`delete_time` = '0' ORDER BY `c`.`list_order` ASC,`p`.`create_time` DESC [ RunTime:0.000779s ]
[2026-05-25T09:12:04+08:00][sql] SELECT `id`,`post_title`,`post_excerpt`,`more` FROM `cmf_portal_post` WHERE (  `post_type` = 3 ) AND `cmf_portal_post`.`delete_time` = '0' ORDER BY `create_time` DESC [ RunTime:0.000381s ]
[2026-05-25T09:12:04+08:00][sql] SHOW FULL COLUMNS FROM `cmf_theme_file` [ RunTime:0.001211s ]
[2026-05-25T09:12:04+08:00][sql] SELECT `more`,`file`,`id` FROM `cmf_theme_file` WHERE  `theme` = 'simpleboot3_mobile'  AND (  `is_public` = 1 OR `file` = 'portal/index' ) ORDER BY `is_public` DESC [ RunTime:0.000364s ]
[2026-05-25T09:12:04+08:00][sql] SELECT `option_value` FROM `cmf_option` WHERE  `option_name` = 'storage' LIMIT 1 [ RunTime:0.000616s ]
[2026-05-25T09:12:13+08:00][sql] CONNECT:[ UseTime:0.002177s ] mysql:host=127.0.0.1;port=3306;dbname=weihua;charset=utf8mb4
[2026-05-25T09:12:13+08:00][sql] SHOW FULL COLUMNS FROM `cmf_option` [ RunTime:0.001574s ]
[2026-05-25T09:12:13+08:00][sql] SELECT `option_value` FROM `cmf_option` WHERE  `option_name` = 'cdn_settings' LIMIT 1 [ RunTime:0.000251s ]
[2026-05-25T09:12:13+08:00][sql] SELECT `option_value` FROM `cmf_option` WHERE  `option_name` = 'cdn_settings' LIMIT 1 [ RunTime:0.000459s ]
[2026-05-25T09:12:13+08:00][sql] SHOW FULL COLUMNS FROM `cmf_product_category` [ RunTime:0.002726s ]
[2026-05-25T09:12:13+08:00][sql] SELECT * FROM `cmf_product_category` WHERE  `parent_id` = 0 ORDER BY `list_order` ASC,`create_time` DESC [ RunTime:0.000346s ]
[2026-05-25T09:12:13+08:00][sql] SELECT * FROM `cmf_product_category` WHERE  `parent_id` IN (28,19,22,23,25,27,30) [ RunTime:0.000329s ]
[2026-05-25T09:12:13+08:00][sql] SHOW FULL COLUMNS FROM `cmf_portal_category` [ RunTime:0.002194s ]
[2026-05-25T09:12:13+08:00][sql] SELECT * FROM `cmf_portal_category` WHERE (  `type` = 8 ) AND `cmf_portal_category`.`delete_time` = '0' ORDER BY `list_order` ASC [ RunTime:0.000314s ]
[2026-05-25T09:12:13+08:00][sql] SHOW FULL COLUMNS FROM `cmf_product` [ RunTime:0.001012s ]
[2026-05-25T09:12:13+08:00][sql] SELECT COUNT(*) AS think_count FROM `cmf_product` WHERE  `category_id` = 28 LIMIT 1 [ RunTime:0.000299s ]
[2026-05-25T09:12:13+08:00][sql] SELECT COUNT(*) AS think_count FROM `cmf_product` WHERE  `category_id` = 19 LIMIT 1 [ RunTime:0.000237s ]
[2026-05-25T09:12:13+08:00][sql] SELECT COUNT(*) AS think_count FROM `cmf_product` WHERE  `category_id` = 22 LIMIT 1 [ RunTime:0.000272s ]
[2026-05-25T09:12:13+08:00][sql] SELECT COUNT(*) AS think_count FROM `cmf_product` WHERE  `category_id` = 23 LIMIT 1 [ RunTime:0.000237s ]
[2026-05-25T09:12:13+08:00][sql] SELECT COUNT(*) AS think_count FROM `cmf_product` WHERE  `category_id` = 25 LIMIT 1 [ RunTime:0.000228s ]
[2026-05-25T09:12:13+08:00][sql] SELECT COUNT(*) AS think_count FROM `cmf_product` WHERE  `category_id` = 27 LIMIT 1 [ RunTime:0.000210s ]
[2026-05-25T09:12:13+08:00][sql] SELECT * FROM `cmf_product` WHERE  `category_id` = 27  AND `thumbnail` <> '' ORDER BY `list_order` ASC,`id` DESC LIMIT 1 [ RunTime:0.000413s ]
[2026-05-25T09:12:13+08:00][sql] SELECT COUNT(*) AS think_count FROM `cmf_product` WHERE  `category_id` = 30 LIMIT 1 [ RunTime:0.000647s ]
[2026-05-25T09:12:13+08:00][sql] SELECT COUNT(*) AS think_count FROM `cmf_product` LIMIT 1 [ RunTime:0.000383s ]
[2026-05-25T09:12:13+08:00][sql] SELECT `id`,`category_id`,`title`,`thumbnail`,`industry`,`overview` FROM `cmf_product` ORDER BY `list_order` ASC,`create_time` DESC LIMIT 0,12 [ RunTime:0.001568s ]
[2026-05-25T09:12:13+08:00][sql] SHOW FULL COLUMNS FROM `cmf_slide_item` [ RunTime:0.001219s ]
[2026-05-25T09:12:13+08:00][sql] SELECT `title`,`description`,`image` FROM `cmf_slide_item` WHERE  `slide_id` = 7  AND `status` = 1 ORDER BY `list_order` ASC,`id` DESC LIMIT 1 [ RunTime:0.000507s ]
[2026-05-25T09:12:13+08:00][sql] SELECT `option_value` FROM `cmf_option` WHERE  `option_name` = 'storage' LIMIT 1 [ RunTime:0.000267s ]
[2026-05-25T09:12:13+08:00][sql] SHOW FULL COLUMNS FROM `cmf_portal_post` [ RunTime:0.001144s ]
[2026-05-25T09:12:13+08:00][sql] SELECT `id`,`post_title`,`post_excerpt`,`more` FROM `cmf_portal_post` WHERE (  `post_type` = 3 ) AND `cmf_portal_post`.`delete_time` = '0' ORDER BY `create_time` DESC [ RunTime:0.000398s ]
[2026-05-25T09:12:13+08:00][sql] SHOW FULL COLUMNS FROM `cmf_theme_file` [ RunTime:0.000920s ]
[2026-05-25T09:12:13+08:00][sql] SELECT `more`,`file`,`id` FROM `cmf_theme_file` WHERE  `theme` = 'simpleboot3_mobile'  AND (  `is_public` = 1 OR `file` = 'portal/product' ) ORDER BY `is_public` DESC [ RunTime:0.000395s ]
[2026-05-25T09:16:45+08:00][sql] CONNECT:[ UseTime:0.001660s ] mysql:host=127.0.0.1;port=3306;dbname=weihua;charset=utf8mb4
[2026-05-25T09:16:45+08:00][sql] SHOW FULL COLUMNS FROM `cmf_hook` [ RunTime:0.004398s ]
[2026-05-25T09:16:45+08:00][sql] SELECT `hook`,`id` FROM `cmf_hook` WHERE  (  (  `app` = '' OR `app` = 'cmf' )  AND `type` = 3 ) OR `type` = 1 [ RunTime:0.001707s ]
[2026-05-25T09:16:45+08:00][sql] SHOW FULL COLUMNS FROM `cmf_hook_plugin` [ RunTime:0.001424s ]
[2026-05-25T09:16:45+08:00][sql] SELECT `hook`,`plugin` FROM `cmf_hook_plugin` WHERE  `status` = 1  AND `hook` IN ('app_begin','module_init','action_begin','view_filter','app_end','log_write','response_end','admin_init','home_init','send_mobile_verification_code','body_start','before_head_end','footer_start','before_footer','before_footer_end','before_body_end','left_sidebar_start','before_left_sidebar_end','right_sidebar_start','before_right_sidebar_end','comment','guestbook','switch_theme','after_content','before_content','log_write_done','switch_admin_theme','captcha_image','user_login_start') ORDER BY `list_order` ASC [ RunTime:0.001265s ]
[2026-05-25T09:16:45+08:00][sql] SELECT `hook` FROM `cmf_hook` WHERE  `app` = 'portal' [ RunTime:0.000711s ]
[2026-05-25T09:16:45+08:00][sql] SELECT `hook`,`plugin` FROM `cmf_hook_plugin` WHERE  `status` = 1  AND `hook` IN ('portal_before_assign_article','portal_admin_after_save_article','portal_admin_article_index_view','portal_admin_article_add_view','portal_admin_article_edit_view','portal_admin_category_index_view','portal_admin_category_add_view','portal_admin_category_edit_view','portal_admin_page_index_view','portal_admin_page_add_view','portal_admin_page_edit_view','portal_admin_tag_index_view','portal_admin_article_edit_view_right_sidebar','portal_admin_article_edit_view_main') ORDER BY `list_order` ASC [ RunTime:0.000293s ]
[2026-05-25T09:16:45+08:00][sql] SHOW FULL COLUMNS FROM `cmf_plugin` [ RunTime:0.003005s ]
[2026-05-25T09:16:45+08:00][sql] SELECT `config` FROM `cmf_plugin` WHERE  `name` = 'SwitchTheme' LIMIT 1 [ RunTime:0.001154s ]
[2026-05-25T09:16:45+08:00][sql] SHOW FULL COLUMNS FROM `cmf_option` [ RunTime:0.001400s ]
[2026-05-25T09:16:45+08:00][sql] SELECT `option_value` FROM `cmf_option` WHERE  `option_name` = 'cdn_settings' LIMIT 1 [ RunTime:0.000317s ]
[2026-05-25T09:16:45+08:00][sql] SELECT `option_value` FROM `cmf_option` WHERE  `option_name` = 'cdn_settings' LIMIT 1 [ RunTime:0.000562s ]
[2026-05-25T09:16:45+08:00][sql] SHOW FULL COLUMNS FROM `cmf_product_category` [ RunTime:0.001201s ]
[2026-05-25T09:16:45+08:00][sql] SELECT * FROM `cmf_product_category` WHERE  `parent_id` = 0 ORDER BY `list_order` ASC,`create_time` DESC [ RunTime:0.000424s ]
[2026-05-25T09:16:45+08:00][sql] SELECT * FROM `cmf_product_category` WHERE  `parent_id` IN (28,19,22,23,25,27,30) [ RunTime:0.000818s ]
[2026-05-25T09:16:45+08:00][sql] SHOW FULL COLUMNS FROM `cmf_portal_category` [ RunTime:0.001215s ]
[2026-05-25T09:16:45+08:00][sql] SELECT * FROM `cmf_portal_category` WHERE (  `type` = 8 ) AND `cmf_portal_category`.`delete_time` = '0' ORDER BY `list_order` ASC [ RunTime:0.000330s ]
[2026-05-25T09:16:45+08:00][sql] SELECT `option_value` FROM `cmf_option` WHERE  `option_name` = 'site_info' LIMIT 1 [ RunTime:0.000709s ]
[2026-05-25T09:16:45+08:00][sql] SHOW FULL COLUMNS FROM `cmf_slide_item` [ RunTime:0.001340s ]
[2026-05-25T09:16:45+08:00][sql] SELECT `title`,`description`,`image`,`url`,`target`,`content` FROM `cmf_slide_item` WHERE  `slide_id` = 1 ORDER BY `list_order` ASC [ RunTime:0.000392s ]
[2026-05-25T09:16:45+08:00][sql] SHOW FULL COLUMNS FROM `cmf_slide` [ RunTime:0.000777s ]
[2026-05-25T09:16:45+08:00][sql] SELECT * FROM `cmf_slide` WHERE  `name` LIKE '%choose%' OR `name` LIKE '%选择%' LIMIT 1 [ RunTime:0.000451s ]
[2026-05-25T09:16:45+08:00][sql] SELECT `title`,`description`,`image`,`url`,`target`,`content` FROM `cmf_slide_item` WHERE  `slide_id` = 14  AND `status` = 1 ORDER BY `list_order` ASC [ RunTime:0.000336s ]
[2026-05-25T09:16:45+08:00][sql] SELECT * FROM `cmf_product_category` WHERE  `parent_id` = 0  AND `recommend` = 1 ORDER BY `list_order` ASC,`create_time` DESC [ RunTime:0.000693s ]
[2026-05-25T09:16:45+08:00][sql] SHOW FULL COLUMNS FROM `cmf_product` [ RunTime:0.001942s ]
[2026-05-25T09:16:45+08:00][sql] SELECT `id`,`title`,`thumbnail`,`industry` FROM `cmf_product` WHERE  `is_recommended` = 1  AND `category_id` = 28 ORDER BY `list_order` ASC LIMIT 6 [ RunTime:0.001233s ]
[2026-05-25T09:16:45+08:00][sql] SELECT `id`,`title`,`thumbnail`,`industry` FROM `cmf_product` WHERE  `is_recommended` = 1  AND `category_id` = 19 ORDER BY `list_order` ASC LIMIT 6 [ RunTime:0.000500s ]
[2026-05-25T09:16:45+08:00][sql] SELECT `id`,`title`,`thumbnail`,`industry` FROM `cmf_product` WHERE  `is_recommended` = 1  AND `category_id` = 23 ORDER BY `list_order` ASC LIMIT 6 [ RunTime:0.000390s ]
[2026-05-25T09:16:45+08:00][sql] SELECT `option_value` FROM `cmf_option` WHERE  `option_name` = 'index_setting' LIMIT 1 [ RunTime:0.000325s ]
[2026-05-25T09:16:45+08:00][sql] SELECT `option_value` FROM `cmf_option` WHERE  `option_name` = 'about_site' LIMIT 1 [ RunTime:0.000466s ]
[2026-05-25T09:16:45+08:00][sql] SHOW FULL COLUMNS FROM `cmf_portal_post` [ RunTime:0.002446s ]
[2026-05-25T09:16:45+08:00][sql] SELECT `p`.`id`,`p`.`post_title`,`p`.`post_excerpt`,`p`.`thumbnail`,`p`.`create_time`,`c`.`category_id` FROM `cmf_portal_post` `p` INNER JOIN `cmf_portal_category_post` `c` ON `p`.`id`=`c`.`post_id` WHERE (  `p`.`post_type` = '8' ) AND `p`.`delete_time` = '0' ORDER BY `c`.`list_order` ASC,`p`.`create_time` DESC [ RunTime:0.001552s ]
[2026-05-25T09:16:45+08:00][sql] SELECT `id`,`post_title`,`post_excerpt`,`more` FROM `cmf_portal_post` WHERE (  `post_type` = 3 ) AND `cmf_portal_post`.`delete_time` = '0' ORDER BY `create_time` DESC [ RunTime:0.000595s ]
[2026-05-25T09:16:45+08:00][sql] SHOW FULL COLUMNS FROM `cmf_theme_file` [ RunTime:0.002126s ]
[2026-05-25T09:16:45+08:00][sql] SELECT `more`,`file`,`id` FROM `cmf_theme_file` WHERE  `theme` = 'simpleboot3'  AND (  `is_public` = 1 OR `file` = 'portal/index' ) ORDER BY `is_public` DESC [ RunTime:0.000823s ]
[2026-05-25T09:16:45+08:00][sql] SHOW FULL COLUMNS FROM `cmf_route` [ RunTime:0.001373s ]
[2026-05-25T09:16:45+08:00][sql] SELECT * FROM `cmf_route` WHERE  `status` = 1 ORDER BY `list_order` ASC [ RunTime:0.000721s ]
[2026-05-25T09:16:45+08:00][sql] SELECT `option_value` FROM `cmf_option` WHERE  `option_name` = 'storage' LIMIT 1 [ RunTime:0.000602s ]
[2026-05-25T09:16:51+08:00][sql] CONNECT:[ UseTime:0.015179s ] mysql:host=127.0.0.1;port=3306;dbname=weihua;charset=utf8mb4
[2026-05-25T09:16:51+08:00][sql] SHOW FULL COLUMNS FROM `cmf_option` [ RunTime:0.002356s ]
[2026-05-25T09:16:51+08:00][sql] SELECT `option_value` FROM `cmf_option` WHERE  `option_name` = 'cdn_settings' LIMIT 1 [ RunTime:0.000413s ]
[2026-05-25T09:16:51+08:00][sql] SELECT `option_value` FROM `cmf_option` WHERE  `option_name` = 'cdn_settings' LIMIT 1 [ RunTime:0.000516s ]
[2026-05-25T09:16:51+08:00][sql] SHOW FULL COLUMNS FROM `cmf_product_category` [ RunTime:0.001170s ]
[2026-05-25T09:16:51+08:00][sql] SELECT * FROM `cmf_product_category` WHERE  `parent_id` = 0 ORDER BY `list_order` ASC,`create_time` DESC [ RunTime:0.000361s ]
[2026-05-25T09:16:51+08:00][sql] SELECT * FROM `cmf_product_category` WHERE  `parent_id` IN (28,19,22,23,25,27,30) [ RunTime:0.000434s ]
[2026-05-25T09:16:51+08:00][sql] SHOW FULL COLUMNS FROM `cmf_portal_category` [ RunTime:0.001166s ]
[2026-05-25T09:16:51+08:00][sql] SELECT * FROM `cmf_portal_category` WHERE (  `type` = 8 ) AND `cmf_portal_category`.`delete_time` = '0' ORDER BY `list_order` ASC [ RunTime:0.000286s ]
[2026-05-25T09:16:51+08:00][sql] SHOW FULL COLUMNS FROM `cmf_slide_item` [ RunTime:0.000790s ]
[2026-05-25T09:16:51+08:00][sql] SELECT `title`,`description`,`image`,`url`,`target`,`content` FROM `cmf_slide_item` WHERE  `slide_id` = 1 ORDER BY `list_order` ASC [ RunTime:0.000275s ]
[2026-05-25T09:16:51+08:00][sql] SHOW FULL COLUMNS FROM `cmf_slide` [ RunTime:0.000694s ]
[2026-05-25T09:16:51+08:00][sql] SELECT * FROM `cmf_slide` WHERE  `name` LIKE '%choose%' OR `name` LIKE '%选择%' LIMIT 1 [ RunTime:0.000242s ]
[2026-05-25T09:16:51+08:00][sql] SELECT `title`,`description`,`image`,`url`,`target`,`content` FROM `cmf_slide_item` WHERE  `slide_id` = 14  AND `status` = 1 ORDER BY `list_order` ASC [ RunTime:0.000494s ]
[2026-05-25T09:16:51+08:00][sql] SELECT * FROM `cmf_product_category` WHERE  `parent_id` = 0  AND `recommend` = 1 ORDER BY `list_order` ASC,`create_time` DESC [ RunTime:0.000335s ]
[2026-05-25T09:16:51+08:00][sql] SHOW FULL COLUMNS FROM `cmf_product` [ RunTime:0.000959s ]
[2026-05-25T09:16:51+08:00][sql] SELECT `id`,`title`,`thumbnail`,`industry` FROM `cmf_product` WHERE  `is_recommended` = 1  AND `category_id` = 28 ORDER BY `list_order` ASC LIMIT 6 [ RunTime:0.000390s ]
[2026-05-25T09:16:51+08:00][sql] SELECT `id`,`title`,`thumbnail`,`industry` FROM `cmf_product` WHERE  `is_recommended` = 1  AND `category_id` = 19 ORDER BY `list_order` ASC LIMIT 6 [ RunTime:0.000322s ]
[2026-05-25T09:16:51+08:00][sql] SELECT `id`,`title`,`thumbnail`,`industry` FROM `cmf_product` WHERE  `is_recommended` = 1  AND `category_id` = 23 ORDER BY `list_order` ASC LIMIT 6 [ RunTime:0.000260s ]
[2026-05-25T09:16:51+08:00][sql] SHOW FULL COLUMNS FROM `cmf_portal_post` [ RunTime:0.000857s ]
[2026-05-25T09:16:51+08:00][sql] SELECT `p`.`id`,`p`.`post_title`,`p`.`post_excerpt`,`p`.`thumbnail`,`p`.`create_time`,`c`.`category_id` FROM `cmf_portal_post` `p` INNER JOIN `cmf_portal_category_post` `c` ON `p`.`id`=`c`.`post_id` WHERE (  `p`.`post_type` = '8' ) AND `p`.`delete_time` = '0' ORDER BY `c`.`list_order` ASC,`p`.`create_time` DESC [ RunTime:0.000422s ]
[2026-05-25T09:16:51+08:00][sql] SELECT `id`,`post_title`,`post_excerpt`,`more` FROM `cmf_portal_post` WHERE (  `post_type` = 3 ) AND `cmf_portal_post`.`delete_time` = '0' ORDER BY `create_time` DESC [ RunTime:0.000305s ]
[2026-05-25T09:16:51+08:00][sql] SHOW FULL COLUMNS FROM `cmf_theme_file` [ RunTime:0.000978s ]
[2026-05-25T09:16:51+08:00][sql] SELECT `more`,`file`,`id` FROM `cmf_theme_file` WHERE  `theme` = 'simpleboot3'  AND (  `is_public` = 1 OR `file` = 'portal/index' ) ORDER BY `is_public` DESC [ RunTime:0.000423s ]
[2026-05-25T09:16:51+08:00][sql] SELECT `option_value` FROM `cmf_option` WHERE  `option_name` = 'storage' LIMIT 1 [ RunTime:0.000265s ]
[2026-05-25T09:16:55+08:00][sql] CONNECT:[ UseTime:0.000838s ] mysql:host=127.0.0.1;port=3306;dbname=weihua;charset=utf8mb4
[2026-05-25T09:16:55+08:00][sql] SHOW FULL COLUMNS FROM `cmf_option` [ RunTime:0.001219s ]
[2026-05-25T09:16:55+08:00][sql] SELECT `option_value` FROM `cmf_option` WHERE  `option_name` = 'cdn_settings' LIMIT 1 [ RunTime:0.000285s ]
[2026-05-25T09:16:55+08:00][sql] SELECT `option_value` FROM `cmf_option` WHERE  `option_name` = 'cdn_settings' LIMIT 1 [ RunTime:0.000246s ]
[2026-05-25T09:16:55+08:00][sql] SHOW FULL COLUMNS FROM `cmf_product_category` [ RunTime:0.001831s ]
[2026-05-25T09:16:55+08:00][sql] SELECT * FROM `cmf_product_category` WHERE  `parent_id` = 0 ORDER BY `list_order` ASC,`create_time` DESC [ RunTime:0.000474s ]
[2026-05-25T09:16:55+08:00][sql] SELECT * FROM `cmf_product_category` WHERE  `parent_id` IN (28,19,22,23,25,27,30) [ RunTime:0.000367s ]
[2026-05-25T09:16:55+08:00][sql] SHOW FULL COLUMNS FROM `cmf_portal_category` [ RunTime:0.001042s ]
[2026-05-25T09:16:55+08:00][sql] SELECT * FROM `cmf_portal_category` WHERE (  `type` = 8 ) AND `cmf_portal_category`.`delete_time` = '0' ORDER BY `list_order` ASC [ RunTime:0.000369s ]
[2026-05-25T09:16:55+08:00][sql] SHOW FULL COLUMNS FROM `cmf_slide_item` [ RunTime:0.000855s ]
[2026-05-25T09:16:55+08:00][sql] SELECT `title`,`description`,`image`,`url`,`target`,`content` FROM `cmf_slide_item` WHERE  `slide_id` = 1 ORDER BY `list_order` ASC [ RunTime:0.000317s ]
[2026-05-25T09:16:55+08:00][sql] SHOW FULL COLUMNS FROM `cmf_slide` [ RunTime:0.000757s ]
[2026-05-25T09:16:55+08:00][sql] SELECT * FROM `cmf_slide` WHERE  `name` LIKE '%choose%' OR `name` LIKE '%选择%' LIMIT 1 [ RunTime:0.000281s ]
[2026-05-25T09:16:55+08:00][sql] SELECT `title`,`description`,`image`,`url`,`target`,`content` FROM `cmf_slide_item` WHERE  `slide_id` = 14  AND `status` = 1 ORDER BY `list_order` ASC [ RunTime:0.000377s ]
[2026-05-25T09:16:55+08:00][sql] SELECT * FROM `cmf_product_category` WHERE  `parent_id` = 0  AND `recommend` = 1 ORDER BY `list_order` ASC,`create_time` DESC [ RunTime:0.000349s ]
[2026-05-25T09:16:55+08:00][sql] SHOW FULL COLUMNS FROM `cmf_product` [ RunTime:0.000932s ]
[2026-05-25T09:16:55+08:00][sql] SELECT `id`,`title`,`thumbnail`,`industry` FROM `cmf_product` WHERE  `is_recommended` = 1  AND `category_id` = 28 ORDER BY `list_order` ASC LIMIT 6 [ RunTime:0.000405s ]
[2026-05-25T09:16:55+08:00][sql] SELECT `id`,`title`,`thumbnail`,`industry` FROM `cmf_product` WHERE  `is_recommended` = 1  AND `category_id` = 19 ORDER BY `list_order` ASC LIMIT 6 [ RunTime:0.000333s ]
[2026-05-25T09:16:55+08:00][sql] SELECT `id`,`title`,`thumbnail`,`industry` FROM `cmf_product` WHERE  `is_recommended` = 1  AND `category_id` = 23 ORDER BY `list_order` ASC LIMIT 6 [ RunTime:0.000292s ]
[2026-05-25T09:16:55+08:00][sql] SHOW FULL COLUMNS FROM `cmf_portal_post` [ RunTime:0.000985s ]
[2026-05-25T09:16:55+08:00][sql] SELECT `p`.`id`,`p`.`post_title`,`p`.`post_excerpt`,`p`.`thumbnail`,`p`.`create_time`,`c`.`category_id` FROM `cmf_portal_post` `p` INNER JOIN `cmf_portal_category_post` `c` ON `p`.`id`=`c`.`post_id` WHERE (  `p`.`post_type` = '8' ) AND `p`.`delete_time` = '0' ORDER BY `c`.`list_order` ASC,`p`.`create_time` DESC [ RunTime:0.000965s ]
[2026-05-25T09:16:55+08:00][sql] SELECT `id`,`post_title`,`post_excerpt`,`more` FROM `cmf_portal_post` WHERE (  `post_type` = 3 ) AND `cmf_portal_post`.`delete_time` = '0' ORDER BY `create_time` DESC [ RunTime:0.000473s ]
[2026-05-25T09:16:55+08:00][sql] SHOW FULL COLUMNS FROM `cmf_theme_file` [ RunTime:0.001061s ]
[2026-05-25T09:16:55+08:00][sql] SELECT `more`,`file`,`id` FROM `cmf_theme_file` WHERE  `theme` = 'simpleboot3_mobile'  AND (  `is_public` = 1 OR `file` = 'portal/index' ) ORDER BY `is_public` DESC [ RunTime:0.000391s ]
[2026-05-25T09:16:55+08:00][sql] SELECT `option_value` FROM `cmf_option` WHERE  `option_name` = 'storage' LIMIT 1 [ RunTime:0.000442s ]
[2026-05-25T09:16:59+08:00][sql] CONNECT:[ UseTime:0.001927s ] mysql:host=127.0.0.1;port=3306;dbname=weihua;charset=utf8mb4
[2026-05-25T09:16:59+08:00][sql] SHOW FULL COLUMNS FROM `cmf_option` [ RunTime:0.001907s ]
[2026-05-25T09:16:59+08:00][sql] SELECT `option_value` FROM `cmf_option` WHERE  `option_name` = 'cdn_settings' LIMIT 1 [ RunTime:0.000368s ]
[2026-05-25T09:16:59+08:00][sql] SELECT `option_value` FROM `cmf_option` WHERE  `option_name` = 'cdn_settings' LIMIT 1 [ RunTime:0.000561s ]
[2026-05-25T09:16:59+08:00][sql] SHOW FULL COLUMNS FROM `cmf_product_category` [ RunTime:0.001182s ]
[2026-05-25T09:16:59+08:00][sql] SELECT * FROM `cmf_product_category` WHERE  `parent_id` = 0 ORDER BY `list_order` ASC,`create_time` DESC [ RunTime:0.000592s ]
[2026-05-25T09:16:59+08:00][sql] SELECT * FROM `cmf_product_category` WHERE  `parent_id` IN (28,19,22,23,25,27,30) [ RunTime:0.000479s ]
[2026-05-25T09:16:59+08:00][sql] SHOW FULL COLUMNS FROM `cmf_portal_category` [ RunTime:0.001398s ]
[2026-05-25T09:16:59+08:00][sql] SELECT * FROM `cmf_portal_category` WHERE (  `type` = 8 ) AND `cmf_portal_category`.`delete_time` = '0' ORDER BY `list_order` ASC [ RunTime:0.000450s ]
[2026-05-25T09:16:59+08:00][sql] SELECT `option_value` FROM `cmf_option` WHERE  `option_name` = 'product_category_hero_settings' LIMIT 1 [ RunTime:0.000397s ]
[2026-05-25T09:16:59+08:00][sql] SHOW FULL COLUMNS FROM `cmf_product` [ RunTime:0.002923s ]
[2026-05-25T09:16:59+08:00][sql] SELECT COUNT(*) AS think_count FROM `cmf_product` WHERE  `category_id` = 28 LIMIT 1 [ RunTime:0.000646s ]
[2026-05-25T09:16:59+08:00][sql] SELECT COUNT(*) AS think_count FROM `cmf_product` WHERE  `category_id` = 19 LIMIT 1 [ RunTime:0.000399s ]
[2026-05-25T09:16:59+08:00][sql] SELECT COUNT(*) AS think_count FROM `cmf_product` WHERE  `category_id` = 22 LIMIT 1 [ RunTime:0.000335s ]
[2026-05-25T09:16:59+08:00][sql] SELECT COUNT(*) AS think_count FROM `cmf_product` WHERE  `category_id` = 23 LIMIT 1 [ RunTime:0.000319s ]
[2026-05-25T09:16:59+08:00][sql] SELECT COUNT(*) AS think_count FROM `cmf_product` WHERE  `category_id` = 25 LIMIT 1 [ RunTime:0.000320s ]
[2026-05-25T09:16:59+08:00][sql] SELECT COUNT(*) AS think_count FROM `cmf_product` WHERE  `category_id` = 27 LIMIT 1 [ RunTime:0.000309s ]
[2026-05-25T09:16:59+08:00][sql] SELECT * FROM `cmf_product` WHERE  `category_id` = 27  AND `thumbnail` <> '' ORDER BY `list_order` ASC,`id` DESC LIMIT 1 [ RunTime:0.000646s ]
[2026-05-25T09:16:59+08:00][sql] SELECT COUNT(*) AS think_count FROM `cmf_product` WHERE  `category_id` = 30 LIMIT 1 [ RunTime:0.000309s ]
[2026-05-25T09:16:59+08:00][sql] SELECT COUNT(*) AS think_count FROM `cmf_product` LIMIT 1 [ RunTime:0.000259s ]
[2026-05-25T09:16:59+08:00][sql] SELECT `id`,`category_id`,`title`,`thumbnail`,`industry`,`overview` FROM `cmf_product` ORDER BY `list_order` ASC,`create_time` DESC LIMIT 0,12 [ RunTime:0.000918s ]
[2026-05-25T09:16:59+08:00][sql] SHOW FULL COLUMNS FROM `cmf_slide_item` [ RunTime:0.001384s ]
[2026-05-25T09:16:59+08:00][sql] SELECT `title`,`description`,`image` FROM `cmf_slide_item` WHERE  `slide_id` = 7  AND `status` = 1 ORDER BY `list_order` ASC,`id` DESC LIMIT 1 [ RunTime:0.000402s ]
[2026-05-25T09:16:59+08:00][sql] SELECT `option_value` FROM `cmf_option` WHERE  `option_name` = 'storage' LIMIT 1 [ RunTime:0.000294s ]
[2026-05-25T09:16:59+08:00][sql] SHOW FULL COLUMNS FROM `cmf_portal_post` [ RunTime:0.001292s ]
[2026-05-25T09:16:59+08:00][sql] SELECT `id`,`post_title`,`post_excerpt`,`more` FROM `cmf_portal_post` WHERE (  `post_type` = 3 ) AND `cmf_portal_post`.`delete_time` = '0' ORDER BY `create_time` DESC [ RunTime:0.000370s ]
[2026-05-25T09:16:59+08:00][sql] SHOW FULL COLUMNS FROM `cmf_theme_file` [ RunTime:0.001488s ]
[2026-05-25T09:16:59+08:00][sql] SELECT `more`,`file`,`id` FROM `cmf_theme_file` WHERE  `theme` = 'simpleboot3_mobile'  AND (  `is_public` = 1 OR `file` = 'portal/product' ) ORDER BY `is_public` DESC [ RunTime:0.000461s ]
[2026-05-25T09:18:13+08:00][sql] CONNECT:[ UseTime:0.002097s ] mysql:host=127.0.0.1;port=3306;dbname=weihua;charset=utf8mb4
[2026-05-25T09:18:13+08:00][sql] SHOW FULL COLUMNS FROM `cmf_option` [ RunTime:0.002640s ]
[2026-05-25T09:18:13+08:00][sql] SELECT `option_value` FROM `cmf_option` WHERE  `option_name` = 'cdn_settings' LIMIT 1 [ RunTime:0.000445s ]
[2026-05-25T09:18:13+08:00][sql] SELECT `option_value` FROM `cmf_option` WHERE  `option_name` = 'cdn_settings' LIMIT 1 [ RunTime:0.000607s ]
[2026-05-25T09:18:13+08:00][sql] SHOW FULL COLUMNS FROM `cmf_product_category` [ RunTime:0.001617s ]
[2026-05-25T09:18:13+08:00][sql] SELECT * FROM `cmf_product_category` WHERE  `parent_id` = 0 ORDER BY `list_order` ASC,`create_time` DESC [ RunTime:0.000510s ]
[2026-05-25T09:18:13+08:00][sql] SELECT * FROM `cmf_product_category` WHERE  `parent_id` IN (28,19,22,23,25,27,30) [ RunTime:0.001186s ]
[2026-05-25T09:18:13+08:00][sql] SHOW FULL COLUMNS FROM `cmf_portal_category` [ RunTime:0.001669s ]
[2026-05-25T09:18:13+08:00][sql] SELECT * FROM `cmf_portal_category` WHERE (  `type` = 8 ) AND `cmf_portal_category`.`delete_time` = '0' ORDER BY `list_order` ASC [ RunTime:0.000515s ]
[2026-05-25T09:18:13+08:00][sql] SHOW FULL COLUMNS FROM `cmf_slide_item` [ RunTime:0.001830s ]
[2026-05-25T09:18:13+08:00][sql] SELECT `title`,`description`,`image`,`url`,`target`,`content` FROM `cmf_slide_item` WHERE  `slide_id` = 1 ORDER BY `list_order` ASC [ RunTime:0.000608s ]
[2026-05-25T09:18:13+08:00][sql] SHOW FULL COLUMNS FROM `cmf_slide` [ RunTime:0.001510s ]
[2026-05-25T09:18:13+08:00][sql] SELECT * FROM `cmf_slide` WHERE  `name` LIKE '%choose%' OR `name` LIKE '%选择%' LIMIT 1 [ RunTime:0.000457s ]
[2026-05-25T09:18:13+08:00][sql] SELECT `title`,`description`,`image`,`url`,`target`,`content` FROM `cmf_slide_item` WHERE  `slide_id` = 14  AND `status` = 1 ORDER BY `list_order` ASC [ RunTime:0.000531s ]
[2026-05-25T09:18:13+08:00][sql] SELECT * FROM `cmf_product_category` WHERE  `parent_id` = 0  AND `recommend` = 1 ORDER BY `list_order` ASC,`create_time` DESC [ RunTime:0.000597s ]
[2026-05-25T09:18:13+08:00][sql] SHOW FULL COLUMNS FROM `cmf_product` [ RunTime:0.002965s ]
[2026-05-25T09:18:13+08:00][sql] SELECT `id`,`title`,`thumbnail`,`industry` FROM `cmf_product` WHERE  `is_recommended` = 1  AND `category_id` = 28 ORDER BY `list_order` ASC LIMIT 6 [ RunTime:0.000988s ]
[2026-05-25T09:18:13+08:00][sql] SELECT `id`,`title`,`thumbnail`,`industry` FROM `cmf_product` WHERE  `is_recommended` = 1  AND `category_id` = 19 ORDER BY `list_order` ASC LIMIT 6 [ RunTime:0.000636s ]
[2026-05-25T09:18:13+08:00][sql] SELECT `id`,`title`,`thumbnail`,`industry` FROM `cmf_product` WHERE  `is_recommended` = 1  AND `category_id` = 23 ORDER BY `list_order` ASC LIMIT 6 [ RunTime:0.000503s ]
[2026-05-25T09:18:13+08:00][sql] SHOW FULL COLUMNS FROM `cmf_portal_post` [ RunTime:0.002101s ]
[2026-05-25T09:18:13+08:00][sql] SELECT `p`.`id`,`p`.`post_title`,`p`.`post_excerpt`,`p`.`thumbnail`,`p`.`create_time`,`c`.`category_id` FROM `cmf_portal_post` `p` INNER JOIN `cmf_portal_category_post` `c` ON `p`.`id`=`c`.`post_id` WHERE (  `p`.`post_type` = '8' ) AND `p`.`delete_time` = '0' ORDER BY `c`.`list_order` ASC,`p`.`create_time` DESC [ RunTime:0.000904s ]
[2026-05-25T09:18:13+08:00][sql] SELECT `id`,`post_title`,`post_excerpt`,`more` FROM `cmf_portal_post` WHERE (  `post_type` = 3 ) AND `cmf_portal_post`.`delete_time` = '0' ORDER BY `create_time` DESC [ RunTime:0.000531s ]
[2026-05-25T09:18:13+08:00][sql] SHOW FULL COLUMNS FROM `cmf_theme_file` [ RunTime:0.001345s ]
[2026-05-25T09:18:13+08:00][sql] SELECT `more`,`file`,`id` FROM `cmf_theme_file` WHERE  `theme` = 'simpleboot3_mobile'  AND (  `is_public` = 1 OR `file` = 'portal/index' ) ORDER BY `is_public` DESC [ RunTime:0.000516s ]
[2026-05-25T09:18:13+08:00][sql] SELECT `option_value` FROM `cmf_option` WHERE  `option_name` = 'storage' LIMIT 1 [ RunTime:0.000590s ]
[2026-05-25T09:18:16+08:00][sql] CONNECT:[ UseTime:0.000808s ] mysql:host=127.0.0.1;port=3306;dbname=weihua;charset=utf8mb4
[2026-05-25T09:18:16+08:00][sql] SHOW FULL COLUMNS FROM `cmf_option` [ RunTime:0.001953s ]
[2026-05-25T09:18:16+08:00][sql] SELECT `option_value` FROM `cmf_option` WHERE  `option_name` = 'cdn_settings' LIMIT 1 [ RunTime:0.000352s ]
[2026-05-25T09:18:16+08:00][sql] SELECT `option_value` FROM `cmf_option` WHERE  `option_name` = 'cdn_settings' LIMIT 1 [ RunTime:0.000350s ]
[2026-05-25T09:18:16+08:00][sql] SHOW FULL COLUMNS FROM `cmf_product_category` [ RunTime:0.001071s ]
[2026-05-25T09:18:16+08:00][sql] SELECT * FROM `cmf_product_category` WHERE  `parent_id` = 0 ORDER BY `list_order` ASC,`create_time` DESC [ RunTime:0.000368s ]
[2026-05-25T09:18:16+08:00][sql] SELECT * FROM `cmf_product_category` WHERE  `parent_id` IN (28,19,22,23,25,27,30) [ RunTime:0.000557s ]
[2026-05-25T09:18:16+08:00][sql] SHOW FULL COLUMNS FROM `cmf_portal_category` [ RunTime:0.003104s ]
[2026-05-25T09:18:16+08:00][sql] SELECT * FROM `cmf_portal_category` WHERE (  `type` = 8 ) AND `cmf_portal_category`.`delete_time` = '0' ORDER BY `list_order` ASC [ RunTime:0.000654s ]
[2026-05-25T09:18:16+08:00][sql] SHOW FULL COLUMNS FROM `cmf_product` [ RunTime:0.001775s ]
[2026-05-25T09:18:16+08:00][sql] SELECT COUNT(*) AS think_count FROM `cmf_product` WHERE  `category_id` = 28 LIMIT 1 [ RunTime:0.000365s ]
[2026-05-25T09:18:16+08:00][sql] SELECT COUNT(*) AS think_count FROM `cmf_product` WHERE  `category_id` = 19 LIMIT 1 [ RunTime:0.000311s ]
[2026-05-25T09:18:16+08:00][sql] SELECT COUNT(*) AS think_count FROM `cmf_product` WHERE  `category_id` = 22 LIMIT 1 [ RunTime:0.000260s ]
[2026-05-25T09:18:16+08:00][sql] SELECT COUNT(*) AS think_count FROM `cmf_product` WHERE  `category_id` = 23 LIMIT 1 [ RunTime:0.000291s ]
[2026-05-25T09:18:16+08:00][sql] SELECT COUNT(*) AS think_count FROM `cmf_product` WHERE  `category_id` = 25 LIMIT 1 [ RunTime:0.000297s ]
[2026-05-25T09:18:16+08:00][sql] SELECT COUNT(*) AS think_count FROM `cmf_product` WHERE  `category_id` = 27 LIMIT 1 [ RunTime:0.000795s ]
[2026-05-25T09:18:16+08:00][sql] SELECT * FROM `cmf_product` WHERE  `category_id` = 27  AND `thumbnail` <> '' ORDER BY `list_order` ASC,`id` DESC LIMIT 1 [ RunTime:0.000589s ]
[2026-05-25T09:18:16+08:00][sql] SELECT COUNT(*) AS think_count FROM `cmf_product` WHERE  `category_id` = 30 LIMIT 1 [ RunTime:0.000426s ]
[2026-05-25T09:18:16+08:00][sql] SELECT COUNT(*) AS think_count FROM `cmf_product` LIMIT 1 [ RunTime:0.000284s ]
[2026-05-25T09:18:16+08:00][sql] SELECT `id`,`category_id`,`title`,`thumbnail`,`industry`,`overview` FROM `cmf_product` ORDER BY `list_order` ASC,`create_time` DESC LIMIT 0,12 [ RunTime:0.000759s ]
[2026-05-25T09:18:16+08:00][sql] SHOW FULL COLUMNS FROM `cmf_slide_item` [ RunTime:0.001815s ]
[2026-05-25T09:18:16+08:00][sql] SELECT `title`,`description`,`image` FROM `cmf_slide_item` WHERE  `slide_id` = 7  AND `status` = 1 ORDER BY `list_order` ASC,`id` DESC LIMIT 1 [ RunTime:0.000941s ]
[2026-05-25T09:18:16+08:00][sql] SELECT `option_value` FROM `cmf_option` WHERE  `option_name` = 'storage' LIMIT 1 [ RunTime:0.000302s ]
[2026-05-25T09:18:16+08:00][sql] SHOW FULL COLUMNS FROM `cmf_portal_post` [ RunTime:0.001305s ]
[2026-05-25T09:18:16+08:00][sql] SELECT `id`,`post_title`,`post_excerpt`,`more` FROM `cmf_portal_post` WHERE (  `post_type` = 3 ) AND `cmf_portal_post`.`delete_time` = '0' ORDER BY `create_time` DESC [ RunTime:0.000442s ]
[2026-05-25T09:18:16+08:00][sql] SHOW FULL COLUMNS FROM `cmf_theme_file` [ RunTime:0.001038s ]
[2026-05-25T09:18:16+08:00][sql] SELECT `more`,`file`,`id` FROM `cmf_theme_file` WHERE  `theme` = 'simpleboot3_mobile'  AND (  `is_public` = 1 OR `file` = 'portal/product' ) ORDER BY `is_public` DESC [ RunTime:0.000357s ]
[2026-05-25T09:19:22+08:00][sql] CONNECT:[ UseTime:0.018487s ] mysql:host=127.0.0.1;port=3306;dbname=weihua;charset=utf8mb4
[2026-05-25T09:19:22+08:00][sql] SHOW FULL COLUMNS FROM `cmf_option` [ RunTime:0.003396s ]
[2026-05-25T09:19:22+08:00][sql] SELECT `option_value` FROM `cmf_option` WHERE  `option_name` = 'cdn_settings' LIMIT 1 [ RunTime:0.000541s ]
[2026-05-25T09:19:22+08:00][sql] SELECT `option_value` FROM `cmf_option` WHERE  `option_name` = 'cdn_settings' LIMIT 1 [ RunTime:0.000331s ]
[2026-05-25T09:19:22+08:00][sql] SHOW FULL COLUMNS FROM `cmf_product_category` [ RunTime:0.000926s ]
[2026-05-25T09:19:22+08:00][sql] SELECT * FROM `cmf_product_category` WHERE  `parent_id` = 0 ORDER BY `list_order` ASC,`create_time` DESC [ RunTime:0.000310s ]
[2026-05-25T09:19:22+08:00][sql] SELECT * FROM `cmf_product_category` WHERE  `parent_id` IN (28,19,22,23,25,27,30) [ RunTime:0.000359s ]
[2026-05-25T09:19:22+08:00][sql] SHOW FULL COLUMNS FROM `cmf_portal_category` [ RunTime:0.001847s ]
[2026-05-25T09:19:22+08:00][sql] SELECT * FROM `cmf_portal_category` WHERE (  `type` = 8 ) AND `cmf_portal_category`.`delete_time` = '0' ORDER BY `list_order` ASC [ RunTime:0.000638s ]
[2026-05-25T09:19:22+08:00][sql] SELECT * FROM `cmf_product_category` WHERE  `id` = 28 LIMIT 1 [ RunTime:0.000461s ]
[2026-05-25T09:19:22+08:00][sql] SHOW FULL COLUMNS FROM `cmf_product` [ RunTime:0.001493s ]
[2026-05-25T09:19:22+08:00][sql] SELECT COUNT(*) AS think_count FROM `cmf_product` WHERE  `category_id` = 28 LIMIT 1 [ RunTime:0.000289s ]
[2026-05-25T09:19:22+08:00][sql] SELECT COUNT(*) AS think_count FROM `cmf_product` WHERE  `category_id` = 19 LIMIT 1 [ RunTime:0.000339s ]
[2026-05-25T09:19:22+08:00][sql] SELECT COUNT(*) AS think_count FROM `cmf_product` WHERE  `category_id` = 22 LIMIT 1 [ RunTime:0.000346s ]
[2026-05-25T09:19:22+08:00][sql] SELECT COUNT(*) AS think_count FROM `cmf_product` WHERE  `category_id` = 23 LIMIT 1 [ RunTime:0.000289s ]
[2026-05-25T09:19:22+08:00][sql] SELECT COUNT(*) AS think_count FROM `cmf_product` WHERE  `category_id` = 25 LIMIT 1 [ RunTime:0.000259s ]
[2026-05-25T09:19:22+08:00][sql] SELECT COUNT(*) AS think_count FROM `cmf_product` WHERE  `category_id` = 27 LIMIT 1 [ RunTime:0.000285s ]
[2026-05-25T09:19:22+08:00][sql] SELECT * FROM `cmf_product` WHERE  `category_id` = 27  AND `thumbnail` <> '' ORDER BY `list_order` ASC,`id` DESC LIMIT 1 [ RunTime:0.000517s ]
[2026-05-25T09:19:22+08:00][sql] SELECT COUNT(*) AS think_count FROM `cmf_product` WHERE  `category_id` = 30 LIMIT 1 [ RunTime:0.000317s ]
[2026-05-25T09:19:22+08:00][sql] SELECT COUNT(*) AS think_count FROM `cmf_product` WHERE  `category_id` = 28 LIMIT 1 [ RunTime:0.000296s ]
[2026-05-25T09:19:22+08:00][sql] SELECT `id`,`category_id`,`title`,`thumbnail`,`industry`,`overview` FROM `cmf_product` WHERE  `category_id` = 28 ORDER BY `list_order` ASC,`create_time` DESC LIMIT 0,12 [ RunTime:0.000669s ]
[2026-05-25T09:19:22+08:00][sql] SHOW FULL COLUMNS FROM `cmf_slide_item` [ RunTime:0.001325s ]
[2026-05-25T09:19:22+08:00][sql] SELECT `title`,`description`,`image` FROM `cmf_slide_item` WHERE  `slide_id` = 7  AND `status` = 1 ORDER BY `list_order` ASC,`id` DESC LIMIT 1 [ RunTime:0.000408s ]
[2026-05-25T09:19:22+08:00][sql] SELECT `option_value` FROM `cmf_option` WHERE  `option_name` = 'storage' LIMIT 1 [ RunTime:0.000300s ]
[2026-05-25T09:19:22+08:00][sql] SELECT `option_value` FROM `cmf_option` WHERE  `option_name` = 'product_category_faq_settings' LIMIT 1 [ RunTime:0.000292s ]
[2026-05-25T09:19:22+08:00][sql] SHOW FULL COLUMNS FROM `cmf_portal_post` [ RunTime:0.002763s ]
[2026-05-25T09:19:22+08:00][sql] SELECT `id`,`post_title`,`post_excerpt`,`more` FROM `cmf_portal_post` WHERE (  `post_type` = 3 ) AND `cmf_portal_post`.`delete_time` = '0' ORDER BY `create_time` DESC [ RunTime:0.000506s ]
[2026-05-25T09:19:22+08:00][sql] SHOW FULL COLUMNS FROM `cmf_theme_file` [ RunTime:0.001061s ]
[2026-05-25T09:19:22+08:00][sql] SELECT `more`,`file`,`id` FROM `cmf_theme_file` WHERE  `theme` = 'simpleboot3_mobile'  AND (  `is_public` = 1 OR `file` = 'portal/product' ) ORDER BY `is_public` DESC [ RunTime:0.000299s ]
[2026-05-25T09:19:27+08:00][sql] CONNECT:[ UseTime:0.015370s ] mysql:host=127.0.0.1;port=3306;dbname=weihua;charset=utf8mb4
[2026-05-25T09:19:27+08:00][sql] SHOW FULL COLUMNS FROM `cmf_option` [ RunTime:0.001040s ]
[2026-05-25T09:19:27+08:00][sql] SELECT `option_value` FROM `cmf_option` WHERE  `option_name` = 'cdn_settings' LIMIT 1 [ RunTime:0.000245s ]
[2026-05-25T09:19:27+08:00][sql] SELECT `option_value` FROM `cmf_option` WHERE  `option_name` = 'cdn_settings' LIMIT 1 [ RunTime:0.000340s ]
[2026-05-25T09:19:27+08:00][sql] SHOW FULL COLUMNS FROM `cmf_product_category` [ RunTime:0.000862s ]
[2026-05-25T09:19:27+08:00][sql] SELECT * FROM `cmf_product_category` WHERE  `parent_id` = 0 ORDER BY `list_order` ASC,`create_time` DESC [ RunTime:0.000295s ]
[2026-05-25T09:19:27+08:00][sql] SELECT * FROM `cmf_product_category` WHERE  `parent_id` IN (28,19,22,23,25,27,30) [ RunTime:0.000287s ]
[2026-05-25T09:19:27+08:00][sql] SHOW FULL COLUMNS FROM `cmf_portal_category` [ RunTime:0.000880s ]
[2026-05-25T09:19:27+08:00][sql] SELECT * FROM `cmf_portal_category` WHERE (  `type` = 8 ) AND `cmf_portal_category`.`delete_time` = '0' ORDER BY `list_order` ASC [ RunTime:0.000368s ]
[2026-05-25T09:19:27+08:00][sql] SHOW FULL COLUMNS FROM `cmf_slide_item` [ RunTime:0.001263s ]
[2026-05-25T09:19:27+08:00][sql] SELECT `title`,`description`,`image`,`url`,`target`,`content` FROM `cmf_slide_item` WHERE  `slide_id` = 1 ORDER BY `list_order` ASC [ RunTime:0.000557s ]
[2026-05-25T09:19:27+08:00][sql] SHOW FULL COLUMNS FROM `cmf_slide` [ RunTime:0.000756s ]
[2026-05-25T09:19:27+08:00][sql] SELECT * FROM `cmf_slide` WHERE  `name` LIKE '%choose%' OR `name` LIKE '%选择%' LIMIT 1 [ RunTime:0.000244s ]
[2026-05-25T09:19:27+08:00][sql] SELECT `title`,`description`,`image`,`url`,`target`,`content` FROM `cmf_slide_item` WHERE  `slide_id` = 14  AND `status` = 1 ORDER BY `list_order` ASC [ RunTime:0.000291s ]
[2026-05-25T09:19:27+08:00][sql] SELECT * FROM `cmf_product_category` WHERE  `parent_id` = 0  AND `recommend` = 1 ORDER BY `list_order` ASC,`create_time` DESC [ RunTime:0.000323s ]
[2026-05-25T09:19:27+08:00][sql] SHOW FULL COLUMNS FROM `cmf_product` [ RunTime:0.000961s ]
[2026-05-25T09:19:27+08:00][sql] SELECT `id`,`title`,`thumbnail`,`industry` FROM `cmf_product` WHERE  `is_recommended` = 1  AND `category_id` = 28 ORDER BY `list_order` ASC LIMIT 6 [ RunTime:0.000394s ]
[2026-05-25T09:19:27+08:00][sql] SELECT `id`,`title`,`thumbnail`,`industry` FROM `cmf_product` WHERE  `is_recommended` = 1  AND `category_id` = 19 ORDER BY `list_order` ASC LIMIT 6 [ RunTime:0.000339s ]
[2026-05-25T09:19:27+08:00][sql] SELECT `id`,`title`,`thumbnail`,`industry` FROM `cmf_product` WHERE  `is_recommended` = 1  AND `category_id` = 23 ORDER BY `list_order` ASC LIMIT 6 [ RunTime:0.000277s ]
[2026-05-25T09:19:27+08:00][sql] SHOW FULL COLUMNS FROM `cmf_portal_post` [ RunTime:0.000971s ]
[2026-05-25T09:19:27+08:00][sql] SELECT `p`.`id`,`p`.`post_title`,`p`.`post_excerpt`,`p`.`thumbnail`,`p`.`create_time`,`c`.`category_id` FROM `cmf_portal_post` `p` INNER JOIN `cmf_portal_category_post` `c` ON `p`.`id`=`c`.`post_id` WHERE (  `p`.`post_type` = '8' ) AND `p`.`delete_time` = '0' ORDER BY `c`.`list_order` ASC,`p`.`create_time` DESC [ RunTime:0.000450s ]
[2026-05-25T09:19:27+08:00][sql] SELECT `id`,`post_title`,`post_excerpt`,`more` FROM `cmf_portal_post` WHERE (  `post_type` = 3 ) AND `cmf_portal_post`.`delete_time` = '0' ORDER BY `create_time` DESC [ RunTime:0.000319s ]
[2026-05-25T09:19:27+08:00][sql] SHOW FULL COLUMNS FROM `cmf_theme_file` [ RunTime:0.000767s ]
[2026-05-25T09:19:27+08:00][sql] SELECT `more`,`file`,`id` FROM `cmf_theme_file` WHERE  `theme` = 'simpleboot3_mobile'  AND (  `is_public` = 1 OR `file` = 'portal/index' ) ORDER BY `is_public` DESC [ RunTime:0.000265s ]
[2026-05-25T09:19:27+08:00][sql] SELECT `option_value` FROM `cmf_option` WHERE  `option_name` = 'storage' LIMIT 1 [ RunTime:0.000559s ]
[2026-05-25T09:19:44+08:00][sql] CONNECT:[ UseTime:0.000832s ] mysql:host=127.0.0.1;port=3306;dbname=weihua;charset=utf8mb4
[2026-05-25T09:19:44+08:00][sql] SHOW FULL COLUMNS FROM `cmf_option` [ RunTime:0.001877s ]
[2026-05-25T09:19:44+08:00][sql] SELECT `option_value` FROM `cmf_option` WHERE  `option_name` = 'cdn_settings' LIMIT 1 [ RunTime:0.000641s ]
[2026-05-25T09:19:44+08:00][sql] SELECT `option_value` FROM `cmf_option` WHERE  `option_name` = 'cdn_settings' LIMIT 1 [ RunTime:0.000462s ]
[2026-05-25T09:19:44+08:00][sql] SHOW FULL COLUMNS FROM `cmf_product_category` [ RunTime:0.001370s ]
[2026-05-25T09:19:44+08:00][sql] SELECT * FROM `cmf_product_category` WHERE  `parent_id` = 0 ORDER BY `list_order` ASC,`create_time` DESC [ RunTime:0.000388s ]
[2026-05-25T09:19:44+08:00][sql] SELECT * FROM `cmf_product_category` WHERE  `parent_id` IN (28,19,22,23,25,27,30) [ RunTime:0.000366s ]
[2026-05-25T09:19:44+08:00][sql] SHOW FULL COLUMNS FROM `cmf_portal_category` [ RunTime:0.001336s ]
[2026-05-25T09:19:44+08:00][sql] SELECT * FROM `cmf_portal_category` WHERE (  `type` = 8 ) AND `cmf_portal_category`.`delete_time` = '0' ORDER BY `list_order` ASC [ RunTime:0.000356s ]
[2026-05-25T09:19:44+08:00][sql] SHOW FULL COLUMNS FROM `cmf_slide_item` [ RunTime:0.002718s ]
[2026-05-25T09:19:44+08:00][sql] SELECT `title`,`description`,`image`,`url`,`target`,`content` FROM `cmf_slide_item` WHERE  `slide_id` = 1 ORDER BY `list_order` ASC [ RunTime:0.000562s ]
[2026-05-25T09:19:44+08:00][sql] SHOW FULL COLUMNS FROM `cmf_slide` [ RunTime:0.001107s ]
[2026-05-25T09:19:44+08:00][sql] SELECT * FROM `cmf_slide` WHERE  `name` LIKE '%choose%' OR `name` LIKE '%选择%' LIMIT 1 [ RunTime:0.001196s ]
[2026-05-25T09:19:44+08:00][sql] SELECT `title`,`description`,`image`,`url`,`target`,`content` FROM `cmf_slide_item` WHERE  `slide_id` = 14  AND `status` = 1 ORDER BY `list_order` ASC [ RunTime:0.000478s ]
[2026-05-25T09:19:44+08:00][sql] SELECT * FROM `cmf_product_category` WHERE  `parent_id` = 0  AND `recommend` = 1 ORDER BY `list_order` ASC,`create_time` DESC [ RunTime:0.000445s ]
[2026-05-25T09:19:44+08:00][sql] SHOW FULL COLUMNS FROM `cmf_product` [ RunTime:0.001437s ]
[2026-05-25T09:19:44+08:00][sql] SELECT `id`,`title`,`thumbnail`,`industry` FROM `cmf_product` WHERE  `is_recommended` = 1  AND `category_id` = 28 ORDER BY `list_order` ASC LIMIT 6 [ RunTime:0.000584s ]
[2026-05-25T09:19:44+08:00][sql] SELECT `id`,`title`,`thumbnail`,`industry` FROM `cmf_product` WHERE  `is_recommended` = 1  AND `category_id` = 19 ORDER BY `list_order` ASC LIMIT 6 [ RunTime:0.000403s ]
[2026-05-25T09:19:44+08:00][sql] SELECT `id`,`title`,`thumbnail`,`industry` FROM `cmf_product` WHERE  `is_recommended` = 1  AND `category_id` = 23 ORDER BY `list_order` ASC LIMIT 6 [ RunTime:0.001007s ]
[2026-05-25T09:19:44+08:00][sql] SHOW FULL COLUMNS FROM `cmf_portal_post` [ RunTime:0.001965s ]
[2026-05-25T09:19:44+08:00][sql] SELECT `p`.`id`,`p`.`post_title`,`p`.`post_excerpt`,`p`.`thumbnail`,`p`.`create_time`,`c`.`category_id` FROM `cmf_portal_post` `p` INNER JOIN `cmf_portal_category_post` `c` ON `p`.`id`=`c`.`post_id` WHERE (  `p`.`post_type` = '8' ) AND `p`.`delete_time` = '0' ORDER BY `c`.`list_order` ASC,`p`.`create_time` DESC [ RunTime:0.001660s ]
[2026-05-25T09:19:44+08:00][sql] SELECT `id`,`post_title`,`post_excerpt`,`more` FROM `cmf_portal_post` WHERE (  `post_type` = 3 ) AND `cmf_portal_post`.`delete_time` = '0' ORDER BY `create_time` DESC [ RunTime:0.000594s ]
[2026-05-25T09:19:44+08:00][sql] SHOW FULL COLUMNS FROM `cmf_theme_file` [ RunTime:0.000895s ]
[2026-05-25T09:19:44+08:00][sql] SELECT `more`,`file`,`id` FROM `cmf_theme_file` WHERE  `theme` = 'simpleboot3_mobile'  AND (  `is_public` = 1 OR `file` = 'portal/index' ) ORDER BY `is_public` DESC [ RunTime:0.000349s ]
[2026-05-25T09:19:44+08:00][sql] SELECT `option_value` FROM `cmf_option` WHERE  `option_name` = 'storage' LIMIT 1 [ RunTime:0.000292s ]
[2026-05-25T09:22:30+08:00][sql] CONNECT:[ UseTime:0.000879s ] mysql:host=127.0.0.1;port=3306;dbname=weihua;charset=utf8mb4
[2026-05-25T09:22:30+08:00][sql] SHOW FULL COLUMNS FROM `cmf_hook` [ RunTime:0.001790s ]
[2026-05-25T09:22:30+08:00][sql] SELECT `hook`,`id` FROM `cmf_hook` WHERE  (  (  `app` = '' OR `app` = 'cmf' )  AND `type` = 3 ) OR `type` = 1 [ RunTime:0.000654s ]
[2026-05-25T09:22:30+08:00][sql] SHOW FULL COLUMNS FROM `cmf_hook_plugin` [ RunTime:0.000738s ]
[2026-05-25T09:22:30+08:00][sql] SELECT `hook`,`plugin` FROM `cmf_hook_plugin` WHERE  `status` = 1  AND `hook` IN ('app_begin','module_init','action_begin','view_filter','app_end','log_write','response_end','admin_init','home_init','send_mobile_verification_code','body_start','before_head_end','footer_start','before_footer','before_footer_end','before_body_end','left_sidebar_start','before_left_sidebar_end','right_sidebar_start','before_right_sidebar_end','comment','guestbook','switch_theme','after_content','before_content','log_write_done','switch_admin_theme','captcha_image','user_login_start') ORDER BY `list_order` ASC [ RunTime:0.000473s ]
[2026-05-25T09:22:30+08:00][sql] SELECT `hook` FROM `cmf_hook` WHERE  `app` = 'portal' [ RunTime:0.000456s ]
[2026-05-25T09:22:30+08:00][sql] SELECT `hook`,`plugin` FROM `cmf_hook_plugin` WHERE  `status` = 1  AND `hook` IN ('portal_before_assign_article','portal_admin_after_save_article','portal_admin_article_index_view','portal_admin_article_add_view','portal_admin_article_edit_view','portal_admin_category_index_view','portal_admin_category_add_view','portal_admin_category_edit_view','portal_admin_page_index_view','portal_admin_page_add_view','portal_admin_page_edit_view','portal_admin_tag_index_view','portal_admin_article_edit_view_right_sidebar','portal_admin_article_edit_view_main') ORDER BY `list_order` ASC [ RunTime:0.000315s ]
[2026-05-25T09:22:30+08:00][sql] SHOW FULL COLUMNS FROM `cmf_plugin` [ RunTime:0.001069s ]
[2026-05-25T09:22:30+08:00][sql] SELECT `config` FROM `cmf_plugin` WHERE  `name` = 'SwitchTheme' LIMIT 1 [ RunTime:0.000662s ]
[2026-05-25T09:22:30+08:00][sql] SHOW FULL COLUMNS FROM `cmf_option` [ RunTime:0.001324s ]
[2026-05-25T09:22:30+08:00][sql] SELECT `option_value` FROM `cmf_option` WHERE  `option_name` = 'cdn_settings' LIMIT 1 [ RunTime:0.000329s ]
[2026-05-25T09:22:30+08:00][sql] SELECT `option_value` FROM `cmf_option` WHERE  `option_name` = 'cdn_settings' LIMIT 1 [ RunTime:0.000433s ]
[2026-05-25T09:22:30+08:00][sql] SHOW FULL COLUMNS FROM `cmf_product_category` [ RunTime:0.001180s ]
[2026-05-25T09:22:30+08:00][sql] SELECT * FROM `cmf_product_category` WHERE  `parent_id` = 0 ORDER BY `list_order` ASC,`create_time` DESC [ RunTime:0.000405s ]
[2026-05-25T09:22:30+08:00][sql] SELECT * FROM `cmf_product_category` WHERE  `parent_id` IN (28,19,22,23,25,27,30) [ RunTime:0.000331s ]
[2026-05-25T09:22:30+08:00][sql] SHOW FULL COLUMNS FROM `cmf_portal_category` [ RunTime:0.001022s ]
[2026-05-25T09:22:30+08:00][sql] SELECT * FROM `cmf_portal_category` WHERE (  `type` = 8 ) AND `cmf_portal_category`.`delete_time` = '0' ORDER BY `list_order` ASC [ RunTime:0.000416s ]
[2026-05-25T09:22:30+08:00][sql] SELECT `option_value` FROM `cmf_option` WHERE  `option_name` = 'site_info' LIMIT 1 [ RunTime:0.000295s ]
[2026-05-25T09:22:30+08:00][sql] SHOW FULL COLUMNS FROM `cmf_slide_item` [ RunTime:0.001128s ]
[2026-05-25T09:22:30+08:00][sql] SELECT `title`,`description`,`image`,`url`,`target`,`content` FROM `cmf_slide_item` WHERE  `slide_id` = 1 ORDER BY `list_order` ASC [ RunTime:0.000331s ]
[2026-05-25T09:22:30+08:00][sql] SHOW FULL COLUMNS FROM `cmf_slide` [ RunTime:0.000902s ]
[2026-05-25T09:22:30+08:00][sql] SELECT * FROM `cmf_slide` WHERE  `name` LIKE '%choose%' OR `name` LIKE '%选择%' LIMIT 1 [ RunTime:0.000993s ]
[2026-05-25T09:22:30+08:00][sql] SELECT `title`,`description`,`image`,`url`,`target`,`content` FROM `cmf_slide_item` WHERE  `slide_id` = 14  AND `status` = 1 ORDER BY `list_order` ASC [ RunTime:0.000359s ]
[2026-05-25T09:22:30+08:00][sql] SELECT * FROM `cmf_product_category` WHERE  `parent_id` = 0  AND `recommend` = 1 ORDER BY `list_order` ASC,`create_time` DESC [ RunTime:0.000339s ]
[2026-05-25T09:22:30+08:00][sql] SHOW FULL COLUMNS FROM `cmf_product` [ RunTime:0.001048s ]
[2026-05-25T09:22:30+08:00][sql] SELECT `id`,`title`,`thumbnail`,`industry` FROM `cmf_product` WHERE  `is_recommended` = 1  AND `category_id` = 28 ORDER BY `list_order` ASC LIMIT 6 [ RunTime:0.000720s ]
[2026-05-25T09:22:30+08:00][sql] SELECT `id`,`title`,`thumbnail`,`industry` FROM `cmf_product` WHERE  `is_recommended` = 1  AND `category_id` = 19 ORDER BY `list_order` ASC LIMIT 6 [ RunTime:0.000405s ]
[2026-05-25T09:22:30+08:00][sql] SELECT `id`,`title`,`thumbnail`,`industry` FROM `cmf_product` WHERE  `is_recommended` = 1  AND `category_id` = 23 ORDER BY `list_order` ASC LIMIT 6 [ RunTime:0.000850s ]
[2026-05-25T09:22:30+08:00][sql] SELECT `option_value` FROM `cmf_option` WHERE  `option_name` = 'index_setting' LIMIT 1 [ RunTime:0.000260s ]
[2026-05-25T09:22:30+08:00][sql] SELECT `option_value` FROM `cmf_option` WHERE  `option_name` = 'about_site' LIMIT 1 [ RunTime:0.000525s ]
[2026-05-25T09:22:30+08:00][sql] SHOW FULL COLUMNS FROM `cmf_portal_post` [ RunTime:0.001858s ]
[2026-05-25T09:22:30+08:00][sql] SELECT `p`.`id`,`p`.`post_title`,`p`.`post_excerpt`,`p`.`thumbnail`,`p`.`create_time`,`c`.`category_id` FROM `cmf_portal_post` `p` INNER JOIN `cmf_portal_category_post` `c` ON `p`.`id`=`c`.`post_id` WHERE (  `p`.`post_type` = '8' ) AND `p`.`delete_time` = '0' ORDER BY `c`.`list_order` ASC,`p`.`create_time` DESC [ RunTime:0.001682s ]
[2026-05-25T09:22:30+08:00][sql] SELECT `id`,`post_title`,`post_excerpt`,`more` FROM `cmf_portal_post` WHERE (  `post_type` = 3 ) AND `cmf_portal_post`.`delete_time` = '0' ORDER BY `create_time` DESC [ RunTime:0.000432s ]
[2026-05-25T09:22:30+08:00][sql] SHOW FULL COLUMNS FROM `cmf_theme_file` [ RunTime:0.000992s ]
[2026-05-25T09:22:30+08:00][sql] SELECT `more`,`file`,`id` FROM `cmf_theme_file` WHERE  `theme` = 'simpleboot3'  AND (  `is_public` = 1 OR `file` = 'portal/index' ) ORDER BY `is_public` DESC [ RunTime:0.001006s ]
[2026-05-25T09:22:30+08:00][sql] SHOW FULL COLUMNS FROM `cmf_route` [ RunTime:0.001829s ]
[2026-05-25T09:22:30+08:00][sql] SELECT * FROM `cmf_route` WHERE  `status` = 1 ORDER BY `list_order` ASC [ RunTime:0.001189s ]
[2026-05-25T09:22:30+08:00][sql] SELECT `option_value` FROM `cmf_option` WHERE  `option_name` = 'storage' LIMIT 1 [ RunTime:0.000599s ]
[2026-05-25T09:22:36+08:00][sql] CONNECT:[ UseTime:0.001048s ] mysql:host=127.0.0.1;port=3306;dbname=weihua;charset=utf8mb4
[2026-05-25T09:22:36+08:00][sql] SHOW FULL COLUMNS FROM `cmf_option` [ RunTime:0.001628s ]
[2026-05-25T09:22:36+08:00][sql] SELECT `option_value` FROM `cmf_option` WHERE  `option_name` = 'cdn_settings' LIMIT 1 [ RunTime:0.000402s ]
[2026-05-25T09:22:36+08:00][sql] SELECT `option_value` FROM `cmf_option` WHERE  `option_name` = 'cdn_settings' LIMIT 1 [ RunTime:0.000423s ]
[2026-05-25T09:22:36+08:00][sql] SHOW FULL COLUMNS FROM `cmf_product_category` [ RunTime:0.001057s ]
[2026-05-25T09:22:36+08:00][sql] SELECT * FROM `cmf_product_category` WHERE  `parent_id` = 0 ORDER BY `list_order` ASC,`create_time` DESC [ RunTime:0.000343s ]
[2026-05-25T09:22:36+08:00][sql] SELECT * FROM `cmf_product_category` WHERE  `parent_id` IN (28,19,22,23,25,27,30) [ RunTime:0.000407s ]
[2026-05-25T09:22:36+08:00][sql] SHOW FULL COLUMNS FROM `cmf_portal_category` [ RunTime:0.001200s ]
[2026-05-25T09:22:36+08:00][sql] SELECT * FROM `cmf_portal_category` WHERE (  `type` = 8 ) AND `cmf_portal_category`.`delete_time` = '0' ORDER BY `list_order` ASC [ RunTime:0.000352s ]
[2026-05-25T09:22:36+08:00][sql] SHOW FULL COLUMNS FROM `cmf_slide_item` [ RunTime:0.001433s ]
[2026-05-25T09:22:36+08:00][sql] SELECT `title`,`description`,`image`,`url`,`target`,`content` FROM `cmf_slide_item` WHERE  `slide_id` = 1 ORDER BY `list_order` ASC [ RunTime:0.000357s ]
[2026-05-25T09:22:36+08:00][sql] SHOW FULL COLUMNS FROM `cmf_slide` [ RunTime:0.000918s ]
[2026-05-25T09:22:36+08:00][sql] SELECT * FROM `cmf_slide` WHERE  `name` LIKE '%choose%' OR `name` LIKE '%选择%' LIMIT 1 [ RunTime:0.000329s ]
[2026-05-25T09:22:36+08:00][sql] SELECT `title`,`description`,`image`,`url`,`target`,`content` FROM `cmf_slide_item` WHERE  `slide_id` = 14  AND `status` = 1 ORDER BY `list_order` ASC [ RunTime:0.000377s ]
[2026-05-25T09:22:36+08:00][sql] SELECT * FROM `cmf_product_category` WHERE  `parent_id` = 0  AND `recommend` = 1 ORDER BY `list_order` ASC,`create_time` DESC [ RunTime:0.000371s ]
[2026-05-25T09:22:36+08:00][sql] SHOW FULL COLUMNS FROM `cmf_product` [ RunTime:0.001274s ]
[2026-05-25T09:22:36+08:00][sql] SELECT `id`,`title`,`thumbnail`,`industry` FROM `cmf_product` WHERE  `is_recommended` = 1  AND `category_id` = 28 ORDER BY `list_order` ASC LIMIT 6 [ RunTime:0.000521s ]
[2026-05-25T09:22:36+08:00][sql] SELECT `id`,`title`,`thumbnail`,`industry` FROM `cmf_product` WHERE  `is_recommended` = 1  AND `category_id` = 19 ORDER BY `list_order` ASC LIMIT 6 [ RunTime:0.000377s ]
[2026-05-25T09:22:36+08:00][sql] SELECT `id`,`title`,`thumbnail`,`industry` FROM `cmf_product` WHERE  `is_recommended` = 1  AND `category_id` = 23 ORDER BY `list_order` ASC LIMIT 6 [ RunTime:0.000353s ]
[2026-05-25T09:22:36+08:00][sql] SHOW FULL COLUMNS FROM `cmf_portal_post` [ RunTime:0.001357s ]
[2026-05-25T09:22:36+08:00][sql] SELECT `p`.`id`,`p`.`post_title`,`p`.`post_excerpt`,`p`.`thumbnail`,`p`.`create_time`,`c`.`category_id` FROM `cmf_portal_post` `p` INNER JOIN `cmf_portal_category_post` `c` ON `p`.`id`=`c`.`post_id` WHERE (  `p`.`post_type` = '8' ) AND `p`.`delete_time` = '0' ORDER BY `c`.`list_order` ASC,`p`.`create_time` DESC [ RunTime:0.000585s ]
[2026-05-25T09:22:36+08:00][sql] SELECT `id`,`post_title`,`post_excerpt`,`more` FROM `cmf_portal_post` WHERE (  `post_type` = 3 ) AND `cmf_portal_post`.`delete_time` = '0' ORDER BY `create_time` DESC [ RunTime:0.000418s ]
[2026-05-25T09:22:36+08:00][sql] SHOW FULL COLUMNS FROM `cmf_theme_file` [ RunTime:0.000980s ]
[2026-05-25T09:22:36+08:00][sql] SELECT `more`,`file`,`id` FROM `cmf_theme_file` WHERE  `theme` = 'simpleboot3_mobile'  AND (  `is_public` = 1 OR `file` = 'portal/index' ) ORDER BY `is_public` DESC [ RunTime:0.000478s ]
[2026-05-25T09:22:36+08:00][sql] SELECT `option_value` FROM `cmf_option` WHERE  `option_name` = 'storage' LIMIT 1 [ RunTime:0.000704s ]
[2026-05-25T09:22:40+08:00][sql] CONNECT:[ UseTime:0.000772s ] mysql:host=127.0.0.1;port=3306;dbname=weihua;charset=utf8mb4
[2026-05-25T09:22:40+08:00][sql] SHOW FULL COLUMNS FROM `cmf_option` [ RunTime:0.001228s ]
[2026-05-25T09:22:40+08:00][sql] SELECT `option_value` FROM `cmf_option` WHERE  `option_name` = 'cdn_settings' LIMIT 1 [ RunTime:0.000306s ]
[2026-05-25T09:22:40+08:00][sql] SELECT `option_value` FROM `cmf_option` WHERE  `option_name` = 'cdn_settings' LIMIT 1 [ RunTime:0.000494s ]
[2026-05-25T09:22:40+08:00][sql] SHOW FULL COLUMNS FROM `cmf_product_category` [ RunTime:0.001230s ]
[2026-05-25T09:22:40+08:00][sql] SELECT * FROM `cmf_product_category` WHERE  `parent_id` = 0 ORDER BY `list_order` ASC,`create_time` DESC [ RunTime:0.000419s ]
[2026-05-25T09:22:40+08:00][sql] SELECT * FROM `cmf_product_category` WHERE  `parent_id` IN (28,19,22,23,25,27,30) [ RunTime:0.000371s ]
[2026-05-25T09:22:40+08:00][sql] SHOW FULL COLUMNS FROM `cmf_portal_category` [ RunTime:0.000869s ]
[2026-05-25T09:22:40+08:00][sql] SELECT * FROM `cmf_portal_category` WHERE (  `type` = 8 ) AND `cmf_portal_category`.`delete_time` = '0' ORDER BY `list_order` ASC [ RunTime:0.000331s ]
[2026-05-25T09:22:40+08:00][sql] SELECT `option_value` FROM `cmf_option` WHERE  `option_name` = 'product_category_hero_settings' LIMIT 1 [ RunTime:0.000297s ]
[2026-05-25T09:22:40+08:00][sql] SHOW FULL COLUMNS FROM `cmf_product` [ RunTime:0.001203s ]
[2026-05-25T09:22:40+08:00][sql] SELECT COUNT(*) AS think_count FROM `cmf_product` WHERE  `category_id` = 28 LIMIT 1 [ RunTime:0.000368s ]
[2026-05-25T09:22:40+08:00][sql] SELECT COUNT(*) AS think_count FROM `cmf_product` WHERE  `category_id` = 19 LIMIT 1 [ RunTime:0.000268s ]
[2026-05-25T09:22:40+08:00][sql] SELECT COUNT(*) AS think_count FROM `cmf_product` WHERE  `category_id` = 22 LIMIT 1 [ RunTime:0.000367s ]
[2026-05-25T09:22:40+08:00][sql] SELECT COUNT(*) AS think_count FROM `cmf_product` WHERE  `category_id` = 23 LIMIT 1 [ RunTime:0.000332s ]
[2026-05-25T09:22:40+08:00][sql] SELECT COUNT(*) AS think_count FROM `cmf_product` WHERE  `category_id` = 25 LIMIT 1 [ RunTime:0.000293s ]
[2026-05-25T09:22:40+08:00][sql] SELECT COUNT(*) AS think_count FROM `cmf_product` WHERE  `category_id` = 27 LIMIT 1 [ RunTime:0.000396s ]
[2026-05-25T09:22:40+08:00][sql] SELECT * FROM `cmf_product` WHERE  `category_id` = 27  AND `thumbnail` <> '' ORDER BY `list_order` ASC,`id` DESC LIMIT 1 [ RunTime:0.000601s ]
[2026-05-25T09:22:40+08:00][sql] SELECT COUNT(*) AS think_count FROM `cmf_product` WHERE  `category_id` = 30 LIMIT 1 [ RunTime:0.000251s ]
[2026-05-25T09:22:40+08:00][sql] SELECT COUNT(*) AS think_count FROM `cmf_product` LIMIT 1 [ RunTime:0.000198s ]
[2026-05-25T09:22:40+08:00][sql] SELECT `id`,`category_id`,`title`,`thumbnail`,`industry`,`overview` FROM `cmf_product` ORDER BY `list_order` ASC,`create_time` DESC LIMIT 0,12 [ RunTime:0.000715s ]
[2026-05-25T09:22:40+08:00][sql] SHOW FULL COLUMNS FROM `cmf_slide_item` [ RunTime:0.001102s ]
[2026-05-25T09:22:40+08:00][sql] SELECT `title`,`description`,`image` FROM `cmf_slide_item` WHERE  `slide_id` = 7  AND `status` = 1 ORDER BY `list_order` ASC,`id` DESC LIMIT 1 [ RunTime:0.000319s ]
[2026-05-25T09:22:40+08:00][sql] SELECT `option_value` FROM `cmf_option` WHERE  `option_name` = 'storage' LIMIT 1 [ RunTime:0.000229s ]
[2026-05-25T09:22:40+08:00][sql] SHOW FULL COLUMNS FROM `cmf_portal_post` [ RunTime:0.001136s ]
[2026-05-25T09:22:40+08:00][sql] SELECT `id`,`post_title`,`post_excerpt`,`more` FROM `cmf_portal_post` WHERE (  `post_type` = 3 ) AND `cmf_portal_post`.`delete_time` = '0' ORDER BY `create_time` DESC [ RunTime:0.000508s ]
[2026-05-25T09:22:40+08:00][sql] SHOW FULL COLUMNS FROM `cmf_theme_file` [ RunTime:0.001571s ]
[2026-05-25T09:22:40+08:00][sql] SELECT `more`,`file`,`id` FROM `cmf_theme_file` WHERE  `theme` = 'simpleboot3_mobile'  AND (  `is_public` = 1 OR `file` = 'portal/product' ) ORDER BY `is_public` DESC [ RunTime:0.000381s ]
[2026-05-25T10:27:18+08:00][sql] CONNECT:[ UseTime:0.004086s ] mysql:host=127.0.0.1;port=3306;dbname=weihua;charset=utf8mb4
[2026-05-25T10:27:18+08:00][sql] SHOW FULL COLUMNS FROM `cmf_hook` [ RunTime:0.005396s ]
[2026-05-25T10:27:18+08:00][sql] SELECT `hook`,`id` FROM `cmf_hook` WHERE  (  (  `app` = '' OR `app` = 'cmf' )  AND `type` = 3 ) OR `type` = 1 [ RunTime:0.002094s ]
[2026-05-25T10:27:18+08:00][sql] SHOW FULL COLUMNS FROM `cmf_hook_plugin` [ RunTime:0.001400s ]
[2026-05-25T10:27:18+08:00][sql] SELECT `hook`,`plugin` FROM `cmf_hook_plugin` WHERE  `status` = 1  AND `hook` IN ('app_begin','module_init','action_begin','view_filter','app_end','log_write','response_end','admin_init','home_init','send_mobile_verification_code','body_start','before_head_end','footer_start','before_footer','before_footer_end','before_body_end','left_sidebar_start','before_left_sidebar_end','right_sidebar_start','before_right_sidebar_end','comment','guestbook','switch_theme','after_content','before_content','log_write_done','switch_admin_theme','captcha_image','user_login_start') ORDER BY `list_order` ASC [ RunTime:0.000960s ]
[2026-05-25T10:27:18+08:00][sql] SELECT `hook` FROM `cmf_hook` WHERE  `app` = 'portal' [ RunTime:0.000789s ]
[2026-05-25T10:27:18+08:00][sql] SELECT `hook`,`plugin` FROM `cmf_hook_plugin` WHERE  `status` = 1  AND `hook` IN ('portal_before_assign_article','portal_admin_after_save_article','portal_admin_article_index_view','portal_admin_article_add_view','portal_admin_article_edit_view','portal_admin_category_index_view','portal_admin_category_add_view','portal_admin_category_edit_view','portal_admin_page_index_view','portal_admin_page_add_view','portal_admin_page_edit_view','portal_admin_tag_index_view','portal_admin_article_edit_view_right_sidebar','portal_admin_article_edit_view_main') ORDER BY `list_order` ASC [ RunTime:0.000406s ]
[2026-05-25T10:27:18+08:00][sql] SHOW FULL COLUMNS FROM `cmf_plugin` [ RunTime:0.002230s ]
[2026-05-25T10:27:18+08:00][sql] SELECT `config` FROM `cmf_plugin` WHERE  `name` = 'SwitchTheme' LIMIT 1 [ RunTime:0.002202s ]
[2026-05-25T10:27:18+08:00][sql] SHOW FULL COLUMNS FROM `cmf_option` [ RunTime:0.002946s ]
[2026-05-25T10:27:18+08:00][sql] SELECT `option_value` FROM `cmf_option` WHERE  `option_name` = 'cdn_settings' LIMIT 1 [ RunTime:0.000629s ]
[2026-05-25T10:27:18+08:00][sql] SELECT `option_value` FROM `cmf_option` WHERE  `option_name` = 'cdn_settings' LIMIT 1 [ RunTime:0.000676s ]
[2026-05-25T10:27:18+08:00][sql] SHOW FULL COLUMNS FROM `cmf_product_category` [ RunTime:0.001446s ]
[2026-05-25T10:27:18+08:00][sql] SELECT * FROM `cmf_product_category` WHERE  `parent_id` = 0 ORDER BY `list_order` ASC,`create_time` DESC [ RunTime:0.000612s ]
[2026-05-25T10:27:18+08:00][sql] SELECT * FROM `cmf_product_category` WHERE  `parent_id` IN (28,19,22,23,25,27,30) [ RunTime:0.000428s ]
[2026-05-25T10:27:18+08:00][sql] SHOW FULL COLUMNS FROM `cmf_portal_category` [ RunTime:0.001562s ]
[2026-05-25T10:27:18+08:00][sql] SELECT * FROM `cmf_portal_category` WHERE (  `type` = 8 ) AND `cmf_portal_category`.`delete_time` = '0' ORDER BY `list_order` ASC [ RunTime:0.000861s ]
[2026-05-25T10:27:18+08:00][sql] SELECT `option_value` FROM `cmf_option` WHERE  `option_name` = 'site_info' LIMIT 1 [ RunTime:0.000340s ]
[2026-05-25T10:27:18+08:00][sql] SHOW FULL COLUMNS FROM `cmf_slide_item` [ RunTime:0.001348s ]
[2026-05-25T10:27:18+08:00][sql] SELECT `title`,`description`,`image`,`url`,`target`,`content` FROM `cmf_slide_item` WHERE  `slide_id` = 1 ORDER BY `list_order` ASC [ RunTime:0.001107s ]
[2026-05-25T10:27:18+08:00][sql] SHOW FULL COLUMNS FROM `cmf_slide` [ RunTime:0.001617s ]
[2026-05-25T10:27:18+08:00][sql] SELECT * FROM `cmf_slide` WHERE  `name` LIKE '%choose%' OR `name` LIKE '%选择%' LIMIT 1 [ RunTime:0.000707s ]
[2026-05-25T10:27:18+08:00][sql] SELECT `title`,`description`,`image`,`url`,`target`,`content` FROM `cmf_slide_item` WHERE  `slide_id` = 14  AND `status` = 1 ORDER BY `list_order` ASC [ RunTime:0.000396s ]
[2026-05-25T10:27:18+08:00][sql] SELECT * FROM `cmf_product_category` WHERE  `parent_id` = 0  AND `recommend` = 1 ORDER BY `list_order` ASC,`create_time` DESC [ RunTime:0.000349s ]
[2026-05-25T10:27:18+08:00][sql] SHOW FULL COLUMNS FROM `cmf_product` [ RunTime:0.001662s ]
[2026-05-25T10:27:18+08:00][sql] SELECT `id`,`title`,`thumbnail`,`industry` FROM `cmf_product` WHERE  `is_recommended` = 1  AND `category_id` = 28 ORDER BY `list_order` ASC LIMIT 6 [ RunTime:0.002287s ]
[2026-05-25T10:27:18+08:00][sql] SELECT `id`,`title`,`thumbnail`,`industry` FROM `cmf_product` WHERE  `is_recommended` = 1  AND `category_id` = 19 ORDER BY `list_order` ASC LIMIT 6 [ RunTime:0.000939s ]
[2026-05-25T10:27:18+08:00][sql] SELECT `id`,`title`,`thumbnail`,`industry` FROM `cmf_product` WHERE  `is_recommended` = 1  AND `category_id` = 23 ORDER BY `list_order` ASC LIMIT 6 [ RunTime:0.000476s ]
[2026-05-25T10:27:18+08:00][sql] SELECT `option_value` FROM `cmf_option` WHERE  `option_name` = 'index_setting' LIMIT 1 [ RunTime:0.000351s ]
[2026-05-25T10:27:18+08:00][sql] SELECT `option_value` FROM `cmf_option` WHERE  `option_name` = 'about_site' LIMIT 1 [ RunTime:0.000675s ]
[2026-05-25T10:27:18+08:00][sql] SHOW FULL COLUMNS FROM `cmf_portal_post` [ RunTime:0.002297s ]
[2026-05-25T10:27:18+08:00][sql] SELECT `p`.`id`,`p`.`post_title`,`p`.`post_excerpt`,`p`.`thumbnail`,`p`.`create_time`,`c`.`category_id` FROM `cmf_portal_post` `p` INNER JOIN `cmf_portal_category_post` `c` ON `p`.`id`=`c`.`post_id` WHERE (  `p`.`post_type` = '8' ) AND `p`.`delete_time` = '0' ORDER BY `c`.`list_order` ASC,`p`.`create_time` DESC [ RunTime:0.002489s ]
[2026-05-25T10:27:18+08:00][sql] SELECT `id`,`post_title`,`post_excerpt`,`more` FROM `cmf_portal_post` WHERE (  `post_type` = 3 ) AND `cmf_portal_post`.`delete_time` = '0' ORDER BY `create_time` DESC [ RunTime:0.000663s ]
[2026-05-25T10:27:18+08:00][sql] SHOW FULL COLUMNS FROM `cmf_theme_file` [ RunTime:0.001678s ]
[2026-05-25T10:27:18+08:00][sql] SELECT `more`,`file`,`id` FROM `cmf_theme_file` WHERE  `theme` = 'simpleboot3'  AND (  `is_public` = 1 OR `file` = 'portal/index' ) ORDER BY `is_public` DESC [ RunTime:0.000821s ]
[2026-05-25T10:27:18+08:00][sql] SHOW FULL COLUMNS FROM `cmf_route` [ RunTime:0.001331s ]
[2026-05-25T10:27:18+08:00][sql] SELECT * FROM `cmf_route` WHERE  `status` = 1 ORDER BY `list_order` ASC [ RunTime:0.000807s ]
[2026-05-25T10:27:18+08:00][sql] SELECT `option_value` FROM `cmf_option` WHERE  `option_name` = 'storage' LIMIT 1 [ RunTime:0.000520s ]
[2026-05-25T10:27:20+08:00][sql] CONNECT:[ UseTime:0.001695s ] mysql:host=127.0.0.1;port=3306;dbname=weihua;charset=utf8mb4
[2026-05-25T10:27:20+08:00][sql] SHOW FULL COLUMNS FROM `cmf_option` [ RunTime:0.003061s ]
[2026-05-25T10:27:20+08:00][sql] SELECT `option_value` FROM `cmf_option` WHERE  `option_name` = 'cdn_settings' LIMIT 1 [ RunTime:0.000375s ]
[2026-05-25T10:27:20+08:00][sql] SELECT `option_value` FROM `cmf_option` WHERE  `option_name` = 'cdn_settings' LIMIT 1 [ RunTime:0.000317s ]
[2026-05-25T10:27:20+08:00][sql] SHOW FULL COLUMNS FROM `cmf_product_category` [ RunTime:0.001083s ]
[2026-05-25T10:27:20+08:00][sql] SELECT * FROM `cmf_product_category` WHERE  `parent_id` = 0 ORDER BY `list_order` ASC,`create_time` DESC [ RunTime:0.000545s ]
[2026-05-25T10:27:20+08:00][sql] SELECT * FROM `cmf_product_category` WHERE  `parent_id` IN (28,19,22,23,25,27,30) [ RunTime:0.000485s ]
[2026-05-25T10:27:20+08:00][sql] SHOW FULL COLUMNS FROM `cmf_portal_category` [ RunTime:0.001946s ]
[2026-05-25T10:27:20+08:00][sql] SELECT * FROM `cmf_portal_category` WHERE (  `type` = 8 ) AND `cmf_portal_category`.`delete_time` = '0' ORDER BY `list_order` ASC [ RunTime:0.000798s ]
[2026-05-25T10:27:20+08:00][sql] SELECT `option_value` FROM `cmf_option` WHERE  `option_name` = 'product_category_hero_settings' LIMIT 1 [ RunTime:0.000643s ]
[2026-05-25T10:27:20+08:00][sql] SHOW FULL COLUMNS FROM `cmf_product` [ RunTime:0.002279s ]
[2026-05-25T10:27:20+08:00][sql] SELECT COUNT(*) AS think_count FROM `cmf_product` WHERE  `category_id` = 28 LIMIT 1 [ RunTime:0.000563s ]
[2026-05-25T10:27:20+08:00][sql] SELECT COUNT(*) AS think_count FROM `cmf_product` WHERE  `category_id` = 19 LIMIT 1 [ RunTime:0.000308s ]
[2026-05-25T10:27:20+08:00][sql] SELECT COUNT(*) AS think_count FROM `cmf_product` WHERE  `category_id` = 22 LIMIT 1 [ RunTime:0.000324s ]
[2026-05-25T10:27:20+08:00][sql] SELECT COUNT(*) AS think_count FROM `cmf_product` WHERE  `category_id` = 23 LIMIT 1 [ RunTime:0.000394s ]
[2026-05-25T10:27:20+08:00][sql] SELECT COUNT(*) AS think_count FROM `cmf_product` WHERE  `category_id` = 25 LIMIT 1 [ RunTime:0.000352s ]
[2026-05-25T10:27:20+08:00][sql] SELECT COUNT(*) AS think_count FROM `cmf_product` WHERE  `category_id` = 27 LIMIT 1 [ RunTime:0.000354s ]
[2026-05-25T10:27:20+08:00][sql] SELECT * FROM `cmf_product` WHERE  `category_id` = 27  AND `thumbnail` <> '' ORDER BY `list_order` ASC,`id` DESC LIMIT 1 [ RunTime:0.000982s ]
[2026-05-25T10:27:20+08:00][sql] SELECT COUNT(*) AS think_count FROM `cmf_product` WHERE  `category_id` = 30 LIMIT 1 [ RunTime:0.000333s ]
[2026-05-25T10:27:20+08:00][sql] SELECT COUNT(*) AS think_count FROM `cmf_product` LIMIT 1 [ RunTime:0.000276s ]
[2026-05-25T10:27:20+08:00][sql] SELECT `id`,`category_id`,`title`,`thumbnail`,`industry`,`overview` FROM `cmf_product` ORDER BY `list_order` ASC,`create_time` DESC LIMIT 0,12 [ RunTime:0.002773s ]
[2026-05-25T10:27:20+08:00][sql] SHOW FULL COLUMNS FROM `cmf_slide_item` [ RunTime:0.002311s ]
[2026-05-25T10:27:20+08:00][sql] SELECT `title`,`description`,`image` FROM `cmf_slide_item` WHERE  `slide_id` = 2  AND `status` = 1 ORDER BY `list_order` ASC,`id` DESC LIMIT 1 [ RunTime:0.000579s ]
[2026-05-25T10:27:20+08:00][sql] SELECT `option_value` FROM `cmf_option` WHERE  `option_name` = 'storage' LIMIT 1 [ RunTime:0.000276s ]
[2026-05-25T10:27:20+08:00][sql] SHOW FULL COLUMNS FROM `cmf_portal_post` [ RunTime:0.001242s ]
[2026-05-25T10:27:20+08:00][sql] SELECT `id`,`post_title`,`post_excerpt`,`more` FROM `cmf_portal_post` WHERE (  `post_type` = 3 ) AND `cmf_portal_post`.`delete_time` = '0' ORDER BY `create_time` DESC [ RunTime:0.000602s ]
[2026-05-25T10:27:20+08:00][sql] SHOW FULL COLUMNS FROM `cmf_theme_file` [ RunTime:0.001083s ]
[2026-05-25T10:27:20+08:00][sql] SELECT `more`,`file`,`id` FROM `cmf_theme_file` WHERE  `theme` = 'simpleboot3'  AND (  `is_public` = 1 OR `file` = 'portal/product' ) ORDER BY `is_public` DESC [ RunTime:0.000501s ]
[2026-05-25T10:27:22+08:00][sql] CONNECT:[ UseTime:0.001800s ] mysql:host=127.0.0.1;port=3306;dbname=weihua;charset=utf8mb4
[2026-05-25T10:27:22+08:00][sql] SHOW FULL COLUMNS FROM `cmf_option` [ RunTime:0.002115s ]
[2026-05-25T10:27:22+08:00][sql] SELECT `option_value` FROM `cmf_option` WHERE  `option_name` = 'cdn_settings' LIMIT 1 [ RunTime:0.000314s ]
[2026-05-25T10:27:22+08:00][sql] SELECT `option_value` FROM `cmf_option` WHERE  `option_name` = 'cdn_settings' LIMIT 1 [ RunTime:0.000654s ]
[2026-05-25T10:27:22+08:00][sql] SHOW FULL COLUMNS FROM `cmf_product_category` [ RunTime:0.001071s ]
[2026-05-25T10:27:22+08:00][sql] SELECT * FROM `cmf_product_category` WHERE  `parent_id` = 0 ORDER BY `list_order` ASC,`create_time` DESC [ RunTime:0.000485s ]
[2026-05-25T10:27:22+08:00][sql] SELECT * FROM `cmf_product_category` WHERE  `parent_id` IN (28,19,22,23,25,27,30) [ RunTime:0.000403s ]
[2026-05-25T10:27:22+08:00][sql] SHOW FULL COLUMNS FROM `cmf_portal_category` [ RunTime:0.001064s ]
[2026-05-25T10:27:22+08:00][sql] SELECT * FROM `cmf_portal_category` WHERE (  `type` = 8 ) AND `cmf_portal_category`.`delete_time` = '0' ORDER BY `list_order` ASC [ RunTime:0.000441s ]
[2026-05-25T10:27:22+08:00][sql] SELECT * FROM `cmf_product_category` WHERE  `id` = 28 LIMIT 1 [ RunTime:0.000324s ]
[2026-05-25T10:27:22+08:00][sql] SHOW FULL COLUMNS FROM `cmf_product` [ RunTime:0.001000s ]
[2026-05-25T10:27:22+08:00][sql] SELECT COUNT(*) AS think_count FROM `cmf_product` WHERE  `category_id` = 28 LIMIT 1 [ RunTime:0.000394s ]
[2026-05-25T10:27:22+08:00][sql] SELECT COUNT(*) AS think_count FROM `cmf_product` WHERE  `category_id` = 19 LIMIT 1 [ RunTime:0.000243s ]
[2026-05-25T10:27:22+08:00][sql] SELECT COUNT(*) AS think_count FROM `cmf_product` WHERE  `category_id` = 22 LIMIT 1 [ RunTime:0.000238s ]
[2026-05-25T10:27:22+08:00][sql] SELECT COUNT(*) AS think_count FROM `cmf_product` WHERE  `category_id` = 23 LIMIT 1 [ RunTime:0.000244s ]
[2026-05-25T10:27:22+08:00][sql] SELECT COUNT(*) AS think_count FROM `cmf_product` WHERE  `category_id` = 25 LIMIT 1 [ RunTime:0.000495s ]
[2026-05-25T10:27:22+08:00][sql] SELECT COUNT(*) AS think_count FROM `cmf_product` WHERE  `category_id` = 27 LIMIT 1 [ RunTime:0.000301s ]
[2026-05-25T10:27:22+08:00][sql] SELECT * FROM `cmf_product` WHERE  `category_id` = 27  AND `thumbnail` <> '' ORDER BY `list_order` ASC,`id` DESC LIMIT 1 [ RunTime:0.000874s ]
[2026-05-25T10:27:22+08:00][sql] SELECT COUNT(*) AS think_count FROM `cmf_product` WHERE  `category_id` = 30 LIMIT 1 [ RunTime:0.000384s ]
[2026-05-25T10:27:22+08:00][sql] SELECT COUNT(*) AS think_count FROM `cmf_product` WHERE  `category_id` = 28 LIMIT 1 [ RunTime:0.000269s ]
[2026-05-25T10:27:22+08:00][sql] SELECT `id`,`category_id`,`title`,`thumbnail`,`industry`,`overview` FROM `cmf_product` WHERE  `category_id` = 28 ORDER BY `list_order` ASC,`create_time` DESC LIMIT 0,12 [ RunTime:0.000778s ]
[2026-05-25T10:27:22+08:00][sql] SHOW FULL COLUMNS FROM `cmf_slide_item` [ RunTime:0.001592s ]
[2026-05-25T10:27:22+08:00][sql] SELECT `title`,`description`,`image` FROM `cmf_slide_item` WHERE  `slide_id` = 2  AND `status` = 1 ORDER BY `list_order` ASC,`id` DESC LIMIT 1 [ RunTime:0.000435s ]
[2026-05-25T10:27:22+08:00][sql] SELECT `option_value` FROM `cmf_option` WHERE  `option_name` = 'storage' LIMIT 1 [ RunTime:0.000233s ]
[2026-05-25T10:27:22+08:00][sql] SELECT `option_value` FROM `cmf_option` WHERE  `option_name` = 'product_category_faq_settings' LIMIT 1 [ RunTime:0.000340s ]
[2026-05-25T10:27:22+08:00][sql] SHOW FULL COLUMNS FROM `cmf_portal_post` [ RunTime:0.002254s ]
[2026-05-25T10:27:22+08:00][sql] SELECT `id`,`post_title`,`post_excerpt`,`more` FROM `cmf_portal_post` WHERE (  `post_type` = 3 ) AND `cmf_portal_post`.`delete_time` = '0' ORDER BY `create_time` DESC [ RunTime:0.000793s ]
[2026-05-25T10:27:22+08:00][sql] SHOW FULL COLUMNS FROM `cmf_theme_file` [ RunTime:0.002294s ]
[2026-05-25T10:27:22+08:00][sql] SELECT `more`,`file`,`id` FROM `cmf_theme_file` WHERE  `theme` = 'simpleboot3'  AND (  `is_public` = 1 OR `file` = 'portal/product' ) ORDER BY `is_public` DESC [ RunTime:0.000535s ]
[2026-05-25T10:27:24+08:00][sql] CONNECT:[ UseTime:0.002253s ] mysql:host=127.0.0.1;port=3306;dbname=weihua;charset=utf8mb4
[2026-05-25T10:27:24+08:00][sql] SHOW FULL COLUMNS FROM `cmf_option` [ RunTime:0.002299s ]
[2026-05-25T10:27:24+08:00][sql] SELECT `option_value` FROM `cmf_option` WHERE  `option_name` = 'cdn_settings' LIMIT 1 [ RunTime:0.000349s ]
[2026-05-25T10:27:24+08:00][sql] SELECT `option_value` FROM `cmf_option` WHERE  `option_name` = 'cdn_settings' LIMIT 1 [ RunTime:0.000412s ]
[2026-05-25T10:27:24+08:00][sql] SHOW FULL COLUMNS FROM `cmf_product_category` [ RunTime:0.001291s ]
[2026-05-25T10:27:24+08:00][sql] SELECT * FROM `cmf_product_category` WHERE  `parent_id` = 0 ORDER BY `list_order` ASC,`create_time` DESC [ RunTime:0.000515s ]
[2026-05-25T10:27:24+08:00][sql] SELECT * FROM `cmf_product_category` WHERE  `parent_id` IN (28,19,22,23,25,27,30) [ RunTime:0.000471s ]
[2026-05-25T10:27:24+08:00][sql] SHOW FULL COLUMNS FROM `cmf_portal_category` [ RunTime:0.001555s ]
[2026-05-25T10:27:24+08:00][sql] SELECT * FROM `cmf_portal_category` WHERE (  `type` = 8 ) AND `cmf_portal_category`.`delete_time` = '0' ORDER BY `list_order` ASC [ RunTime:0.000497s ]
[2026-05-25T10:27:24+08:00][sql] SHOW FULL COLUMNS FROM `cmf_product` [ RunTime:0.001155s ]
[2026-05-25T10:27:24+08:00][sql] SELECT * FROM `cmf_product` WHERE  `id` = 183 LIMIT 1 [ RunTime:0.000482s ]
[2026-05-25T10:27:24+08:00][sql] SELECT * FROM `cmf_product_category` WHERE  `id` = 28 LIMIT 1 [ RunTime:0.000313s ]
[2026-05-25T10:27:24+08:00][sql] SELECT `option_value` FROM `cmf_option` WHERE  `option_name` = 'product_setting' LIMIT 1 [ RunTime:0.000274s ]
[2026-05-25T10:27:24+08:00][sql] SELECT `id`,`title`,`industry`,`thumbnail` FROM `cmf_product` WHERE  `id` <> 183  AND `is_recommended` = 1  AND `category_id` = 28 ORDER BY RAND() LIMIT 4 [ RunTime:0.002377s ]
[2026-05-25T10:27:24+08:00][sql] SHOW FULL COLUMNS FROM `cmf_slide_item` [ RunTime:0.001285s ]
[2026-05-25T10:27:24+08:00][sql] SELECT `title`,`description`,`image` FROM `cmf_slide_item` WHERE  `slide_id` = 2  AND `status` = 1 ORDER BY `list_order` ASC,`id` DESC LIMIT 1 [ RunTime:0.000546s ]
[2026-05-25T10:27:24+08:00][sql] SHOW FULL COLUMNS FROM `cmf_theme_file` [ RunTime:0.002599s ]
[2026-05-25T10:27:24+08:00][sql] SELECT `more`,`file`,`id` FROM `cmf_theme_file` WHERE  `theme` = 'simpleboot3'  AND (  `is_public` = 1 OR `file` = 'portal/product-info' ) ORDER BY `is_public` DESC [ RunTime:0.000889s ]
[2026-05-25T10:27:24+08:00][sql] SELECT `option_value` FROM `cmf_option` WHERE  `option_name` = 'storage' LIMIT 1 [ RunTime:0.000569s ]
[2026-05-25T10:27:43+08:00][sql] CONNECT:[ UseTime:0.000775s ] mysql:host=127.0.0.1;port=3306;dbname=weihua;charset=utf8mb4
[2026-05-25T10:27:43+08:00][sql] SHOW FULL COLUMNS FROM `cmf_option` [ RunTime:0.001887s ]
[2026-05-25T10:27:43+08:00][sql] SELECT `option_value` FROM `cmf_option` WHERE  `option_name` = 'cdn_settings' LIMIT 1 [ RunTime:0.000327s ]
[2026-05-25T10:27:43+08:00][sql] SELECT `option_value` FROM `cmf_option` WHERE  `option_name` = 'cdn_settings' LIMIT 1 [ RunTime:0.000261s ]
[2026-05-25T10:27:43+08:00][sql] SHOW FULL COLUMNS FROM `cmf_product_category` [ RunTime:0.000906s ]
[2026-05-25T10:27:43+08:00][sql] SELECT * FROM `cmf_product_category` WHERE  `parent_id` = 0 ORDER BY `list_order` ASC,`create_time` DESC [ RunTime:0.000419s ]
[2026-05-25T10:27:43+08:00][sql] SELECT * FROM `cmf_product_category` WHERE  `parent_id` IN (28,19,22,23,25,27,30) [ RunTime:0.000503s ]
[2026-05-25T10:27:43+08:00][sql] SHOW FULL COLUMNS FROM `cmf_portal_category` [ RunTime:0.001041s ]
[2026-05-25T10:27:43+08:00][sql] SELECT * FROM `cmf_portal_category` WHERE (  `type` = 8 ) AND `cmf_portal_category`.`delete_time` = '0' ORDER BY `list_order` ASC [ RunTime:0.000436s ]
[2026-05-25T10:27:43+08:00][sql] SHOW FULL COLUMNS FROM `cmf_product` [ RunTime:0.001016s ]
[2026-05-25T10:27:43+08:00][sql] SELECT * FROM `cmf_product` WHERE  `id` = 181 LIMIT 1 [ RunTime:0.000626s ]
[2026-05-25T10:27:43+08:00][sql] SELECT * FROM `cmf_product_category` WHERE  `id` = 28 LIMIT 1 [ RunTime:0.000439s ]
[2026-05-25T10:27:43+08:00][sql] SELECT `id`,`title`,`industry`,`thumbnail` FROM `cmf_product` WHERE  `id` <> 181  AND `is_recommended` = 1  AND `category_id` = 28 ORDER BY RAND() LIMIT 4 [ RunTime:0.000492s ]
[2026-05-25T10:27:43+08:00][sql] SHOW FULL COLUMNS FROM `cmf_slide_item` [ RunTime:0.001703s ]
[2026-05-25T10:27:43+08:00][sql] SELECT `title`,`description`,`image` FROM `cmf_slide_item` WHERE  `slide_id` = 2  AND `status` = 1 ORDER BY `list_order` ASC,`id` DESC LIMIT 1 [ RunTime:0.000447s ]
[2026-05-25T10:27:43+08:00][sql] SHOW FULL COLUMNS FROM `cmf_theme_file` [ RunTime:0.001516s ]
[2026-05-25T10:27:43+08:00][sql] SELECT `more`,`file`,`id` FROM `cmf_theme_file` WHERE  `theme` = 'simpleboot3'  AND (  `is_public` = 1 OR `file` = 'portal/product-info' ) ORDER BY `is_public` DESC [ RunTime:0.000676s ]
[2026-05-25T10:27:43+08:00][sql] SELECT `option_value` FROM `cmf_option` WHERE  `option_name` = 'storage' LIMIT 1 [ RunTime:0.000447s ]
[2026-05-25T10:28:04+08:00][sql] CONNECT:[ UseTime:0.003040s ] mysql:host=127.0.0.1;port=3306;dbname=weihua;charset=utf8mb4
[2026-05-25T10:28:04+08:00][sql] SHOW FULL COLUMNS FROM `cmf_option` [ RunTime:0.002897s ]
[2026-05-25T10:28:04+08:00][sql] SELECT `option_value` FROM `cmf_option` WHERE  `option_name` = 'cdn_settings' LIMIT 1 [ RunTime:0.000480s ]
[2026-05-25T10:28:04+08:00][sql] SELECT `option_value` FROM `cmf_option` WHERE  `option_name` = 'cdn_settings' LIMIT 1 [ RunTime:0.000665s ]
[2026-05-25T10:28:04+08:00][sql] SHOW FULL COLUMNS FROM `cmf_product_category` [ RunTime:0.001403s ]
[2026-05-25T10:28:04+08:00][sql] SELECT * FROM `cmf_product_category` WHERE  `parent_id` = 0 ORDER BY `list_order` ASC,`create_time` DESC [ RunTime:0.000560s ]
[2026-05-25T10:28:04+08:00][sql] SELECT * FROM `cmf_product_category` WHERE  `parent_id` IN (28,19,22,23,25,27,30) [ RunTime:0.000640s ]
[2026-05-25T10:28:04+08:00][sql] SHOW FULL COLUMNS FROM `cmf_portal_category` [ RunTime:0.001719s ]
[2026-05-25T10:28:04+08:00][sql] SELECT * FROM `cmf_portal_category` WHERE (  `type` = 8 ) AND `cmf_portal_category`.`delete_time` = '0' ORDER BY `list_order` ASC [ RunTime:0.000717s ]
[2026-05-25T10:28:04+08:00][sql] SHOW FULL COLUMNS FROM `cmf_slide_item` [ RunTime:0.001473s ]
[2026-05-25T10:28:04+08:00][sql] SELECT `title`,`description`,`image`,`url`,`target`,`content` FROM `cmf_slide_item` WHERE  `slide_id` = 1 ORDER BY `list_order` ASC [ RunTime:0.000567s ]
[2026-05-25T10:28:04+08:00][sql] SHOW FULL COLUMNS FROM `cmf_slide` [ RunTime:0.001201s ]
[2026-05-25T10:28:04+08:00][sql] SELECT * FROM `cmf_slide` WHERE  `name` LIKE '%choose%' OR `name` LIKE '%选择%' LIMIT 1 [ RunTime:0.000462s ]
[2026-05-25T10:28:04+08:00][sql] SELECT `title`,`description`,`image`,`url`,`target`,`content` FROM `cmf_slide_item` WHERE  `slide_id` = 14  AND `status` = 1 ORDER BY `list_order` ASC [ RunTime:0.000371s ]
[2026-05-25T10:28:04+08:00][sql] SELECT * FROM `cmf_product_category` WHERE  `parent_id` = 0  AND `recommend` = 1 ORDER BY `list_order` ASC,`create_time` DESC [ RunTime:0.000454s ]
[2026-05-25T10:28:04+08:00][sql] SHOW FULL COLUMNS FROM `cmf_product` [ RunTime:0.001733s ]
[2026-05-25T10:28:04+08:00][sql] SELECT `id`,`title`,`thumbnail`,`industry` FROM `cmf_product` WHERE  `is_recommended` = 1  AND `category_id` = 28 ORDER BY `list_order` ASC LIMIT 6 [ RunTime:0.001030s ]
[2026-05-25T10:28:04+08:00][sql] SELECT `id`,`title`,`thumbnail`,`industry` FROM `cmf_product` WHERE  `is_recommended` = 1  AND `category_id` = 19 ORDER BY `list_order` ASC LIMIT 6 [ RunTime:0.000543s ]
[2026-05-25T10:28:04+08:00][sql] SELECT `id`,`title`,`thumbnail`,`industry` FROM `cmf_product` WHERE  `is_recommended` = 1  AND `category_id` = 23 ORDER BY `list_order` ASC LIMIT 6 [ RunTime:0.000579s ]
[2026-05-25T10:28:04+08:00][sql] SHOW FULL COLUMNS FROM `cmf_portal_post` [ RunTime:0.001666s ]
[2026-05-25T10:28:04+08:00][sql] SELECT `p`.`id`,`p`.`post_title`,`p`.`post_excerpt`,`p`.`thumbnail`,`p`.`create_time`,`c`.`category_id` FROM `cmf_portal_post` `p` INNER JOIN `cmf_portal_category_post` `c` ON `p`.`id`=`c`.`post_id` WHERE (  `p`.`post_type` = '8' ) AND `p`.`delete_time` = '0' ORDER BY `c`.`list_order` ASC,`p`.`create_time` DESC [ RunTime:0.001288s ]
[2026-05-25T10:28:04+08:00][sql] SELECT `id`,`post_title`,`post_excerpt`,`more` FROM `cmf_portal_post` WHERE (  `post_type` = 3 ) AND `cmf_portal_post`.`delete_time` = '0' ORDER BY `create_time` DESC [ RunTime:0.000537s ]
[2026-05-25T10:28:04+08:00][sql] SHOW FULL COLUMNS FROM `cmf_theme_file` [ RunTime:0.001010s ]
[2026-05-25T10:28:04+08:00][sql] SELECT `more`,`file`,`id` FROM `cmf_theme_file` WHERE  `theme` = 'simpleboot3'  AND (  `is_public` = 1 OR `file` = 'portal/index' ) ORDER BY `is_public` DESC [ RunTime:0.000462s ]
[2026-05-25T10:28:04+08:00][sql] SELECT `option_value` FROM `cmf_option` WHERE  `option_name` = 'storage' LIMIT 1 [ RunTime:0.000607s ]
[2026-05-25T10:28:12+08:00][sql] CONNECT:[ UseTime:0.001278s ] mysql:host=127.0.0.1;port=3306;dbname=weihua;charset=utf8mb4
[2026-05-25T10:28:12+08:00][sql] SHOW FULL COLUMNS FROM `cmf_option` [ RunTime:0.002077s ]
[2026-05-25T10:28:12+08:00][sql] SELECT `option_value` FROM `cmf_option` WHERE  `option_name` = 'cdn_settings' LIMIT 1 [ RunTime:0.000369s ]
[2026-05-25T10:28:12+08:00][sql] SELECT `option_value` FROM `cmf_option` WHERE  `option_name` = 'cdn_settings' LIMIT 1 [ RunTime:0.000734s ]
[2026-05-25T10:28:12+08:00][sql] SHOW FULL COLUMNS FROM `cmf_product_category` [ RunTime:0.000896s ]
[2026-05-25T10:28:12+08:00][sql] SELECT * FROM `cmf_product_category` WHERE  `parent_id` = 0 ORDER BY `list_order` ASC,`create_time` DESC [ RunTime:0.000417s ]
[2026-05-25T10:28:12+08:00][sql] SELECT * FROM `cmf_product_category` WHERE  `parent_id` IN (28,19,22,23,25,27,30) [ RunTime:0.000371s ]
[2026-05-25T10:28:12+08:00][sql] SHOW FULL COLUMNS FROM `cmf_portal_category` [ RunTime:0.001950s ]
[2026-05-25T10:28:12+08:00][sql] SELECT * FROM `cmf_portal_category` WHERE (  `type` = 8 ) AND `cmf_portal_category`.`delete_time` = '0' ORDER BY `list_order` ASC [ RunTime:0.000553s ]
[2026-05-25T10:28:12+08:00][sql] SHOW FULL COLUMNS FROM `cmf_slide_item` [ RunTime:0.000934s ]
[2026-05-25T10:28:12+08:00][sql] SELECT `title`,`description`,`image`,`url`,`target`,`content` FROM `cmf_slide_item` WHERE  `slide_id` = 1 ORDER BY `list_order` ASC [ RunTime:0.000369s ]
[2026-05-25T10:28:12+08:00][sql] SHOW FULL COLUMNS FROM `cmf_slide` [ RunTime:0.000753s ]
[2026-05-25T10:28:12+08:00][sql] SELECT * FROM `cmf_slide` WHERE  `name` LIKE '%choose%' OR `name` LIKE '%选择%' LIMIT 1 [ RunTime:0.000297s ]
[2026-05-25T10:28:12+08:00][sql] SELECT `title`,`description`,`image`,`url`,`target`,`content` FROM `cmf_slide_item` WHERE  `slide_id` = 14  AND `status` = 1 ORDER BY `list_order` ASC [ RunTime:0.000347s ]
[2026-05-25T10:28:12+08:00][sql] SELECT * FROM `cmf_product_category` WHERE  `parent_id` = 0  AND `recommend` = 1 ORDER BY `list_order` ASC,`create_time` DESC [ RunTime:0.000313s ]
[2026-05-25T10:28:12+08:00][sql] SHOW FULL COLUMNS FROM `cmf_product` [ RunTime:0.000954s ]
[2026-05-25T10:28:12+08:00][sql] SELECT `id`,`title`,`thumbnail`,`industry` FROM `cmf_product` WHERE  `is_recommended` = 1  AND `category_id` = 28 ORDER BY `list_order` ASC LIMIT 6 [ RunTime:0.000561s ]
[2026-05-25T10:28:12+08:00][sql] SELECT `id`,`title`,`thumbnail`,`industry` FROM `cmf_product` WHERE  `is_recommended` = 1  AND `category_id` = 19 ORDER BY `list_order` ASC LIMIT 6 [ RunTime:0.000373s ]
[2026-05-25T10:28:12+08:00][sql] SELECT `id`,`title`,`thumbnail`,`industry` FROM `cmf_product` WHERE  `is_recommended` = 1  AND `category_id` = 23 ORDER BY `list_order` ASC LIMIT 6 [ RunTime:0.000326s ]
[2026-05-25T10:28:12+08:00][sql] SHOW FULL COLUMNS FROM `cmf_portal_post` [ RunTime:0.002781s ]
[2026-05-25T10:28:12+08:00][sql] SELECT `p`.`id`,`p`.`post_title`,`p`.`post_excerpt`,`p`.`thumbnail`,`p`.`create_time`,`c`.`category_id` FROM `cmf_portal_post` `p` INNER JOIN `cmf_portal_category_post` `c` ON `p`.`id`=`c`.`post_id` WHERE (  `p`.`post_type` = '8' ) AND `p`.`delete_time` = '0' ORDER BY `c`.`list_order` ASC,`p`.`create_time` DESC [ RunTime:0.001005s ]
[2026-05-25T10:28:12+08:00][sql] SELECT `id`,`post_title`,`post_excerpt`,`more` FROM `cmf_portal_post` WHERE (  `post_type` = 3 ) AND `cmf_portal_post`.`delete_time` = '0' ORDER BY `create_time` DESC [ RunTime:0.000660s ]
[2026-05-25T10:28:12+08:00][sql] SHOW FULL COLUMNS FROM `cmf_theme_file` [ RunTime:0.001389s ]
[2026-05-25T10:28:12+08:00][sql] SELECT `more`,`file`,`id` FROM `cmf_theme_file` WHERE  `theme` = 'simpleboot3_mobile'  AND (  `is_public` = 1 OR `file` = 'portal/index' ) ORDER BY `is_public` DESC [ RunTime:0.000487s ]
[2026-05-25T10:28:12+08:00][sql] SELECT `option_value` FROM `cmf_option` WHERE  `option_name` = 'storage' LIMIT 1 [ RunTime:0.000643s ]
[2026-05-25T10:28:27+08:00][sql] CONNECT:[ UseTime:0.011049s ] mysql:host=127.0.0.1;port=3306;dbname=weihua;charset=utf8mb4
[2026-05-25T10:28:27+08:00][sql] SHOW FULL COLUMNS FROM `cmf_option` [ RunTime:0.002063s ]
[2026-05-25T10:28:27+08:00][sql] SELECT `option_value` FROM `cmf_option` WHERE  `option_name` = 'cdn_settings' LIMIT 1 [ RunTime:0.000298s ]
[2026-05-25T10:28:27+08:00][sql] SELECT `option_value` FROM `cmf_option` WHERE  `option_name` = 'cdn_settings' LIMIT 1 [ RunTime:0.000294s ]
[2026-05-25T10:28:27+08:00][sql] SHOW FULL COLUMNS FROM `cmf_product_category` [ RunTime:0.000924s ]
[2026-05-25T10:28:27+08:00][sql] SELECT * FROM `cmf_product_category` WHERE  `parent_id` = 0 ORDER BY `list_order` ASC,`create_time` DESC [ RunTime:0.000401s ]
[2026-05-25T10:28:27+08:00][sql] SELECT * FROM `cmf_product_category` WHERE  `parent_id` IN (28,19,22,23,25,27,30) [ RunTime:0.000302s ]
[2026-05-25T10:28:27+08:00][sql] SHOW FULL COLUMNS FROM `cmf_portal_category` [ RunTime:0.001489s ]
[2026-05-25T10:28:27+08:00][sql] SELECT * FROM `cmf_portal_category` WHERE (  `type` = 8 ) AND `cmf_portal_category`.`delete_time` = '0' ORDER BY `list_order` ASC [ RunTime:0.000811s ]
[2026-05-25T10:28:27+08:00][sql] SHOW FULL COLUMNS FROM `cmf_product` [ RunTime:0.001381s ]
[2026-05-25T10:28:27+08:00][sql] SELECT COUNT(*) AS think_count FROM `cmf_product` WHERE  `category_id` = 28 LIMIT 1 [ RunTime:0.000459s ]
[2026-05-25T10:28:27+08:00][sql] SELECT COUNT(*) AS think_count FROM `cmf_product` WHERE  `category_id` = 19 LIMIT 1 [ RunTime:0.000304s ]
[2026-05-25T10:28:27+08:00][sql] SELECT COUNT(*) AS think_count FROM `cmf_product` WHERE  `category_id` = 22 LIMIT 1 [ RunTime:0.000293s ]
[2026-05-25T10:28:27+08:00][sql] SELECT COUNT(*) AS think_count FROM `cmf_product` WHERE  `category_id` = 23 LIMIT 1 [ RunTime:0.000251s ]
[2026-05-25T10:28:27+08:00][sql] SELECT COUNT(*) AS think_count FROM `cmf_product` WHERE  `category_id` = 25 LIMIT 1 [ RunTime:0.000231s ]
[2026-05-25T10:28:27+08:00][sql] SELECT COUNT(*) AS think_count FROM `cmf_product` WHERE  `category_id` = 27 LIMIT 1 [ RunTime:0.000199s ]
[2026-05-25T10:28:27+08:00][sql] SELECT * FROM `cmf_product` WHERE  `category_id` = 27  AND `thumbnail` <> '' ORDER BY `list_order` ASC,`id` DESC LIMIT 1 [ RunTime:0.000452s ]
[2026-05-25T10:28:27+08:00][sql] SELECT COUNT(*) AS think_count FROM `cmf_product` WHERE  `category_id` = 30 LIMIT 1 [ RunTime:0.000224s ]
[2026-05-25T10:28:27+08:00][sql] SELECT COUNT(*) AS think_count FROM `cmf_product` LIMIT 1 [ RunTime:0.000202s ]
[2026-05-25T10:28:27+08:00][sql] SELECT `id`,`category_id`,`title`,`thumbnail`,`industry`,`overview` FROM `cmf_product` ORDER BY `list_order` ASC,`create_time` DESC LIMIT 0,12 [ RunTime:0.000720s ]
[2026-05-25T10:28:27+08:00][sql] SHOW FULL COLUMNS FROM `cmf_slide_item` [ RunTime:0.000847s ]
[2026-05-25T10:28:27+08:00][sql] SELECT `title`,`description`,`image` FROM `cmf_slide_item` WHERE  `slide_id` = 7  AND `status` = 1 ORDER BY `list_order` ASC,`id` DESC LIMIT 1 [ RunTime:0.000342s ]
[2026-05-25T10:28:27+08:00][sql] SELECT `option_value` FROM `cmf_option` WHERE  `option_name` = 'storage' LIMIT 1 [ RunTime:0.000254s ]
[2026-05-25T10:28:27+08:00][sql] SHOW FULL COLUMNS FROM `cmf_portal_post` [ RunTime:0.000898s ]
[2026-05-25T10:28:27+08:00][sql] SELECT `id`,`post_title`,`post_excerpt`,`more` FROM `cmf_portal_post` WHERE (  `post_type` = 3 ) AND `cmf_portal_post`.`delete_time` = '0' ORDER BY `create_time` DESC [ RunTime:0.000441s ]
[2026-05-25T10:28:27+08:00][sql] SHOW FULL COLUMNS FROM `cmf_theme_file` [ RunTime:0.001423s ]
[2026-05-25T10:28:27+08:00][sql] SELECT `more`,`file`,`id` FROM `cmf_theme_file` WHERE  `theme` = 'simpleboot3_mobile'  AND (  `is_public` = 1 OR `file` = 'portal/product' ) ORDER BY `is_public` DESC [ RunTime:0.001177s ]
[2026-05-25T10:28:30+08:00][sql] CONNECT:[ UseTime:0.000778s ] mysql:host=127.0.0.1;port=3306;dbname=weihua;charset=utf8mb4
[2026-05-25T10:28:30+08:00][sql] SHOW FULL COLUMNS FROM `cmf_option` [ RunTime:0.003844s ]
[2026-05-25T10:28:30+08:00][sql] SELECT `option_value` FROM `cmf_option` WHERE  `option_name` = 'cdn_settings' LIMIT 1 [ RunTime:0.000716s ]
[2026-05-25T10:28:30+08:00][sql] SELECT `option_value` FROM `cmf_option` WHERE  `option_name` = 'cdn_settings' LIMIT 1 [ RunTime:0.000719s ]
[2026-05-25T10:28:30+08:00][sql] SHOW FULL COLUMNS FROM `cmf_product_category` [ RunTime:0.001790s ]
[2026-05-25T10:28:30+08:00][sql] SELECT * FROM `cmf_product_category` WHERE  `parent_id` = 0 ORDER BY `list_order` ASC,`create_time` DESC [ RunTime:0.000444s ]
[2026-05-25T10:28:30+08:00][sql] SELECT * FROM `cmf_product_category` WHERE  `parent_id` IN (28,19,22,23,25,27,30) [ RunTime:0.000762s ]
[2026-05-25T10:28:30+08:00][sql] SHOW FULL COLUMNS FROM `cmf_portal_category` [ RunTime:0.001946s ]
[2026-05-25T10:28:30+08:00][sql] SELECT * FROM `cmf_portal_category` WHERE (  `type` = 8 ) AND `cmf_portal_category`.`delete_time` = '0' ORDER BY `list_order` ASC [ RunTime:0.001292s ]
[2026-05-25T10:28:30+08:00][sql] SELECT * FROM `cmf_product_category` WHERE  `id` = 28 LIMIT 1 [ RunTime:0.000343s ]
[2026-05-25T10:28:30+08:00][sql] SHOW FULL COLUMNS FROM `cmf_product` [ RunTime:0.001344s ]
[2026-05-25T10:28:30+08:00][sql] SELECT COUNT(*) AS think_count FROM `cmf_product` WHERE  `category_id` = 28 LIMIT 1 [ RunTime:0.000392s ]
[2026-05-25T10:28:30+08:00][sql] SELECT COUNT(*) AS think_count FROM `cmf_product` WHERE  `category_id` = 19 LIMIT 1 [ RunTime:0.000241s ]
[2026-05-25T10:28:30+08:00][sql] SELECT COUNT(*) AS think_count FROM `cmf_product` WHERE  `category_id` = 22 LIMIT 1 [ RunTime:0.000238s ]
[2026-05-25T10:28:30+08:00][sql] SELECT COUNT(*) AS think_count FROM `cmf_product` WHERE  `category_id` = 23 LIMIT 1 [ RunTime:0.000230s ]
[2026-05-25T10:28:30+08:00][sql] SELECT COUNT(*) AS think_count FROM `cmf_product` WHERE  `category_id` = 25 LIMIT 1 [ RunTime:0.000229s ]
[2026-05-25T10:28:30+08:00][sql] SELECT COUNT(*) AS think_count FROM `cmf_product` WHERE  `category_id` = 27 LIMIT 1 [ RunTime:0.000270s ]
[2026-05-25T10:28:30+08:00][sql] SELECT * FROM `cmf_product` WHERE  `category_id` = 27  AND `thumbnail` <> '' ORDER BY `list_order` ASC,`id` DESC LIMIT 1 [ RunTime:0.000468s ]
[2026-05-25T10:28:30+08:00][sql] SELECT COUNT(*) AS think_count FROM `cmf_product` WHERE  `category_id` = 30 LIMIT 1 [ RunTime:0.000246s ]
[2026-05-25T10:28:30+08:00][sql] SELECT COUNT(*) AS think_count FROM `cmf_product` WHERE  `category_id` = 28 LIMIT 1 [ RunTime:0.000252s ]
[2026-05-25T10:28:30+08:00][sql] SELECT `id`,`category_id`,`title`,`thumbnail`,`industry`,`overview` FROM `cmf_product` WHERE  `category_id` = 28 ORDER BY `list_order` ASC,`create_time` DESC LIMIT 0,12 [ RunTime:0.000595s ]
[2026-05-25T10:28:30+08:00][sql] SHOW FULL COLUMNS FROM `cmf_slide_item` [ RunTime:0.001195s ]
[2026-05-25T10:28:30+08:00][sql] SELECT `title`,`description`,`image` FROM `cmf_slide_item` WHERE  `slide_id` = 7  AND `status` = 1 ORDER BY `list_order` ASC,`id` DESC LIMIT 1 [ RunTime:0.000375s ]
[2026-05-25T10:28:30+08:00][sql] SELECT `option_value` FROM `cmf_option` WHERE  `option_name` = 'storage' LIMIT 1 [ RunTime:0.000338s ]
[2026-05-25T10:28:30+08:00][sql] SHOW FULL COLUMNS FROM `cmf_portal_post` [ RunTime:0.001691s ]
[2026-05-25T10:28:30+08:00][sql] SELECT `id`,`post_title`,`post_excerpt`,`more` FROM `cmf_portal_post` WHERE (  `post_type` = 3 ) AND `cmf_portal_post`.`delete_time` = '0' ORDER BY `create_time` DESC [ RunTime:0.000530s ]
[2026-05-25T10:28:30+08:00][sql] SHOW FULL COLUMNS FROM `cmf_theme_file` [ RunTime:0.000844s ]
[2026-05-25T10:28:30+08:00][sql] SELECT `more`,`file`,`id` FROM `cmf_theme_file` WHERE  `theme` = 'simpleboot3_mobile'  AND (  `is_public` = 1 OR `file` = 'portal/product' ) ORDER BY `is_public` DESC [ RunTime:0.000344s ]
[2026-05-25T10:28:35+08:00][sql] CONNECT:[ UseTime:0.001021s ] mysql:host=127.0.0.1;port=3306;dbname=weihua;charset=utf8mb4
[2026-05-25T10:28:35+08:00][sql] SHOW FULL COLUMNS FROM `cmf_option` [ RunTime:0.002431s ]
[2026-05-25T10:28:35+08:00][sql] SELECT `option_value` FROM `cmf_option` WHERE  `option_name` = 'cdn_settings' LIMIT 1 [ RunTime:0.000336s ]
[2026-05-25T10:28:35+08:00][sql] SELECT `option_value` FROM `cmf_option` WHERE  `option_name` = 'cdn_settings' LIMIT 1 [ RunTime:0.000903s ]
[2026-05-25T10:28:35+08:00][sql] SHOW FULL COLUMNS FROM `cmf_product_category` [ RunTime:0.001053s ]
[2026-05-25T10:28:35+08:00][sql] SELECT * FROM `cmf_product_category` WHERE  `parent_id` = 0 ORDER BY `list_order` ASC,`create_time` DESC [ RunTime:0.000400s ]
[2026-05-25T10:28:35+08:00][sql] SELECT * FROM `cmf_product_category` WHERE  `parent_id` IN (28,19,22,23,25,27,30) [ RunTime:0.000378s ]
[2026-05-25T10:28:35+08:00][sql] SHOW FULL COLUMNS FROM `cmf_portal_category` [ RunTime:0.000930s ]
[2026-05-25T10:28:35+08:00][sql] SELECT * FROM `cmf_portal_category` WHERE (  `type` = 8 ) AND `cmf_portal_category`.`delete_time` = '0' ORDER BY `list_order` ASC [ RunTime:0.001162s ]
[2026-05-25T10:28:35+08:00][sql] SHOW FULL COLUMNS FROM `cmf_product` [ RunTime:0.001139s ]
[2026-05-25T10:28:35+08:00][sql] SELECT * FROM `cmf_product` WHERE  `id` = 183 LIMIT 1 [ RunTime:0.000491s ]
[2026-05-25T10:28:35+08:00][sql] SELECT * FROM `cmf_product_category` WHERE  `id` = 28 LIMIT 1 [ RunTime:0.000297s ]
[2026-05-25T10:28:35+08:00][sql] SELECT `id`,`title`,`industry`,`thumbnail` FROM `cmf_product` WHERE  `id` <> 183  AND `is_recommended` = 1  AND `category_id` = 28 ORDER BY RAND() LIMIT 4 [ RunTime:0.000712s ]
[2026-05-25T10:28:35+08:00][sql] SHOW FULL COLUMNS FROM `cmf_slide_item` [ RunTime:0.001396s ]
[2026-05-25T10:28:35+08:00][sql] SELECT `title`,`description`,`image` FROM `cmf_slide_item` WHERE  `slide_id` = 7  AND `status` = 1 ORDER BY `list_order` ASC,`id` DESC LIMIT 1 [ RunTime:0.000485s ]
[2026-05-25T10:28:35+08:00][sql] SHOW FULL COLUMNS FROM `cmf_theme_file` [ RunTime:0.001104s ]
[2026-05-25T10:28:35+08:00][sql] SELECT `more`,`file`,`id` FROM `cmf_theme_file` WHERE  `theme` = 'simpleboot3_mobile'  AND (  `is_public` = 1 OR `file` = 'portal/product-info' ) ORDER BY `is_public` DESC [ RunTime:0.000411s ]
[2026-05-25T10:28:35+08:00][sql] SELECT `option_value` FROM `cmf_option` WHERE  `option_name` = 'storage' LIMIT 1 [ RunTime:0.000466s ]
[2026-05-25T10:30:01+08:00][sql] CONNECT:[ UseTime:0.001505s ] mysql:host=127.0.0.1;port=3306;dbname=weihua;charset=utf8mb4
[2026-05-25T10:30:01+08:00][sql] SHOW FULL COLUMNS FROM `cmf_option` [ RunTime:0.002033s ]
[2026-05-25T10:30:01+08:00][sql] SELECT `option_value` FROM `cmf_option` WHERE  `option_name` = 'cdn_settings' LIMIT 1 [ RunTime:0.000389s ]
[2026-05-25T10:30:01+08:00][sql] SELECT `option_value` FROM `cmf_option` WHERE  `option_name` = 'cdn_settings' LIMIT 1 [ RunTime:0.000559s ]
[2026-05-25T10:30:01+08:00][sql] SHOW FULL COLUMNS FROM `cmf_product_category` [ RunTime:0.001756s ]
[2026-05-25T10:30:01+08:00][sql] SELECT * FROM `cmf_product_category` WHERE  `parent_id` = 0 ORDER BY `list_order` ASC,`create_time` DESC [ RunTime:0.000510s ]
[2026-05-25T10:30:01+08:00][sql] SELECT * FROM `cmf_product_category` WHERE  `parent_id` IN (28,19,22,23,25,27,30) [ RunTime:0.000642s ]
[2026-05-25T10:30:01+08:00][sql] SHOW FULL COLUMNS FROM `cmf_portal_category` [ RunTime:0.001199s ]
[2026-05-25T10:30:01+08:00][sql] SELECT * FROM `cmf_portal_category` WHERE (  `type` = 8 ) AND `cmf_portal_category`.`delete_time` = '0' ORDER BY `list_order` ASC [ RunTime:0.001149s ]
[2026-05-25T10:30:01+08:00][sql] SHOW FULL COLUMNS FROM `cmf_slide_item` [ RunTime:0.001147s ]
[2026-05-25T10:30:01+08:00][sql] SELECT `title`,`description`,`image`,`url`,`target`,`content` FROM `cmf_slide_item` WHERE  `slide_id` = 1 ORDER BY `list_order` ASC [ RunTime:0.000390s ]
[2026-05-25T10:30:01+08:00][sql] SHOW FULL COLUMNS FROM `cmf_slide` [ RunTime:0.000949s ]
[2026-05-25T10:30:01+08:00][sql] SELECT * FROM `cmf_slide` WHERE  `name` LIKE '%choose%' OR `name` LIKE '%选择%' LIMIT 1 [ RunTime:0.000585s ]
[2026-05-25T10:30:01+08:00][sql] SELECT `title`,`description`,`image`,`url`,`target`,`content` FROM `cmf_slide_item` WHERE  `slide_id` = 14  AND `status` = 1 ORDER BY `list_order` ASC [ RunTime:0.000461s ]
[2026-05-25T10:30:01+08:00][sql] SELECT * FROM `cmf_product_category` WHERE  `parent_id` = 0  AND `recommend` = 1 ORDER BY `list_order` ASC,`create_time` DESC [ RunTime:0.000518s ]
[2026-05-25T10:30:01+08:00][sql] SHOW FULL COLUMNS FROM `cmf_product` [ RunTime:0.001600s ]
[2026-05-25T10:30:01+08:00][sql] SELECT `id`,`title`,`thumbnail`,`industry` FROM `cmf_product` WHERE  `is_recommended` = 1  AND `category_id` = 28 ORDER BY `list_order` ASC LIMIT 6 [ RunTime:0.000772s ]
[2026-05-25T10:30:01+08:00][sql] SELECT `id`,`title`,`thumbnail`,`industry` FROM `cmf_product` WHERE  `is_recommended` = 1  AND `category_id` = 19 ORDER BY `list_order` ASC LIMIT 6 [ RunTime:0.000456s ]
[2026-05-25T10:30:01+08:00][sql] SELECT `id`,`title`,`thumbnail`,`industry` FROM `cmf_product` WHERE  `is_recommended` = 1  AND `category_id` = 23 ORDER BY `list_order` ASC LIMIT 6 [ RunTime:0.000440s ]
[2026-05-25T10:30:01+08:00][sql] SHOW FULL COLUMNS FROM `cmf_portal_post` [ RunTime:0.001675s ]
[2026-05-25T10:30:01+08:00][sql] SELECT `p`.`id`,`p`.`post_title`,`p`.`post_excerpt`,`p`.`thumbnail`,`p`.`create_time`,`c`.`category_id` FROM `cmf_portal_post` `p` INNER JOIN `cmf_portal_category_post` `c` ON `p`.`id`=`c`.`post_id` WHERE (  `p`.`post_type` = '8' ) AND `p`.`delete_time` = '0' ORDER BY `c`.`list_order` ASC,`p`.`create_time` DESC [ RunTime:0.000789s ]
[2026-05-25T10:30:01+08:00][sql] SELECT `id`,`post_title`,`post_excerpt`,`more` FROM `cmf_portal_post` WHERE (  `post_type` = 3 ) AND `cmf_portal_post`.`delete_time` = '0' ORDER BY `create_time` DESC [ RunTime:0.000402s ]
[2026-05-25T10:30:01+08:00][sql] SHOW FULL COLUMNS FROM `cmf_theme_file` [ RunTime:0.001444s ]
[2026-05-25T10:30:01+08:00][sql] SELECT `more`,`file`,`id` FROM `cmf_theme_file` WHERE  `theme` = 'simpleboot3'  AND (  `is_public` = 1 OR `file` = 'portal/index' ) ORDER BY `is_public` DESC [ RunTime:0.000652s ]
[2026-05-25T10:30:01+08:00][sql] SELECT `option_value` FROM `cmf_option` WHERE  `option_name` = 'storage' LIMIT 1 [ RunTime:0.000758s ]
[2026-05-25T10:30:05+08:00][sql] CONNECT:[ UseTime:0.001330s ] mysql:host=127.0.0.1;port=3306;dbname=weihua;charset=utf8mb4
[2026-05-25T10:30:05+08:00][sql] SHOW FULL COLUMNS FROM `cmf_hook` [ RunTime:0.003116s ]
[2026-05-25T10:30:05+08:00][sql] SELECT `hook` FROM `cmf_hook` WHERE  `app` = 'admin' [ RunTime:0.003498s ]
[2026-05-25T10:30:05+08:00][sql] SHOW FULL COLUMNS FROM `cmf_hook_plugin` [ RunTime:0.001377s ]
[2026-05-25T10:30:05+08:00][sql] SELECT `hook`,`plugin` FROM `cmf_hook_plugin` WHERE  `status` = 1  AND `hook` IN ('admin_dashboard','admin_login','admin_theme_design_view','admin_setting_site_view','admin_setting_clear_cache_view','admin_nav_index_view','admin_link_index_view','admin_slide_index_view','admin_user_index_view','admin_rbac_index_view','admin_index_index_view','admin_recycle_bin_index_view','admin_menu_index_view','admin_custom_login_open','admin_slide_item_index_view','admin_slide_item_add_view','admin_slide_item_edit_view','admin_user_add_view','admin_user_edit_view','admin_rbac_role_add_view','admin_rbac_role_edit_view','admin_rbac_authorize_view','admin_api_import_view') ORDER BY `list_order` ASC [ RunTime:0.002369s ]
[2026-05-25T10:30:05+08:00][sql] SHOW FULL COLUMNS FROM `cmf_option` [ RunTime:0.001731s ]
[2026-05-25T10:30:05+08:00][sql] SELECT `option_value` FROM `cmf_option` WHERE  `option_name` = 'cdn_settings' LIMIT 1 [ RunTime:0.000593s ]
[2026-05-25T10:30:05+08:00][sql] SELECT `option_value` FROM `cmf_option` WHERE  `option_name` = 'admin_settings' LIMIT 1 [ RunTime:0.000932s ]
[2026-05-25T10:30:05+08:00][sql] CONNECT:[ UseTime:0.023970s ] mysql:host=127.0.0.1;port=3306;dbname=weihua;charset=utf8mb4
[2026-05-25T10:30:05+08:00][sql] SHOW FULL COLUMNS FROM `cmf_option` [ RunTime:0.003659s ]
[2026-05-25T10:30:05+08:00][sql] SELECT `option_value` FROM `cmf_option` WHERE  `option_name` = 'cdn_settings' LIMIT 1 [ RunTime:0.000623s ]
[2026-05-25T10:30:20+08:00][sql] CONNECT:[ UseTime:0.000904s ] mysql:host=127.0.0.1;port=3306;dbname=weihua;charset=utf8mb4
[2026-05-25T10:30:20+08:00][sql] SHOW FULL COLUMNS FROM `cmf_option` [ RunTime:0.001594s ]
[2026-05-25T10:30:20+08:00][sql] SELECT `option_value` FROM `cmf_option` WHERE  `option_name` = 'cdn_settings' LIMIT 1 [ RunTime:0.000400s ]
[2026-05-25T10:30:20+08:00][sql] SHOW FULL COLUMNS FROM `cmf_user` [ RunTime:0.003036s ]
[2026-05-25T10:30:20+08:00][sql] SELECT * FROM `cmf_user` WHERE  `user_login` = 'antop002' LIMIT 1 [ RunTime:0.005998s ]
[2026-05-25T10:30:20+08:00][sql] SHOW FULL COLUMNS FROM `cmf_role_user` [ RunTime:0.001121s ]
[2026-05-25T10:30:20+08:00][sql] SELECT `role_id` FROM `cmf_role_user` `a` INNER JOIN `cmf_role` `b` ON `a`.`role_id`=`b`.`id` WHERE  `user_id` = 1  AND `status` = '1' LIMIT 1 [ RunTime:0.004078s ]
[2026-05-25T10:30:20+08:00][sql] SHOW FULL COLUMNS FROM `cmf_user_token` [ RunTime:0.002546s ]
[2026-05-25T10:30:20+08:00][sql] SELECT * FROM `cmf_user_token` WHERE  `user_id` = 1  AND `device_type` = 'web' LIMIT 1 [ RunTime:0.004096s ]
[2026-05-25T10:30:20+08:00][sql] UPDATE `cmf_user`  SET `last_login_ip` = '::1' , `last_login_time` = 1779676220  WHERE  `id` = 1 [ RunTime:0.010762s ]
[2026-05-25T10:30:23+08:00][sql] CONNECT:[ UseTime:0.002062s ] mysql:host=127.0.0.1;port=3306;dbname=weihua;charset=utf8mb4
[2026-05-25T10:30:23+08:00][sql] SHOW FULL COLUMNS FROM `cmf_option` [ RunTime:0.002497s ]
[2026-05-25T10:30:23+08:00][sql] SELECT `option_value` FROM `cmf_option` WHERE  `option_name` = 'cdn_settings' LIMIT 1 [ RunTime:0.000404s ]
[2026-05-25T10:30:23+08:00][sql] SHOW FULL COLUMNS FROM `cmf_user` [ RunTime:0.001592s ]
[2026-05-25T10:30:23+08:00][sql] SELECT * FROM `cmf_user` WHERE  `id` = 1 LIMIT 1 [ RunTime:0.001610s ]
[2026-05-25T10:30:23+08:00][sql] SHOW FULL COLUMNS FROM `cmf_admin_menu` [ RunTime:0.001656s ]
[2026-05-25T10:30:23+08:00][sql] SELECT * FROM `cmf_admin_menu` WHERE  `parent_id` = 0  AND `status` = 1 ORDER BY `list_order` ASC [ RunTime:0.001576s ]
[2026-05-25T10:30:23+08:00][sql] SELECT * FROM `cmf_admin_menu` WHERE  `parent_id` = 71  AND `status` = 1 ORDER BY `list_order` ASC [ RunTime:0.000495s ]
[2026-05-25T10:30:23+08:00][sql] SELECT * FROM `cmf_admin_menu` WHERE  `parent_id` = 78  AND `status` = 1 ORDER BY `list_order` ASC [ RunTime:0.000908s ]
[2026-05-25T10:30:23+08:00][sql] SELECT * FROM `cmf_admin_menu` WHERE  `parent_id` = 213  AND `status` = 1 ORDER BY `list_order` ASC [ RunTime:0.000568s ]
[2026-05-25T10:30:23+08:00][sql] SELECT * FROM `cmf_admin_menu` WHERE  `parent_id` = 214  AND `status` = 1 ORDER BY `list_order` ASC [ RunTime:0.000411s ]
[2026-05-25T10:30:23+08:00][sql] SELECT * FROM `cmf_admin_menu` WHERE  `parent_id` = 215  AND `status` = 1 ORDER BY `list_order` ASC [ RunTime:0.000381s ]
[2026-05-25T10:30:23+08:00][sql] SELECT * FROM `cmf_admin_menu` WHERE  `parent_id` = 217  AND `status` = 1 ORDER BY `list_order` ASC [ RunTime:0.000470s ]
[2026-05-25T10:30:23+08:00][sql] SELECT * FROM `cmf_admin_menu` WHERE  `parent_id` = 219  AND `status` = 1 ORDER BY `list_order` ASC [ RunTime:0.000395s ]
[2026-05-25T10:30:23+08:00][sql] SELECT * FROM `cmf_admin_menu` WHERE  `parent_id` = 220  AND `status` = 1 ORDER BY `list_order` ASC [ RunTime:0.000754s ]
[2026-05-25T10:30:23+08:00][sql] SELECT * FROM `cmf_admin_menu` WHERE  `parent_id` = 225  AND `status` = 1 ORDER BY `list_order` ASC [ RunTime:0.000602s ]
[2026-05-25T10:30:23+08:00][sql] SELECT * FROM `cmf_admin_menu` WHERE  `parent_id` = 221  AND `status` = 1 ORDER BY `list_order` ASC [ RunTime:0.000280s ]
[2026-05-25T10:30:23+08:00][sql] SELECT * FROM `cmf_admin_menu` WHERE  `parent_id` = 222  AND `status` = 1 ORDER BY `list_order` ASC [ RunTime:0.000351s ]
[2026-05-25T10:30:23+08:00][sql] SELECT * FROM `cmf_admin_menu` WHERE  `parent_id` = 223  AND `status` = 1 ORDER BY `list_order` ASC [ RunTime:0.000287s ]
[2026-05-25T10:30:23+08:00][sql] SELECT * FROM `cmf_admin_menu` WHERE  `parent_id` = 224  AND `status` = 1 ORDER BY `list_order` ASC [ RunTime:0.000337s ]
[2026-05-25T10:30:23+08:00][sql] SELECT * FROM `cmf_admin_menu` WHERE  `parent_id` = 226  AND `status` = 1 ORDER BY `list_order` ASC [ RunTime:0.000374s ]
[2026-05-25T10:30:23+08:00][sql] SELECT * FROM `cmf_admin_menu` WHERE  `parent_id` = 227  AND `status` = 1 ORDER BY `list_order` ASC [ RunTime:0.000245s ]
[2026-05-25T10:30:23+08:00][sql] SELECT * FROM `cmf_admin_menu` ORDER BY `app` ASC,`controller` ASC,`action` ASC [ RunTime:0.002688s ]
[2026-05-25T10:30:23+08:00][sql] CONNECT:[ UseTime:0.000894s ] mysql:host=127.0.0.1;port=3306;dbname=weihua;charset=utf8mb4
[2026-05-25T10:30:23+08:00][sql] SHOW FULL COLUMNS FROM `cmf_option` [ RunTime:0.001754s ]
[2026-05-25T10:30:23+08:00][sql] SELECT `option_value` FROM `cmf_option` WHERE  `option_name` = 'cdn_settings' LIMIT 1 [ RunTime:0.000392s ]
[2026-05-25T10:30:23+08:00][sql] SHOW FULL COLUMNS FROM `cmf_user` [ RunTime:0.001501s ]
[2026-05-25T10:30:23+08:00][sql] SELECT * FROM `cmf_user` WHERE  `id` = 1 LIMIT 1 [ RunTime:0.000530s ]
[2026-05-25T10:30:23+08:00][sql] SELECT `option_value` FROM `cmf_option` WHERE  `option_name` = 'cdn_settings' LIMIT 1 [ RunTime:0.000282s ]
[2026-05-25T10:30:23+08:00][sql] SELECT `option_value` FROM `cmf_option` WHERE  `option_name` = 'cmf_settings' LIMIT 1 [ RunTime:0.000273s ]
[2026-05-25T10:30:23+08:00][sql] SELECT `option_value` FROM `cmf_option` WHERE  `option_name` = 'storage' LIMIT 1 [ RunTime:0.000692s ]
[2026-05-25T10:30:25+08:00][sql] CONNECT:[ UseTime:0.000804s ] mysql:host=127.0.0.1;port=3306;dbname=weihua;charset=utf8mb4
[2026-05-25T10:30:25+08:00][sql] SHOW FULL COLUMNS FROM `cmf_option` [ RunTime:0.001985s ]
[2026-05-25T10:30:25+08:00][sql] SELECT `option_value` FROM `cmf_option` WHERE  `option_name` = 'cdn_settings' LIMIT 1 [ RunTime:0.000517s ]
[2026-05-25T10:30:25+08:00][sql] SHOW FULL COLUMNS FROM `cmf_user` [ RunTime:0.002106s ]
[2026-05-25T10:30:25+08:00][sql] SELECT * FROM `cmf_user` WHERE  `id` = 1 LIMIT 1 [ RunTime:0.001004s ]
[2026-05-25T10:30:25+08:00][sql] SHOW FULL COLUMNS FROM `cmf_product` [ RunTime:0.001967s ]
[2026-05-25T10:30:25+08:00][sql] SELECT COUNT(*) AS think_count FROM `cmf_product` LIMIT 1 [ RunTime:0.000362s ]
[2026-05-25T10:30:25+08:00][sql] SELECT * FROM `cmf_product` ORDER BY `list_order` ASC,`id` DESC LIMIT 0,10 [ RunTime:0.008191s ]
[2026-05-25T10:30:25+08:00][sql] SHOW FULL COLUMNS FROM `cmf_product_category` [ RunTime:0.001944s ]
[2026-05-25T10:30:25+08:00][sql] SELECT `id`,`name` FROM `cmf_product_category` WHERE  `id` IN (22,23) [ RunTime:0.000794s ]
[2026-05-25T10:30:25+08:00][sql] SELECT * FROM `cmf_product_category` [ RunTime:0.000645s ]
[2026-05-25T10:30:25+08:00][sql] SELECT `option_value` FROM `cmf_option` WHERE  `option_name` = 'storage' LIMIT 1 [ RunTime:0.000506s ]
[2026-05-25T10:30:28+08:00][sql] CONNECT:[ UseTime:0.017697s ] mysql:host=127.0.0.1;port=3306;dbname=weihua;charset=utf8mb4
[2026-05-25T10:30:28+08:00][sql] SHOW FULL COLUMNS FROM `cmf_option` [ RunTime:0.001822s ]
[2026-05-25T10:30:28+08:00][sql] SELECT `option_value` FROM `cmf_option` WHERE  `option_name` = 'cdn_settings' LIMIT 1 [ RunTime:0.000442s ]
[2026-05-25T10:30:28+08:00][sql] SHOW FULL COLUMNS FROM `cmf_user` [ RunTime:0.001020s ]
[2026-05-25T10:30:28+08:00][sql] SELECT * FROM `cmf_user` WHERE  `id` = 1 LIMIT 1 [ RunTime:0.001154s ]
[2026-05-25T10:30:28+08:00][sql] SHOW FULL COLUMNS FROM `cmf_product` [ RunTime:0.000925s ]
[2026-05-25T10:30:28+08:00][sql] SELECT * FROM `cmf_product` WHERE  `id` = 73 LIMIT 1 [ RunTime:0.000993s ]
[2026-05-25T10:30:28+08:00][sql] SHOW FULL COLUMNS FROM `cmf_product_category` [ RunTime:0.000827s ]
[2026-05-25T10:30:28+08:00][sql] SELECT * FROM `cmf_product_category` ORDER BY `list_order` ASC [ RunTime:0.001233s ]
[2026-05-25T10:30:28+08:00][sql] SELECT `option_value` FROM `cmf_option` WHERE  `option_name` = 'storage' LIMIT 1 [ RunTime:0.000619s ]
[2026-05-25T10:30:28+08:00][sql] CONNECT:[ UseTime:0.001600s ] mysql:host=127.0.0.1;port=3306;dbname=weihua;charset=utf8mb4
[2026-05-25T10:30:28+08:00][sql] SHOW FULL COLUMNS FROM `cmf_hook` [ RunTime:0.002300s ]
[2026-05-25T10:30:28+08:00][sql] SELECT `hook` FROM `cmf_hook` WHERE  `app` = 'user' [ RunTime:0.002618s ]
[2026-05-25T10:30:28+08:00][sql] SHOW FULL COLUMNS FROM `cmf_hook_plugin` [ RunTime:0.001402s ]
[2026-05-25T10:30:28+08:00][sql] SELECT `hook`,`plugin` FROM `cmf_hook_plugin` WHERE  `status` = 1  AND `hook` IN ('fetch_upload_view','user_admin_index_view','user_admin_asset_index_view','user_admin_oauth_index_view','check_third_party_captcha','user_login_start') ORDER BY `list_order` ASC [ RunTime:0.000485s ]
[2026-05-25T10:30:28+08:00][sql] SHOW FULL COLUMNS FROM `cmf_option` [ RunTime:0.002038s ]
[2026-05-25T10:30:28+08:00][sql] SELECT `option_value` FROM `cmf_option` WHERE  `option_name` = 'cdn_settings' LIMIT 1 [ RunTime:0.000562s ]
[2026-05-25T10:30:28+08:00][sql] SELECT `option_value` FROM `cmf_option` WHERE  `option_name` = 'cdn_settings' LIMIT 1 [ RunTime:0.000585s ]
[2026-05-25T10:30:28+08:00][sql] SELECT `option_value` FROM `cmf_option` WHERE  `option_name` = 'upload_setting' LIMIT 1 [ RunTime:0.000421s ]
[2026-05-25T10:30:28+08:00][sql] CONNECT:[ UseTime:0.000902s ] mysql:host=127.0.0.1;port=3306;dbname=weihua;charset=utf8mb4
[2026-05-25T10:30:28+08:00][sql] SHOW FULL COLUMNS FROM `cmf_option` [ RunTime:0.003335s ]
[2026-05-25T10:30:28+08:00][sql] SELECT `option_value` FROM `cmf_option` WHERE  `option_name` = 'cdn_settings' LIMIT 1 [ RunTime:0.000406s ]
[2026-05-25T10:30:28+08:00][sql] SELECT `option_value` FROM `cmf_option` WHERE  `option_name` = 'cdn_settings' LIMIT 1 [ RunTime:0.000937s ]
[2026-05-25T10:30:28+08:00][sql] CONNECT:[ UseTime:0.001367s ] mysql:host=127.0.0.1;port=3306;dbname=weihua;charset=utf8mb4
[2026-05-25T10:30:28+08:00][sql] SHOW FULL COLUMNS FROM `cmf_option` [ RunTime:0.002059s ]
[2026-05-25T10:30:28+08:00][sql] SELECT `option_value` FROM `cmf_option` WHERE  `option_name` = 'cdn_settings' LIMIT 1 [ RunTime:0.000409s ]
[2026-05-25T10:30:28+08:00][sql] SELECT `option_value` FROM `cmf_option` WHERE  `option_name` = 'cdn_settings' LIMIT 1 [ RunTime:0.000636s ]
[2026-05-25T10:30:28+08:00][sql] CONNECT:[ UseTime:0.001456s ] mysql:host=127.0.0.1;port=3306;dbname=weihua;charset=utf8mb4
[2026-05-25T10:30:28+08:00][sql] SHOW FULL COLUMNS FROM `cmf_option` [ RunTime:0.003288s ]
[2026-05-25T10:30:28+08:00][sql] SELECT `option_value` FROM `cmf_option` WHERE  `option_name` = 'cdn_settings' LIMIT 1 [ RunTime:0.000911s ]
[2026-05-25T10:30:28+08:00][sql] SELECT `option_value` FROM `cmf_option` WHERE  `option_name` = 'cdn_settings' LIMIT 1 [ RunTime:0.000817s ]
[2026-05-25T10:30:28+08:00][sql] CONNECT:[ UseTime:0.001308s ] mysql:host=127.0.0.1;port=3306;dbname=weihua;charset=utf8mb4
[2026-05-25T10:30:28+08:00][sql] SHOW FULL COLUMNS FROM `cmf_option` [ RunTime:0.003525s ]
[2026-05-25T10:30:28+08:00][sql] SELECT `option_value` FROM `cmf_option` WHERE  `option_name` = 'cdn_settings' LIMIT 1 [ RunTime:0.000509s ]
[2026-05-25T10:30:28+08:00][sql] SELECT `option_value` FROM `cmf_option` WHERE  `option_name` = 'cdn_settings' LIMIT 1 [ RunTime:0.000883s ]
[2026-05-25T10:30:38+08:00][sql] CONNECT:[ UseTime:0.001648s ] mysql:host=127.0.0.1;port=3306;dbname=weihua;charset=utf8mb4
[2026-05-25T10:30:38+08:00][sql] SHOW FULL COLUMNS FROM `cmf_option` [ RunTime:0.003339s ]
[2026-05-25T10:30:38+08:00][sql] SELECT `option_value` FROM `cmf_option` WHERE  `option_name` = 'cdn_settings' LIMIT 1 [ RunTime:0.000350s ]
[2026-05-25T10:30:38+08:00][sql] SELECT `option_value` FROM `cmf_option` WHERE  `option_name` = 'cdn_settings' LIMIT 1 [ RunTime:0.000843s ]
[2026-05-25T10:30:38+08:00][sql] SHOW FULL COLUMNS FROM `cmf_product_category` [ RunTime:0.001631s ]
[2026-05-25T10:30:38+08:00][sql] SELECT * FROM `cmf_product_category` WHERE  `parent_id` = 0 ORDER BY `list_order` ASC,`create_time` DESC [ RunTime:0.000504s ]
[2026-05-25T10:30:38+08:00][sql] SELECT * FROM `cmf_product_category` WHERE  `parent_id` IN (28,19,22,23,25,27,30) [ RunTime:0.000442s ]
[2026-05-25T10:30:38+08:00][sql] SHOW FULL COLUMNS FROM `cmf_portal_category` [ RunTime:0.001402s ]
[2026-05-25T10:30:38+08:00][sql] SELECT * FROM `cmf_portal_category` WHERE (  `type` = 8 ) AND `cmf_portal_category`.`delete_time` = '0' ORDER BY `list_order` ASC [ RunTime:0.000472s ]
[2026-05-25T10:30:38+08:00][sql] SHOW FULL COLUMNS FROM `cmf_product` [ RunTime:0.002210s ]
[2026-05-25T10:30:38+08:00][sql] SELECT * FROM `cmf_product` WHERE  `id` = 181 LIMIT 1 [ RunTime:0.001217s ]
[2026-05-25T10:30:38+08:00][sql] SELECT * FROM `cmf_product_category` WHERE  `id` = 28 LIMIT 1 [ RunTime:0.000389s ]
[2026-05-25T10:30:38+08:00][sql] SELECT `id`,`title`,`industry`,`thumbnail` FROM `cmf_product` WHERE  `id` <> 181  AND `is_recommended` = 1  AND `category_id` = 28 ORDER BY RAND() LIMIT 4 [ RunTime:0.000831s ]
[2026-05-25T10:30:38+08:00][sql] SHOW FULL COLUMNS FROM `cmf_slide_item` [ RunTime:0.001701s ]
[2026-05-25T10:30:38+08:00][sql] SELECT `title`,`description`,`image` FROM `cmf_slide_item` WHERE  `slide_id` = 2  AND `status` = 1 ORDER BY `list_order` ASC,`id` DESC LIMIT 1 [ RunTime:0.000567s ]
[2026-05-25T10:30:38+08:00][sql] SHOW FULL COLUMNS FROM `cmf_theme_file` [ RunTime:0.001189s ]
[2026-05-25T10:30:38+08:00][sql] SELECT `more`,`file`,`id` FROM `cmf_theme_file` WHERE  `theme` = 'simpleboot3'  AND (  `is_public` = 1 OR `file` = 'portal/product-info' ) ORDER BY `is_public` DESC [ RunTime:0.000567s ]
[2026-05-25T10:30:38+08:00][sql] SELECT `option_value` FROM `cmf_option` WHERE  `option_name` = 'storage' LIMIT 1 [ RunTime:0.000539s ]
[2026-05-25T10:30:44+08:00][sql] CONNECT:[ UseTime:0.000713s ] mysql:host=127.0.0.1;port=3306;dbname=weihua;charset=utf8mb4
[2026-05-25T10:30:44+08:00][sql] SHOW FULL COLUMNS FROM `cmf_option` [ RunTime:0.001103s ]
[2026-05-25T10:30:44+08:00][sql] SELECT `option_value` FROM `cmf_option` WHERE  `option_name` = 'cdn_settings' LIMIT 1 [ RunTime:0.000436s ]
[2026-05-25T10:30:44+08:00][sql] SHOW FULL COLUMNS FROM `cmf_user` [ RunTime:0.001222s ]
[2026-05-25T10:30:44+08:00][sql] SELECT * FROM `cmf_user` WHERE  `id` = 1 LIMIT 1 [ RunTime:0.001059s ]
[2026-05-25T10:30:44+08:00][sql] SHOW FULL COLUMNS FROM `cmf_product` [ RunTime:0.001056s ]
[2026-05-25T10:30:44+08:00][sql] SELECT COUNT(*) AS think_count FROM `cmf_product` WHERE  `title` LIKE '%antop002%' LIMIT 1 [ RunTime:0.000712s ]
[2026-05-25T10:30:44+08:00][sql] SHOW FULL COLUMNS FROM `cmf_product_category` [ RunTime:0.001009s ]
[2026-05-25T10:30:44+08:00][sql] SELECT * FROM `cmf_product_category` [ RunTime:0.000277s ]
[2026-05-25T10:30:51+08:00][sql] CONNECT:[ UseTime:0.001085s ] mysql:host=127.0.0.1;port=3306;dbname=weihua;charset=utf8mb4
[2026-05-25T10:30:51+08:00][sql] SHOW FULL COLUMNS FROM `cmf_option` [ RunTime:0.001935s ]
[2026-05-25T10:30:51+08:00][sql] SELECT `option_value` FROM `cmf_option` WHERE  `option_name` = 'cdn_settings' LIMIT 1 [ RunTime:0.000332s ]
[2026-05-25T10:30:51+08:00][sql] SHOW FULL COLUMNS FROM `cmf_user` [ RunTime:0.001241s ]
[2026-05-25T10:30:51+08:00][sql] SELECT * FROM `cmf_user` WHERE  `id` = 1 LIMIT 1 [ RunTime:0.001803s ]
[2026-05-25T10:30:51+08:00][sql] SHOW FULL COLUMNS FROM `cmf_product` [ RunTime:0.001016s ]
[2026-05-25T10:30:51+08:00][sql] SELECT COUNT(*) AS think_count FROM `cmf_product` WHERE  `title` LIKE '%Overhead Crane for Garbage Disposal%' LIMIT 1 [ RunTime:0.000442s ]
[2026-05-25T10:30:51+08:00][sql] SELECT * FROM `cmf_product` WHERE  `title` LIKE '%Overhead Crane for Garbage Disposal%' ORDER BY `list_order` ASC,`id` DESC LIMIT 0,10 [ RunTime:0.002011s ]
[2026-05-25T10:30:51+08:00][sql] SHOW FULL COLUMNS FROM `cmf_product_category` [ RunTime:0.001050s ]
[2026-05-25T10:30:51+08:00][sql] SELECT `id`,`name` FROM `cmf_product_category` WHERE  `id` = 28 [ RunTime:0.000236s ]
[2026-05-25T10:30:51+08:00][sql] SELECT * FROM `cmf_product_category` [ RunTime:0.000303s ]
[2026-05-25T10:30:51+08:00][sql] SELECT `option_value` FROM `cmf_option` WHERE  `option_name` = 'storage' LIMIT 1 [ RunTime:0.000291s ]
[2026-05-25T10:30:53+08:00][sql] CONNECT:[ UseTime:0.000880s ] mysql:host=127.0.0.1;port=3306;dbname=weihua;charset=utf8mb4
[2026-05-25T10:30:53+08:00][sql] SHOW FULL COLUMNS FROM `cmf_option` [ RunTime:0.001086s ]
[2026-05-25T10:30:53+08:00][sql] SELECT `option_value` FROM `cmf_option` WHERE  `option_name` = 'cdn_settings' LIMIT 1 [ RunTime:0.000761s ]
[2026-05-25T10:30:53+08:00][sql] SHOW FULL COLUMNS FROM `cmf_user` [ RunTime:0.000973s ]
[2026-05-25T10:30:53+08:00][sql] SELECT * FROM `cmf_user` WHERE  `id` = 1 LIMIT 1 [ RunTime:0.001345s ]
[2026-05-25T10:30:53+08:00][sql] SHOW FULL COLUMNS FROM `cmf_product` [ RunTime:0.000978s ]
[2026-05-25T10:30:53+08:00][sql] SELECT * FROM `cmf_product` WHERE  `id` = 181 LIMIT 1 [ RunTime:0.000358s ]
[2026-05-25T10:30:53+08:00][sql] SHOW FULL COLUMNS FROM `cmf_product_category` [ RunTime:0.001072s ]
[2026-05-25T10:30:53+08:00][sql] SELECT * FROM `cmf_product_category` ORDER BY `list_order` ASC [ RunTime:0.000469s ]
[2026-05-25T10:30:53+08:00][sql] SELECT `option_value` FROM `cmf_option` WHERE  `option_name` = 'storage' LIMIT 1 [ RunTime:0.000477s ]
[2026-05-25T10:30:53+08:00][sql] CONNECT:[ UseTime:0.000889s ] mysql:host=127.0.0.1;port=3306;dbname=weihua;charset=utf8mb4
[2026-05-25T10:30:53+08:00][sql] SHOW FULL COLUMNS FROM `cmf_option` [ RunTime:0.001428s ]
[2026-05-25T10:30:53+08:00][sql] SELECT `option_value` FROM `cmf_option` WHERE  `option_name` = 'cdn_settings' LIMIT 1 [ RunTime:0.000326s ]
[2026-05-25T10:30:53+08:00][sql] SELECT `option_value` FROM `cmf_option` WHERE  `option_name` = 'cdn_settings' LIMIT 1 [ RunTime:0.000489s ]
[2026-05-25T10:30:53+08:00][sql] CONNECT:[ UseTime:0.001453s ] mysql:host=127.0.0.1;port=3306;dbname=weihua;charset=utf8mb4
[2026-05-25T10:30:53+08:00][sql] SHOW FULL COLUMNS FROM `cmf_option` [ RunTime:0.002234s ]
[2026-05-25T10:30:53+08:00][sql] SELECT `option_value` FROM `cmf_option` WHERE  `option_name` = 'cdn_settings' LIMIT 1 [ RunTime:0.000258s ]
[2026-05-25T10:30:53+08:00][sql] SELECT `option_value` FROM `cmf_option` WHERE  `option_name` = 'cdn_settings' LIMIT 1 [ RunTime:0.000364s ]
[2026-05-25T10:30:53+08:00][sql] CONNECT:[ UseTime:0.002563s ] mysql:host=127.0.0.1;port=3306;dbname=weihua;charset=utf8mb4
[2026-05-25T10:30:53+08:00][sql] SHOW FULL COLUMNS FROM `cmf_option` [ RunTime:0.000983s ]
[2026-05-25T10:30:53+08:00][sql] SELECT `option_value` FROM `cmf_option` WHERE  `option_name` = 'cdn_settings' LIMIT 1 [ RunTime:0.000225s ]
[2026-05-25T10:30:53+08:00][sql] SELECT `option_value` FROM `cmf_option` WHERE  `option_name` = 'cdn_settings' LIMIT 1 [ RunTime:0.000407s ]
[2026-05-25T10:30:53+08:00][sql] CONNECT:[ UseTime:0.000848s ] mysql:host=127.0.0.1;port=3306;dbname=weihua;charset=utf8mb4
[2026-05-25T10:30:53+08:00][sql] SHOW FULL COLUMNS FROM `cmf_option` [ RunTime:0.001557s ]
[2026-05-25T10:30:53+08:00][sql] SELECT `option_value` FROM `cmf_option` WHERE  `option_name` = 'cdn_settings' LIMIT 1 [ RunTime:0.000273s ]
[2026-05-25T10:30:53+08:00][sql] SELECT `option_value` FROM `cmf_option` WHERE  `option_name` = 'cdn_settings' LIMIT 1 [ RunTime:0.000335s ]
[2026-05-25T10:30:54+08:00][sql] CONNECT:[ UseTime:0.001059s ] mysql:host=127.0.0.1;port=3306;dbname=weihua;charset=utf8mb4
[2026-05-25T10:30:54+08:00][sql] SHOW FULL COLUMNS FROM `cmf_option` [ RunTime:0.001364s ]
[2026-05-25T10:30:54+08:00][sql] SELECT `option_value` FROM `cmf_option` WHERE  `option_name` = 'cdn_settings' LIMIT 1 [ RunTime:0.000250s ]
[2026-05-25T10:30:54+08:00][sql] SELECT `option_value` FROM `cmf_option` WHERE  `option_name` = 'cdn_settings' LIMIT 1 [ RunTime:0.000291s ]
[2026-05-25T10:31:08+08:00][sql] CONNECT:[ UseTime:0.002956s ] mysql:host=127.0.0.1;port=3306;dbname=weihua;charset=utf8mb4
[2026-05-25T10:31:08+08:00][sql] SHOW FULL COLUMNS FROM `cmf_option` [ RunTime:0.004256s ]
[2026-05-25T10:31:08+08:00][sql] SELECT `option_value` FROM `cmf_option` WHERE  `option_name` = 'cdn_settings' LIMIT 1 [ RunTime:0.000822s ]
[2026-05-25T10:31:08+08:00][sql] SELECT `option_value` FROM `cmf_option` WHERE  `option_name` = 'cdn_settings' LIMIT 1 [ RunTime:0.000497s ]
[2026-05-25T10:31:08+08:00][sql] SHOW FULL COLUMNS FROM `cmf_product_category` [ RunTime:0.001453s ]
[2026-05-25T10:31:08+08:00][sql] SELECT * FROM `cmf_product_category` WHERE  `parent_id` = 0 ORDER BY `list_order` ASC,`create_time` DESC [ RunTime:0.000430s ]
[2026-05-25T10:31:08+08:00][sql] SELECT * FROM `cmf_product_category` WHERE  `parent_id` IN (28,19,22,23,25,27,30) [ RunTime:0.000435s ]
[2026-05-25T10:31:08+08:00][sql] SHOW FULL COLUMNS FROM `cmf_portal_category` [ RunTime:0.001689s ]
[2026-05-25T10:31:08+08:00][sql] SELECT * FROM `cmf_portal_category` WHERE (  `type` = 8 ) AND `cmf_portal_category`.`delete_time` = '0' ORDER BY `list_order` ASC [ RunTime:0.001637s ]
[2026-05-25T10:31:08+08:00][sql] SELECT * FROM `cmf_product_category` WHERE  `id` = 28 LIMIT 1 [ RunTime:0.000441s ]
[2026-05-25T10:31:08+08:00][sql] SHOW FULL COLUMNS FROM `cmf_product` [ RunTime:0.001264s ]
[2026-05-25T10:31:08+08:00][sql] SELECT COUNT(*) AS think_count FROM `cmf_product` WHERE  `category_id` = 28 LIMIT 1 [ RunTime:0.000340s ]
[2026-05-25T10:31:08+08:00][sql] SELECT COUNT(*) AS think_count FROM `cmf_product` WHERE  `category_id` = 19 LIMIT 1 [ RunTime:0.000343s ]
[2026-05-25T10:31:08+08:00][sql] SELECT COUNT(*) AS think_count FROM `cmf_product` WHERE  `category_id` = 22 LIMIT 1 [ RunTime:0.000295s ]
[2026-05-25T10:31:08+08:00][sql] SELECT COUNT(*) AS think_count FROM `cmf_product` WHERE  `category_id` = 23 LIMIT 1 [ RunTime:0.000254s ]
[2026-05-25T10:31:08+08:00][sql] SELECT COUNT(*) AS think_count FROM `cmf_product` WHERE  `category_id` = 25 LIMIT 1 [ RunTime:0.000272s ]
[2026-05-25T10:31:08+08:00][sql] SELECT COUNT(*) AS think_count FROM `cmf_product` WHERE  `category_id` = 27 LIMIT 1 [ RunTime:0.000296s ]
[2026-05-25T10:31:08+08:00][sql] SELECT * FROM `cmf_product` WHERE  `category_id` = 27  AND `thumbnail` <> '' ORDER BY `list_order` ASC,`id` DESC LIMIT 1 [ RunTime:0.000504s ]
[2026-05-25T10:31:08+08:00][sql] SELECT COUNT(*) AS think_count FROM `cmf_product` WHERE  `category_id` = 30 LIMIT 1 [ RunTime:0.000285s ]
[2026-05-25T10:31:08+08:00][sql] SELECT COUNT(*) AS think_count FROM `cmf_product` WHERE  `category_id` = 28 LIMIT 1 [ RunTime:0.000289s ]
[2026-05-25T10:31:08+08:00][sql] SELECT `id`,`category_id`,`title`,`thumbnail`,`industry`,`overview` FROM `cmf_product` WHERE  `category_id` = 28 ORDER BY `list_order` ASC,`create_time` DESC LIMIT 0,12 [ RunTime:0.001048s ]
[2026-05-25T10:31:08+08:00][sql] SHOW FULL COLUMNS FROM `cmf_slide_item` [ RunTime:0.001380s ]
[2026-05-25T10:31:08+08:00][sql] SELECT `title`,`description`,`image` FROM `cmf_slide_item` WHERE  `slide_id` = 2  AND `status` = 1 ORDER BY `list_order` ASC,`id` DESC LIMIT 1 [ RunTime:0.000407s ]
[2026-05-25T10:31:08+08:00][sql] SELECT `option_value` FROM `cmf_option` WHERE  `option_name` = 'storage' LIMIT 1 [ RunTime:0.000257s ]
[2026-05-25T10:31:08+08:00][sql] SHOW FULL COLUMNS FROM `cmf_portal_post` [ RunTime:0.001894s ]
[2026-05-25T10:31:08+08:00][sql] SELECT `id`,`post_title`,`post_excerpt`,`more` FROM `cmf_portal_post` WHERE (  `post_type` = 3 ) AND `cmf_portal_post`.`delete_time` = '0' ORDER BY `create_time` DESC [ RunTime:0.000487s ]
[2026-05-25T10:31:08+08:00][sql] SHOW FULL COLUMNS FROM `cmf_theme_file` [ RunTime:0.001996s ]
[2026-05-25T10:31:08+08:00][sql] SELECT `more`,`file`,`id` FROM `cmf_theme_file` WHERE  `theme` = 'simpleboot3'  AND (  `is_public` = 1 OR `file` = 'portal/product' ) ORDER BY `is_public` DESC [ RunTime:0.000464s ]
[2026-05-25T10:31:10+08:00][sql] CONNECT:[ UseTime:0.002339s ] mysql:host=127.0.0.1;port=3306;dbname=weihua;charset=utf8mb4
[2026-05-25T10:31:10+08:00][sql] SHOW FULL COLUMNS FROM `cmf_option` [ RunTime:0.002196s ]
[2026-05-25T10:31:10+08:00][sql] SELECT `option_value` FROM `cmf_option` WHERE  `option_name` = 'cdn_settings' LIMIT 1 [ RunTime:0.000428s ]
[2026-05-25T10:31:10+08:00][sql] SELECT `option_value` FROM `cmf_option` WHERE  `option_name` = 'cdn_settings' LIMIT 1 [ RunTime:0.000672s ]
[2026-05-25T10:31:10+08:00][sql] SHOW FULL COLUMNS FROM `cmf_product_category` [ RunTime:0.001772s ]
[2026-05-25T10:31:10+08:00][sql] SELECT * FROM `cmf_product_category` WHERE  `parent_id` = 0 ORDER BY `list_order` ASC,`create_time` DESC [ RunTime:0.000765s ]
[2026-05-25T10:31:10+08:00][sql] SELECT * FROM `cmf_product_category` WHERE  `parent_id` IN (28,19,22,23,25,27,30) [ RunTime:0.001196s ]
[2026-05-25T10:31:10+08:00][sql] SHOW FULL COLUMNS FROM `cmf_portal_category` [ RunTime:0.001913s ]
[2026-05-25T10:31:10+08:00][sql] SELECT * FROM `cmf_portal_category` WHERE (  `type` = 8 ) AND `cmf_portal_category`.`delete_time` = '0' ORDER BY `list_order` ASC [ RunTime:0.000786s ]
[2026-05-25T10:31:10+08:00][sql] SHOW FULL COLUMNS FROM `cmf_product` [ RunTime:0.001911s ]
[2026-05-25T10:31:10+08:00][sql] SELECT * FROM `cmf_product` WHERE  `id` = 183 LIMIT 1 [ RunTime:0.000564s ]
[2026-05-25T10:31:10+08:00][sql] SELECT * FROM `cmf_product_category` WHERE  `id` = 28 LIMIT 1 [ RunTime:0.000377s ]
[2026-05-25T10:31:10+08:00][sql] SELECT `id`,`title`,`industry`,`thumbnail` FROM `cmf_product` WHERE  `id` <> 183  AND `is_recommended` = 1  AND `category_id` = 28 ORDER BY RAND() LIMIT 4 [ RunTime:0.000771s ]
[2026-05-25T10:31:10+08:00][sql] SHOW FULL COLUMNS FROM `cmf_slide_item` [ RunTime:0.002876s ]
[2026-05-25T10:31:10+08:00][sql] SELECT `title`,`description`,`image` FROM `cmf_slide_item` WHERE  `slide_id` = 2  AND `status` = 1 ORDER BY `list_order` ASC,`id` DESC LIMIT 1 [ RunTime:0.000859s ]
[2026-05-25T10:31:10+08:00][sql] SHOW FULL COLUMNS FROM `cmf_theme_file` [ RunTime:0.001801s ]
[2026-05-25T10:31:10+08:00][sql] SELECT `more`,`file`,`id` FROM `cmf_theme_file` WHERE  `theme` = 'simpleboot3'  AND (  `is_public` = 1 OR `file` = 'portal/product-info' ) ORDER BY `is_public` DESC [ RunTime:0.000481s ]
[2026-05-25T10:31:10+08:00][sql] SELECT `option_value` FROM `cmf_option` WHERE  `option_name` = 'storage' LIMIT 1 [ RunTime:0.000636s ]
[2026-05-25T10:31:12+08:00][sql] CONNECT:[ UseTime:0.001301s ] mysql:host=127.0.0.1;port=3306;dbname=weihua;charset=utf8mb4
[2026-05-25T10:31:12+08:00][sql] SHOW FULL COLUMNS FROM `cmf_option` [ RunTime:0.001907s ]
[2026-05-25T10:31:12+08:00][sql] SELECT `option_value` FROM `cmf_option` WHERE  `option_name` = 'cdn_settings' LIMIT 1 [ RunTime:0.000282s ]
[2026-05-25T10:31:12+08:00][sql] SELECT `option_value` FROM `cmf_option` WHERE  `option_name` = 'cdn_settings' LIMIT 1 [ RunTime:0.000416s ]
[2026-05-25T10:31:12+08:00][sql] SHOW FULL COLUMNS FROM `cmf_product_category` [ RunTime:0.001272s ]
[2026-05-25T10:31:12+08:00][sql] SELECT * FROM `cmf_product_category` WHERE  `parent_id` = 0 ORDER BY `list_order` ASC,`create_time` DESC [ RunTime:0.000489s ]
[2026-05-25T10:31:12+08:00][sql] SELECT * FROM `cmf_product_category` WHERE  `parent_id` IN (28,19,22,23,25,27,30) [ RunTime:0.000349s ]
[2026-05-25T10:31:12+08:00][sql] SHOW FULL COLUMNS FROM `cmf_portal_category` [ RunTime:0.001005s ]
[2026-05-25T10:31:12+08:00][sql] SELECT * FROM `cmf_portal_category` WHERE (  `type` = 8 ) AND `cmf_portal_category`.`delete_time` = '0' ORDER BY `list_order` ASC [ RunTime:0.000383s ]
[2026-05-25T10:31:12+08:00][sql] SHOW FULL COLUMNS FROM `cmf_product` [ RunTime:0.001216s ]
[2026-05-25T10:31:12+08:00][sql] SELECT COUNT(*) AS think_count FROM `cmf_product` WHERE  `category_id` = 28 LIMIT 1 [ RunTime:0.000370s ]
[2026-05-25T10:31:12+08:00][sql] SELECT COUNT(*) AS think_count FROM `cmf_product` WHERE  `category_id` = 19 LIMIT 1 [ RunTime:0.000275s ]
[2026-05-25T10:31:12+08:00][sql] SELECT COUNT(*) AS think_count FROM `cmf_product` WHERE  `category_id` = 22 LIMIT 1 [ RunTime:0.000285s ]
[2026-05-25T10:31:12+08:00][sql] SELECT COUNT(*) AS think_count FROM `cmf_product` WHERE  `category_id` = 23 LIMIT 1 [ RunTime:0.000246s ]
[2026-05-25T10:31:12+08:00][sql] SELECT COUNT(*) AS think_count FROM `cmf_product` WHERE  `category_id` = 25 LIMIT 1 [ RunTime:0.000287s ]
[2026-05-25T10:31:12+08:00][sql] SELECT COUNT(*) AS think_count FROM `cmf_product` WHERE  `category_id` = 27 LIMIT 1 [ RunTime:0.000270s ]
[2026-05-25T10:31:12+08:00][sql] SELECT * FROM `cmf_product` WHERE  `category_id` = 27  AND `thumbnail` <> '' ORDER BY `list_order` ASC,`id` DESC LIMIT 1 [ RunTime:0.000481s ]
[2026-05-25T10:31:12+08:00][sql] SELECT COUNT(*) AS think_count FROM `cmf_product` WHERE  `category_id` = 30 LIMIT 1 [ RunTime:0.000456s ]
[2026-05-25T10:31:12+08:00][sql] SELECT COUNT(*) AS think_count FROM `cmf_product` LIMIT 1 [ RunTime:0.000334s ]
[2026-05-25T10:31:12+08:00][sql] SELECT `id`,`category_id`,`title`,`thumbnail`,`industry`,`overview` FROM `cmf_product` ORDER BY `list_order` ASC,`create_time` DESC LIMIT 0,12 [ RunTime:0.001524s ]
[2026-05-25T10:31:12+08:00][sql] SHOW FULL COLUMNS FROM `cmf_slide_item` [ RunTime:0.001917s ]
[2026-05-25T10:31:12+08:00][sql] SELECT `title`,`description`,`image` FROM `cmf_slide_item` WHERE  `slide_id` = 2  AND `status` = 1 ORDER BY `list_order` ASC,`id` DESC LIMIT 1 [ RunTime:0.000815s ]
[2026-05-25T10:31:12+08:00][sql] SELECT `option_value` FROM `cmf_option` WHERE  `option_name` = 'storage' LIMIT 1 [ RunTime:0.000316s ]
[2026-05-25T10:31:12+08:00][sql] SHOW FULL COLUMNS FROM `cmf_portal_post` [ RunTime:0.001307s ]
[2026-05-25T10:31:12+08:00][sql] SELECT `id`,`post_title`,`post_excerpt`,`more` FROM `cmf_portal_post` WHERE (  `post_type` = 3 ) AND `cmf_portal_post`.`delete_time` = '0' ORDER BY `create_time` DESC [ RunTime:0.000397s ]
[2026-05-25T10:31:12+08:00][sql] SHOW FULL COLUMNS FROM `cmf_theme_file` [ RunTime:0.001010s ]
[2026-05-25T10:31:12+08:00][sql] SELECT `more`,`file`,`id` FROM `cmf_theme_file` WHERE  `theme` = 'simpleboot3'  AND (  `is_public` = 1 OR `file` = 'portal/product' ) ORDER BY `is_public` DESC [ RunTime:0.000364s ]
[2026-05-25T10:31:14+08:00][sql] CONNECT:[ UseTime:0.001452s ] mysql:host=127.0.0.1;port=3306;dbname=weihua;charset=utf8mb4
[2026-05-25T10:31:14+08:00][sql] SHOW FULL COLUMNS FROM `cmf_option` [ RunTime:0.002203s ]
[2026-05-25T10:31:14+08:00][sql] SELECT `option_value` FROM `cmf_option` WHERE  `option_name` = 'cdn_settings' LIMIT 1 [ RunTime:0.000391s ]
[2026-05-25T10:31:14+08:00][sql] SELECT `option_value` FROM `cmf_option` WHERE  `option_name` = 'cdn_settings' LIMIT 1 [ RunTime:0.000542s ]
[2026-05-25T10:31:14+08:00][sql] SHOW FULL COLUMNS FROM `cmf_product_category` [ RunTime:0.001096s ]
[2026-05-25T10:31:14+08:00][sql] SELECT * FROM `cmf_product_category` WHERE  `parent_id` = 0 ORDER BY `list_order` ASC,`create_time` DESC [ RunTime:0.000322s ]
[2026-05-25T10:31:14+08:00][sql] SELECT * FROM `cmf_product_category` WHERE  `parent_id` IN (28,19,22,23,25,27,30) [ RunTime:0.000347s ]
[2026-05-25T10:31:14+08:00][sql] SHOW FULL COLUMNS FROM `cmf_portal_category` [ RunTime:0.000946s ]
[2026-05-25T10:31:14+08:00][sql] SELECT * FROM `cmf_portal_category` WHERE (  `type` = 8 ) AND `cmf_portal_category`.`delete_time` = '0' ORDER BY `list_order` ASC [ RunTime:0.000625s ]
[2026-05-25T10:31:14+08:00][sql] SELECT * FROM `cmf_product_category` WHERE  `id` = 28 LIMIT 1 [ RunTime:0.000637s ]
[2026-05-25T10:31:14+08:00][sql] SHOW FULL COLUMNS FROM `cmf_product` [ RunTime:0.001821s ]
[2026-05-25T10:31:14+08:00][sql] SELECT COUNT(*) AS think_count FROM `cmf_product` WHERE  `category_id` = 28 LIMIT 1 [ RunTime:0.000443s ]
[2026-05-25T10:31:14+08:00][sql] SELECT COUNT(*) AS think_count FROM `cmf_product` WHERE  `category_id` = 19 LIMIT 1 [ RunTime:0.000352s ]
[2026-05-25T10:31:14+08:00][sql] SELECT COUNT(*) AS think_count FROM `cmf_product` WHERE  `category_id` = 22 LIMIT 1 [ RunTime:0.000292s ]
[2026-05-25T10:31:14+08:00][sql] SELECT COUNT(*) AS think_count FROM `cmf_product` WHERE  `category_id` = 23 LIMIT 1 [ RunTime:0.000235s ]
[2026-05-25T10:31:14+08:00][sql] SELECT COUNT(*) AS think_count FROM `cmf_product` WHERE  `category_id` = 25 LIMIT 1 [ RunTime:0.000260s ]
[2026-05-25T10:31:14+08:00][sql] SELECT COUNT(*) AS think_count FROM `cmf_product` WHERE  `category_id` = 27 LIMIT 1 [ RunTime:0.000378s ]
[2026-05-25T10:31:14+08:00][sql] SELECT * FROM `cmf_product` WHERE  `category_id` = 27  AND `thumbnail` <> '' ORDER BY `list_order` ASC,`id` DESC LIMIT 1 [ RunTime:0.000722s ]
[2026-05-25T10:31:14+08:00][sql] SELECT COUNT(*) AS think_count FROM `cmf_product` WHERE  `category_id` = 30 LIMIT 1 [ RunTime:0.000282s ]
[2026-05-25T10:31:14+08:00][sql] SELECT COUNT(*) AS think_count FROM `cmf_product` WHERE  `category_id` = 28 LIMIT 1 [ RunTime:0.000235s ]
[2026-05-25T10:31:14+08:00][sql] SELECT `id`,`category_id`,`title`,`thumbnail`,`industry`,`overview` FROM `cmf_product` WHERE  `category_id` = 28 ORDER BY `list_order` ASC,`create_time` DESC LIMIT 0,12 [ RunTime:0.000626s ]
[2026-05-25T10:31:14+08:00][sql] SHOW FULL COLUMNS FROM `cmf_slide_item` [ RunTime:0.001017s ]
[2026-05-25T10:31:14+08:00][sql] SELECT `title`,`description`,`image` FROM `cmf_slide_item` WHERE  `slide_id` = 2  AND `status` = 1 ORDER BY `list_order` ASC,`id` DESC LIMIT 1 [ RunTime:0.000315s ]
[2026-05-25T10:31:14+08:00][sql] SELECT `option_value` FROM `cmf_option` WHERE  `option_name` = 'storage' LIMIT 1 [ RunTime:0.000295s ]
[2026-05-25T10:31:14+08:00][sql] SHOW FULL COLUMNS FROM `cmf_portal_post` [ RunTime:0.001050s ]
[2026-05-25T10:31:14+08:00][sql] SELECT `id`,`post_title`,`post_excerpt`,`more` FROM `cmf_portal_post` WHERE (  `post_type` = 3 ) AND `cmf_portal_post`.`delete_time` = '0' ORDER BY `create_time` DESC [ RunTime:0.000507s ]
[2026-05-25T10:31:14+08:00][sql] SHOW FULL COLUMNS FROM `cmf_theme_file` [ RunTime:0.000847s ]
[2026-05-25T10:31:14+08:00][sql] SELECT `more`,`file`,`id` FROM `cmf_theme_file` WHERE  `theme` = 'simpleboot3'  AND (  `is_public` = 1 OR `file` = 'portal/product' ) ORDER BY `is_public` DESC [ RunTime:0.000438s ]
[2026-05-25T10:31:15+08:00][sql] CONNECT:[ UseTime:0.001301s ] mysql:host=127.0.0.1;port=3306;dbname=weihua;charset=utf8mb4
[2026-05-25T10:31:15+08:00][sql] SHOW FULL COLUMNS FROM `cmf_option` [ RunTime:0.001312s ]
[2026-05-25T10:31:15+08:00][sql] SELECT `option_value` FROM `cmf_option` WHERE  `option_name` = 'cdn_settings' LIMIT 1 [ RunTime:0.000299s ]
[2026-05-25T10:31:15+08:00][sql] SELECT `option_value` FROM `cmf_option` WHERE  `option_name` = 'cdn_settings' LIMIT 1 [ RunTime:0.000427s ]
[2026-05-25T10:31:15+08:00][sql] SHOW FULL COLUMNS FROM `cmf_product_category` [ RunTime:0.001651s ]
[2026-05-25T10:31:15+08:00][sql] SELECT * FROM `cmf_product_category` WHERE  `parent_id` = 0 ORDER BY `list_order` ASC,`create_time` DESC [ RunTime:0.000329s ]
[2026-05-25T10:31:15+08:00][sql] SELECT * FROM `cmf_product_category` WHERE  `parent_id` IN (28,19,22,23,25,27,30) [ RunTime:0.000309s ]
[2026-05-25T10:31:15+08:00][sql] SHOW FULL COLUMNS FROM `cmf_portal_category` [ RunTime:0.000949s ]
[2026-05-25T10:31:15+08:00][sql] SELECT * FROM `cmf_portal_category` WHERE (  `type` = 8 ) AND `cmf_portal_category`.`delete_time` = '0' ORDER BY `list_order` ASC [ RunTime:0.000353s ]
[2026-05-25T10:31:15+08:00][sql] SHOW FULL COLUMNS FROM `cmf_product` [ RunTime:0.001134s ]
[2026-05-25T10:31:15+08:00][sql] SELECT * FROM `cmf_product` WHERE  `id` = 183 LIMIT 1 [ RunTime:0.000691s ]
[2026-05-25T10:31:15+08:00][sql] SELECT * FROM `cmf_product_category` WHERE  `id` = 28 LIMIT 1 [ RunTime:0.000864s ]
[2026-05-25T10:31:15+08:00][sql] SELECT `id`,`title`,`industry`,`thumbnail` FROM `cmf_product` WHERE  `id` <> 183  AND `is_recommended` = 1  AND `category_id` = 28 ORDER BY RAND() LIMIT 4 [ RunTime:0.001211s ]
[2026-05-25T10:31:15+08:00][sql] SHOW FULL COLUMNS FROM `cmf_slide_item` [ RunTime:0.001838s ]
[2026-05-25T10:31:15+08:00][sql] SELECT `title`,`description`,`image` FROM `cmf_slide_item` WHERE  `slide_id` = 2  AND `status` = 1 ORDER BY `list_order` ASC,`id` DESC LIMIT 1 [ RunTime:0.000369s ]
[2026-05-25T10:31:15+08:00][sql] SHOW FULL COLUMNS FROM `cmf_theme_file` [ RunTime:0.000877s ]
[2026-05-25T10:31:15+08:00][sql] SELECT `more`,`file`,`id` FROM `cmf_theme_file` WHERE  `theme` = 'simpleboot3'  AND (  `is_public` = 1 OR `file` = 'portal/product-info' ) ORDER BY `is_public` DESC [ RunTime:0.000312s ]
[2026-05-25T10:31:15+08:00][sql] SELECT `option_value` FROM `cmf_option` WHERE  `option_name` = 'storage' LIMIT 1 [ RunTime:0.000252s ]
[2026-05-25T10:32:16+08:00][sql] CONNECT:[ UseTime:0.001063s ] mysql:host=127.0.0.1;port=3306;dbname=weihua;charset=utf8mb4
[2026-05-25T10:32:16+08:00][sql] SHOW FULL COLUMNS FROM `cmf_hook` [ RunTime:0.002084s ]
[2026-05-25T10:32:16+08:00][sql] SELECT `hook`,`id` FROM `cmf_hook` WHERE  (  (  `app` = '' OR `app` = 'cmf' )  AND `type` = 3 ) OR `type` = 1 [ RunTime:0.001947s ]
[2026-05-25T10:32:16+08:00][sql] SHOW FULL COLUMNS FROM `cmf_hook_plugin` [ RunTime:0.001175s ]
[2026-05-25T10:32:16+08:00][sql] SELECT `hook`,`plugin` FROM `cmf_hook_plugin` WHERE  `status` = 1  AND `hook` IN ('app_begin','module_init','action_begin','view_filter','app_end','log_write','response_end','admin_init','home_init','send_mobile_verification_code','body_start','before_head_end','footer_start','before_footer','before_footer_end','before_body_end','left_sidebar_start','before_left_sidebar_end','right_sidebar_start','before_right_sidebar_end','comment','guestbook','switch_theme','after_content','before_content','log_write_done','switch_admin_theme','captcha_image','user_login_start') ORDER BY `list_order` ASC [ RunTime:0.000603s ]
[2026-05-25T10:32:16+08:00][sql] SELECT `hook` FROM `cmf_hook` WHERE  `app` = 'portal' [ RunTime:0.001157s ]
[2026-05-25T10:32:16+08:00][sql] SELECT `hook`,`plugin` FROM `cmf_hook_plugin` WHERE  `status` = 1  AND `hook` IN ('portal_before_assign_article','portal_admin_after_save_article','portal_admin_article_index_view','portal_admin_article_add_view','portal_admin_article_edit_view','portal_admin_category_index_view','portal_admin_category_add_view','portal_admin_category_edit_view','portal_admin_page_index_view','portal_admin_page_add_view','portal_admin_page_edit_view','portal_admin_tag_index_view','portal_admin_article_edit_view_right_sidebar','portal_admin_article_edit_view_main') ORDER BY `list_order` ASC [ RunTime:0.000706s ]
[2026-05-25T10:32:16+08:00][sql] SHOW FULL COLUMNS FROM `cmf_plugin` [ RunTime:0.002007s ]
[2026-05-25T10:32:16+08:00][sql] SELECT `config` FROM `cmf_plugin` WHERE  `name` = 'SwitchTheme' LIMIT 1 [ RunTime:0.004101s ]
[2026-05-25T10:32:16+08:00][sql] SHOW FULL COLUMNS FROM `cmf_option` [ RunTime:0.003393s ]
[2026-05-25T10:32:16+08:00][sql] SELECT `option_value` FROM `cmf_option` WHERE  `option_name` = 'cdn_settings' LIMIT 1 [ RunTime:0.000723s ]
[2026-05-25T10:32:16+08:00][sql] SELECT `option_value` FROM `cmf_option` WHERE  `option_name` = 'cdn_settings' LIMIT 1 [ RunTime:0.001089s ]
[2026-05-25T10:32:16+08:00][sql] SHOW FULL COLUMNS FROM `cmf_product_category` [ RunTime:0.001898s ]
[2026-05-25T10:32:16+08:00][sql] SELECT * FROM `cmf_product_category` WHERE  `parent_id` = 0 ORDER BY `list_order` ASC,`create_time` DESC [ RunTime:0.000481s ]
[2026-05-25T10:32:16+08:00][sql] SELECT * FROM `cmf_product_category` WHERE  `parent_id` IN (28,19,22,23,25,27,30) [ RunTime:0.000617s ]
[2026-05-25T10:32:16+08:00][sql] SHOW FULL COLUMNS FROM `cmf_portal_category` [ RunTime:0.001370s ]
[2026-05-25T10:32:16+08:00][sql] SELECT * FROM `cmf_portal_category` WHERE (  `type` = 8 ) AND `cmf_portal_category`.`delete_time` = '0' ORDER BY `list_order` ASC [ RunTime:0.001735s ]
[2026-05-25T10:32:16+08:00][sql] SELECT `option_value` FROM `cmf_option` WHERE  `option_name` = 'site_info' LIMIT 1 [ RunTime:0.000535s ]
[2026-05-25T10:32:16+08:00][sql] SHOW FULL COLUMNS FROM `cmf_product` [ RunTime:0.001710s ]
[2026-05-25T10:32:16+08:00][sql] SELECT * FROM `cmf_product` WHERE  `id` = 183 LIMIT 1 [ RunTime:0.000501s ]
[2026-05-25T10:32:16+08:00][sql] SELECT * FROM `cmf_product_category` WHERE  `id` = 28 LIMIT 1 [ RunTime:0.000277s ]
[2026-05-25T10:32:16+08:00][sql] SELECT `option_value` FROM `cmf_option` WHERE  `option_name` = 'product_setting' LIMIT 1 [ RunTime:0.000242s ]
[2026-05-25T10:32:16+08:00][sql] SELECT `id`,`title`,`industry`,`thumbnail` FROM `cmf_product` WHERE  `id` <> 183  AND `is_recommended` = 1  AND `category_id` = 28 ORDER BY RAND() LIMIT 4 [ RunTime:0.000888s ]
[2026-05-25T10:32:16+08:00][sql] SHOW FULL COLUMNS FROM `cmf_slide_item` [ RunTime:0.001045s ]
[2026-05-25T10:32:16+08:00][sql] SELECT `title`,`description`,`image` FROM `cmf_slide_item` WHERE  `slide_id` = 2  AND `status` = 1 ORDER BY `list_order` ASC,`id` DESC LIMIT 1 [ RunTime:0.000544s ]
[2026-05-25T10:32:16+08:00][sql] SHOW FULL COLUMNS FROM `cmf_theme_file` [ RunTime:0.000872s ]
[2026-05-25T10:32:16+08:00][sql] SELECT `more`,`file`,`id` FROM `cmf_theme_file` WHERE  `theme` = 'simpleboot3'  AND (  `is_public` = 1 OR `file` = 'portal/product-info' ) ORDER BY `is_public` DESC [ RunTime:0.000506s ]
[2026-05-25T10:32:16+08:00][sql] SHOW FULL COLUMNS FROM `cmf_route` [ RunTime:0.001391s ]
[2026-05-25T10:32:16+08:00][sql] SELECT * FROM `cmf_route` WHERE  `status` = 1 ORDER BY `list_order` ASC [ RunTime:0.000679s ]
[2026-05-25T10:32:16+08:00][sql] SELECT `option_value` FROM `cmf_option` WHERE  `option_name` = 'storage' LIMIT 1 [ RunTime:0.000627s ]
[2026-05-25T10:32:20+08:00][sql] CONNECT:[ UseTime:0.000789s ] mysql:host=127.0.0.1;port=3306;dbname=weihua;charset=utf8mb4
[2026-05-25T10:32:20+08:00][sql] SHOW FULL COLUMNS FROM `cmf_option` [ RunTime:0.002324s ]
[2026-05-25T10:32:20+08:00][sql] SELECT `option_value` FROM `cmf_option` WHERE  `option_name` = 'cdn_settings' LIMIT 1 [ RunTime:0.000504s ]
[2026-05-25T10:32:20+08:00][sql] SELECT `option_value` FROM `cmf_option` WHERE  `option_name` = 'cdn_settings' LIMIT 1 [ RunTime:0.000412s ]
[2026-05-25T10:32:20+08:00][sql] SHOW FULL COLUMNS FROM `cmf_product_category` [ RunTime:0.001294s ]
[2026-05-25T10:32:20+08:00][sql] SELECT * FROM `cmf_product_category` WHERE  `parent_id` = 0 ORDER BY `list_order` ASC,`create_time` DESC [ RunTime:0.000384s ]
[2026-05-25T10:32:20+08:00][sql] SELECT * FROM `cmf_product_category` WHERE  `parent_id` IN (28,19,22,23,25,27,30) [ RunTime:0.000320s ]
[2026-05-25T10:32:20+08:00][sql] SHOW FULL COLUMNS FROM `cmf_portal_category` [ RunTime:0.000885s ]
[2026-05-25T10:32:20+08:00][sql] SELECT * FROM `cmf_portal_category` WHERE (  `type` = 8 ) AND `cmf_portal_category`.`delete_time` = '0' ORDER BY `list_order` ASC [ RunTime:0.000322s ]
[2026-05-25T10:32:20+08:00][sql] SELECT * FROM `cmf_product_category` WHERE  `id` = 28 LIMIT 1 [ RunTime:0.000327s ]
[2026-05-25T10:32:20+08:00][sql] SELECT `option_value` FROM `cmf_option` WHERE  `option_name` = 'product_category_hero_settings' LIMIT 1 [ RunTime:0.000228s ]
[2026-05-25T10:32:20+08:00][sql] SHOW FULL COLUMNS FROM `cmf_product` [ RunTime:0.003045s ]
[2026-05-25T10:32:20+08:00][sql] SELECT COUNT(*) AS think_count FROM `cmf_product` WHERE  `category_id` = 28 LIMIT 1 [ RunTime:0.000925s ]
[2026-05-25T10:32:20+08:00][sql] SELECT COUNT(*) AS think_count FROM `cmf_product` WHERE  `category_id` = 19 LIMIT 1 [ RunTime:0.000600s ]
[2026-05-25T10:32:20+08:00][sql] SELECT COUNT(*) AS think_count FROM `cmf_product` WHERE  `category_id` = 22 LIMIT 1 [ RunTime:0.000393s ]
[2026-05-25T10:32:20+08:00][sql] SELECT COUNT(*) AS think_count FROM `cmf_product` WHERE  `category_id` = 23 LIMIT 1 [ RunTime:0.000266s ]
[2026-05-25T10:32:20+08:00][sql] SELECT COUNT(*) AS think_count FROM `cmf_product` WHERE  `category_id` = 25 LIMIT 1 [ RunTime:0.000268s ]
[2026-05-25T10:32:20+08:00][sql] SELECT COUNT(*) AS think_count FROM `cmf_product` WHERE  `category_id` = 27 LIMIT 1 [ RunTime:0.000229s ]
[2026-05-25T10:32:20+08:00][sql] SELECT * FROM `cmf_product` WHERE  `category_id` = 27  AND `thumbnail` <> '' ORDER BY `list_order` ASC,`id` DESC LIMIT 1 [ RunTime:0.000605s ]
[2026-05-25T10:32:20+08:00][sql] SELECT COUNT(*) AS think_count FROM `cmf_product` WHERE  `category_id` = 30 LIMIT 1 [ RunTime:0.000314s ]
[2026-05-25T10:32:20+08:00][sql] SELECT COUNT(*) AS think_count FROM `cmf_product` WHERE  `category_id` = 28 LIMIT 1 [ RunTime:0.000295s ]
[2026-05-25T10:32:20+08:00][sql] SELECT `id`,`category_id`,`title`,`thumbnail`,`industry`,`overview` FROM `cmf_product` WHERE  `category_id` = 28 ORDER BY `list_order` ASC,`create_time` DESC LIMIT 0,12 [ RunTime:0.000579s ]
[2026-05-25T10:32:20+08:00][sql] SHOW FULL COLUMNS FROM `cmf_slide_item` [ RunTime:0.000934s ]
[2026-05-25T10:32:20+08:00][sql] SELECT `title`,`description`,`image` FROM `cmf_slide_item` WHERE  `slide_id` = 2  AND `status` = 1 ORDER BY `list_order` ASC,`id` DESC LIMIT 1 [ RunTime:0.000300s ]
[2026-05-25T10:32:20+08:00][sql] SELECT `option_value` FROM `cmf_option` WHERE  `option_name` = 'storage' LIMIT 1 [ RunTime:0.000327s ]
[2026-05-25T10:32:20+08:00][sql] SELECT `option_value` FROM `cmf_option` WHERE  `option_name` = 'product_category_faq_settings' LIMIT 1 [ RunTime:0.000280s ]
[2026-05-25T10:32:20+08:00][sql] SHOW FULL COLUMNS FROM `cmf_portal_post` [ RunTime:0.001048s ]
[2026-05-25T10:32:20+08:00][sql] SELECT `id`,`post_title`,`post_excerpt`,`more` FROM `cmf_portal_post` WHERE (  `post_type` = 3 ) AND `cmf_portal_post`.`delete_time` = '0' ORDER BY `create_time` DESC [ RunTime:0.000429s ]
[2026-05-25T10:32:20+08:00][sql] SHOW FULL COLUMNS FROM `cmf_theme_file` [ RunTime:0.001110s ]
[2026-05-25T10:32:20+08:00][sql] SELECT `more`,`file`,`id` FROM `cmf_theme_file` WHERE  `theme` = 'simpleboot3'  AND (  `is_public` = 1 OR `file` = 'portal/product' ) ORDER BY `is_public` DESC [ RunTime:0.000479s ]
[2026-05-25T10:32:21+08:00][sql] CONNECT:[ UseTime:0.001038s ] mysql:host=127.0.0.1;port=3306;dbname=weihua;charset=utf8mb4
[2026-05-25T10:32:21+08:00][sql] SHOW FULL COLUMNS FROM `cmf_option` [ RunTime:0.001754s ]
[2026-05-25T10:32:21+08:00][sql] SELECT `option_value` FROM `cmf_option` WHERE  `option_name` = 'cdn_settings' LIMIT 1 [ RunTime:0.000399s ]
[2026-05-25T10:32:21+08:00][sql] SELECT `option_value` FROM `cmf_option` WHERE  `option_name` = 'cdn_settings' LIMIT 1 [ RunTime:0.000494s ]
[2026-05-25T10:32:21+08:00][sql] SHOW FULL COLUMNS FROM `cmf_product_category` [ RunTime:0.001112s ]
[2026-05-25T10:32:21+08:00][sql] SELECT * FROM `cmf_product_category` WHERE  `parent_id` = 0 ORDER BY `list_order` ASC,`create_time` DESC [ RunTime:0.000416s ]
[2026-05-25T10:32:21+08:00][sql] SELECT * FROM `cmf_product_category` WHERE  `parent_id` IN (28,19,22,23,25,27,30) [ RunTime:0.000367s ]
[2026-05-25T10:32:21+08:00][sql] SHOW FULL COLUMNS FROM `cmf_portal_category` [ RunTime:0.001146s ]
[2026-05-25T10:32:21+08:00][sql] SELECT * FROM `cmf_portal_category` WHERE (  `type` = 8 ) AND `cmf_portal_category`.`delete_time` = '0' ORDER BY `list_order` ASC [ RunTime:0.000345s ]
[2026-05-25T10:32:21+08:00][sql] SHOW FULL COLUMNS FROM `cmf_product` [ RunTime:0.001355s ]
[2026-05-25T10:32:21+08:00][sql] SELECT * FROM `cmf_product` WHERE  `id` = 183 LIMIT 1 [ RunTime:0.000423s ]
[2026-05-25T10:32:21+08:00][sql] SELECT * FROM `cmf_product_category` WHERE  `id` = 28 LIMIT 1 [ RunTime:0.000508s ]
[2026-05-25T10:32:21+08:00][sql] SELECT `id`,`title`,`industry`,`thumbnail` FROM `cmf_product` WHERE  `id` <> 183  AND `is_recommended` = 1  AND `category_id` = 28 ORDER BY RAND() LIMIT 4 [ RunTime:0.001107s ]
[2026-05-25T10:32:21+08:00][sql] SHOW FULL COLUMNS FROM `cmf_slide_item` [ RunTime:0.001890s ]
[2026-05-25T10:32:21+08:00][sql] SELECT `title`,`description`,`image` FROM `cmf_slide_item` WHERE  `slide_id` = 2  AND `status` = 1 ORDER BY `list_order` ASC,`id` DESC LIMIT 1 [ RunTime:0.000513s ]
[2026-05-25T10:32:21+08:00][sql] SHOW FULL COLUMNS FROM `cmf_theme_file` [ RunTime:0.001200s ]
[2026-05-25T10:32:21+08:00][sql] SELECT `more`,`file`,`id` FROM `cmf_theme_file` WHERE  `theme` = 'simpleboot3'  AND (  `is_public` = 1 OR `file` = 'portal/product-info' ) ORDER BY `is_public` DESC [ RunTime:0.000370s ]
[2026-05-25T10:32:21+08:00][sql] SELECT `option_value` FROM `cmf_option` WHERE  `option_name` = 'storage' LIMIT 1 [ RunTime:0.000439s ]
[2026-05-25T10:32:25+08:00][sql] CONNECT:[ UseTime:0.000739s ] mysql:host=127.0.0.1;port=3306;dbname=weihua;charset=utf8mb4
[2026-05-25T10:32:25+08:00][sql] SHOW FULL COLUMNS FROM `cmf_option` [ RunTime:0.001616s ]
[2026-05-25T10:32:25+08:00][sql] SELECT `option_value` FROM `cmf_option` WHERE  `option_name` = 'cdn_settings' LIMIT 1 [ RunTime:0.000349s ]
[2026-05-25T10:32:25+08:00][sql] SELECT `option_value` FROM `cmf_option` WHERE  `option_name` = 'cdn_settings' LIMIT 1 [ RunTime:0.000538s ]
[2026-05-25T10:32:25+08:00][sql] SHOW FULL COLUMNS FROM `cmf_product_category` [ RunTime:0.001105s ]
[2026-05-25T10:32:25+08:00][sql] SELECT * FROM `cmf_product_category` WHERE  `parent_id` = 0 ORDER BY `list_order` ASC,`create_time` DESC [ RunTime:0.000314s ]
[2026-05-25T10:32:25+08:00][sql] SELECT * FROM `cmf_product_category` WHERE  `parent_id` IN (28,19,22,23,25,27,30) [ RunTime:0.000303s ]
[2026-05-25T10:32:25+08:00][sql] SHOW FULL COLUMNS FROM `cmf_portal_category` [ RunTime:0.000945s ]
[2026-05-25T10:32:25+08:00][sql] SELECT * FROM `cmf_portal_category` WHERE (  `type` = 8 ) AND `cmf_portal_category`.`delete_time` = '0' ORDER BY `list_order` ASC [ RunTime:0.000313s ]
[2026-05-25T10:32:25+08:00][sql] SHOW FULL COLUMNS FROM `cmf_product` [ RunTime:0.001726s ]
[2026-05-25T10:32:25+08:00][sql] SELECT * FROM `cmf_product` WHERE  `id` = 172 LIMIT 1 [ RunTime:0.000929s ]
[2026-05-25T10:32:25+08:00][sql] SELECT * FROM `cmf_product_category` WHERE  `id` = 28 LIMIT 1 [ RunTime:0.000663s ]
[2026-05-25T10:32:25+08:00][sql] SELECT `id`,`title`,`industry`,`thumbnail` FROM `cmf_product` WHERE  `id` <> 172  AND `is_recommended` = 1  AND `category_id` = 28 ORDER BY RAND() LIMIT 4 [ RunTime:0.000961s ]
[2026-05-25T10:32:25+08:00][sql] SHOW FULL COLUMNS FROM `cmf_slide_item` [ RunTime:0.002070s ]
[2026-05-25T10:32:25+08:00][sql] SELECT `title`,`description`,`image` FROM `cmf_slide_item` WHERE  `slide_id` = 2  AND `status` = 1 ORDER BY `list_order` ASC,`id` DESC LIMIT 1 [ RunTime:0.000585s ]
[2026-05-25T10:32:25+08:00][sql] SHOW FULL COLUMNS FROM `cmf_theme_file` [ RunTime:0.001471s ]
[2026-05-25T10:32:25+08:00][sql] SELECT `more`,`file`,`id` FROM `cmf_theme_file` WHERE  `theme` = 'simpleboot3'  AND (  `is_public` = 1 OR `file` = 'portal/product-info' ) ORDER BY `is_public` DESC [ RunTime:0.000474s ]
[2026-05-25T10:32:25+08:00][sql] SELECT `option_value` FROM `cmf_option` WHERE  `option_name` = 'storage' LIMIT 1 [ RunTime:0.001021s ]
[2026-05-25T10:33:18+08:00][sql] CONNECT:[ UseTime:0.000978s ] mysql:host=127.0.0.1;port=3306;dbname=weihua;charset=utf8mb4
[2026-05-25T10:33:18+08:00][sql] SHOW FULL COLUMNS FROM `cmf_option` [ RunTime:0.001913s ]
[2026-05-25T10:33:18+08:00][sql] SELECT `option_value` FROM `cmf_option` WHERE  `option_name` = 'cdn_settings' LIMIT 1 [ RunTime:0.000336s ]
[2026-05-25T10:33:18+08:00][sql] SELECT `option_value` FROM `cmf_option` WHERE  `option_name` = 'cdn_settings' LIMIT 1 [ RunTime:0.000340s ]
[2026-05-25T10:33:18+08:00][sql] SHOW FULL COLUMNS FROM `cmf_product_category` [ RunTime:0.001093s ]
[2026-05-25T10:33:18+08:00][sql] SELECT * FROM `cmf_product_category` WHERE  `parent_id` = 0 ORDER BY `list_order` ASC,`create_time` DESC [ RunTime:0.000403s ]
[2026-05-25T10:33:18+08:00][sql] SELECT * FROM `cmf_product_category` WHERE  `parent_id` IN (28,19,22,23,25,27,30) [ RunTime:0.000828s ]
[2026-05-25T10:33:18+08:00][sql] SHOW FULL COLUMNS FROM `cmf_portal_category` [ RunTime:0.001342s ]
[2026-05-25T10:33:18+08:00][sql] SELECT * FROM `cmf_portal_category` WHERE (  `type` = 8 ) AND `cmf_portal_category`.`delete_time` = '0' ORDER BY `list_order` ASC [ RunTime:0.000379s ]
[2026-05-25T10:33:18+08:00][sql] SELECT * FROM `cmf_product_category` WHERE  `id` = 28 LIMIT 1 [ RunTime:0.000329s ]
[2026-05-25T10:33:18+08:00][sql] SHOW FULL COLUMNS FROM `cmf_product` [ RunTime:0.001234s ]
[2026-05-25T10:33:18+08:00][sql] SELECT COUNT(*) AS think_count FROM `cmf_product` WHERE  `category_id` = 28 LIMIT 1 [ RunTime:0.000382s ]
[2026-05-25T10:33:18+08:00][sql] SELECT COUNT(*) AS think_count FROM `cmf_product` WHERE  `category_id` = 19 LIMIT 1 [ RunTime:0.000296s ]
[2026-05-25T10:33:18+08:00][sql] SELECT COUNT(*) AS think_count FROM `cmf_product` WHERE  `category_id` = 22 LIMIT 1 [ RunTime:0.000307s ]
[2026-05-25T10:33:18+08:00][sql] SELECT COUNT(*) AS think_count FROM `cmf_product` WHERE  `category_id` = 23 LIMIT 1 [ RunTime:0.000258s ]
[2026-05-25T10:33:18+08:00][sql] SELECT COUNT(*) AS think_count FROM `cmf_product` WHERE  `category_id` = 25 LIMIT 1 [ RunTime:0.000297s ]
[2026-05-25T10:33:18+08:00][sql] SELECT COUNT(*) AS think_count FROM `cmf_product` WHERE  `category_id` = 27 LIMIT 1 [ RunTime:0.000267s ]
[2026-05-25T10:33:18+08:00][sql] SELECT * FROM `cmf_product` WHERE  `category_id` = 27  AND `thumbnail` <> '' ORDER BY `list_order` ASC,`id` DESC LIMIT 1 [ RunTime:0.000489s ]
[2026-05-25T10:33:18+08:00][sql] SELECT COUNT(*) AS think_count FROM `cmf_product` WHERE  `category_id` = 30 LIMIT 1 [ RunTime:0.000290s ]
[2026-05-25T10:33:18+08:00][sql] SELECT COUNT(*) AS think_count FROM `cmf_product` WHERE  `category_id` = 28 LIMIT 1 [ RunTime:0.000306s ]
[2026-05-25T10:33:18+08:00][sql] SELECT `id`,`category_id`,`title`,`thumbnail`,`industry`,`overview` FROM `cmf_product` WHERE  `category_id` = 28 ORDER BY `list_order` ASC,`create_time` DESC LIMIT 48,12 [ RunTime:0.000856s ]
[2026-05-25T10:33:18+08:00][sql] SHOW FULL COLUMNS FROM `cmf_slide_item` [ RunTime:0.001344s ]
[2026-05-25T10:33:18+08:00][sql] SELECT `title`,`description`,`image` FROM `cmf_slide_item` WHERE  `slide_id` = 2  AND `status` = 1 ORDER BY `list_order` ASC,`id` DESC LIMIT 1 [ RunTime:0.000558s ]
[2026-05-25T10:33:18+08:00][sql] SELECT `option_value` FROM `cmf_option` WHERE  `option_name` = 'storage' LIMIT 1 [ RunTime:0.000547s ]
[2026-05-25T10:33:18+08:00][sql] SHOW FULL COLUMNS FROM `cmf_portal_post` [ RunTime:0.001392s ]
[2026-05-25T10:33:18+08:00][sql] SELECT `id`,`post_title`,`post_excerpt`,`more` FROM `cmf_portal_post` WHERE (  `post_type` = 3 ) AND `cmf_portal_post`.`delete_time` = '0' ORDER BY `create_time` DESC [ RunTime:0.000523s ]
[2026-05-25T10:33:18+08:00][sql] SHOW FULL COLUMNS FROM `cmf_theme_file` [ RunTime:0.001056s ]
[2026-05-25T10:33:18+08:00][sql] SELECT `more`,`file`,`id` FROM `cmf_theme_file` WHERE  `theme` = 'simpleboot3'  AND (  `is_public` = 1 OR `file` = 'portal/product' ) ORDER BY `is_public` DESC [ RunTime:0.000401s ]
[2026-05-25T10:33:21+08:00][sql] CONNECT:[ UseTime:0.013168s ] mysql:host=127.0.0.1;port=3306;dbname=weihua;charset=utf8mb4
[2026-05-25T10:33:21+08:00][sql] SHOW FULL COLUMNS FROM `cmf_option` [ RunTime:0.001973s ]
[2026-05-25T10:33:21+08:00][sql] SELECT `option_value` FROM `cmf_option` WHERE  `option_name` = 'cdn_settings' LIMIT 1 [ RunTime:0.000527s ]
[2026-05-25T10:33:21+08:00][sql] SELECT `option_value` FROM `cmf_option` WHERE  `option_name` = 'cdn_settings' LIMIT 1 [ RunTime:0.000633s ]
[2026-05-25T10:33:21+08:00][sql] SHOW FULL COLUMNS FROM `cmf_product_category` [ RunTime:0.001527s ]
[2026-05-25T10:33:21+08:00][sql] SELECT * FROM `cmf_product_category` WHERE  `parent_id` = 0 ORDER BY `list_order` ASC,`create_time` DESC [ RunTime:0.000420s ]
[2026-05-25T10:33:21+08:00][sql] SELECT * FROM `cmf_product_category` WHERE  `parent_id` IN (28,19,22,23,25,27,30) [ RunTime:0.000681s ]
[2026-05-25T10:33:21+08:00][sql] SHOW FULL COLUMNS FROM `cmf_portal_category` [ RunTime:0.002004s ]
[2026-05-25T10:33:21+08:00][sql] SELECT * FROM `cmf_portal_category` WHERE (  `type` = 8 ) AND `cmf_portal_category`.`delete_time` = '0' ORDER BY `list_order` ASC [ RunTime:0.000814s ]
[2026-05-25T10:33:21+08:00][sql] SHOW FULL COLUMNS FROM `cmf_product` [ RunTime:0.002726s ]
[2026-05-25T10:33:21+08:00][sql] SELECT * FROM `cmf_product` WHERE  `id` = 62 LIMIT 1 [ RunTime:0.001108s ]
[2026-05-25T10:33:21+08:00][sql] SELECT * FROM `cmf_product_category` WHERE  `id` = 28 LIMIT 1 [ RunTime:0.000432s ]
[2026-05-25T10:33:21+08:00][sql] SELECT `id`,`title`,`industry`,`thumbnail` FROM `cmf_product` WHERE  `id` <> 62  AND `is_recommended` = 1  AND `category_id` = 28 ORDER BY RAND() LIMIT 4 [ RunTime:0.000875s ]
[2026-05-25T10:33:21+08:00][sql] SHOW FULL COLUMNS FROM `cmf_slide_item` [ RunTime:0.001354s ]
[2026-05-25T10:33:21+08:00][sql] SELECT `title`,`description`,`image` FROM `cmf_slide_item` WHERE  `slide_id` = 2  AND `status` = 1 ORDER BY `list_order` ASC,`id` DESC LIMIT 1 [ RunTime:0.000426s ]
[2026-05-25T10:33:21+08:00][sql] SHOW FULL COLUMNS FROM `cmf_theme_file` [ RunTime:0.001898s ]
[2026-05-25T10:33:21+08:00][sql] SELECT `more`,`file`,`id` FROM `cmf_theme_file` WHERE  `theme` = 'simpleboot3'  AND (  `is_public` = 1 OR `file` = 'portal/product-info' ) ORDER BY `is_public` DESC [ RunTime:0.000545s ]
[2026-05-25T10:33:21+08:00][sql] SELECT `option_value` FROM `cmf_option` WHERE  `option_name` = 'storage' LIMIT 1 [ RunTime:0.000749s ]
[2026-05-25T10:33:38+08:00][sql] CONNECT:[ UseTime:0.001081s ] mysql:host=127.0.0.1;port=3306;dbname=weihua;charset=utf8mb4
[2026-05-25T10:33:38+08:00][sql] SHOW FULL COLUMNS FROM `cmf_option` [ RunTime:0.001470s ]
[2026-05-25T10:33:38+08:00][sql] SELECT `option_value` FROM `cmf_option` WHERE  `option_name` = 'cdn_settings' LIMIT 1 [ RunTime:0.000464s ]
[2026-05-25T10:33:38+08:00][sql] SELECT `option_value` FROM `cmf_option` WHERE  `option_name` = 'cdn_settings' LIMIT 1 [ RunTime:0.000571s ]
[2026-05-25T10:33:38+08:00][sql] SHOW FULL COLUMNS FROM `cmf_product_category` [ RunTime:0.001178s ]
[2026-05-25T10:33:38+08:00][sql] SELECT * FROM `cmf_product_category` WHERE  `parent_id` = 0 ORDER BY `list_order` ASC,`create_time` DESC [ RunTime:0.000583s ]
[2026-05-25T10:33:38+08:00][sql] SELECT * FROM `cmf_product_category` WHERE  `parent_id` IN (28,19,22,23,25,27,30) [ RunTime:0.000384s ]
[2026-05-25T10:33:38+08:00][sql] SHOW FULL COLUMNS FROM `cmf_portal_category` [ RunTime:0.001180s ]
[2026-05-25T10:33:38+08:00][sql] SELECT * FROM `cmf_portal_category` WHERE (  `type` = 8 ) AND `cmf_portal_category`.`delete_time` = '0' ORDER BY `list_order` ASC [ RunTime:0.000620s ]
[2026-05-25T10:33:38+08:00][sql] SHOW FULL COLUMNS FROM `cmf_slide_item` [ RunTime:0.001746s ]
[2026-05-25T10:33:38+08:00][sql] SELECT `title`,`description`,`image`,`url`,`target`,`content` FROM `cmf_slide_item` WHERE  `slide_id` = 1 ORDER BY `list_order` ASC [ RunTime:0.000674s ]
[2026-05-25T10:33:38+08:00][sql] SHOW FULL COLUMNS FROM `cmf_slide` [ RunTime:0.001377s ]
[2026-05-25T10:33:38+08:00][sql] SELECT * FROM `cmf_slide` WHERE  `name` LIKE '%choose%' OR `name` LIKE '%选择%' LIMIT 1 [ RunTime:0.001320s ]
[2026-05-25T10:33:38+08:00][sql] SELECT `title`,`description`,`image`,`url`,`target`,`content` FROM `cmf_slide_item` WHERE  `slide_id` = 14  AND `status` = 1 ORDER BY `list_order` ASC [ RunTime:0.000417s ]
[2026-05-25T10:33:38+08:00][sql] SELECT * FROM `cmf_product_category` WHERE  `parent_id` = 0  AND `recommend` = 1 ORDER BY `list_order` ASC,`create_time` DESC [ RunTime:0.000407s ]
[2026-05-25T10:33:38+08:00][sql] SHOW FULL COLUMNS FROM `cmf_product` [ RunTime:0.001602s ]
[2026-05-25T10:33:38+08:00][sql] SELECT `id`,`title`,`thumbnail`,`industry` FROM `cmf_product` WHERE  `is_recommended` = 1  AND `category_id` = 28 ORDER BY `list_order` ASC LIMIT 6 [ RunTime:0.000778s ]
[2026-05-25T10:33:38+08:00][sql] SELECT `id`,`title`,`thumbnail`,`industry` FROM `cmf_product` WHERE  `is_recommended` = 1  AND `category_id` = 19 ORDER BY `list_order` ASC LIMIT 6 [ RunTime:0.000423s ]
[2026-05-25T10:33:38+08:00][sql] SELECT `id`,`title`,`thumbnail`,`industry` FROM `cmf_product` WHERE  `is_recommended` = 1  AND `category_id` = 23 ORDER BY `list_order` ASC LIMIT 6 [ RunTime:0.000507s ]
[2026-05-25T10:33:38+08:00][sql] SELECT `option_value` FROM `cmf_option` WHERE  `option_name` = 'index_setting' LIMIT 1 [ RunTime:0.000341s ]
[2026-05-25T10:33:38+08:00][sql] SELECT `option_value` FROM `cmf_option` WHERE  `option_name` = 'about_site' LIMIT 1 [ RunTime:0.000813s ]
[2026-05-25T10:33:38+08:00][sql] SHOW FULL COLUMNS FROM `cmf_portal_post` [ RunTime:0.003439s ]
[2026-05-25T10:33:38+08:00][sql] SELECT `p`.`id`,`p`.`post_title`,`p`.`post_excerpt`,`p`.`thumbnail`,`p`.`create_time`,`c`.`category_id` FROM `cmf_portal_post` `p` INNER JOIN `cmf_portal_category_post` `c` ON `p`.`id`=`c`.`post_id` WHERE (  `p`.`post_type` = '8' ) AND `p`.`delete_time` = '0' ORDER BY `c`.`list_order` ASC,`p`.`create_time` DESC [ RunTime:0.001111s ]
[2026-05-25T10:33:38+08:00][sql] SELECT `id`,`post_title`,`post_excerpt`,`more` FROM `cmf_portal_post` WHERE (  `post_type` = 3 ) AND `cmf_portal_post`.`delete_time` = '0' ORDER BY `create_time` DESC [ RunTime:0.000698s ]
[2026-05-25T10:33:38+08:00][sql] SHOW FULL COLUMNS FROM `cmf_theme_file` [ RunTime:0.001310s ]
[2026-05-25T10:33:38+08:00][sql] SELECT `more`,`file`,`id` FROM `cmf_theme_file` WHERE  `theme` = 'simpleboot3'  AND (  `is_public` = 1 OR `file` = 'portal/index' ) ORDER BY `is_public` DESC [ RunTime:0.000524s ]
[2026-05-25T10:33:38+08:00][sql] SELECT `option_value` FROM `cmf_option` WHERE  `option_name` = 'storage' LIMIT 1 [ RunTime:0.000422s ]
[2026-05-25T10:33:41+08:00][sql] CONNECT:[ UseTime:0.000806s ] mysql:host=127.0.0.1;port=3306;dbname=weihua;charset=utf8mb4
[2026-05-25T10:33:41+08:00][sql] SHOW FULL COLUMNS FROM `cmf_option` [ RunTime:0.001064s ]
[2026-05-25T10:33:41+08:00][sql] SELECT `option_value` FROM `cmf_option` WHERE  `option_name` = 'cdn_settings' LIMIT 1 [ RunTime:0.000247s ]
[2026-05-25T10:33:41+08:00][sql] SELECT `option_value` FROM `cmf_option` WHERE  `option_name` = 'cdn_settings' LIMIT 1 [ RunTime:0.000764s ]
[2026-05-25T10:33:41+08:00][sql] SHOW FULL COLUMNS FROM `cmf_product_category` [ RunTime:0.001017s ]
[2026-05-25T10:33:41+08:00][sql] SELECT * FROM `cmf_product_category` WHERE  `parent_id` = 0 ORDER BY `list_order` ASC,`create_time` DESC [ RunTime:0.000398s ]
[2026-05-25T10:33:41+08:00][sql] SELECT * FROM `cmf_product_category` WHERE  `parent_id` IN (28,19,22,23,25,27,30) [ RunTime:0.000289s ]
[2026-05-25T10:33:41+08:00][sql] SHOW FULL COLUMNS FROM `cmf_portal_category` [ RunTime:0.000889s ]
[2026-05-25T10:33:41+08:00][sql] SELECT * FROM `cmf_portal_category` WHERE (  `type` = 8 ) AND `cmf_portal_category`.`delete_time` = '0' ORDER BY `list_order` ASC [ RunTime:0.000358s ]
[2026-05-25T10:33:41+08:00][sql] SHOW FULL COLUMNS FROM `cmf_product` [ RunTime:0.000943s ]
[2026-05-25T10:33:41+08:00][sql] SELECT COUNT(*) AS think_count FROM `cmf_product` WHERE  `category_id` = 28 LIMIT 1 [ RunTime:0.000331s ]
[2026-05-25T10:33:41+08:00][sql] SELECT COUNT(*) AS think_count FROM `cmf_product` WHERE  `category_id` = 19 LIMIT 1 [ RunTime:0.000240s ]
[2026-05-25T10:33:41+08:00][sql] SELECT COUNT(*) AS think_count FROM `cmf_product` WHERE  `category_id` = 22 LIMIT 1 [ RunTime:0.000207s ]
[2026-05-25T10:33:41+08:00][sql] SELECT COUNT(*) AS think_count FROM `cmf_product` WHERE  `category_id` = 23 LIMIT 1 [ RunTime:0.000213s ]
[2026-05-25T10:33:41+08:00][sql] SELECT COUNT(*) AS think_count FROM `cmf_product` WHERE  `category_id` = 25 LIMIT 1 [ RunTime:0.000299s ]
[2026-05-25T10:33:41+08:00][sql] SELECT COUNT(*) AS think_count FROM `cmf_product` WHERE  `category_id` = 27 LIMIT 1 [ RunTime:0.000242s ]
[2026-05-25T10:33:41+08:00][sql] SELECT * FROM `cmf_product` WHERE  `category_id` = 27  AND `thumbnail` <> '' ORDER BY `list_order` ASC,`id` DESC LIMIT 1 [ RunTime:0.000417s ]
[2026-05-25T10:33:41+08:00][sql] SELECT COUNT(*) AS think_count FROM `cmf_product` WHERE  `category_id` = 30 LIMIT 1 [ RunTime:0.000252s ]
[2026-05-25T10:33:41+08:00][sql] SELECT COUNT(*) AS think_count FROM `cmf_product` LIMIT 1 [ RunTime:0.000188s ]
[2026-05-25T10:33:41+08:00][sql] SELECT `id`,`category_id`,`title`,`thumbnail`,`industry`,`overview` FROM `cmf_product` ORDER BY `list_order` ASC,`create_time` DESC LIMIT 0,12 [ RunTime:0.000633s ]
[2026-05-25T10:33:41+08:00][sql] SHOW FULL COLUMNS FROM `cmf_slide_item` [ RunTime:0.001079s ]
[2026-05-25T10:33:41+08:00][sql] SELECT `title`,`description`,`image` FROM `cmf_slide_item` WHERE  `slide_id` = 2  AND `status` = 1 ORDER BY `list_order` ASC,`id` DESC LIMIT 1 [ RunTime:0.000674s ]
[2026-05-25T10:33:41+08:00][sql] SELECT `option_value` FROM `cmf_option` WHERE  `option_name` = 'storage' LIMIT 1 [ RunTime:0.000288s ]
[2026-05-25T10:33:41+08:00][sql] SHOW FULL COLUMNS FROM `cmf_portal_post` [ RunTime:0.002282s ]
[2026-05-25T10:33:41+08:00][sql] SELECT `id`,`post_title`,`post_excerpt`,`more` FROM `cmf_portal_post` WHERE (  `post_type` = 3 ) AND `cmf_portal_post`.`delete_time` = '0' ORDER BY `create_time` DESC [ RunTime:0.000812s ]
[2026-05-25T10:33:41+08:00][sql] SHOW FULL COLUMNS FROM `cmf_theme_file` [ RunTime:0.001277s ]
[2026-05-25T10:33:41+08:00][sql] SELECT `more`,`file`,`id` FROM `cmf_theme_file` WHERE  `theme` = 'simpleboot3'  AND (  `is_public` = 1 OR `file` = 'portal/product' ) ORDER BY `is_public` DESC [ RunTime:0.000476s ]
[2026-05-25T10:33:43+08:00][sql] CONNECT:[ UseTime:0.001091s ] mysql:host=127.0.0.1;port=3306;dbname=weihua;charset=utf8mb4
[2026-05-25T10:33:43+08:00][sql] SHOW FULL COLUMNS FROM `cmf_option` [ RunTime:0.002245s ]
[2026-05-25T10:33:43+08:00][sql] SELECT `option_value` FROM `cmf_option` WHERE  `option_name` = 'cdn_settings' LIMIT 1 [ RunTime:0.000311s ]
[2026-05-25T10:33:43+08:00][sql] SELECT `option_value` FROM `cmf_option` WHERE  `option_name` = 'cdn_settings' LIMIT 1 [ RunTime:0.000327s ]
[2026-05-25T10:33:43+08:00][sql] SHOW FULL COLUMNS FROM `cmf_product_category` [ RunTime:0.001063s ]
[2026-05-25T10:33:43+08:00][sql] SELECT * FROM `cmf_product_category` WHERE  `parent_id` = 0 ORDER BY `list_order` ASC,`create_time` DESC [ RunTime:0.001160s ]
[2026-05-25T10:33:43+08:00][sql] SELECT * FROM `cmf_product_category` WHERE  `parent_id` IN (28,19,22,23,25,27,30) [ RunTime:0.000511s ]
[2026-05-25T10:33:43+08:00][sql] SHOW FULL COLUMNS FROM `cmf_portal_category` [ RunTime:0.001540s ]
[2026-05-25T10:33:43+08:00][sql] SELECT * FROM `cmf_portal_category` WHERE (  `type` = 8 ) AND `cmf_portal_category`.`delete_time` = '0' ORDER BY `list_order` ASC [ RunTime:0.000553s ]
[2026-05-25T10:33:43+08:00][sql] SELECT * FROM `cmf_product_category` WHERE  `id` = 28 LIMIT 1 [ RunTime:0.000321s ]
[2026-05-25T10:33:43+08:00][sql] SHOW FULL COLUMNS FROM `cmf_product` [ RunTime:0.001321s ]
[2026-05-25T10:33:43+08:00][sql] SELECT COUNT(*) AS think_count FROM `cmf_product` WHERE  `category_id` = 28 LIMIT 1 [ RunTime:0.000517s ]
[2026-05-25T10:33:43+08:00][sql] SELECT COUNT(*) AS think_count FROM `cmf_product` WHERE  `category_id` = 19 LIMIT 1 [ RunTime:0.000314s ]
[2026-05-25T10:33:43+08:00][sql] SELECT COUNT(*) AS think_count FROM `cmf_product` WHERE  `category_id` = 22 LIMIT 1 [ RunTime:0.000267s ]
[2026-05-25T10:33:43+08:00][sql] SELECT COUNT(*) AS think_count FROM `cmf_product` WHERE  `category_id` = 23 LIMIT 1 [ RunTime:0.000276s ]
[2026-05-25T10:33:43+08:00][sql] SELECT COUNT(*) AS think_count FROM `cmf_product` WHERE  `category_id` = 25 LIMIT 1 [ RunTime:0.000309s ]
[2026-05-25T10:33:43+08:00][sql] SELECT COUNT(*) AS think_count FROM `cmf_product` WHERE  `category_id` = 27 LIMIT 1 [ RunTime:0.000262s ]
[2026-05-25T10:33:43+08:00][sql] SELECT * FROM `cmf_product` WHERE  `category_id` = 27  AND `thumbnail` <> '' ORDER BY `list_order` ASC,`id` DESC LIMIT 1 [ RunTime:0.000449s ]
[2026-05-25T10:33:43+08:00][sql] SELECT COUNT(*) AS think_count FROM `cmf_product` WHERE  `category_id` = 30 LIMIT 1 [ RunTime:0.000302s ]
[2026-05-25T10:33:43+08:00][sql] SELECT COUNT(*) AS think_count FROM `cmf_product` WHERE  `category_id` = 28 LIMIT 1 [ RunTime:0.000265s ]
[2026-05-25T10:33:43+08:00][sql] SELECT `id`,`category_id`,`title`,`thumbnail`,`industry`,`overview` FROM `cmf_product` WHERE  `category_id` = 28 ORDER BY `list_order` ASC,`create_time` DESC LIMIT 0,12 [ RunTime:0.000712s ]
[2026-05-25T10:33:43+08:00][sql] SHOW FULL COLUMNS FROM `cmf_slide_item` [ RunTime:0.000976s ]
[2026-05-25T10:33:43+08:00][sql] SELECT `title`,`description`,`image` FROM `cmf_slide_item` WHERE  `slide_id` = 2  AND `status` = 1 ORDER BY `list_order` ASC,`id` DESC LIMIT 1 [ RunTime:0.000502s ]
[2026-05-25T10:33:43+08:00][sql] SELECT `option_value` FROM `cmf_option` WHERE  `option_name` = 'storage' LIMIT 1 [ RunTime:0.000354s ]
[2026-05-25T10:33:43+08:00][sql] SHOW FULL COLUMNS FROM `cmf_portal_post` [ RunTime:0.002000s ]
[2026-05-25T10:33:43+08:00][sql] SELECT `id`,`post_title`,`post_excerpt`,`more` FROM `cmf_portal_post` WHERE (  `post_type` = 3 ) AND `cmf_portal_post`.`delete_time` = '0' ORDER BY `create_time` DESC [ RunTime:0.000845s ]
[2026-05-25T10:33:43+08:00][sql] SHOW FULL COLUMNS FROM `cmf_theme_file` [ RunTime:0.001365s ]
[2026-05-25T10:33:43+08:00][sql] SELECT `more`,`file`,`id` FROM `cmf_theme_file` WHERE  `theme` = 'simpleboot3'  AND (  `is_public` = 1 OR `file` = 'portal/product' ) ORDER BY `is_public` DESC [ RunTime:0.000513s ]
[2026-05-25T10:33:46+08:00][sql] CONNECT:[ UseTime:0.000968s ] mysql:host=127.0.0.1;port=3306;dbname=weihua;charset=utf8mb4
[2026-05-25T10:33:46+08:00][sql] SHOW FULL COLUMNS FROM `cmf_option` [ RunTime:0.001611s ]
[2026-05-25T10:33:46+08:00][sql] SELECT `option_value` FROM `cmf_option` WHERE  `option_name` = 'cdn_settings' LIMIT 1 [ RunTime:0.000284s ]
[2026-05-25T10:33:46+08:00][sql] SELECT `option_value` FROM `cmf_option` WHERE  `option_name` = 'cdn_settings' LIMIT 1 [ RunTime:0.000867s ]
[2026-05-25T10:33:46+08:00][sql] SHOW FULL COLUMNS FROM `cmf_product_category` [ RunTime:0.001869s ]
[2026-05-25T10:33:46+08:00][sql] SELECT * FROM `cmf_product_category` WHERE  `parent_id` = 0 ORDER BY `list_order` ASC,`create_time` DESC [ RunTime:0.000710s ]
[2026-05-25T10:33:46+08:00][sql] SELECT * FROM `cmf_product_category` WHERE  `parent_id` IN (28,19,22,23,25,27,30) [ RunTime:0.000980s ]
[2026-05-25T10:33:46+08:00][sql] SHOW FULL COLUMNS FROM `cmf_portal_category` [ RunTime:0.003048s ]
[2026-05-25T10:33:46+08:00][sql] SELECT * FROM `cmf_portal_category` WHERE (  `type` = 8 ) AND `cmf_portal_category`.`delete_time` = '0' ORDER BY `list_order` ASC [ RunTime:0.001805s ]
[2026-05-25T10:33:46+08:00][sql] SELECT * FROM `cmf_product_category` WHERE  `id` = 28 LIMIT 1 [ RunTime:0.001310s ]
[2026-05-25T10:33:46+08:00][sql] SHOW FULL COLUMNS FROM `cmf_product` [ RunTime:0.002906s ]
[2026-05-25T10:33:46+08:00][sql] SELECT COUNT(*) AS think_count FROM `cmf_product` WHERE  `category_id` = 28 LIMIT 1 [ RunTime:0.000689s ]
[2026-05-25T10:33:46+08:00][sql] SELECT COUNT(*) AS think_count FROM `cmf_product` WHERE  `category_id` = 19 LIMIT 1 [ RunTime:0.000375s ]
[2026-05-25T10:33:46+08:00][sql] SELECT COUNT(*) AS think_count FROM `cmf_product` WHERE  `category_id` = 22 LIMIT 1 [ RunTime:0.000231s ]
[2026-05-25T10:33:46+08:00][sql] SELECT COUNT(*) AS think_count FROM `cmf_product` WHERE  `category_id` = 23 LIMIT 1 [ RunTime:0.000241s ]
[2026-05-25T10:33:46+08:00][sql] SELECT COUNT(*) AS think_count FROM `cmf_product` WHERE  `category_id` = 25 LIMIT 1 [ RunTime:0.000318s ]
[2026-05-25T10:33:46+08:00][sql] SELECT COUNT(*) AS think_count FROM `cmf_product` WHERE  `category_id` = 27 LIMIT 1 [ RunTime:0.000300s ]
[2026-05-25T10:33:46+08:00][sql] SELECT * FROM `cmf_product` WHERE  `category_id` = 27  AND `thumbnail` <> '' ORDER BY `list_order` ASC,`id` DESC LIMIT 1 [ RunTime:0.000555s ]
[2026-05-25T10:33:46+08:00][sql] SELECT COUNT(*) AS think_count FROM `cmf_product` WHERE  `category_id` = 30 LIMIT 1 [ RunTime:0.000284s ]
[2026-05-25T10:33:46+08:00][sql] SELECT COUNT(*) AS think_count FROM `cmf_product` WHERE  `category_id` = 28 LIMIT 1 [ RunTime:0.000269s ]
[2026-05-25T10:33:46+08:00][sql] SELECT `id`,`category_id`,`title`,`thumbnail`,`industry`,`overview` FROM `cmf_product` WHERE  `category_id` = 28 ORDER BY `list_order` ASC,`create_time` DESC LIMIT 48,12 [ RunTime:0.001747s ]
[2026-05-25T10:33:46+08:00][sql] SHOW FULL COLUMNS FROM `cmf_slide_item` [ RunTime:0.001350s ]
[2026-05-25T10:33:46+08:00][sql] SELECT `title`,`description`,`image` FROM `cmf_slide_item` WHERE  `slide_id` = 2  AND `status` = 1 ORDER BY `list_order` ASC,`id` DESC LIMIT 1 [ RunTime:0.000479s ]
[2026-05-25T10:33:46+08:00][sql] SELECT `option_value` FROM `cmf_option` WHERE  `option_name` = 'storage' LIMIT 1 [ RunTime:0.000435s ]
[2026-05-25T10:33:46+08:00][sql] SHOW FULL COLUMNS FROM `cmf_portal_post` [ RunTime:0.001175s ]
[2026-05-25T10:33:46+08:00][sql] SELECT `id`,`post_title`,`post_excerpt`,`more` FROM `cmf_portal_post` WHERE (  `post_type` = 3 ) AND `cmf_portal_post`.`delete_time` = '0' ORDER BY `create_time` DESC [ RunTime:0.000518s ]
[2026-05-25T10:33:46+08:00][sql] SHOW FULL COLUMNS FROM `cmf_theme_file` [ RunTime:0.001086s ]
[2026-05-25T10:33:46+08:00][sql] SELECT `more`,`file`,`id` FROM `cmf_theme_file` WHERE  `theme` = 'simpleboot3'  AND (  `is_public` = 1 OR `file` = 'portal/product' ) ORDER BY `is_public` DESC [ RunTime:0.000428s ]
[2026-05-25T10:33:50+08:00][sql] CONNECT:[ UseTime:0.001214s ] mysql:host=127.0.0.1;port=3306;dbname=weihua;charset=utf8mb4
[2026-05-25T10:33:50+08:00][sql] SHOW FULL COLUMNS FROM `cmf_option` [ RunTime:0.001467s ]
[2026-05-25T10:33:50+08:00][sql] SELECT `option_value` FROM `cmf_option` WHERE  `option_name` = 'cdn_settings' LIMIT 1 [ RunTime:0.000339s ]
[2026-05-25T10:33:50+08:00][sql] SELECT `option_value` FROM `cmf_option` WHERE  `option_name` = 'cdn_settings' LIMIT 1 [ RunTime:0.000698s ]
[2026-05-25T10:33:50+08:00][sql] SHOW FULL COLUMNS FROM `cmf_product_category` [ RunTime:0.001264s ]
[2026-05-25T10:33:50+08:00][sql] SELECT * FROM `cmf_product_category` WHERE  `parent_id` = 0 ORDER BY `list_order` ASC,`create_time` DESC [ RunTime:0.000525s ]
[2026-05-25T10:33:50+08:00][sql] SELECT * FROM `cmf_product_category` WHERE  `parent_id` IN (28,19,22,23,25,27,30) [ RunTime:0.000376s ]
[2026-05-25T10:33:50+08:00][sql] SHOW FULL COLUMNS FROM `cmf_portal_category` [ RunTime:0.001616s ]
[2026-05-25T10:33:50+08:00][sql] SELECT * FROM `cmf_portal_category` WHERE (  `type` = 8 ) AND `cmf_portal_category`.`delete_time` = '0' ORDER BY `list_order` ASC [ RunTime:0.000528s ]
[2026-05-25T10:33:50+08:00][sql] SHOW FULL COLUMNS FROM `cmf_product` [ RunTime:0.001369s ]
[2026-05-25T10:33:50+08:00][sql] SELECT * FROM `cmf_product` WHERE  `id` = 62 LIMIT 1 [ RunTime:0.000941s ]
[2026-05-25T10:33:50+08:00][sql] SELECT * FROM `cmf_product_category` WHERE  `id` = 28 LIMIT 1 [ RunTime:0.000343s ]
[2026-05-25T10:33:50+08:00][sql] SELECT `id`,`title`,`industry`,`thumbnail` FROM `cmf_product` WHERE  `id` <> 62  AND `is_recommended` = 1  AND `category_id` = 28 ORDER BY RAND() LIMIT 4 [ RunTime:0.000835s ]
[2026-05-25T10:33:50+08:00][sql] SHOW FULL COLUMNS FROM `cmf_slide_item` [ RunTime:0.001890s ]
[2026-05-25T10:33:50+08:00][sql] SELECT `title`,`description`,`image` FROM `cmf_slide_item` WHERE  `slide_id` = 2  AND `status` = 1 ORDER BY `list_order` ASC,`id` DESC LIMIT 1 [ RunTime:0.000508s ]
[2026-05-25T10:33:50+08:00][sql] SHOW FULL COLUMNS FROM `cmf_theme_file` [ RunTime:0.001174s ]
[2026-05-25T10:33:50+08:00][sql] SELECT `more`,`file`,`id` FROM `cmf_theme_file` WHERE  `theme` = 'simpleboot3'  AND (  `is_public` = 1 OR `file` = 'portal/product-info' ) ORDER BY `is_public` DESC [ RunTime:0.000441s ]
[2026-05-25T10:33:50+08:00][sql] SELECT `option_value` FROM `cmf_option` WHERE  `option_name` = 'storage' LIMIT 1 [ RunTime:0.000436s ]
[2026-05-25T10:34:55+08:00][sql] CONNECT:[ UseTime:0.000991s ] mysql:host=127.0.0.1;port=3306;dbname=weihua;charset=utf8mb4
[2026-05-25T10:34:55+08:00][sql] SHOW FULL COLUMNS FROM `cmf_option` [ RunTime:0.001238s ]
[2026-05-25T10:34:55+08:00][sql] SELECT `option_value` FROM `cmf_option` WHERE  `option_name` = 'cdn_settings' LIMIT 1 [ RunTime:0.000279s ]
[2026-05-25T10:34:55+08:00][sql] SELECT `option_value` FROM `cmf_option` WHERE  `option_name` = 'cdn_settings' LIMIT 1 [ RunTime:0.000597s ]
[2026-05-25T10:34:55+08:00][sql] SHOW FULL COLUMNS FROM `cmf_product_category` [ RunTime:0.001177s ]
[2026-05-25T10:34:55+08:00][sql] SELECT * FROM `cmf_product_category` WHERE  `parent_id` = 0 ORDER BY `list_order` ASC,`create_time` DESC [ RunTime:0.000326s ]
[2026-05-25T10:34:55+08:00][sql] SELECT * FROM `cmf_product_category` WHERE  `parent_id` IN (28,19,22,23,25,27,30) [ RunTime:0.000291s ]
[2026-05-25T10:34:55+08:00][sql] SHOW FULL COLUMNS FROM `cmf_portal_category` [ RunTime:0.001067s ]
[2026-05-25T10:34:55+08:00][sql] SELECT * FROM `cmf_portal_category` WHERE (  `type` = 8 ) AND `cmf_portal_category`.`delete_time` = '0' ORDER BY `list_order` ASC [ RunTime:0.000287s ]
[2026-05-25T10:34:55+08:00][sql] SHOW FULL COLUMNS FROM `cmf_slide_item` [ RunTime:0.000950s ]
[2026-05-25T10:34:55+08:00][sql] SELECT `title`,`description`,`image`,`url`,`target`,`content` FROM `cmf_slide_item` WHERE  `slide_id` = 1 ORDER BY `list_order` ASC [ RunTime:0.000309s ]
[2026-05-25T10:34:55+08:00][sql] SHOW FULL COLUMNS FROM `cmf_slide` [ RunTime:0.000888s ]
[2026-05-25T10:34:55+08:00][sql] SELECT * FROM `cmf_slide` WHERE  `name` LIKE '%choose%' OR `name` LIKE '%选择%' LIMIT 1 [ RunTime:0.000378s ]
[2026-05-25T10:34:55+08:00][sql] SELECT `title`,`description`,`image`,`url`,`target`,`content` FROM `cmf_slide_item` WHERE  `slide_id` = 14  AND `status` = 1 ORDER BY `list_order` ASC [ RunTime:0.000330s ]
[2026-05-25T10:34:55+08:00][sql] SELECT * FROM `cmf_product_category` WHERE  `parent_id` = 0  AND `recommend` = 1 ORDER BY `list_order` ASC,`create_time` DESC [ RunTime:0.000372s ]
[2026-05-25T10:34:55+08:00][sql] SHOW FULL COLUMNS FROM `cmf_product` [ RunTime:0.001127s ]
[2026-05-25T10:34:55+08:00][sql] SELECT `id`,`title`,`thumbnail`,`industry` FROM `cmf_product` WHERE  `is_recommended` = 1  AND `category_id` = 28 ORDER BY `list_order` ASC LIMIT 6 [ RunTime:0.000521s ]
[2026-05-25T10:34:55+08:00][sql] SELECT `id`,`title`,`thumbnail`,`industry` FROM `cmf_product` WHERE  `is_recommended` = 1  AND `category_id` = 19 ORDER BY `list_order` ASC LIMIT 6 [ RunTime:0.000387s ]
[2026-05-25T10:34:55+08:00][sql] SELECT `id`,`title`,`thumbnail`,`industry` FROM `cmf_product` WHERE  `is_recommended` = 1  AND `category_id` = 23 ORDER BY `list_order` ASC LIMIT 6 [ RunTime:0.000356s ]
[2026-05-25T10:34:55+08:00][sql] SHOW FULL COLUMNS FROM `cmf_portal_post` [ RunTime:0.001280s ]
[2026-05-25T10:34:55+08:00][sql] SELECT `p`.`id`,`p`.`post_title`,`p`.`post_excerpt`,`p`.`thumbnail`,`p`.`create_time`,`c`.`category_id` FROM `cmf_portal_post` `p` INNER JOIN `cmf_portal_category_post` `c` ON `p`.`id`=`c`.`post_id` WHERE (  `p`.`post_type` = '8' ) AND `p`.`delete_time` = '0' ORDER BY `c`.`list_order` ASC,`p`.`create_time` DESC [ RunTime:0.000872s ]
[2026-05-25T10:34:55+08:00][sql] SELECT `id`,`post_title`,`post_excerpt`,`more` FROM `cmf_portal_post` WHERE (  `post_type` = 3 ) AND `cmf_portal_post`.`delete_time` = '0' ORDER BY `create_time` DESC [ RunTime:0.000363s ]
[2026-05-25T10:34:55+08:00][sql] SHOW FULL COLUMNS FROM `cmf_theme_file` [ RunTime:0.000889s ]
[2026-05-25T10:34:55+08:00][sql] SELECT `more`,`file`,`id` FROM `cmf_theme_file` WHERE  `theme` = 'simpleboot3_mobile'  AND (  `is_public` = 1 OR `file` = 'portal/index' ) ORDER BY `is_public` DESC [ RunTime:0.000285s ]
[2026-05-25T10:34:55+08:00][sql] SELECT `option_value` FROM `cmf_option` WHERE  `option_name` = 'storage' LIMIT 1 [ RunTime:0.000416s ]
[2026-05-25T10:34:57+08:00][sql] CONNECT:[ UseTime:0.001630s ] mysql:host=127.0.0.1;port=3306;dbname=weihua;charset=utf8mb4
[2026-05-25T10:34:57+08:00][sql] SHOW FULL COLUMNS FROM `cmf_option` [ RunTime:0.001999s ]
[2026-05-25T10:34:57+08:00][sql] SELECT `option_value` FROM `cmf_option` WHERE  `option_name` = 'cdn_settings' LIMIT 1 [ RunTime:0.000492s ]
[2026-05-25T10:34:57+08:00][sql] SELECT `option_value` FROM `cmf_option` WHERE  `option_name` = 'cdn_settings' LIMIT 1 [ RunTime:0.000795s ]
[2026-05-25T10:34:57+08:00][sql] SHOW FULL COLUMNS FROM `cmf_product_category` [ RunTime:0.002174s ]
[2026-05-25T10:34:57+08:00][sql] SELECT * FROM `cmf_product_category` WHERE  `parent_id` = 0 ORDER BY `list_order` ASC,`create_time` DESC [ RunTime:0.000915s ]
[2026-05-25T10:34:57+08:00][sql] SELECT * FROM `cmf_product_category` WHERE  `parent_id` IN (28,19,22,23,25,27,30) [ RunTime:0.001302s ]
[2026-05-25T10:34:57+08:00][sql] SHOW FULL COLUMNS FROM `cmf_portal_category` [ RunTime:0.002218s ]
[2026-05-25T10:34:57+08:00][sql] SELECT * FROM `cmf_portal_category` WHERE (  `type` = 8 ) AND `cmf_portal_category`.`delete_time` = '0' ORDER BY `list_order` ASC [ RunTime:0.001189s ]
[2026-05-25T10:34:57+08:00][sql] SHOW FULL COLUMNS FROM `cmf_product` [ RunTime:0.003617s ]
[2026-05-25T10:34:57+08:00][sql] SELECT * FROM `cmf_product` WHERE  `id` = 62 LIMIT 1 [ RunTime:0.000872s ]
[2026-05-25T10:34:57+08:00][sql] SELECT * FROM `cmf_product_category` WHERE  `id` = 28 LIMIT 1 [ RunTime:0.000362s ]
[2026-05-25T10:34:57+08:00][sql] SELECT `id`,`title`,`industry`,`thumbnail` FROM `cmf_product` WHERE  `id` <> 62  AND `is_recommended` = 1  AND `category_id` = 28 ORDER BY RAND() LIMIT 4 [ RunTime:0.001516s ]
[2026-05-25T10:34:57+08:00][sql] SHOW FULL COLUMNS FROM `cmf_slide_item` [ RunTime:0.001693s ]
[2026-05-25T10:34:57+08:00][sql] SELECT `title`,`description`,`image` FROM `cmf_slide_item` WHERE  `slide_id` = 7  AND `status` = 1 ORDER BY `list_order` ASC,`id` DESC LIMIT 1 [ RunTime:0.000562s ]
[2026-05-25T10:34:57+08:00][sql] SHOW FULL COLUMNS FROM `cmf_theme_file` [ RunTime:0.001458s ]
[2026-05-25T10:34:57+08:00][sql] SELECT `more`,`file`,`id` FROM `cmf_theme_file` WHERE  `theme` = 'simpleboot3_mobile'  AND (  `is_public` = 1 OR `file` = 'portal/product-info' ) ORDER BY `is_public` DESC [ RunTime:0.001042s ]
[2026-05-25T10:34:57+08:00][sql] SELECT `option_value` FROM `cmf_option` WHERE  `option_name` = 'storage' LIMIT 1 [ RunTime:0.000490s ]
[2026-05-25T10:35:03+08:00][sql] CONNECT:[ UseTime:0.018536s ] mysql:host=127.0.0.1;port=3306;dbname=weihua;charset=utf8mb4
[2026-05-25T10:35:03+08:00][sql] SHOW FULL COLUMNS FROM `cmf_option` [ RunTime:0.001152s ]
[2026-05-25T10:35:03+08:00][sql] SELECT `option_value` FROM `cmf_option` WHERE  `option_name` = 'cdn_settings' LIMIT 1 [ RunTime:0.000268s ]
[2026-05-25T10:35:03+08:00][sql] SELECT `option_value` FROM `cmf_option` WHERE  `option_name` = 'cdn_settings' LIMIT 1 [ RunTime:0.000729s ]
[2026-05-25T10:35:03+08:00][sql] SHOW FULL COLUMNS FROM `cmf_product_category` [ RunTime:0.001507s ]
[2026-05-25T10:35:03+08:00][sql] SELECT * FROM `cmf_product_category` WHERE  `parent_id` = 0 ORDER BY `list_order` ASC,`create_time` DESC [ RunTime:0.000377s ]
[2026-05-25T10:35:03+08:00][sql] SELECT * FROM `cmf_product_category` WHERE  `parent_id` IN (28,19,22,23,25,27,30) [ RunTime:0.000321s ]
[2026-05-25T10:35:03+08:00][sql] SHOW FULL COLUMNS FROM `cmf_portal_category` [ RunTime:0.001478s ]
[2026-05-25T10:35:03+08:00][sql] SELECT * FROM `cmf_portal_category` WHERE (  `type` = 8 ) AND `cmf_portal_category`.`delete_time` = '0' ORDER BY `list_order` ASC [ RunTime:0.000425s ]
[2026-05-25T10:35:03+08:00][sql] SHOW FULL COLUMNS FROM `cmf_product` [ RunTime:0.001408s ]
[2026-05-25T10:35:03+08:00][sql] SELECT COUNT(*) AS think_count FROM `cmf_product` WHERE  `category_id` = 28 LIMIT 1 [ RunTime:0.000337s ]
[2026-05-25T10:35:03+08:00][sql] SELECT COUNT(*) AS think_count FROM `cmf_product` WHERE  `category_id` = 19 LIMIT 1 [ RunTime:0.000299s ]
[2026-05-25T10:35:03+08:00][sql] SELECT COUNT(*) AS think_count FROM `cmf_product` WHERE  `category_id` = 22 LIMIT 1 [ RunTime:0.000276s ]
[2026-05-25T10:35:03+08:00][sql] SELECT COUNT(*) AS think_count FROM `cmf_product` WHERE  `category_id` = 23 LIMIT 1 [ RunTime:0.000307s ]
[2026-05-25T10:35:03+08:00][sql] SELECT COUNT(*) AS think_count FROM `cmf_product` WHERE  `category_id` = 25 LIMIT 1 [ RunTime:0.000267s ]
[2026-05-25T10:35:03+08:00][sql] SELECT COUNT(*) AS think_count FROM `cmf_product` WHERE  `category_id` = 27 LIMIT 1 [ RunTime:0.000295s ]
[2026-05-25T10:35:03+08:00][sql] SELECT * FROM `cmf_product` WHERE  `category_id` = 27  AND `thumbnail` <> '' ORDER BY `list_order` ASC,`id` DESC LIMIT 1 [ RunTime:0.000469s ]
[2026-05-25T10:35:03+08:00][sql] SELECT COUNT(*) AS think_count FROM `cmf_product` WHERE  `category_id` = 30 LIMIT 1 [ RunTime:0.000335s ]
[2026-05-25T10:35:03+08:00][sql] SELECT COUNT(*) AS think_count FROM `cmf_product` LIMIT 1 [ RunTime:0.000278s ]
[2026-05-25T10:35:03+08:00][sql] SELECT `id`,`category_id`,`title`,`thumbnail`,`industry`,`overview` FROM `cmf_product` ORDER BY `list_order` ASC,`create_time` DESC LIMIT 0,12 [ RunTime:0.001305s ]
[2026-05-25T10:35:03+08:00][sql] SHOW FULL COLUMNS FROM `cmf_slide_item` [ RunTime:0.001123s ]
[2026-05-25T10:35:03+08:00][sql] SELECT `title`,`description`,`image` FROM `cmf_slide_item` WHERE  `slide_id` = 7  AND `status` = 1 ORDER BY `list_order` ASC,`id` DESC LIMIT 1 [ RunTime:0.000403s ]
[2026-05-25T10:35:03+08:00][sql] SELECT `option_value` FROM `cmf_option` WHERE  `option_name` = 'storage' LIMIT 1 [ RunTime:0.000302s ]
[2026-05-25T10:35:03+08:00][sql] SHOW FULL COLUMNS FROM `cmf_portal_post` [ RunTime:0.001238s ]
[2026-05-25T10:35:03+08:00][sql] SELECT `id`,`post_title`,`post_excerpt`,`more` FROM `cmf_portal_post` WHERE (  `post_type` = 3 ) AND `cmf_portal_post`.`delete_time` = '0' ORDER BY `create_time` DESC [ RunTime:0.000455s ]
[2026-05-25T10:35:03+08:00][sql] SHOW FULL COLUMNS FROM `cmf_theme_file` [ RunTime:0.001080s ]
[2026-05-25T10:35:03+08:00][sql] SELECT `more`,`file`,`id` FROM `cmf_theme_file` WHERE  `theme` = 'simpleboot3_mobile'  AND (  `is_public` = 1 OR `file` = 'portal/product' ) ORDER BY `is_public` DESC [ RunTime:0.000356s ]
[2026-05-25T10:35:05+08:00][sql] CONNECT:[ UseTime:0.001402s ] mysql:host=127.0.0.1;port=3306;dbname=weihua;charset=utf8mb4
[2026-05-25T10:35:05+08:00][sql] SHOW FULL COLUMNS FROM `cmf_option` [ RunTime:0.001123s ]
[2026-05-25T10:35:05+08:00][sql] SELECT `option_value` FROM `cmf_option` WHERE  `option_name` = 'cdn_settings' LIMIT 1 [ RunTime:0.000275s ]
[2026-05-25T10:35:05+08:00][sql] SELECT `option_value` FROM `cmf_option` WHERE  `option_name` = 'cdn_settings' LIMIT 1 [ RunTime:0.000297s ]
[2026-05-25T10:35:05+08:00][sql] SHOW FULL COLUMNS FROM `cmf_product_category` [ RunTime:0.000922s ]
[2026-05-25T10:35:05+08:00][sql] SELECT * FROM `cmf_product_category` WHERE  `parent_id` = 0 ORDER BY `list_order` ASC,`create_time` DESC [ RunTime:0.000631s ]
[2026-05-25T10:35:05+08:00][sql] SELECT * FROM `cmf_product_category` WHERE  `parent_id` IN (28,19,22,23,25,27,30) [ RunTime:0.000836s ]
[2026-05-25T10:35:05+08:00][sql] SHOW FULL COLUMNS FROM `cmf_portal_category` [ RunTime:0.001066s ]
[2026-05-25T10:35:05+08:00][sql] SELECT * FROM `cmf_portal_category` WHERE (  `type` = 8 ) AND `cmf_portal_category`.`delete_time` = '0' ORDER BY `list_order` ASC [ RunTime:0.000321s ]
[2026-05-25T10:35:05+08:00][sql] SELECT * FROM `cmf_product_category` WHERE  `id` = 23 LIMIT 1 [ RunTime:0.000282s ]
[2026-05-25T10:35:05+08:00][sql] SHOW FULL COLUMNS FROM `cmf_product` [ RunTime:0.001078s ]
[2026-05-25T10:35:05+08:00][sql] SELECT COUNT(*) AS think_count FROM `cmf_product` WHERE  `category_id` = 28 LIMIT 1 [ RunTime:0.000307s ]
[2026-05-25T10:35:05+08:00][sql] SELECT COUNT(*) AS think_count FROM `cmf_product` WHERE  `category_id` = 19 LIMIT 1 [ RunTime:0.000304s ]
[2026-05-25T10:35:05+08:00][sql] SELECT COUNT(*) AS think_count FROM `cmf_product` WHERE  `category_id` = 22 LIMIT 1 [ RunTime:0.000252s ]
[2026-05-25T10:35:05+08:00][sql] SELECT COUNT(*) AS think_count FROM `cmf_product` WHERE  `category_id` = 23 LIMIT 1 [ RunTime:0.000325s ]
[2026-05-25T10:35:05+08:00][sql] SELECT COUNT(*) AS think_count FROM `cmf_product` WHERE  `category_id` = 25 LIMIT 1 [ RunTime:0.000265s ]
[2026-05-25T10:35:05+08:00][sql] SELECT COUNT(*) AS think_count FROM `cmf_product` WHERE  `category_id` = 27 LIMIT 1 [ RunTime:0.000330s ]
[2026-05-25T10:35:05+08:00][sql] SELECT * FROM `cmf_product` WHERE  `category_id` = 27  AND `thumbnail` <> '' ORDER BY `list_order` ASC,`id` DESC LIMIT 1 [ RunTime:0.000434s ]
[2026-05-25T10:35:05+08:00][sql] SELECT COUNT(*) AS think_count FROM `cmf_product` WHERE  `category_id` = 30 LIMIT 1 [ RunTime:0.000282s ]
[2026-05-25T10:35:05+08:00][sql] SELECT COUNT(*) AS think_count FROM `cmf_product` WHERE  `category_id` = 23 LIMIT 1 [ RunTime:0.000234s ]
[2026-05-25T10:35:05+08:00][sql] SELECT `id`,`category_id`,`title`,`thumbnail`,`industry`,`overview` FROM `cmf_product` WHERE  `category_id` = 23 ORDER BY `list_order` ASC,`create_time` DESC LIMIT 0,12 [ RunTime:0.000405s ]
[2026-05-25T10:35:05+08:00][sql] SHOW FULL COLUMNS FROM `cmf_slide_item` [ RunTime:0.000825s ]
[2026-05-25T10:35:05+08:00][sql] SELECT `title`,`description`,`image` FROM `cmf_slide_item` WHERE  `slide_id` = 7  AND `status` = 1 ORDER BY `list_order` ASC,`id` DESC LIMIT 1 [ RunTime:0.000864s ]
[2026-05-25T10:35:05+08:00][sql] SELECT `option_value` FROM `cmf_option` WHERE  `option_name` = 'storage' LIMIT 1 [ RunTime:0.000325s ]
[2026-05-25T10:35:05+08:00][sql] SHOW FULL COLUMNS FROM `cmf_portal_post` [ RunTime:0.001815s ]
[2026-05-25T10:35:05+08:00][sql] SELECT `id`,`post_title`,`post_excerpt`,`more` FROM `cmf_portal_post` WHERE (  `post_type` = 3 ) AND `cmf_portal_post`.`delete_time` = '0' ORDER BY `create_time` DESC [ RunTime:0.000364s ]
[2026-05-25T10:35:05+08:00][sql] SHOW FULL COLUMNS FROM `cmf_theme_file` [ RunTime:0.000878s ]
[2026-05-25T10:35:05+08:00][sql] SELECT `more`,`file`,`id` FROM `cmf_theme_file` WHERE  `theme` = 'simpleboot3_mobile'  AND (  `is_public` = 1 OR `file` = 'portal/product' ) ORDER BY `is_public` DESC [ RunTime:0.000281s ]
[2026-05-25T10:35:10+08:00][sql] CONNECT:[ UseTime:0.001634s ] mysql:host=127.0.0.1;port=3306;dbname=weihua;charset=utf8mb4
[2026-05-25T10:35:10+08:00][sql] SHOW FULL COLUMNS FROM `cmf_option` [ RunTime:0.001642s ]
[2026-05-25T10:35:10+08:00][sql] SELECT `option_value` FROM `cmf_option` WHERE  `option_name` = 'cdn_settings' LIMIT 1 [ RunTime:0.000378s ]
[2026-05-25T10:35:10+08:00][sql] SELECT `option_value` FROM `cmf_option` WHERE  `option_name` = 'cdn_settings' LIMIT 1 [ RunTime:0.000562s ]
[2026-05-25T10:35:10+08:00][sql] SHOW FULL COLUMNS FROM `cmf_product_category` [ RunTime:0.001236s ]
[2026-05-25T10:35:10+08:00][sql] SELECT * FROM `cmf_product_category` WHERE  `parent_id` = 0 ORDER BY `list_order` ASC,`create_time` DESC [ RunTime:0.000429s ]
[2026-05-25T10:35:10+08:00][sql] SELECT * FROM `cmf_product_category` WHERE  `parent_id` IN (28,19,22,23,25,27,30) [ RunTime:0.000446s ]
[2026-05-25T10:35:10+08:00][sql] SHOW FULL COLUMNS FROM `cmf_portal_category` [ RunTime:0.001978s ]
[2026-05-25T10:35:10+08:00][sql] SELECT * FROM `cmf_portal_category` WHERE (  `type` = 8 ) AND `cmf_portal_category`.`delete_time` = '0' ORDER BY `list_order` ASC [ RunTime:0.000425s ]
[2026-05-25T10:35:10+08:00][sql] SHOW FULL COLUMNS FROM `cmf_product` [ RunTime:0.001394s ]
[2026-05-25T10:35:10+08:00][sql] SELECT * FROM `cmf_product` WHERE  `id` = 68 LIMIT 1 [ RunTime:0.000641s ]
[2026-05-25T10:35:10+08:00][sql] SELECT * FROM `cmf_product_category` WHERE  `id` = 23 LIMIT 1 [ RunTime:0.000340s ]
[2026-05-25T10:35:10+08:00][sql] SELECT `id`,`title`,`industry`,`thumbnail` FROM `cmf_product` WHERE  `id` <> 68  AND `is_recommended` = 1  AND `category_id` = 23 ORDER BY RAND() LIMIT 4 [ RunTime:0.000665s ]
[2026-05-25T10:35:10+08:00][sql] SHOW FULL COLUMNS FROM `cmf_slide_item` [ RunTime:0.001287s ]
[2026-05-25T10:35:10+08:00][sql] SELECT `title`,`description`,`image` FROM `cmf_slide_item` WHERE  `slide_id` = 7  AND `status` = 1 ORDER BY `list_order` ASC,`id` DESC LIMIT 1 [ RunTime:0.000433s ]
[2026-05-25T10:35:10+08:00][sql] SHOW FULL COLUMNS FROM `cmf_theme_file` [ RunTime:0.001317s ]
[2026-05-25T10:35:10+08:00][sql] SELECT `more`,`file`,`id` FROM `cmf_theme_file` WHERE  `theme` = 'simpleboot3_mobile'  AND (  `is_public` = 1 OR `file` = 'portal/product-info' ) ORDER BY `is_public` DESC [ RunTime:0.000423s ]
[2026-05-25T10:35:10+08:00][sql] SELECT `option_value` FROM `cmf_option` WHERE  `option_name` = 'storage' LIMIT 1 [ RunTime:0.001417s ]
[2026-05-25T10:35:17+08:00][sql] CONNECT:[ UseTime:0.001374s ] mysql:host=127.0.0.1;port=3306;dbname=weihua;charset=utf8mb4
[2026-05-25T10:35:17+08:00][sql] SHOW FULL COLUMNS FROM `cmf_option` [ RunTime:0.001369s ]
[2026-05-25T10:35:17+08:00][sql] SELECT `option_value` FROM `cmf_option` WHERE  `option_name` = 'cdn_settings' LIMIT 1 [ RunTime:0.000316s ]
[2026-05-25T10:35:17+08:00][sql] SELECT `option_value` FROM `cmf_option` WHERE  `option_name` = 'cdn_settings' LIMIT 1 [ RunTime:0.000329s ]
[2026-05-25T10:35:17+08:00][sql] SHOW FULL COLUMNS FROM `cmf_product_category` [ RunTime:0.000890s ]
[2026-05-25T10:35:17+08:00][sql] SELECT * FROM `cmf_product_category` WHERE  `parent_id` = 0 ORDER BY `list_order` ASC,`create_time` DESC [ RunTime:0.000472s ]
[2026-05-25T10:35:17+08:00][sql] SELECT * FROM `cmf_product_category` WHERE  `parent_id` IN (28,19,22,23,25,27,30) [ RunTime:0.000365s ]
[2026-05-25T10:35:17+08:00][sql] SHOW FULL COLUMNS FROM `cmf_portal_category` [ RunTime:0.001942s ]
[2026-05-25T10:35:17+08:00][sql] SELECT * FROM `cmf_portal_category` WHERE (  `type` = 8 ) AND `cmf_portal_category`.`delete_time` = '0' ORDER BY `list_order` ASC [ RunTime:0.000426s ]
[2026-05-25T10:35:17+08:00][sql] SHOW FULL COLUMNS FROM `cmf_product` [ RunTime:0.001262s ]
[2026-05-25T10:35:17+08:00][sql] SELECT COUNT(*) AS think_count FROM `cmf_product` WHERE  `category_id` = 28 LIMIT 1 [ RunTime:0.000384s ]
[2026-05-25T10:35:17+08:00][sql] SELECT COUNT(*) AS think_count FROM `cmf_product` WHERE  `category_id` = 19 LIMIT 1 [ RunTime:0.000353s ]
[2026-05-25T10:35:17+08:00][sql] SELECT COUNT(*) AS think_count FROM `cmf_product` WHERE  `category_id` = 22 LIMIT 1 [ RunTime:0.000277s ]
[2026-05-25T10:35:17+08:00][sql] SELECT COUNT(*) AS think_count FROM `cmf_product` WHERE  `category_id` = 23 LIMIT 1 [ RunTime:0.000689s ]
[2026-05-25T10:35:17+08:00][sql] SELECT COUNT(*) AS think_count FROM `cmf_product` WHERE  `category_id` = 25 LIMIT 1 [ RunTime:0.000662s ]
[2026-05-25T10:35:17+08:00][sql] SELECT COUNT(*) AS think_count FROM `cmf_product` WHERE  `category_id` = 27 LIMIT 1 [ RunTime:0.000300s ]
[2026-05-25T10:35:17+08:00][sql] SELECT * FROM `cmf_product` WHERE  `category_id` = 27  AND `thumbnail` <> '' ORDER BY `list_order` ASC,`id` DESC LIMIT 1 [ RunTime:0.000508s ]
[2026-05-25T10:35:17+08:00][sql] SELECT COUNT(*) AS think_count FROM `cmf_product` WHERE  `category_id` = 30 LIMIT 1 [ RunTime:0.000296s ]
[2026-05-25T10:35:17+08:00][sql] SELECT COUNT(*) AS think_count FROM `cmf_product` LIMIT 1 [ RunTime:0.000225s ]
[2026-05-25T10:35:17+08:00][sql] SELECT `id`,`category_id`,`title`,`thumbnail`,`industry`,`overview` FROM `cmf_product` ORDER BY `list_order` ASC,`create_time` DESC LIMIT 0,12 [ RunTime:0.000779s ]
[2026-05-25T10:35:17+08:00][sql] SHOW FULL COLUMNS FROM `cmf_slide_item` [ RunTime:0.001481s ]
[2026-05-25T10:35:17+08:00][sql] SELECT `title`,`description`,`image` FROM `cmf_slide_item` WHERE  `slide_id` = 7  AND `status` = 1 ORDER BY `list_order` ASC,`id` DESC LIMIT 1 [ RunTime:0.000375s ]
[2026-05-25T10:35:17+08:00][sql] SELECT `option_value` FROM `cmf_option` WHERE  `option_name` = 'storage' LIMIT 1 [ RunTime:0.000338s ]
[2026-05-25T10:35:17+08:00][sql] SHOW FULL COLUMNS FROM `cmf_portal_post` [ RunTime:0.001541s ]
[2026-05-25T10:35:17+08:00][sql] SELECT `id`,`post_title`,`post_excerpt`,`more` FROM `cmf_portal_post` WHERE (  `post_type` = 3 ) AND `cmf_portal_post`.`delete_time` = '0' ORDER BY `create_time` DESC [ RunTime:0.000655s ]
[2026-05-25T10:35:17+08:00][sql] SHOW FULL COLUMNS FROM `cmf_theme_file` [ RunTime:0.000975s ]
[2026-05-25T10:35:17+08:00][sql] SELECT `more`,`file`,`id` FROM `cmf_theme_file` WHERE  `theme` = 'simpleboot3_mobile'  AND (  `is_public` = 1 OR `file` = 'portal/product' ) ORDER BY `is_public` DESC [ RunTime:0.000360s ]
[2026-05-25T10:35:19+08:00][sql] CONNECT:[ UseTime:0.001179s ] mysql:host=127.0.0.1;port=3306;dbname=weihua;charset=utf8mb4
[2026-05-25T10:35:19+08:00][sql] SHOW FULL COLUMNS FROM `cmf_option` [ RunTime:0.002553s ]
[2026-05-25T10:35:19+08:00][sql] SELECT `option_value` FROM `cmf_option` WHERE  `option_name` = 'cdn_settings' LIMIT 1 [ RunTime:0.000592s ]
[2026-05-25T10:35:19+08:00][sql] SELECT `option_value` FROM `cmf_option` WHERE  `option_name` = 'cdn_settings' LIMIT 1 [ RunTime:0.000495s ]
[2026-05-25T10:35:19+08:00][sql] SHOW FULL COLUMNS FROM `cmf_product_category` [ RunTime:0.001315s ]
[2026-05-25T10:35:19+08:00][sql] SELECT * FROM `cmf_product_category` WHERE  `parent_id` = 0 ORDER BY `list_order` ASC,`create_time` DESC [ RunTime:0.000339s ]
[2026-05-25T10:35:19+08:00][sql] SELECT * FROM `cmf_product_category` WHERE  `parent_id` IN (28,19,22,23,25,27,30) [ RunTime:0.000653s ]
[2026-05-25T10:35:19+08:00][sql] SHOW FULL COLUMNS FROM `cmf_portal_category` [ RunTime:0.001568s ]
[2026-05-25T10:35:19+08:00][sql] SELECT * FROM `cmf_portal_category` WHERE (  `type` = 8 ) AND `cmf_portal_category`.`delete_time` = '0' ORDER BY `list_order` ASC [ RunTime:0.000612s ]
[2026-05-25T10:35:19+08:00][sql] SELECT * FROM `cmf_product_category` WHERE  `id` = 23 LIMIT 1 [ RunTime:0.000673s ]
[2026-05-25T10:35:19+08:00][sql] SHOW FULL COLUMNS FROM `cmf_product` [ RunTime:0.001445s ]
[2026-05-25T10:35:19+08:00][sql] SELECT COUNT(*) AS think_count FROM `cmf_product` WHERE  `category_id` = 28 LIMIT 1 [ RunTime:0.000405s ]
[2026-05-25T10:35:19+08:00][sql] SELECT COUNT(*) AS think_count FROM `cmf_product` WHERE  `category_id` = 19 LIMIT 1 [ RunTime:0.000266s ]
[2026-05-25T10:35:19+08:00][sql] SELECT COUNT(*) AS think_count FROM `cmf_product` WHERE  `category_id` = 22 LIMIT 1 [ RunTime:0.000209s ]
[2026-05-25T10:35:19+08:00][sql] SELECT COUNT(*) AS think_count FROM `cmf_product` WHERE  `category_id` = 23 LIMIT 1 [ RunTime:0.000217s ]
[2026-05-25T10:35:19+08:00][sql] SELECT COUNT(*) AS think_count FROM `cmf_product` WHERE  `category_id` = 25 LIMIT 1 [ RunTime:0.000333s ]
[2026-05-25T10:35:19+08:00][sql] SELECT COUNT(*) AS think_count FROM `cmf_product` WHERE  `category_id` = 27 LIMIT 1 [ RunTime:0.000260s ]
[2026-05-25T10:35:19+08:00][sql] SELECT * FROM `cmf_product` WHERE  `category_id` = 27  AND `thumbnail` <> '' ORDER BY `list_order` ASC,`id` DESC LIMIT 1 [ RunTime:0.000452s ]
[2026-05-25T10:35:19+08:00][sql] SELECT COUNT(*) AS think_count FROM `cmf_product` WHERE  `category_id` = 30 LIMIT 1 [ RunTime:0.000257s ]
[2026-05-25T10:35:19+08:00][sql] SELECT COUNT(*) AS think_count FROM `cmf_product` WHERE  `category_id` = 23 LIMIT 1 [ RunTime:0.000214s ]
[2026-05-25T10:35:19+08:00][sql] SELECT `id`,`category_id`,`title`,`thumbnail`,`industry`,`overview` FROM `cmf_product` WHERE  `category_id` = 23 ORDER BY `list_order` ASC,`create_time` DESC LIMIT 0,12 [ RunTime:0.000431s ]
[2026-05-25T10:35:19+08:00][sql] SHOW FULL COLUMNS FROM `cmf_slide_item` [ RunTime:0.001502s ]
[2026-05-25T10:35:19+08:00][sql] SELECT `title`,`description`,`image` FROM `cmf_slide_item` WHERE  `slide_id` = 7  AND `status` = 1 ORDER BY `list_order` ASC,`id` DESC LIMIT 1 [ RunTime:0.000683s ]
[2026-05-25T10:35:19+08:00][sql] SELECT `option_value` FROM `cmf_option` WHERE  `option_name` = 'storage' LIMIT 1 [ RunTime:0.000377s ]
[2026-05-25T10:35:19+08:00][sql] SHOW FULL COLUMNS FROM `cmf_portal_post` [ RunTime:0.001837s ]
[2026-05-25T10:35:19+08:00][sql] SELECT `id`,`post_title`,`post_excerpt`,`more` FROM `cmf_portal_post` WHERE (  `post_type` = 3 ) AND `cmf_portal_post`.`delete_time` = '0' ORDER BY `create_time` DESC [ RunTime:0.000496s ]
[2026-05-25T10:35:19+08:00][sql] SHOW FULL COLUMNS FROM `cmf_theme_file` [ RunTime:0.001455s ]
[2026-05-25T10:35:19+08:00][sql] SELECT `more`,`file`,`id` FROM `cmf_theme_file` WHERE  `theme` = 'simpleboot3_mobile'  AND (  `is_public` = 1 OR `file` = 'portal/product' ) ORDER BY `is_public` DESC [ RunTime:0.000398s ]
[2026-05-25T10:35:24+08:00][sql] CONNECT:[ UseTime:0.001093s ] mysql:host=127.0.0.1;port=3306;dbname=weihua;charset=utf8mb4
[2026-05-25T10:35:24+08:00][sql] SHOW FULL COLUMNS FROM `cmf_option` [ RunTime:0.003920s ]
[2026-05-25T10:35:24+08:00][sql] SELECT `option_value` FROM `cmf_option` WHERE  `option_name` = 'cdn_settings' LIMIT 1 [ RunTime:0.000443s ]
[2026-05-25T10:35:24+08:00][sql] SELECT `option_value` FROM `cmf_option` WHERE  `option_name` = 'cdn_settings' LIMIT 1 [ RunTime:0.000971s ]
[2026-05-25T10:35:24+08:00][sql] SHOW FULL COLUMNS FROM `cmf_product_category` [ RunTime:0.001273s ]
[2026-05-25T10:35:24+08:00][sql] SELECT * FROM `cmf_product_category` WHERE  `parent_id` = 0 ORDER BY `list_order` ASC,`create_time` DESC [ RunTime:0.000369s ]
[2026-05-25T10:35:24+08:00][sql] SELECT * FROM `cmf_product_category` WHERE  `parent_id` IN (28,19,22,23,25,27,30) [ RunTime:0.000359s ]
[2026-05-25T10:35:24+08:00][sql] SHOW FULL COLUMNS FROM `cmf_portal_category` [ RunTime:0.001530s ]
[2026-05-25T10:35:24+08:00][sql] SELECT * FROM `cmf_portal_category` WHERE (  `type` = 8 ) AND `cmf_portal_category`.`delete_time` = '0' ORDER BY `list_order` ASC [ RunTime:0.000678s ]
[2026-05-25T10:35:24+08:00][sql] SHOW FULL COLUMNS FROM `cmf_product` [ RunTime:0.001741s ]
[2026-05-25T10:35:24+08:00][sql] SELECT COUNT(*) AS think_count FROM `cmf_product` WHERE  `category_id` = 28 LIMIT 1 [ RunTime:0.000383s ]
[2026-05-25T10:35:24+08:00][sql] SELECT COUNT(*) AS think_count FROM `cmf_product` WHERE  `category_id` = 19 LIMIT 1 [ RunTime:0.000298s ]
[2026-05-25T10:35:24+08:00][sql] SELECT COUNT(*) AS think_count FROM `cmf_product` WHERE  `category_id` = 22 LIMIT 1 [ RunTime:0.000288s ]
[2026-05-25T10:35:24+08:00][sql] SELECT COUNT(*) AS think_count FROM `cmf_product` WHERE  `category_id` = 23 LIMIT 1 [ RunTime:0.000255s ]
[2026-05-25T10:35:24+08:00][sql] SELECT COUNT(*) AS think_count FROM `cmf_product` WHERE  `category_id` = 25 LIMIT 1 [ RunTime:0.000322s ]
[2026-05-25T10:35:24+08:00][sql] SELECT COUNT(*) AS think_count FROM `cmf_product` WHERE  `category_id` = 27 LIMIT 1 [ RunTime:0.000673s ]
[2026-05-25T10:35:24+08:00][sql] SELECT * FROM `cmf_product` WHERE  `category_id` = 27  AND `thumbnail` <> '' ORDER BY `list_order` ASC,`id` DESC LIMIT 1 [ RunTime:0.000901s ]
[2026-05-25T10:35:24+08:00][sql] SELECT COUNT(*) AS think_count FROM `cmf_product` WHERE  `category_id` = 30 LIMIT 1 [ RunTime:0.000256s ]
[2026-05-25T10:35:24+08:00][sql] SELECT COUNT(*) AS think_count FROM `cmf_product` LIMIT 1 [ RunTime:0.000281s ]
[2026-05-25T10:35:24+08:00][sql] SELECT `id`,`category_id`,`title`,`thumbnail`,`industry`,`overview` FROM `cmf_product` ORDER BY `list_order` ASC,`create_time` DESC LIMIT 0,12 [ RunTime:0.000821s ]
[2026-05-25T10:35:24+08:00][sql] SHOW FULL COLUMNS FROM `cmf_slide_item` [ RunTime:0.001160s ]
[2026-05-25T10:35:24+08:00][sql] SELECT `title`,`description`,`image` FROM `cmf_slide_item` WHERE  `slide_id` = 7  AND `status` = 1 ORDER BY `list_order` ASC,`id` DESC LIMIT 1 [ RunTime:0.000375s ]
[2026-05-25T10:35:24+08:00][sql] SELECT `option_value` FROM `cmf_option` WHERE  `option_name` = 'storage' LIMIT 1 [ RunTime:0.000284s ]
[2026-05-25T10:35:24+08:00][sql] SHOW FULL COLUMNS FROM `cmf_portal_post` [ RunTime:0.001699s ]
[2026-05-25T10:35:24+08:00][sql] SELECT `id`,`post_title`,`post_excerpt`,`more` FROM `cmf_portal_post` WHERE (  `post_type` = 3 ) AND `cmf_portal_post`.`delete_time` = '0' ORDER BY `create_time` DESC [ RunTime:0.000654s ]
[2026-05-25T10:35:24+08:00][sql] SHOW FULL COLUMNS FROM `cmf_theme_file` [ RunTime:0.001282s ]
[2026-05-25T10:35:24+08:00][sql] SELECT `more`,`file`,`id` FROM `cmf_theme_file` WHERE  `theme` = 'simpleboot3_mobile'  AND (  `is_public` = 1 OR `file` = 'portal/product' ) ORDER BY `is_public` DESC [ RunTime:0.000392s ]
[2026-05-25T10:35:26+08:00][sql] CONNECT:[ UseTime:0.001412s ] mysql:host=127.0.0.1;port=3306;dbname=weihua;charset=utf8mb4
[2026-05-25T10:35:26+08:00][sql] SHOW FULL COLUMNS FROM `cmf_option` [ RunTime:0.001560s ]
[2026-05-25T10:35:26+08:00][sql] SELECT `option_value` FROM `cmf_option` WHERE  `option_name` = 'cdn_settings' LIMIT 1 [ RunTime:0.000776s ]
[2026-05-25T10:35:26+08:00][sql] SELECT `option_value` FROM `cmf_option` WHERE  `option_name` = 'cdn_settings' LIMIT 1 [ RunTime:0.000372s ]
[2026-05-25T10:35:26+08:00][sql] SHOW FULL COLUMNS FROM `cmf_product_category` [ RunTime:0.001195s ]
[2026-05-25T10:35:26+08:00][sql] SELECT * FROM `cmf_product_category` WHERE  `parent_id` = 0 ORDER BY `list_order` ASC,`create_time` DESC [ RunTime:0.000390s ]
[2026-05-25T10:35:26+08:00][sql] SELECT * FROM `cmf_product_category` WHERE  `parent_id` IN (28,19,22,23,25,27,30) [ RunTime:0.001282s ]
[2026-05-25T10:35:26+08:00][sql] SHOW FULL COLUMNS FROM `cmf_portal_category` [ RunTime:0.001146s ]
[2026-05-25T10:35:26+08:00][sql] SELECT * FROM `cmf_portal_category` WHERE (  `type` = 8 ) AND `cmf_portal_category`.`delete_time` = '0' ORDER BY `list_order` ASC [ RunTime:0.000371s ]
[2026-05-25T10:35:26+08:00][sql] SELECT * FROM `cmf_product_category` WHERE  `id` = 30 LIMIT 1 [ RunTime:0.000726s ]
[2026-05-25T10:35:26+08:00][sql] SHOW FULL COLUMNS FROM `cmf_product` [ RunTime:0.001398s ]
[2026-05-25T10:35:26+08:00][sql] SELECT COUNT(*) AS think_count FROM `cmf_product` WHERE  `category_id` = 28 LIMIT 1 [ RunTime:0.000343s ]
[2026-05-25T10:35:26+08:00][sql] SELECT COUNT(*) AS think_count FROM `cmf_product` WHERE  `category_id` = 19 LIMIT 1 [ RunTime:0.000289s ]
[2026-05-25T10:35:26+08:00][sql] SELECT COUNT(*) AS think_count FROM `cmf_product` WHERE  `category_id` = 22 LIMIT 1 [ RunTime:0.000302s ]
[2026-05-25T10:35:26+08:00][sql] SELECT COUNT(*) AS think_count FROM `cmf_product` WHERE  `category_id` = 23 LIMIT 1 [ RunTime:0.000260s ]
[2026-05-25T10:35:26+08:00][sql] SELECT COUNT(*) AS think_count FROM `cmf_product` WHERE  `category_id` = 25 LIMIT 1 [ RunTime:0.000284s ]
[2026-05-25T10:35:26+08:00][sql] SELECT COUNT(*) AS think_count FROM `cmf_product` WHERE  `category_id` = 27 LIMIT 1 [ RunTime:0.000283s ]
[2026-05-25T10:35:26+08:00][sql] SELECT * FROM `cmf_product` WHERE  `category_id` = 27  AND `thumbnail` <> '' ORDER BY `list_order` ASC,`id` DESC LIMIT 1 [ RunTime:0.000489s ]
[2026-05-25T10:35:26+08:00][sql] SELECT COUNT(*) AS think_count FROM `cmf_product` WHERE  `category_id` = 30 LIMIT 1 [ RunTime:0.000300s ]
[2026-05-25T10:35:26+08:00][sql] SELECT COUNT(*) AS think_count FROM `cmf_product` WHERE  `category_id` = 30 LIMIT 1 [ RunTime:0.000330s ]
[2026-05-25T10:35:26+08:00][sql] SELECT `id`,`category_id`,`title`,`thumbnail`,`industry`,`overview` FROM `cmf_product` WHERE  `category_id` = 30 ORDER BY `list_order` ASC,`create_time` DESC LIMIT 0,12 [ RunTime:0.000433s ]
[2026-05-25T10:35:26+08:00][sql] SHOW FULL COLUMNS FROM `cmf_slide_item` [ RunTime:0.002063s ]
[2026-05-25T10:35:26+08:00][sql] SELECT `title`,`description`,`image` FROM `cmf_slide_item` WHERE  `slide_id` = 7  AND `status` = 1 ORDER BY `list_order` ASC,`id` DESC LIMIT 1 [ RunTime:0.000874s ]
[2026-05-25T10:35:26+08:00][sql] SELECT `option_value` FROM `cmf_option` WHERE  `option_name` = 'storage' LIMIT 1 [ RunTime:0.000434s ]
[2026-05-25T10:35:26+08:00][sql] SHOW FULL COLUMNS FROM `cmf_portal_post` [ RunTime:0.001155s ]
[2026-05-25T10:35:26+08:00][sql] SELECT `id`,`post_title`,`post_excerpt`,`more` FROM `cmf_portal_post` WHERE (  `post_type` = 3 ) AND `cmf_portal_post`.`delete_time` = '0' ORDER BY `create_time` DESC [ RunTime:0.000393s ]
[2026-05-25T10:35:26+08:00][sql] SHOW FULL COLUMNS FROM `cmf_theme_file` [ RunTime:0.000880s ]
[2026-05-25T10:35:26+08:00][sql] SELECT `more`,`file`,`id` FROM `cmf_theme_file` WHERE  `theme` = 'simpleboot3_mobile'  AND (  `is_public` = 1 OR `file` = 'portal/product' ) ORDER BY `is_public` DESC [ RunTime:0.000289s ]
[2026-05-25T10:35:27+08:00][sql] CONNECT:[ UseTime:0.000806s ] mysql:host=127.0.0.1;port=3306;dbname=weihua;charset=utf8mb4
[2026-05-25T10:35:27+08:00][sql] SHOW FULL COLUMNS FROM `cmf_option` [ RunTime:0.001664s ]
[2026-05-25T10:35:27+08:00][sql] SELECT `option_value` FROM `cmf_option` WHERE  `option_name` = 'cdn_settings' LIMIT 1 [ RunTime:0.000305s ]
[2026-05-25T10:35:27+08:00][sql] SELECT `option_value` FROM `cmf_option` WHERE  `option_name` = 'cdn_settings' LIMIT 1 [ RunTime:0.000248s ]
[2026-05-25T10:35:27+08:00][sql] SHOW FULL COLUMNS FROM `cmf_product_category` [ RunTime:0.001343s ]
[2026-05-25T10:35:27+08:00][sql] SELECT * FROM `cmf_product_category` WHERE  `parent_id` = 0 ORDER BY `list_order` ASC,`create_time` DESC [ RunTime:0.000354s ]
[2026-05-25T10:35:27+08:00][sql] SELECT * FROM `cmf_product_category` WHERE  `parent_id` IN (28,19,22,23,25,27,30) [ RunTime:0.000326s ]
[2026-05-25T10:35:27+08:00][sql] SHOW FULL COLUMNS FROM `cmf_portal_category` [ RunTime:0.000948s ]
[2026-05-25T10:35:27+08:00][sql] SELECT * FROM `cmf_portal_category` WHERE (  `type` = 8 ) AND `cmf_portal_category`.`delete_time` = '0' ORDER BY `list_order` ASC [ RunTime:0.000339s ]
[2026-05-25T10:35:27+08:00][sql] SHOW FULL COLUMNS FROM `cmf_product` [ RunTime:0.001667s ]
[2026-05-25T10:35:27+08:00][sql] SELECT * FROM `cmf_product` WHERE  `id` = 92 LIMIT 1 [ RunTime:0.000665s ]
[2026-05-25T10:35:27+08:00][sql] SELECT * FROM `cmf_product_category` WHERE  `id` = 30 LIMIT 1 [ RunTime:0.000501s ]
[2026-05-25T10:35:27+08:00][sql] SELECT `id`,`title`,`industry`,`thumbnail` FROM `cmf_product` WHERE  `id` <> 92  AND `is_recommended` = 1  AND `category_id` = 30 ORDER BY RAND() LIMIT 4 [ RunTime:0.000743s ]
[2026-05-25T10:35:27+08:00][sql] SHOW FULL COLUMNS FROM `cmf_slide_item` [ RunTime:0.001292s ]
[2026-05-25T10:35:27+08:00][sql] SELECT `title`,`description`,`image` FROM `cmf_slide_item` WHERE  `slide_id` = 7  AND `status` = 1 ORDER BY `list_order` ASC,`id` DESC LIMIT 1 [ RunTime:0.000454s ]
[2026-05-25T10:35:27+08:00][sql] SHOW FULL COLUMNS FROM `cmf_theme_file` [ RunTime:0.002644s ]
[2026-05-25T10:35:27+08:00][sql] SELECT `more`,`file`,`id` FROM `cmf_theme_file` WHERE  `theme` = 'simpleboot3_mobile'  AND (  `is_public` = 1 OR `file` = 'portal/product-info' ) ORDER BY `is_public` DESC [ RunTime:0.000473s ]
[2026-05-25T10:35:27+08:00][sql] SELECT `option_value` FROM `cmf_option` WHERE  `option_name` = 'storage' LIMIT 1 [ RunTime:0.000422s ]
[2026-05-25T10:38:18+08:00][sql] CONNECT:[ UseTime:0.024795s ] mysql:host=127.0.0.1;port=3306;dbname=weihua;charset=utf8mb4
[2026-05-25T10:38:18+08:00][sql] SHOW FULL COLUMNS FROM `cmf_option` [ RunTime:0.001883s ]
[2026-05-25T10:38:18+08:00][sql] SELECT `option_value` FROM `cmf_option` WHERE  `option_name` = 'cdn_settings' LIMIT 1 [ RunTime:0.000327s ]
[2026-05-25T10:38:18+08:00][sql] SELECT `option_value` FROM `cmf_option` WHERE  `option_name` = 'cdn_settings' LIMIT 1 [ RunTime:0.000362s ]
[2026-05-25T10:38:18+08:00][sql] SHOW FULL COLUMNS FROM `cmf_product_category` [ RunTime:0.000993s ]
[2026-05-25T10:38:18+08:00][sql] SELECT * FROM `cmf_product_category` WHERE  `parent_id` = 0 ORDER BY `list_order` ASC,`create_time` DESC [ RunTime:0.000369s ]
[2026-05-25T10:38:18+08:00][sql] SELECT * FROM `cmf_product_category` WHERE  `parent_id` IN (28,19,22,23,25,27,30) [ RunTime:0.000372s ]
[2026-05-25T10:38:18+08:00][sql] SHOW FULL COLUMNS FROM `cmf_portal_category` [ RunTime:0.001391s ]
[2026-05-25T10:38:18+08:00][sql] SELECT * FROM `cmf_portal_category` WHERE (  `type` = 8 ) AND `cmf_portal_category`.`delete_time` = '0' ORDER BY `list_order` ASC [ RunTime:0.000353s ]
[2026-05-25T10:38:18+08:00][sql] SHOW FULL COLUMNS FROM `cmf_slide_item` [ RunTime:0.000911s ]
[2026-05-25T10:38:18+08:00][sql] SELECT `title`,`description`,`image`,`url`,`target`,`content` FROM `cmf_slide_item` WHERE  `slide_id` = 1 ORDER BY `list_order` ASC [ RunTime:0.000415s ]
[2026-05-25T10:38:18+08:00][sql] SHOW FULL COLUMNS FROM `cmf_slide` [ RunTime:0.001758s ]
[2026-05-25T10:38:18+08:00][sql] SELECT * FROM `cmf_slide` WHERE  `name` LIKE '%choose%' OR `name` LIKE '%选择%' LIMIT 1 [ RunTime:0.000382s ]
[2026-05-25T10:38:18+08:00][sql] SELECT `title`,`description`,`image`,`url`,`target`,`content` FROM `cmf_slide_item` WHERE  `slide_id` = 14  AND `status` = 1 ORDER BY `list_order` ASC [ RunTime:0.000464s ]
[2026-05-25T10:38:18+08:00][sql] SELECT * FROM `cmf_product_category` WHERE  `parent_id` = 0  AND `recommend` = 1 ORDER BY `list_order` ASC,`create_time` DESC [ RunTime:0.000429s ]
[2026-05-25T10:38:18+08:00][sql] SHOW FULL COLUMNS FROM `cmf_product` [ RunTime:0.001754s ]
[2026-05-25T10:38:18+08:00][sql] SELECT `id`,`title`,`thumbnail`,`industry` FROM `cmf_product` WHERE  `is_recommended` = 1  AND `category_id` = 28 ORDER BY `list_order` ASC LIMIT 6 [ RunTime:0.000627s ]
[2026-05-25T10:38:18+08:00][sql] SELECT `id`,`title`,`thumbnail`,`industry` FROM `cmf_product` WHERE  `is_recommended` = 1  AND `category_id` = 19 ORDER BY `list_order` ASC LIMIT 6 [ RunTime:0.000435s ]
[2026-05-25T10:38:18+08:00][sql] SELECT `id`,`title`,`thumbnail`,`industry` FROM `cmf_product` WHERE  `is_recommended` = 1  AND `category_id` = 23 ORDER BY `list_order` ASC LIMIT 6 [ RunTime:0.000310s ]
[2026-05-25T10:38:18+08:00][sql] SHOW FULL COLUMNS FROM `cmf_portal_post` [ RunTime:0.001249s ]
[2026-05-25T10:38:18+08:00][sql] SELECT `p`.`id`,`p`.`post_title`,`p`.`post_excerpt`,`p`.`thumbnail`,`p`.`create_time`,`c`.`category_id` FROM `cmf_portal_post` `p` INNER JOIN `cmf_portal_category_post` `c` ON `p`.`id`=`c`.`post_id` WHERE (  `p`.`post_type` = '8' ) AND `p`.`delete_time` = '0' ORDER BY `c`.`list_order` ASC,`p`.`create_time` DESC [ RunTime:0.001859s ]
[2026-05-25T10:38:18+08:00][sql] SELECT `id`,`post_title`,`post_excerpt`,`more` FROM `cmf_portal_post` WHERE (  `post_type` = 3 ) AND `cmf_portal_post`.`delete_time` = '0' ORDER BY `create_time` DESC [ RunTime:0.000609s ]
[2026-05-25T10:38:18+08:00][sql] SHOW FULL COLUMNS FROM `cmf_theme_file` [ RunTime:0.001149s ]
[2026-05-25T10:38:18+08:00][sql] SELECT `more`,`file`,`id` FROM `cmf_theme_file` WHERE  `theme` = 'simpleboot3'  AND (  `is_public` = 1 OR `file` = 'portal/index' ) ORDER BY `is_public` DESC [ RunTime:0.001337s ]
[2026-05-25T10:38:18+08:00][sql] SELECT `option_value` FROM `cmf_option` WHERE  `option_name` = 'storage' LIMIT 1 [ RunTime:0.001580s ]
[2026-05-25T10:38:20+08:00][sql] CONNECT:[ UseTime:0.015553s ] mysql:host=127.0.0.1;port=3306;dbname=weihua;charset=utf8mb4
[2026-05-25T10:38:20+08:00][sql] SHOW FULL COLUMNS FROM `cmf_option` [ RunTime:0.003525s ]
[2026-05-25T10:38:20+08:00][sql] SELECT `option_value` FROM `cmf_option` WHERE  `option_name` = 'cdn_settings' LIMIT 1 [ RunTime:0.000504s ]
[2026-05-25T10:38:20+08:00][sql] SELECT `option_value` FROM `cmf_option` WHERE  `option_name` = 'cdn_settings' LIMIT 1 [ RunTime:0.000685s ]
[2026-05-25T10:38:20+08:00][sql] SHOW FULL COLUMNS FROM `cmf_product_category` [ RunTime:0.001736s ]
[2026-05-25T10:38:20+08:00][sql] SELECT * FROM `cmf_product_category` WHERE  `parent_id` = 0 ORDER BY `list_order` ASC,`create_time` DESC [ RunTime:0.000493s ]
[2026-05-25T10:38:20+08:00][sql] SELECT * FROM `cmf_product_category` WHERE  `parent_id` IN (28,19,22,23,25,27,30) [ RunTime:0.000366s ]
[2026-05-25T10:38:20+08:00][sql] SHOW FULL COLUMNS FROM `cmf_portal_category` [ RunTime:0.001193s ]
[2026-05-25T10:38:20+08:00][sql] SELECT * FROM `cmf_portal_category` WHERE (  `type` = 8 ) AND `cmf_portal_category`.`delete_time` = '0' ORDER BY `list_order` ASC [ RunTime:0.000362s ]
[2026-05-25T10:38:20+08:00][sql] SHOW FULL COLUMNS FROM `cmf_product` [ RunTime:0.000998s ]
[2026-05-25T10:38:20+08:00][sql] SELECT * FROM `cmf_product` WHERE  `id` = 62 LIMIT 1 [ RunTime:0.000414s ]
[2026-05-25T10:38:20+08:00][sql] SELECT * FROM `cmf_product_category` WHERE  `id` = 28 LIMIT 1 [ RunTime:0.000246s ]
[2026-05-25T10:38:20+08:00][sql] SELECT `id`,`title`,`industry`,`thumbnail` FROM `cmf_product` WHERE  `id` <> 62  AND `is_recommended` = 1  AND `category_id` = 28 ORDER BY RAND() LIMIT 4 [ RunTime:0.000480s ]
[2026-05-25T10:38:20+08:00][sql] SHOW FULL COLUMNS FROM `cmf_slide_item` [ RunTime:0.000817s ]
[2026-05-25T10:38:20+08:00][sql] SELECT `title`,`description`,`image` FROM `cmf_slide_item` WHERE  `slide_id` = 2  AND `status` = 1 ORDER BY `list_order` ASC,`id` DESC LIMIT 1 [ RunTime:0.000308s ]
[2026-05-25T10:38:20+08:00][sql] SHOW FULL COLUMNS FROM `cmf_theme_file` [ RunTime:0.000808s ]
[2026-05-25T10:38:20+08:00][sql] SELECT `more`,`file`,`id` FROM `cmf_theme_file` WHERE  `theme` = 'simpleboot3'  AND (  `is_public` = 1 OR `file` = 'portal/product-info' ) ORDER BY `is_public` DESC [ RunTime:0.000301s ]
[2026-05-25T10:38:20+08:00][sql] SELECT `option_value` FROM `cmf_option` WHERE  `option_name` = 'storage' LIMIT 1 [ RunTime:0.000731s ]
[2026-05-25T10:40:05+08:00][sql] CONNECT:[ UseTime:0.011743s ] mysql:host=127.0.0.1;port=3306;dbname=weihua;charset=utf8mb4
[2026-05-25T10:40:05+08:00][sql] SHOW FULL COLUMNS FROM `cmf_option` [ RunTime:0.002868s ]
[2026-05-25T10:40:05+08:00][sql] SELECT `option_value` FROM `cmf_option` WHERE  `option_name` = 'cdn_settings' LIMIT 1 [ RunTime:0.000281s ]
[2026-05-25T10:40:05+08:00][sql] SELECT `option_value` FROM `cmf_option` WHERE  `option_name` = 'cdn_settings' LIMIT 1 [ RunTime:0.000346s ]
[2026-05-25T10:40:05+08:00][sql] SHOW FULL COLUMNS FROM `cmf_product_category` [ RunTime:0.000899s ]
[2026-05-25T10:40:05+08:00][sql] SELECT * FROM `cmf_product_category` WHERE  `parent_id` = 0 ORDER BY `list_order` ASC,`create_time` DESC [ RunTime:0.000311s ]
[2026-05-25T10:40:05+08:00][sql] SELECT * FROM `cmf_product_category` WHERE  `parent_id` IN (28,19,22,23,25,27,30) [ RunTime:0.000306s ]
[2026-05-25T10:40:05+08:00][sql] SHOW FULL COLUMNS FROM `cmf_portal_category` [ RunTime:0.001027s ]
[2026-05-25T10:40:05+08:00][sql] SELECT * FROM `cmf_portal_category` WHERE (  `type` = 8 ) AND `cmf_portal_category`.`delete_time` = '0' ORDER BY `list_order` ASC [ RunTime:0.000370s ]
[2026-05-25T10:40:05+08:00][sql] SHOW FULL COLUMNS FROM `cmf_product` [ RunTime:0.002397s ]
[2026-05-25T10:40:05+08:00][sql] SELECT * FROM `cmf_product` WHERE  `id` = 62 LIMIT 1 [ RunTime:0.001050s ]
[2026-05-25T10:40:05+08:00][sql] SELECT * FROM `cmf_product_category` WHERE  `id` = 28 LIMIT 1 [ RunTime:0.000275s ]
[2026-05-25T10:40:05+08:00][sql] SELECT `id`,`title`,`industry`,`thumbnail` FROM `cmf_product` WHERE  `id` <> 62  AND `is_recommended` = 1  AND `category_id` = 28 ORDER BY RAND() LIMIT 4 [ RunTime:0.000613s ]
[2026-05-25T10:40:05+08:00][sql] SHOW FULL COLUMNS FROM `cmf_slide_item` [ RunTime:0.001077s ]
[2026-05-25T10:40:05+08:00][sql] SELECT `title`,`description`,`image` FROM `cmf_slide_item` WHERE  `slide_id` = 2  AND `status` = 1 ORDER BY `list_order` ASC,`id` DESC LIMIT 1 [ RunTime:0.000308s ]
[2026-05-25T10:40:05+08:00][sql] SHOW FULL COLUMNS FROM `cmf_theme_file` [ RunTime:0.000958s ]
[2026-05-25T10:40:05+08:00][sql] SELECT `more`,`file`,`id` FROM `cmf_theme_file` WHERE  `theme` = 'simpleboot3'  AND (  `is_public` = 1 OR `file` = 'portal/product-info' ) ORDER BY `is_public` DESC [ RunTime:0.000320s ]
[2026-05-25T10:40:05+08:00][sql] SELECT `option_value` FROM `cmf_option` WHERE  `option_name` = 'storage' LIMIT 1 [ RunTime:0.001014s ]
[2026-05-25T10:40:14+08:00][sql] CONNECT:[ UseTime:0.000866s ] mysql:host=127.0.0.1;port=3306;dbname=weihua;charset=utf8mb4
[2026-05-25T10:40:14+08:00][sql] SHOW FULL COLUMNS FROM `cmf_option` [ RunTime:0.001122s ]
[2026-05-25T10:40:14+08:00][sql] SELECT `option_value` FROM `cmf_option` WHERE  `option_name` = 'cdn_settings' LIMIT 1 [ RunTime:0.000253s ]
[2026-05-25T10:40:14+08:00][sql] SELECT `option_value` FROM `cmf_option` WHERE  `option_name` = 'cdn_settings' LIMIT 1 [ RunTime:0.000257s ]
[2026-05-25T10:40:14+08:00][sql] SHOW FULL COLUMNS FROM `cmf_product_category` [ RunTime:0.000870s ]
[2026-05-25T10:40:14+08:00][sql] SELECT * FROM `cmf_product_category` WHERE  `parent_id` = 0 ORDER BY `list_order` ASC,`create_time` DESC [ RunTime:0.000296s ]
[2026-05-25T10:40:14+08:00][sql] SELECT * FROM `cmf_product_category` WHERE  `parent_id` IN (28,19,22,23,25,27,30) [ RunTime:0.000302s ]
[2026-05-25T10:40:14+08:00][sql] SHOW FULL COLUMNS FROM `cmf_portal_category` [ RunTime:0.001726s ]
[2026-05-25T10:40:14+08:00][sql] SELECT * FROM `cmf_portal_category` WHERE (  `type` = 8 ) AND `cmf_portal_category`.`delete_time` = '0' ORDER BY `list_order` ASC [ RunTime:0.000434s ]
[2026-05-25T10:40:14+08:00][sql] SHOW FULL COLUMNS FROM `cmf_product` [ RunTime:0.001380s ]
[2026-05-25T10:40:14+08:00][sql] SELECT * FROM `cmf_product` WHERE  `id` = 101 LIMIT 1 [ RunTime:0.000510s ]
[2026-05-25T10:40:14+08:00][sql] SELECT * FROM `cmf_product_category` WHERE  `id` = 28 LIMIT 1 [ RunTime:0.000283s ]
[2026-05-25T10:40:14+08:00][sql] SELECT `id`,`title`,`industry`,`thumbnail` FROM `cmf_product` WHERE  `id` <> 101  AND `is_recommended` = 1  AND `category_id` = 28 ORDER BY RAND() LIMIT 4 [ RunTime:0.000830s ]
[2026-05-25T10:40:14+08:00][sql] SHOW FULL COLUMNS FROM `cmf_slide_item` [ RunTime:0.001110s ]
[2026-05-25T10:40:14+08:00][sql] SELECT `title`,`description`,`image` FROM `cmf_slide_item` WHERE  `slide_id` = 2  AND `status` = 1 ORDER BY `list_order` ASC,`id` DESC LIMIT 1 [ RunTime:0.000340s ]
[2026-05-25T10:40:14+08:00][sql] SHOW FULL COLUMNS FROM `cmf_theme_file` [ RunTime:0.001032s ]
[2026-05-25T10:40:14+08:00][sql] SELECT `more`,`file`,`id` FROM `cmf_theme_file` WHERE  `theme` = 'simpleboot3'  AND (  `is_public` = 1 OR `file` = 'portal/product-info' ) ORDER BY `is_public` DESC [ RunTime:0.000301s ]
[2026-05-25T10:40:14+08:00][sql] SELECT `option_value` FROM `cmf_option` WHERE  `option_name` = 'storage' LIMIT 1 [ RunTime:0.000471s ]
[2026-05-25T10:42:44+08:00][sql] CONNECT:[ UseTime:0.001175s ] mysql:host=127.0.0.1;port=3306;dbname=weihua;charset=utf8mb4
[2026-05-25T10:42:44+08:00][sql] SHOW FULL COLUMNS FROM `cmf_option` [ RunTime:0.002238s ]
[2026-05-25T10:42:44+08:00][sql] SELECT `option_value` FROM `cmf_option` WHERE  `option_name` = 'cdn_settings' LIMIT 1 [ RunTime:0.000375s ]
[2026-05-25T10:42:44+08:00][sql] SELECT `option_value` FROM `cmf_option` WHERE  `option_name` = 'cdn_settings' LIMIT 1 [ RunTime:0.000522s ]
[2026-05-25T10:42:44+08:00][sql] SHOW FULL COLUMNS FROM `cmf_product_category` [ RunTime:0.001247s ]
[2026-05-25T10:42:44+08:00][sql] SELECT * FROM `cmf_product_category` WHERE  `parent_id` = 0 ORDER BY `list_order` ASC,`create_time` DESC [ RunTime:0.000557s ]
[2026-05-25T10:42:44+08:00][sql] SELECT * FROM `cmf_product_category` WHERE  `parent_id` IN (28,19,22,23,25,27,30) [ RunTime:0.000406s ]
[2026-05-25T10:42:44+08:00][sql] SHOW FULL COLUMNS FROM `cmf_portal_category` [ RunTime:0.001469s ]
[2026-05-25T10:42:44+08:00][sql] SELECT * FROM `cmf_portal_category` WHERE (  `type` = 8 ) AND `cmf_portal_category`.`delete_time` = '0' ORDER BY `list_order` ASC [ RunTime:0.000422s ]
[2026-05-25T10:42:44+08:00][sql] SHOW FULL COLUMNS FROM `cmf_product` [ RunTime:0.001481s ]
[2026-05-25T10:42:44+08:00][sql] SELECT COUNT(*) AS think_count FROM `cmf_product` WHERE  `category_id` = 28 LIMIT 1 [ RunTime:0.001269s ]
[2026-05-25T10:42:44+08:00][sql] SELECT COUNT(*) AS think_count FROM `cmf_product` WHERE  `category_id` = 19 LIMIT 1 [ RunTime:0.000569s ]
[2026-05-25T10:42:44+08:00][sql] SELECT COUNT(*) AS think_count FROM `cmf_product` WHERE  `category_id` = 22 LIMIT 1 [ RunTime:0.000280s ]
[2026-05-25T10:42:44+08:00][sql] SELECT COUNT(*) AS think_count FROM `cmf_product` WHERE  `category_id` = 23 LIMIT 1 [ RunTime:0.000261s ]
[2026-05-25T10:42:44+08:00][sql] SELECT COUNT(*) AS think_count FROM `cmf_product` WHERE  `category_id` = 25 LIMIT 1 [ RunTime:0.000285s ]
[2026-05-25T10:42:44+08:00][sql] SELECT COUNT(*) AS think_count FROM `cmf_product` WHERE  `category_id` = 27 LIMIT 1 [ RunTime:0.000267s ]
[2026-05-25T10:42:44+08:00][sql] SELECT * FROM `cmf_product` WHERE  `category_id` = 27  AND `thumbnail` <> '' ORDER BY `list_order` ASC,`id` DESC LIMIT 1 [ RunTime:0.000467s ]
[2026-05-25T10:42:44+08:00][sql] SELECT COUNT(*) AS think_count FROM `cmf_product` WHERE  `category_id` = 30 LIMIT 1 [ RunTime:0.000306s ]
[2026-05-25T10:42:44+08:00][sql] SELECT COUNT(*) AS think_count FROM `cmf_product` LIMIT 1 [ RunTime:0.000306s ]
[2026-05-25T10:42:44+08:00][sql] SELECT `id`,`category_id`,`title`,`thumbnail`,`industry`,`overview` FROM `cmf_product` ORDER BY `list_order` ASC,`create_time` DESC LIMIT 0,12 [ RunTime:0.000872s ]
[2026-05-25T10:42:44+08:00][sql] SHOW FULL COLUMNS FROM `cmf_slide_item` [ RunTime:0.001277s ]
[2026-05-25T10:42:44+08:00][sql] SELECT `title`,`description`,`image` FROM `cmf_slide_item` WHERE  `slide_id` = 2  AND `status` = 1 ORDER BY `list_order` ASC,`id` DESC LIMIT 1 [ RunTime:0.000417s ]
[2026-05-25T10:42:44+08:00][sql] SELECT `option_value` FROM `cmf_option` WHERE  `option_name` = 'storage' LIMIT 1 [ RunTime:0.000279s ]
[2026-05-25T10:42:44+08:00][sql] SHOW FULL COLUMNS FROM `cmf_portal_post` [ RunTime:0.001246s ]
[2026-05-25T10:42:44+08:00][sql] SELECT `id`,`post_title`,`post_excerpt`,`more` FROM `cmf_portal_post` WHERE (  `post_type` = 3 ) AND `cmf_portal_post`.`delete_time` = '0' ORDER BY `create_time` DESC [ RunTime:0.000401s ]
[2026-05-25T10:42:44+08:00][sql] SHOW FULL COLUMNS FROM `cmf_theme_file` [ RunTime:0.001069s ]
[2026-05-25T10:42:44+08:00][sql] SELECT `more`,`file`,`id` FROM `cmf_theme_file` WHERE  `theme` = 'simpleboot3'  AND (  `is_public` = 1 OR `file` = 'portal/product' ) ORDER BY `is_public` DESC [ RunTime:0.000399s ]
[2026-05-25T10:43:24+08:00][sql] CONNECT:[ UseTime:0.000828s ] mysql:host=127.0.0.1;port=3306;dbname=weihua;charset=utf8mb4
[2026-05-25T10:43:24+08:00][sql] SHOW FULL COLUMNS FROM `cmf_option` [ RunTime:0.001201s ]
[2026-05-25T10:43:24+08:00][sql] SELECT `option_value` FROM `cmf_option` WHERE  `option_name` = 'cdn_settings' LIMIT 1 [ RunTime:0.000258s ]
[2026-05-25T10:43:24+08:00][sql] SELECT `option_value` FROM `cmf_option` WHERE  `option_name` = 'cdn_settings' LIMIT 1 [ RunTime:0.000260s ]
[2026-05-25T10:43:24+08:00][sql] SHOW FULL COLUMNS FROM `cmf_product_category` [ RunTime:0.000858s ]
[2026-05-25T10:43:24+08:00][sql] SELECT * FROM `cmf_product_category` WHERE  `parent_id` = 0 ORDER BY `list_order` ASC,`create_time` DESC [ RunTime:0.000301s ]
[2026-05-25T10:43:24+08:00][sql] SELECT * FROM `cmf_product_category` WHERE  `parent_id` IN (28,19,22,23,25,27,30) [ RunTime:0.000309s ]
[2026-05-25T10:43:24+08:00][sql] SHOW FULL COLUMNS FROM `cmf_portal_category` [ RunTime:0.000863s ]
[2026-05-25T10:43:24+08:00][sql] SELECT * FROM `cmf_portal_category` WHERE (  `type` = 8 ) AND `cmf_portal_category`.`delete_time` = '0' ORDER BY `list_order` ASC [ RunTime:0.000347s ]
[2026-05-25T10:43:24+08:00][sql] SHOW FULL COLUMNS FROM `cmf_slide_item` [ RunTime:0.001119s ]
[2026-05-25T10:43:24+08:00][sql] SELECT `title`,`description`,`image`,`url`,`target`,`content` FROM `cmf_slide_item` WHERE  `slide_id` = 1 ORDER BY `list_order` ASC [ RunTime:0.001000s ]
[2026-05-25T10:43:24+08:00][sql] SHOW FULL COLUMNS FROM `cmf_slide` [ RunTime:0.000838s ]
[2026-05-25T10:43:24+08:00][sql] SELECT * FROM `cmf_slide` WHERE  `name` LIKE '%choose%' OR `name` LIKE '%选择%' LIMIT 1 [ RunTime:0.001698s ]
[2026-05-25T10:43:24+08:00][sql] SELECT `title`,`description`,`image`,`url`,`target`,`content` FROM `cmf_slide_item` WHERE  `slide_id` = 14  AND `status` = 1 ORDER BY `list_order` ASC [ RunTime:0.000376s ]
[2026-05-25T10:43:24+08:00][sql] SELECT * FROM `cmf_product_category` WHERE  `parent_id` = 0  AND `recommend` = 1 ORDER BY `list_order` ASC,`create_time` DESC [ RunTime:0.000351s ]
[2026-05-25T10:43:24+08:00][sql] SHOW FULL COLUMNS FROM `cmf_product` [ RunTime:0.001079s ]
[2026-05-25T10:43:24+08:00][sql] SELECT `id`,`title`,`thumbnail`,`industry` FROM `cmf_product` WHERE  `is_recommended` = 1  AND `category_id` = 28 ORDER BY `list_order` ASC LIMIT 6 [ RunTime:0.000510s ]
[2026-05-25T10:43:24+08:00][sql] SELECT `id`,`title`,`thumbnail`,`industry` FROM `cmf_product` WHERE  `is_recommended` = 1  AND `category_id` = 19 ORDER BY `list_order` ASC LIMIT 6 [ RunTime:0.000455s ]
[2026-05-25T10:43:24+08:00][sql] SELECT `id`,`title`,`thumbnail`,`industry` FROM `cmf_product` WHERE  `is_recommended` = 1  AND `category_id` = 23 ORDER BY `list_order` ASC LIMIT 6 [ RunTime:0.000496s ]
[2026-05-25T10:43:24+08:00][sql] SHOW FULL COLUMNS FROM `cmf_portal_post` [ RunTime:0.001553s ]
[2026-05-25T10:43:24+08:00][sql] SELECT `p`.`id`,`p`.`post_title`,`p`.`post_excerpt`,`p`.`thumbnail`,`p`.`create_time`,`c`.`category_id` FROM `cmf_portal_post` `p` INNER JOIN `cmf_portal_category_post` `c` ON `p`.`id`=`c`.`post_id` WHERE (  `p`.`post_type` = '8' ) AND `p`.`delete_time` = '0' ORDER BY `c`.`list_order` ASC,`p`.`create_time` DESC [ RunTime:0.003387s ]
[2026-05-25T10:43:24+08:00][sql] SELECT `id`,`post_title`,`post_excerpt`,`more` FROM `cmf_portal_post` WHERE (  `post_type` = 3 ) AND `cmf_portal_post`.`delete_time` = '0' ORDER BY `create_time` DESC [ RunTime:0.001863s ]
[2026-05-25T10:43:24+08:00][sql] SHOW FULL COLUMNS FROM `cmf_theme_file` [ RunTime:0.005031s ]
[2026-05-25T10:43:24+08:00][sql] SELECT `more`,`file`,`id` FROM `cmf_theme_file` WHERE  `theme` = 'simpleboot3'  AND (  `is_public` = 1 OR `file` = 'portal/index' ) ORDER BY `is_public` DESC [ RunTime:0.001201s ]
[2026-05-25T10:43:24+08:00][sql] SELECT `option_value` FROM `cmf_option` WHERE  `option_name` = 'storage' LIMIT 1 [ RunTime:0.000422s ]
[2026-05-25T10:43:27+08:00][sql] CONNECT:[ UseTime:0.001343s ] mysql:host=127.0.0.1;port=3306;dbname=weihua;charset=utf8mb4
[2026-05-25T10:43:27+08:00][sql] SHOW FULL COLUMNS FROM `cmf_hook` [ RunTime:0.001132s ]
[2026-05-25T10:43:27+08:00][sql] SELECT `hook` FROM `cmf_hook` WHERE  `app` = 'admin' [ RunTime:0.000929s ]
[2026-05-25T10:43:27+08:00][sql] SHOW FULL COLUMNS FROM `cmf_hook_plugin` [ RunTime:0.000778s ]
[2026-05-25T10:43:27+08:00][sql] SELECT `hook`,`plugin` FROM `cmf_hook_plugin` WHERE  `status` = 1  AND `hook` IN ('admin_dashboard','admin_login','admin_theme_design_view','admin_setting_site_view','admin_setting_clear_cache_view','admin_nav_index_view','admin_link_index_view','admin_slide_index_view','admin_user_index_view','admin_rbac_index_view','admin_index_index_view','admin_recycle_bin_index_view','admin_menu_index_view','admin_custom_login_open','admin_slide_item_index_view','admin_slide_item_add_view','admin_slide_item_edit_view','admin_user_add_view','admin_user_edit_view','admin_rbac_role_add_view','admin_rbac_role_edit_view','admin_rbac_authorize_view','admin_api_import_view') ORDER BY `list_order` ASC [ RunTime:0.001252s ]
[2026-05-25T10:43:27+08:00][sql] SHOW FULL COLUMNS FROM `cmf_option` [ RunTime:0.002590s ]
[2026-05-25T10:43:27+08:00][sql] SELECT `option_value` FROM `cmf_option` WHERE  `option_name` = 'cdn_settings' LIMIT 1 [ RunTime:0.000498s ]
[2026-05-25T10:43:27+08:00][sql] SELECT `option_value` FROM `cmf_option` WHERE  `option_name` = 'admin_settings' LIMIT 1 [ RunTime:0.000503s ]
[2026-05-25T10:43:27+08:00][sql] CONNECT:[ UseTime:0.001291s ] mysql:host=127.0.0.1;port=3306;dbname=weihua;charset=utf8mb4
[2026-05-25T10:43:27+08:00][sql] SHOW FULL COLUMNS FROM `cmf_option` [ RunTime:0.001491s ]
[2026-05-25T10:43:27+08:00][sql] SELECT `option_value` FROM `cmf_option` WHERE  `option_name` = 'cdn_settings' LIMIT 1 [ RunTime:0.000257s ]
[2026-05-25T10:43:40+08:00][sql] CONNECT:[ UseTime:0.000733s ] mysql:host=127.0.0.1;port=3306;dbname=weihua;charset=utf8mb4
[2026-05-25T10:43:40+08:00][sql] SHOW FULL COLUMNS FROM `cmf_option` [ RunTime:0.001154s ]
[2026-05-25T10:43:40+08:00][sql] SELECT `option_value` FROM `cmf_option` WHERE  `option_name` = 'cdn_settings' LIMIT 1 [ RunTime:0.000401s ]
[2026-05-25T10:43:40+08:00][sql] SHOW FULL COLUMNS FROM `cmf_user` [ RunTime:0.001515s ]
[2026-05-25T10:43:40+08:00][sql] SELECT * FROM `cmf_user` WHERE  `user_login` = 'antop002' LIMIT 1 [ RunTime:0.001219s ]
[2026-05-25T10:43:40+08:00][sql] SHOW FULL COLUMNS FROM `cmf_role_user` [ RunTime:0.000963s ]
[2026-05-25T10:43:40+08:00][sql] SELECT `role_id` FROM `cmf_role_user` `a` INNER JOIN `cmf_role` `b` ON `a`.`role_id`=`b`.`id` WHERE  `user_id` = 1  AND `status` = '1' LIMIT 1 [ RunTime:0.001445s ]
[2026-05-25T10:43:40+08:00][sql] SHOW FULL COLUMNS FROM `cmf_user_token` [ RunTime:0.000848s ]
[2026-05-25T10:43:40+08:00][sql] SELECT * FROM `cmf_user_token` WHERE  `user_id` = 1  AND `device_type` = 'web' LIMIT 1 [ RunTime:0.000934s ]
[2026-05-25T10:43:40+08:00][sql] UPDATE `cmf_user`  SET `last_login_ip` = '::1' , `last_login_time` = 1779677020  WHERE  `id` = 1 [ RunTime:0.005038s ]
[2026-05-25T10:43:42+08:00][sql] CONNECT:[ UseTime:0.001251s ] mysql:host=127.0.0.1;port=3306;dbname=weihua;charset=utf8mb4
[2026-05-25T10:43:42+08:00][sql] SHOW FULL COLUMNS FROM `cmf_option` [ RunTime:0.002322s ]
[2026-05-25T10:43:42+08:00][sql] SELECT `option_value` FROM `cmf_option` WHERE  `option_name` = 'cdn_settings' LIMIT 1 [ RunTime:0.000782s ]
[2026-05-25T10:43:42+08:00][sql] SHOW FULL COLUMNS FROM `cmf_user` [ RunTime:0.002561s ]
[2026-05-25T10:43:42+08:00][sql] SELECT * FROM `cmf_user` WHERE  `id` = 1 LIMIT 1 [ RunTime:0.000976s ]
[2026-05-25T10:43:42+08:00][sql] SHOW FULL COLUMNS FROM `cmf_admin_menu` [ RunTime:0.002829s ]
[2026-05-25T10:43:42+08:00][sql] SELECT * FROM `cmf_admin_menu` WHERE  `parent_id` = 0  AND `status` = 1 ORDER BY `list_order` ASC [ RunTime:0.001989s ]
[2026-05-25T10:43:42+08:00][sql] SELECT * FROM `cmf_admin_menu` WHERE  `parent_id` = 71  AND `status` = 1 ORDER BY `list_order` ASC [ RunTime:0.000726s ]
[2026-05-25T10:43:42+08:00][sql] SELECT * FROM `cmf_admin_menu` WHERE  `parent_id` = 78  AND `status` = 1 ORDER BY `list_order` ASC [ RunTime:0.001596s ]
[2026-05-25T10:43:42+08:00][sql] SELECT * FROM `cmf_admin_menu` WHERE  `parent_id` = 213  AND `status` = 1 ORDER BY `list_order` ASC [ RunTime:0.000631s ]
[2026-05-25T10:43:42+08:00][sql] SELECT * FROM `cmf_admin_menu` WHERE  `parent_id` = 214  AND `status` = 1 ORDER BY `list_order` ASC [ RunTime:0.000454s ]
[2026-05-25T10:43:42+08:00][sql] SELECT * FROM `cmf_admin_menu` WHERE  `parent_id` = 215  AND `status` = 1 ORDER BY `list_order` ASC [ RunTime:0.000752s ]
[2026-05-25T10:43:42+08:00][sql] SELECT * FROM `cmf_admin_menu` WHERE  `parent_id` = 217  AND `status` = 1 ORDER BY `list_order` ASC [ RunTime:0.000579s ]
[2026-05-25T10:43:42+08:00][sql] SELECT * FROM `cmf_admin_menu` WHERE  `parent_id` = 219  AND `status` = 1 ORDER BY `list_order` ASC [ RunTime:0.000445s ]
[2026-05-25T10:43:42+08:00][sql] SELECT * FROM `cmf_admin_menu` WHERE  `parent_id` = 220  AND `status` = 1 ORDER BY `list_order` ASC [ RunTime:0.000377s ]
[2026-05-25T10:43:42+08:00][sql] SELECT * FROM `cmf_admin_menu` WHERE  `parent_id` = 225  AND `status` = 1 ORDER BY `list_order` ASC [ RunTime:0.000359s ]
[2026-05-25T10:43:42+08:00][sql] SELECT * FROM `cmf_admin_menu` WHERE  `parent_id` = 221  AND `status` = 1 ORDER BY `list_order` ASC [ RunTime:0.000405s ]
[2026-05-25T10:43:42+08:00][sql] SELECT * FROM `cmf_admin_menu` WHERE  `parent_id` = 222  AND `status` = 1 ORDER BY `list_order` ASC [ RunTime:0.000548s ]
[2026-05-25T10:43:42+08:00][sql] SELECT * FROM `cmf_admin_menu` WHERE  `parent_id` = 223  AND `status` = 1 ORDER BY `list_order` ASC [ RunTime:0.000587s ]
[2026-05-25T10:43:42+08:00][sql] SELECT * FROM `cmf_admin_menu` WHERE  `parent_id` = 224  AND `status` = 1 ORDER BY `list_order` ASC [ RunTime:0.000421s ]
[2026-05-25T10:43:42+08:00][sql] SELECT * FROM `cmf_admin_menu` WHERE  `parent_id` = 226  AND `status` = 1 ORDER BY `list_order` ASC [ RunTime:0.000514s ]
[2026-05-25T10:43:42+08:00][sql] SELECT * FROM `cmf_admin_menu` WHERE  `parent_id` = 227  AND `status` = 1 ORDER BY `list_order` ASC [ RunTime:0.000393s ]
[2026-05-25T10:43:42+08:00][sql] SELECT * FROM `cmf_admin_menu` ORDER BY `app` ASC,`controller` ASC,`action` ASC [ RunTime:0.001248s ]
[2026-05-25T10:43:42+08:00][sql] CONNECT:[ UseTime:0.001967s ] mysql:host=127.0.0.1;port=3306;dbname=weihua;charset=utf8mb4
[2026-05-25T10:43:42+08:00][sql] SHOW FULL COLUMNS FROM `cmf_option` [ RunTime:0.003700s ]
[2026-05-25T10:43:42+08:00][sql] SELECT `option_value` FROM `cmf_option` WHERE  `option_name` = 'cdn_settings' LIMIT 1 [ RunTime:0.000287s ]
[2026-05-25T10:43:42+08:00][sql] SHOW FULL COLUMNS FROM `cmf_user` [ RunTime:0.002047s ]
[2026-05-25T10:43:42+08:00][sql] SELECT * FROM `cmf_user` WHERE  `id` = 1 LIMIT 1 [ RunTime:0.000903s ]
[2026-05-25T10:43:42+08:00][sql] SELECT `option_value` FROM `cmf_option` WHERE  `option_name` = 'cdn_settings' LIMIT 1 [ RunTime:0.000499s ]
[2026-05-25T10:43:42+08:00][sql] SELECT `option_value` FROM `cmf_option` WHERE  `option_name` = 'cmf_settings' LIMIT 1 [ RunTime:0.000234s ]
[2026-05-25T10:43:42+08:00][sql] SELECT `option_value` FROM `cmf_option` WHERE  `option_name` = 'storage' LIMIT 1 [ RunTime:0.000435s ]
[2026-05-25T10:43:47+08:00][sql] CONNECT:[ UseTime:0.000791s ] mysql:host=127.0.0.1;port=3306;dbname=weihua;charset=utf8mb4
[2026-05-25T10:43:47+08:00][sql] SHOW FULL COLUMNS FROM `cmf_option` [ RunTime:0.001752s ]
[2026-05-25T10:43:47+08:00][sql] SELECT `option_value` FROM `cmf_option` WHERE  `option_name` = 'cdn_settings' LIMIT 1 [ RunTime:0.000364s ]
[2026-05-25T10:43:47+08:00][sql] SHOW FULL COLUMNS FROM `cmf_user` [ RunTime:0.001571s ]
[2026-05-25T10:43:47+08:00][sql] SELECT * FROM `cmf_user` WHERE  `id` = 1 LIMIT 1 [ RunTime:0.000585s ]
[2026-05-25T10:43:47+08:00][sql] SHOW FULL COLUMNS FROM `cmf_slide` [ RunTime:0.000982s ]
[2026-05-25T10:43:47+08:00][sql] SELECT * FROM `cmf_slide` WHERE  `delete_time` = 0 [ RunTime:0.000461s ]
[2026-05-25T10:43:53+08:00][sql] CONNECT:[ UseTime:0.019608s ] mysql:host=127.0.0.1;port=3306;dbname=weihua;charset=utf8mb4
[2026-05-25T10:43:53+08:00][sql] SHOW FULL COLUMNS FROM `cmf_option` [ RunTime:0.001417s ]
[2026-05-25T10:43:53+08:00][sql] SELECT `option_value` FROM `cmf_option` WHERE  `option_name` = 'cdn_settings' LIMIT 1 [ RunTime:0.000499s ]
[2026-05-25T10:43:53+08:00][sql] SHOW FULL COLUMNS FROM `cmf_user` [ RunTime:0.001388s ]
[2026-05-25T10:43:53+08:00][sql] SELECT * FROM `cmf_user` WHERE  `id` = 1 LIMIT 1 [ RunTime:0.000537s ]
[2026-05-25T10:43:53+08:00][sql] SHOW FULL COLUMNS FROM `cmf_slide_item` [ RunTime:0.000975s ]
[2026-05-25T10:43:53+08:00][sql] SELECT * FROM `cmf_slide_item` WHERE  `slide_id` = 2 [ RunTime:0.000299s ]
[2026-05-25T10:43:53+08:00][sql] SELECT `option_value` FROM `cmf_option` WHERE  `option_name` = 'storage' LIMIT 1 [ RunTime:0.000805s ]
[2026-05-25T10:43:56+08:00][sql] CONNECT:[ UseTime:0.022112s ] mysql:host=127.0.0.1;port=3306;dbname=weihua;charset=utf8mb4
[2026-05-25T10:43:56+08:00][sql] SHOW FULL COLUMNS FROM `cmf_option` [ RunTime:0.001448s ]
[2026-05-25T10:43:56+08:00][sql] SELECT `option_value` FROM `cmf_option` WHERE  `option_name` = 'cdn_settings' LIMIT 1 [ RunTime:0.000270s ]
[2026-05-25T10:43:56+08:00][sql] SHOW FULL COLUMNS FROM `cmf_user` [ RunTime:0.001711s ]
[2026-05-25T10:43:56+08:00][sql] SELECT * FROM `cmf_user` WHERE  `id` = 1 LIMIT 1 [ RunTime:0.002002s ]
[2026-05-25T10:43:56+08:00][sql] SHOW FULL COLUMNS FROM `cmf_slide_item` [ RunTime:0.000806s ]
[2026-05-25T10:43:56+08:00][sql] SELECT * FROM `cmf_slide_item` WHERE  `id` = 1 LIMIT 1 [ RunTime:0.000262s ]
[2026-05-25T10:43:56+08:00][sql] SELECT `option_value` FROM `cmf_option` WHERE  `option_name` = 'storage' LIMIT 1 [ RunTime:0.000433s ]
[2026-05-25T10:44:46+08:00][sql] CONNECT:[ UseTime:0.000955s ] mysql:host=127.0.0.1;port=3306;dbname=weihua;charset=utf8mb4
[2026-05-25T10:44:46+08:00][sql] SHOW FULL COLUMNS FROM `cmf_option` [ RunTime:0.001536s ]
[2026-05-25T10:44:46+08:00][sql] SELECT `option_value` FROM `cmf_option` WHERE  `option_name` = 'cdn_settings' LIMIT 1 [ RunTime:0.000321s ]
[2026-05-25T10:44:46+08:00][sql] SHOW FULL COLUMNS FROM `cmf_user` [ RunTime:0.001621s ]
[2026-05-25T10:44:46+08:00][sql] SELECT * FROM `cmf_user` WHERE  `id` = 1 LIMIT 1 [ RunTime:0.000444s ]
[2026-05-25T10:44:46+08:00][sql] SHOW FULL COLUMNS FROM `cmf_slide_item` [ RunTime:0.001032s ]
[2026-05-25T10:44:46+08:00][sql] UPDATE `cmf_slide_item`  SET `title` = 'PRODUCTS' , `url` = '' , `target` = '_blank' , `description` = 'Professional industrial crane series, customized to match diverse site conditions. Fast production delivery, complete installation guidance and thoughtful after-sales service.' , `image` = 'admin/20260511/a562a5cb6eba460187dbc23e0aa1764d.webp' , `slide_id` = 2  WHERE  `id` = 1 [ RunTime:0.007380s ]
[2026-05-25T10:44:49+08:00][sql] CONNECT:[ UseTime:0.000879s ] mysql:host=127.0.0.1;port=3306;dbname=weihua;charset=utf8mb4
[2026-05-25T10:44:49+08:00][sql] SHOW FULL COLUMNS FROM `cmf_option` [ RunTime:0.001412s ]
[2026-05-25T10:44:49+08:00][sql] SELECT `option_value` FROM `cmf_option` WHERE  `option_name` = 'cdn_settings' LIMIT 1 [ RunTime:0.000321s ]
[2026-05-25T10:44:49+08:00][sql] SHOW FULL COLUMNS FROM `cmf_user` [ RunTime:0.001293s ]
[2026-05-25T10:44:49+08:00][sql] SELECT * FROM `cmf_user` WHERE  `id` = 1 LIMIT 1 [ RunTime:0.000365s ]
[2026-05-25T10:44:49+08:00][sql] SHOW FULL COLUMNS FROM `cmf_slide_item` [ RunTime:0.001033s ]
[2026-05-25T10:44:49+08:00][sql] SELECT * FROM `cmf_slide_item` WHERE  `slide_id` = 2 [ RunTime:0.000329s ]
[2026-05-25T10:44:49+08:00][sql] SELECT `option_value` FROM `cmf_option` WHERE  `option_name` = 'storage' LIMIT 1 [ RunTime:0.000384s ]
[2026-05-25T10:44:50+08:00][sql] CONNECT:[ UseTime:0.000961s ] mysql:host=127.0.0.1;port=3306;dbname=weihua;charset=utf8mb4
[2026-05-25T10:44:50+08:00][sql] SHOW FULL COLUMNS FROM `cmf_option` [ RunTime:0.001521s ]
[2026-05-25T10:44:50+08:00][sql] SELECT `option_value` FROM `cmf_option` WHERE  `option_name` = 'cdn_settings' LIMIT 1 [ RunTime:0.000280s ]
[2026-05-25T10:44:50+08:00][sql] SELECT `option_value` FROM `cmf_option` WHERE  `option_name` = 'cdn_settings' LIMIT 1 [ RunTime:0.000568s ]
[2026-05-25T10:44:50+08:00][sql] SHOW FULL COLUMNS FROM `cmf_product_category` [ RunTime:0.001501s ]
[2026-05-25T10:44:50+08:00][sql] SELECT * FROM `cmf_product_category` WHERE  `parent_id` = 0 ORDER BY `list_order` ASC,`create_time` DESC [ RunTime:0.000413s ]
[2026-05-25T10:44:50+08:00][sql] SELECT * FROM `cmf_product_category` WHERE  `parent_id` IN (28,19,22,23,25,27,30) [ RunTime:0.000918s ]
[2026-05-25T10:44:50+08:00][sql] SHOW FULL COLUMNS FROM `cmf_portal_category` [ RunTime:0.001610s ]
[2026-05-25T10:44:50+08:00][sql] SELECT * FROM `cmf_portal_category` WHERE (  `type` = 8 ) AND `cmf_portal_category`.`delete_time` = '0' ORDER BY `list_order` ASC [ RunTime:0.000402s ]
[2026-05-25T10:44:50+08:00][sql] SHOW FULL COLUMNS FROM `cmf_product` [ RunTime:0.001572s ]
[2026-05-25T10:44:50+08:00][sql] SELECT COUNT(*) AS think_count FROM `cmf_product` WHERE  `category_id` = 28 LIMIT 1 [ RunTime:0.000345s ]
[2026-05-25T10:44:50+08:00][sql] SELECT COUNT(*) AS think_count FROM `cmf_product` WHERE  `category_id` = 19 LIMIT 1 [ RunTime:0.000323s ]
[2026-05-25T10:44:50+08:00][sql] SELECT COUNT(*) AS think_count FROM `cmf_product` WHERE  `category_id` = 22 LIMIT 1 [ RunTime:0.000270s ]
[2026-05-25T10:44:50+08:00][sql] SELECT COUNT(*) AS think_count FROM `cmf_product` WHERE  `category_id` = 23 LIMIT 1 [ RunTime:0.000258s ]
[2026-05-25T10:44:50+08:00][sql] SELECT COUNT(*) AS think_count FROM `cmf_product` WHERE  `category_id` = 25 LIMIT 1 [ RunTime:0.000245s ]
[2026-05-25T10:44:50+08:00][sql] SELECT COUNT(*) AS think_count FROM `cmf_product` WHERE  `category_id` = 27 LIMIT 1 [ RunTime:0.000293s ]
[2026-05-25T10:44:50+08:00][sql] SELECT * FROM `cmf_product` WHERE  `category_id` = 27  AND `thumbnail` <> '' ORDER BY `list_order` ASC,`id` DESC LIMIT 1 [ RunTime:0.000473s ]
[2026-05-25T10:44:50+08:00][sql] SELECT COUNT(*) AS think_count FROM `cmf_product` WHERE  `category_id` = 30 LIMIT 1 [ RunTime:0.000290s ]
[2026-05-25T10:44:50+08:00][sql] SELECT COUNT(*) AS think_count FROM `cmf_product` LIMIT 1 [ RunTime:0.000209s ]
[2026-05-25T10:44:50+08:00][sql] SELECT `id`,`category_id`,`title`,`thumbnail`,`industry`,`overview` FROM `cmf_product` ORDER BY `list_order` ASC,`create_time` DESC LIMIT 0,12 [ RunTime:0.000846s ]
[2026-05-25T10:44:50+08:00][sql] SHOW FULL COLUMNS FROM `cmf_slide_item` [ RunTime:0.001811s ]
[2026-05-25T10:44:50+08:00][sql] SELECT `title`,`description`,`image` FROM `cmf_slide_item` WHERE  `slide_id` = 2  AND `status` = 1 ORDER BY `list_order` ASC,`id` DESC LIMIT 1 [ RunTime:0.000513s ]
[2026-05-25T10:44:50+08:00][sql] SELECT `option_value` FROM `cmf_option` WHERE  `option_name` = 'storage' LIMIT 1 [ RunTime:0.000318s ]
[2026-05-25T10:44:50+08:00][sql] SHOW FULL COLUMNS FROM `cmf_portal_post` [ RunTime:0.001582s ]
[2026-05-25T10:44:50+08:00][sql] SELECT `id`,`post_title`,`post_excerpt`,`more` FROM `cmf_portal_post` WHERE (  `post_type` = 3 ) AND `cmf_portal_post`.`delete_time` = '0' ORDER BY `create_time` DESC [ RunTime:0.000455s ]
[2026-05-25T10:44:50+08:00][sql] SHOW FULL COLUMNS FROM `cmf_theme_file` [ RunTime:0.001231s ]
[2026-05-25T10:44:50+08:00][sql] SELECT `more`,`file`,`id` FROM `cmf_theme_file` WHERE  `theme` = 'simpleboot3'  AND (  `is_public` = 1 OR `file` = 'portal/product' ) ORDER BY `is_public` DESC [ RunTime:0.000396s ]
[2026-05-25T10:44:55+08:00][sql] CONNECT:[ UseTime:0.000899s ] mysql:host=127.0.0.1;port=3306;dbname=weihua;charset=utf8mb4
[2026-05-25T10:44:55+08:00][sql] SHOW FULL COLUMNS FROM `cmf_option` [ RunTime:0.001929s ]
[2026-05-25T10:44:55+08:00][sql] SELECT `option_value` FROM `cmf_option` WHERE  `option_name` = 'cdn_settings' LIMIT 1 [ RunTime:0.000387s ]
[2026-05-25T10:44:55+08:00][sql] SELECT `option_value` FROM `cmf_option` WHERE  `option_name` = 'cdn_settings' LIMIT 1 [ RunTime:0.000432s ]
[2026-05-25T10:44:55+08:00][sql] SHOW FULL COLUMNS FROM `cmf_product_category` [ RunTime:0.001446s ]
[2026-05-25T10:44:55+08:00][sql] SELECT * FROM `cmf_product_category` WHERE  `parent_id` = 0 ORDER BY `list_order` ASC,`create_time` DESC [ RunTime:0.000372s ]
[2026-05-25T10:44:55+08:00][sql] SELECT * FROM `cmf_product_category` WHERE  `parent_id` IN (28,19,22,23,25,27,30) [ RunTime:0.000427s ]
[2026-05-25T10:44:55+08:00][sql] SHOW FULL COLUMNS FROM `cmf_portal_category` [ RunTime:0.001396s ]
[2026-05-25T10:44:55+08:00][sql] SELECT * FROM `cmf_portal_category` WHERE (  `type` = 8 ) AND `cmf_portal_category`.`delete_time` = '0' ORDER BY `list_order` ASC [ RunTime:0.000395s ]
[2026-05-25T10:44:55+08:00][sql] SHOW FULL COLUMNS FROM `cmf_product` [ RunTime:0.002121s ]
[2026-05-25T10:44:55+08:00][sql] SELECT COUNT(*) AS think_count FROM `cmf_product` WHERE  `category_id` = 28 LIMIT 1 [ RunTime:0.000455s ]
[2026-05-25T10:44:55+08:00][sql] SELECT COUNT(*) AS think_count FROM `cmf_product` WHERE  `category_id` = 19 LIMIT 1 [ RunTime:0.000295s ]
[2026-05-25T10:44:55+08:00][sql] SELECT COUNT(*) AS think_count FROM `cmf_product` WHERE  `category_id` = 22 LIMIT 1 [ RunTime:0.000282s ]
[2026-05-25T10:44:55+08:00][sql] SELECT COUNT(*) AS think_count FROM `cmf_product` WHERE  `category_id` = 23 LIMIT 1 [ RunTime:0.000283s ]
[2026-05-25T10:44:55+08:00][sql] SELECT COUNT(*) AS think_count FROM `cmf_product` WHERE  `category_id` = 25 LIMIT 1 [ RunTime:0.000289s ]
[2026-05-25T10:44:55+08:00][sql] SELECT COUNT(*) AS think_count FROM `cmf_product` WHERE  `category_id` = 27 LIMIT 1 [ RunTime:0.000288s ]
[2026-05-25T10:44:55+08:00][sql] SELECT * FROM `cmf_product` WHERE  `category_id` = 27  AND `thumbnail` <> '' ORDER BY `list_order` ASC,`id` DESC LIMIT 1 [ RunTime:0.000479s ]
[2026-05-25T10:44:55+08:00][sql] SELECT COUNT(*) AS think_count FROM `cmf_product` WHERE  `category_id` = 30 LIMIT 1 [ RunTime:0.000293s ]
[2026-05-25T10:44:55+08:00][sql] SELECT COUNT(*) AS think_count FROM `cmf_product` LIMIT 1 [ RunTime:0.000269s ]
[2026-05-25T10:44:55+08:00][sql] SELECT `id`,`category_id`,`title`,`thumbnail`,`industry`,`overview` FROM `cmf_product` ORDER BY `list_order` ASC,`create_time` DESC LIMIT 0,12 [ RunTime:0.001121s ]
[2026-05-25T10:44:55+08:00][sql] SHOW FULL COLUMNS FROM `cmf_slide_item` [ RunTime:0.001311s ]
[2026-05-25T10:44:55+08:00][sql] SELECT `title`,`description`,`image` FROM `cmf_slide_item` WHERE  `slide_id` = 2  AND `status` = 1 ORDER BY `list_order` ASC,`id` DESC LIMIT 1 [ RunTime:0.000417s ]
[2026-05-25T10:44:55+08:00][sql] SELECT `option_value` FROM `cmf_option` WHERE  `option_name` = 'storage' LIMIT 1 [ RunTime:0.000299s ]
[2026-05-25T10:44:55+08:00][sql] SHOW FULL COLUMNS FROM `cmf_portal_post` [ RunTime:0.001336s ]
[2026-05-25T10:44:55+08:00][sql] SELECT `id`,`post_title`,`post_excerpt`,`more` FROM `cmf_portal_post` WHERE (  `post_type` = 3 ) AND `cmf_portal_post`.`delete_time` = '0' ORDER BY `create_time` DESC [ RunTime:0.000469s ]
[2026-05-25T10:44:55+08:00][sql] SHOW FULL COLUMNS FROM `cmf_theme_file` [ RunTime:0.001457s ]
[2026-05-25T10:44:55+08:00][sql] SELECT `more`,`file`,`id` FROM `cmf_theme_file` WHERE  `theme` = 'simpleboot3'  AND (  `is_public` = 1 OR `file` = 'portal/product' ) ORDER BY `is_public` DESC [ RunTime:0.000472s ]
[2026-05-25T10:44:56+08:00][sql] CONNECT:[ UseTime:0.001088s ] mysql:host=127.0.0.1;port=3306;dbname=weihua;charset=utf8mb4
[2026-05-25T10:44:56+08:00][sql] SHOW FULL COLUMNS FROM `cmf_option` [ RunTime:0.001927s ]
[2026-05-25T10:44:56+08:00][sql] SELECT `option_value` FROM `cmf_option` WHERE  `option_name` = 'cdn_settings' LIMIT 1 [ RunTime:0.001044s ]
[2026-05-25T10:44:56+08:00][sql] SELECT `option_value` FROM `cmf_option` WHERE  `option_name` = 'cdn_settings' LIMIT 1 [ RunTime:0.000352s ]
[2026-05-25T10:44:56+08:00][sql] SHOW FULL COLUMNS FROM `cmf_product_category` [ RunTime:0.001010s ]
[2026-05-25T10:44:56+08:00][sql] SELECT * FROM `cmf_product_category` WHERE  `parent_id` = 0 ORDER BY `list_order` ASC,`create_time` DESC [ RunTime:0.000500s ]
[2026-05-25T10:44:56+08:00][sql] SELECT * FROM `cmf_product_category` WHERE  `parent_id` IN (28,19,22,23,25,27,30) [ RunTime:0.000559s ]
[2026-05-25T10:44:56+08:00][sql] SHOW FULL COLUMNS FROM `cmf_portal_category` [ RunTime:0.001145s ]
[2026-05-25T10:44:56+08:00][sql] SELECT * FROM `cmf_portal_category` WHERE (  `type` = 8 ) AND `cmf_portal_category`.`delete_time` = '0' ORDER BY `list_order` ASC [ RunTime:0.000339s ]
[2026-05-25T10:44:56+08:00][sql] SHOW FULL COLUMNS FROM `cmf_product` [ RunTime:0.001273s ]
[2026-05-25T10:44:56+08:00][sql] SELECT COUNT(*) AS think_count FROM `cmf_product` WHERE  `category_id` = 28 LIMIT 1 [ RunTime:0.000344s ]
[2026-05-25T10:44:56+08:00][sql] SELECT COUNT(*) AS think_count FROM `cmf_product` WHERE  `category_id` = 19 LIMIT 1 [ RunTime:0.000346s ]
[2026-05-25T10:44:56+08:00][sql] SELECT COUNT(*) AS think_count FROM `cmf_product` WHERE  `category_id` = 22 LIMIT 1 [ RunTime:0.000268s ]
[2026-05-25T10:44:56+08:00][sql] SELECT COUNT(*) AS think_count FROM `cmf_product` WHERE  `category_id` = 23 LIMIT 1 [ RunTime:0.000234s ]
[2026-05-25T10:44:56+08:00][sql] SELECT COUNT(*) AS think_count FROM `cmf_product` WHERE  `category_id` = 25 LIMIT 1 [ RunTime:0.000226s ]
[2026-05-25T10:44:56+08:00][sql] SELECT COUNT(*) AS think_count FROM `cmf_product` WHERE  `category_id` = 27 LIMIT 1 [ RunTime:0.000230s ]
[2026-05-25T10:44:56+08:00][sql] SELECT * FROM `cmf_product` WHERE  `category_id` = 27  AND `thumbnail` <> '' ORDER BY `list_order` ASC,`id` DESC LIMIT 1 [ RunTime:0.000430s ]
[2026-05-25T10:44:56+08:00][sql] SELECT COUNT(*) AS think_count FROM `cmf_product` WHERE  `category_id` = 30 LIMIT 1 [ RunTime:0.000248s ]
[2026-05-25T10:44:56+08:00][sql] SELECT COUNT(*) AS think_count FROM `cmf_product` LIMIT 1 [ RunTime:0.000194s ]
[2026-05-25T10:44:56+08:00][sql] SELECT `id`,`category_id`,`title`,`thumbnail`,`industry`,`overview` FROM `cmf_product` ORDER BY `list_order` ASC,`create_time` DESC LIMIT 0,12 [ RunTime:0.000653s ]
[2026-05-25T10:44:56+08:00][sql] SHOW FULL COLUMNS FROM `cmf_slide_item` [ RunTime:0.001001s ]
[2026-05-25T10:44:56+08:00][sql] SELECT `title`,`description`,`image` FROM `cmf_slide_item` WHERE  `slide_id` = 2  AND `status` = 1 ORDER BY `list_order` ASC,`id` DESC LIMIT 1 [ RunTime:0.000340s ]
[2026-05-25T10:44:56+08:00][sql] SELECT `option_value` FROM `cmf_option` WHERE  `option_name` = 'storage' LIMIT 1 [ RunTime:0.000258s ]
[2026-05-25T10:44:56+08:00][sql] SHOW FULL COLUMNS FROM `cmf_portal_post` [ RunTime:0.001921s ]
[2026-05-25T10:44:56+08:00][sql] SELECT `id`,`post_title`,`post_excerpt`,`more` FROM `cmf_portal_post` WHERE (  `post_type` = 3 ) AND `cmf_portal_post`.`delete_time` = '0' ORDER BY `create_time` DESC [ RunTime:0.000418s ]
[2026-05-25T10:44:56+08:00][sql] SHOW FULL COLUMNS FROM `cmf_theme_file` [ RunTime:0.001048s ]
[2026-05-25T10:44:56+08:00][sql] SELECT `more`,`file`,`id` FROM `cmf_theme_file` WHERE  `theme` = 'simpleboot3'  AND (  `is_public` = 1 OR `file` = 'portal/product' ) ORDER BY `is_public` DESC [ RunTime:0.000475s ]
[2026-05-25T10:44:57+08:00][sql] CONNECT:[ UseTime:0.002113s ] mysql:host=127.0.0.1;port=3306;dbname=weihua;charset=utf8mb4
[2026-05-25T10:44:57+08:00][sql] SHOW FULL COLUMNS FROM `cmf_option` [ RunTime:0.001526s ]
[2026-05-25T10:44:57+08:00][sql] SELECT `option_value` FROM `cmf_option` WHERE  `option_name` = 'cdn_settings' LIMIT 1 [ RunTime:0.000390s ]
[2026-05-25T10:44:57+08:00][sql] SELECT `option_value` FROM `cmf_option` WHERE  `option_name` = 'cdn_settings' LIMIT 1 [ RunTime:0.000503s ]
[2026-05-25T10:44:57+08:00][sql] SHOW FULL COLUMNS FROM `cmf_product_category` [ RunTime:0.002009s ]
[2026-05-25T10:44:57+08:00][sql] SELECT * FROM `cmf_product_category` WHERE  `parent_id` = 0 ORDER BY `list_order` ASC,`create_time` DESC [ RunTime:0.000770s ]
[2026-05-25T10:44:57+08:00][sql] SELECT * FROM `cmf_product_category` WHERE  `parent_id` IN (28,19,22,23,25,27,30) [ RunTime:0.001018s ]
[2026-05-25T10:44:57+08:00][sql] SHOW FULL COLUMNS FROM `cmf_portal_category` [ RunTime:0.002451s ]
[2026-05-25T10:44:57+08:00][sql] SELECT * FROM `cmf_portal_category` WHERE (  `type` = 8 ) AND `cmf_portal_category`.`delete_time` = '0' ORDER BY `list_order` ASC [ RunTime:0.000479s ]
[2026-05-25T10:44:57+08:00][sql] SELECT * FROM `cmf_product_category` WHERE  `id` = 28 LIMIT 1 [ RunTime:0.000614s ]
[2026-05-25T10:44:57+08:00][sql] SHOW FULL COLUMNS FROM `cmf_product` [ RunTime:0.001490s ]
[2026-05-25T10:44:57+08:00][sql] SELECT COUNT(*) AS think_count FROM `cmf_product` WHERE  `category_id` = 28 LIMIT 1 [ RunTime:0.000357s ]
[2026-05-25T10:44:57+08:00][sql] SELECT COUNT(*) AS think_count FROM `cmf_product` WHERE  `category_id` = 19 LIMIT 1 [ RunTime:0.000305s ]
[2026-05-25T10:44:57+08:00][sql] SELECT COUNT(*) AS think_count FROM `cmf_product` WHERE  `category_id` = 22 LIMIT 1 [ RunTime:0.000326s ]
[2026-05-25T10:44:57+08:00][sql] SELECT COUNT(*) AS think_count FROM `cmf_product` WHERE  `category_id` = 23 LIMIT 1 [ RunTime:0.000314s ]
[2026-05-25T10:44:57+08:00][sql] SELECT COUNT(*) AS think_count FROM `cmf_product` WHERE  `category_id` = 25 LIMIT 1 [ RunTime:0.000294s ]
[2026-05-25T10:44:57+08:00][sql] SELECT COUNT(*) AS think_count FROM `cmf_product` WHERE  `category_id` = 27 LIMIT 1 [ RunTime:0.000306s ]
[2026-05-25T10:44:57+08:00][sql] SELECT * FROM `cmf_product` WHERE  `category_id` = 27  AND `thumbnail` <> '' ORDER BY `list_order` ASC,`id` DESC LIMIT 1 [ RunTime:0.000446s ]
[2026-05-25T10:44:57+08:00][sql] SELECT COUNT(*) AS think_count FROM `cmf_product` WHERE  `category_id` = 30 LIMIT 1 [ RunTime:0.000258s ]
[2026-05-25T10:44:57+08:00][sql] SELECT COUNT(*) AS think_count FROM `cmf_product` WHERE  `category_id` = 28 LIMIT 1 [ RunTime:0.000278s ]
[2026-05-25T10:44:57+08:00][sql] SELECT `id`,`category_id`,`title`,`thumbnail`,`industry`,`overview` FROM `cmf_product` WHERE  `category_id` = 28 ORDER BY `list_order` ASC,`create_time` DESC LIMIT 0,12 [ RunTime:0.000832s ]
[2026-05-25T10:44:57+08:00][sql] SHOW FULL COLUMNS FROM `cmf_slide_item` [ RunTime:0.001627s ]
[2026-05-25T10:44:57+08:00][sql] SELECT `title`,`description`,`image` FROM `cmf_slide_item` WHERE  `slide_id` = 2  AND `status` = 1 ORDER BY `list_order` ASC,`id` DESC LIMIT 1 [ RunTime:0.000489s ]
[2026-05-25T10:44:57+08:00][sql] SELECT `option_value` FROM `cmf_option` WHERE  `option_name` = 'storage' LIMIT 1 [ RunTime:0.000310s ]
[2026-05-25T10:44:57+08:00][sql] SHOW FULL COLUMNS FROM `cmf_portal_post` [ RunTime:0.001389s ]
[2026-05-25T10:44:57+08:00][sql] SELECT `id`,`post_title`,`post_excerpt`,`more` FROM `cmf_portal_post` WHERE (  `post_type` = 3 ) AND `cmf_portal_post`.`delete_time` = '0' ORDER BY `create_time` DESC [ RunTime:0.000600s ]
[2026-05-25T10:44:57+08:00][sql] SHOW FULL COLUMNS FROM `cmf_theme_file` [ RunTime:0.001319s ]
[2026-05-25T10:44:57+08:00][sql] SELECT `more`,`file`,`id` FROM `cmf_theme_file` WHERE  `theme` = 'simpleboot3'  AND (  `is_public` = 1 OR `file` = 'portal/product' ) ORDER BY `is_public` DESC [ RunTime:0.000356s ]
[2026-05-25T10:44:58+08:00][sql] CONNECT:[ UseTime:0.023529s ] mysql:host=127.0.0.1;port=3306;dbname=weihua;charset=utf8mb4
[2026-05-25T10:44:58+08:00][sql] SHOW FULL COLUMNS FROM `cmf_option` [ RunTime:0.001518s ]
[2026-05-25T10:44:58+08:00][sql] SELECT `option_value` FROM `cmf_option` WHERE  `option_name` = 'cdn_settings' LIMIT 1 [ RunTime:0.000459s ]
[2026-05-25T10:44:58+08:00][sql] SELECT `option_value` FROM `cmf_option` WHERE  `option_name` = 'cdn_settings' LIMIT 1 [ RunTime:0.000296s ]
[2026-05-25T10:44:58+08:00][sql] SHOW FULL COLUMNS FROM `cmf_product_category` [ RunTime:0.001276s ]
[2026-05-25T10:44:58+08:00][sql] SELECT * FROM `cmf_product_category` WHERE  `parent_id` = 0 ORDER BY `list_order` ASC,`create_time` DESC [ RunTime:0.000405s ]
[2026-05-25T10:44:58+08:00][sql] SELECT * FROM `cmf_product_category` WHERE  `parent_id` IN (28,19,22,23,25,27,30) [ RunTime:0.001192s ]
[2026-05-25T10:44:58+08:00][sql] SHOW FULL COLUMNS FROM `cmf_portal_category` [ RunTime:0.001202s ]
[2026-05-25T10:44:58+08:00][sql] SELECT * FROM `cmf_portal_category` WHERE (  `type` = 8 ) AND `cmf_portal_category`.`delete_time` = '0' ORDER BY `list_order` ASC [ RunTime:0.000366s ]
[2026-05-25T10:44:58+08:00][sql] SHOW FULL COLUMNS FROM `cmf_product` [ RunTime:0.001011s ]
[2026-05-25T10:44:58+08:00][sql] SELECT * FROM `cmf_product` WHERE  `id` = 183 LIMIT 1 [ RunTime:0.000357s ]
[2026-05-25T10:44:58+08:00][sql] SELECT * FROM `cmf_product_category` WHERE  `id` = 28 LIMIT 1 [ RunTime:0.000327s ]
[2026-05-25T10:44:58+08:00][sql] SELECT `id`,`title`,`industry`,`thumbnail` FROM `cmf_product` WHERE  `id` <> 183  AND `is_recommended` = 1  AND `category_id` = 28 ORDER BY RAND() LIMIT 4 [ RunTime:0.000573s ]
[2026-05-25T10:44:58+08:00][sql] SHOW FULL COLUMNS FROM `cmf_slide_item` [ RunTime:0.000909s ]
[2026-05-25T10:44:58+08:00][sql] SELECT `title`,`description`,`image` FROM `cmf_slide_item` WHERE  `slide_id` = 2  AND `status` = 1 ORDER BY `list_order` ASC,`id` DESC LIMIT 1 [ RunTime:0.000347s ]
[2026-05-25T10:44:58+08:00][sql] SHOW FULL COLUMNS FROM `cmf_theme_file` [ RunTime:0.001621s ]
[2026-05-25T10:44:58+08:00][sql] SELECT `more`,`file`,`id` FROM `cmf_theme_file` WHERE  `theme` = 'simpleboot3'  AND (  `is_public` = 1 OR `file` = 'portal/product-info' ) ORDER BY `is_public` DESC [ RunTime:0.000749s ]
[2026-05-25T10:44:58+08:00][sql] SELECT `option_value` FROM `cmf_option` WHERE  `option_name` = 'storage' LIMIT 1 [ RunTime:0.000507s ]
[2026-05-25T10:46:47+08:00][sql] CONNECT:[ UseTime:0.001400s ] mysql:host=127.0.0.1;port=3306;dbname=weihua;charset=utf8mb4
[2026-05-25T10:46:47+08:00][sql] SHOW FULL COLUMNS FROM `cmf_hook` [ RunTime:0.001991s ]
[2026-05-25T10:46:47+08:00][sql] SELECT `hook`,`id` FROM `cmf_hook` WHERE  (  (  `app` = '' OR `app` = 'cmf' )  AND `type` = 3 ) OR `type` = 1 [ RunTime:0.000831s ]
[2026-05-25T10:46:47+08:00][sql] SHOW FULL COLUMNS FROM `cmf_hook_plugin` [ RunTime:0.001389s ]
[2026-05-25T10:46:47+08:00][sql] SELECT `hook`,`plugin` FROM `cmf_hook_plugin` WHERE  `status` = 1  AND `hook` IN ('app_begin','module_init','action_begin','view_filter','app_end','log_write','response_end','admin_init','home_init','send_mobile_verification_code','body_start','before_head_end','footer_start','before_footer','before_footer_end','before_body_end','left_sidebar_start','before_left_sidebar_end','right_sidebar_start','before_right_sidebar_end','comment','guestbook','switch_theme','after_content','before_content','log_write_done','switch_admin_theme','captcha_image','user_login_start') ORDER BY `list_order` ASC [ RunTime:0.000866s ]
[2026-05-25T10:46:47+08:00][sql] SELECT `hook` FROM `cmf_hook` WHERE  `app` = 'portal' [ RunTime:0.000457s ]
[2026-05-25T10:46:47+08:00][sql] SELECT `hook`,`plugin` FROM `cmf_hook_plugin` WHERE  `status` = 1  AND `hook` IN ('portal_before_assign_article','portal_admin_after_save_article','portal_admin_article_index_view','portal_admin_article_add_view','portal_admin_article_edit_view','portal_admin_category_index_view','portal_admin_category_add_view','portal_admin_category_edit_view','portal_admin_page_index_view','portal_admin_page_add_view','portal_admin_page_edit_view','portal_admin_tag_index_view','portal_admin_article_edit_view_right_sidebar','portal_admin_article_edit_view_main') ORDER BY `list_order` ASC [ RunTime:0.000309s ]
[2026-05-25T10:46:47+08:00][sql] SHOW FULL COLUMNS FROM `cmf_plugin` [ RunTime:0.001062s ]
[2026-05-25T10:46:47+08:00][sql] SELECT `config` FROM `cmf_plugin` WHERE  `name` = 'SwitchTheme' LIMIT 1 [ RunTime:0.000707s ]
[2026-05-25T10:46:47+08:00][sql] SHOW FULL COLUMNS FROM `cmf_option` [ RunTime:0.001512s ]
[2026-05-25T10:46:47+08:00][sql] SELECT `option_value` FROM `cmf_option` WHERE  `option_name` = 'cdn_settings' LIMIT 1 [ RunTime:0.000276s ]
[2026-05-25T10:46:47+08:00][sql] SELECT `option_value` FROM `cmf_option` WHERE  `option_name` = 'cdn_settings' LIMIT 1 [ RunTime:0.000358s ]
[2026-05-25T10:46:47+08:00][sql] SHOW FULL COLUMNS FROM `cmf_product_category` [ RunTime:0.001098s ]
[2026-05-25T10:46:47+08:00][sql] SELECT * FROM `cmf_product_category` WHERE  `parent_id` = 0 ORDER BY `list_order` ASC,`create_time` DESC [ RunTime:0.000370s ]
[2026-05-25T10:46:47+08:00][sql] SELECT * FROM `cmf_product_category` WHERE  `parent_id` IN (28,19,22,23,25,27,30) [ RunTime:0.000292s ]
[2026-05-25T10:46:47+08:00][sql] SHOW FULL COLUMNS FROM `cmf_portal_category` [ RunTime:0.000899s ]
[2026-05-25T10:46:47+08:00][sql] SELECT * FROM `cmf_portal_category` WHERE (  `type` = 8 ) AND `cmf_portal_category`.`delete_time` = '0' ORDER BY `list_order` ASC [ RunTime:0.005923s ]
[2026-05-25T10:46:47+08:00][sql] SELECT `option_value` FROM `cmf_option` WHERE  `option_name` = 'site_info' LIMIT 1 [ RunTime:0.000359s ]
[2026-05-25T10:46:47+08:00][sql] SHOW FULL COLUMNS FROM `cmf_product` [ RunTime:0.001260s ]
[2026-05-25T10:46:47+08:00][sql] SELECT * FROM `cmf_product` WHERE  `id` = 183 LIMIT 1 [ RunTime:0.000366s ]
[2026-05-25T10:46:47+08:00][sql] SELECT * FROM `cmf_product_category` WHERE  `id` = 28 LIMIT 1 [ RunTime:0.000256s ]
[2026-05-25T10:46:47+08:00][sql] SELECT `option_value` FROM `cmf_option` WHERE  `option_name` = 'product_setting' LIMIT 1 [ RunTime:0.000247s ]
[2026-05-25T10:46:47+08:00][sql] SELECT `id`,`title`,`industry`,`thumbnail` FROM `cmf_product` WHERE  `id` <> 183  AND `is_recommended` = 1  AND `category_id` = 28 ORDER BY RAND() LIMIT 4 [ RunTime:0.000673s ]
[2026-05-25T10:46:47+08:00][sql] SHOW FULL COLUMNS FROM `cmf_slide_item` [ RunTime:0.000896s ]
[2026-05-25T10:46:47+08:00][sql] SELECT `title`,`description`,`image` FROM `cmf_slide_item` WHERE  `slide_id` = 2  AND `status` = 1 ORDER BY `list_order` ASC,`id` DESC LIMIT 1 [ RunTime:0.000949s ]
[2026-05-25T10:46:47+08:00][sql] SHOW FULL COLUMNS FROM `cmf_theme_file` [ RunTime:0.000855s ]
[2026-05-25T10:46:47+08:00][sql] SELECT `more`,`file`,`id` FROM `cmf_theme_file` WHERE  `theme` = 'simpleboot3'  AND (  `is_public` = 1 OR `file` = 'portal/product-info' ) ORDER BY `is_public` DESC [ RunTime:0.000475s ]
[2026-05-25T10:46:47+08:00][sql] SHOW FULL COLUMNS FROM `cmf_route` [ RunTime:0.001430s ]
[2026-05-25T10:46:47+08:00][sql] SELECT * FROM `cmf_route` WHERE  `status` = 1 ORDER BY `list_order` ASC [ RunTime:0.000624s ]
[2026-05-25T10:46:47+08:00][sql] SELECT `option_value` FROM `cmf_option` WHERE  `option_name` = 'storage' LIMIT 1 [ RunTime:0.000469s ]
[2026-05-25T10:46:54+08:00][sql] CONNECT:[ UseTime:0.001674s ] mysql:host=127.0.0.1;port=3306;dbname=weihua;charset=utf8mb4
[2026-05-25T10:46:54+08:00][sql] SHOW FULL COLUMNS FROM `cmf_option` [ RunTime:0.001540s ]
[2026-05-25T10:46:54+08:00][sql] SELECT `option_value` FROM `cmf_option` WHERE  `option_name` = 'cdn_settings' LIMIT 1 [ RunTime:0.000380s ]
[2026-05-25T10:46:54+08:00][sql] SELECT `option_value` FROM `cmf_option` WHERE  `option_name` = 'cdn_settings' LIMIT 1 [ RunTime:0.000413s ]
[2026-05-25T10:46:54+08:00][sql] SHOW FULL COLUMNS FROM `cmf_product_category` [ RunTime:0.001264s ]
[2026-05-25T10:46:54+08:00][sql] SELECT * FROM `cmf_product_category` WHERE  `parent_id` = 0 ORDER BY `list_order` ASC,`create_time` DESC [ RunTime:0.000378s ]
[2026-05-25T10:46:54+08:00][sql] SELECT * FROM `cmf_product_category` WHERE  `parent_id` IN (28,19,22,23,25,27,30) [ RunTime:0.000441s ]
[2026-05-25T10:46:54+08:00][sql] SHOW FULL COLUMNS FROM `cmf_portal_category` [ RunTime:0.001714s ]
[2026-05-25T10:46:54+08:00][sql] SELECT * FROM `cmf_portal_category` WHERE (  `type` = 8 ) AND `cmf_portal_category`.`delete_time` = '0' ORDER BY `list_order` ASC [ RunTime:0.000833s ]
[2026-05-25T10:46:54+08:00][sql] SHOW FULL COLUMNS FROM `cmf_product` [ RunTime:0.001796s ]
[2026-05-25T10:46:54+08:00][sql] SELECT * FROM `cmf_product` WHERE  `id` = 181 LIMIT 1 [ RunTime:0.000528s ]
[2026-05-25T10:46:54+08:00][sql] SELECT * FROM `cmf_product_category` WHERE  `id` = 28 LIMIT 1 [ RunTime:0.000350s ]
[2026-05-25T10:46:54+08:00][sql] SELECT `id`,`title`,`industry`,`thumbnail` FROM `cmf_product` WHERE  `id` <> 181  AND `is_recommended` = 1  AND `category_id` = 28 ORDER BY RAND() LIMIT 4 [ RunTime:0.000530s ]
[2026-05-25T10:46:54+08:00][sql] SHOW FULL COLUMNS FROM `cmf_slide_item` [ RunTime:0.001117s ]
[2026-05-25T10:46:54+08:00][sql] SELECT `title`,`description`,`image` FROM `cmf_slide_item` WHERE  `slide_id` = 2  AND `status` = 1 ORDER BY `list_order` ASC,`id` DESC LIMIT 1 [ RunTime:0.000409s ]
[2026-05-25T10:46:54+08:00][sql] SHOW FULL COLUMNS FROM `cmf_theme_file` [ RunTime:0.001100s ]
[2026-05-25T10:46:54+08:00][sql] SELECT `more`,`file`,`id` FROM `cmf_theme_file` WHERE  `theme` = 'simpleboot3'  AND (  `is_public` = 1 OR `file` = 'portal/product-info' ) ORDER BY `is_public` DESC [ RunTime:0.000353s ]
[2026-05-25T10:46:54+08:00][sql] SELECT `option_value` FROM `cmf_option` WHERE  `option_name` = 'storage' LIMIT 1 [ RunTime:0.000940s ]
[2026-05-25T14:47:24+08:00][sql] CONNECT:[ UseTime:0.001073s ] mysql:host=127.0.0.1;port=3306;dbname=weihua;charset=utf8mb4
[2026-05-25T14:47:24+08:00][sql] SHOW FULL COLUMNS FROM `cmf_plugin` [ RunTime:0.002079s ]
[2026-05-25T14:47:24+08:00][sql] SELECT `config` FROM `cmf_plugin` WHERE  `name` = 'SwitchTheme' LIMIT 1 [ RunTime:0.001585s ]
[2026-05-25T14:47:24+08:00][sql] SHOW FULL COLUMNS FROM `cmf_option` [ RunTime:0.003004s ]
[2026-05-25T14:47:24+08:00][sql] SELECT `option_value` FROM `cmf_option` WHERE  `option_name` = 'cdn_settings' LIMIT 1 [ RunTime:0.000927s ]
[2026-05-25T14:47:24+08:00][sql] SELECT `option_value` FROM `cmf_option` WHERE  `option_name` = 'cdn_settings' LIMIT 1 [ RunTime:0.000464s ]
[2026-05-25T14:47:24+08:00][sql] SHOW FULL COLUMNS FROM `cmf_product_category` [ RunTime:0.001497s ]
[2026-05-25T14:47:24+08:00][sql] SELECT * FROM `cmf_product_category` WHERE  `parent_id` = 0 ORDER BY `list_order` ASC,`create_time` DESC [ RunTime:0.000949s ]
[2026-05-25T14:47:24+08:00][sql] SELECT * FROM `cmf_product_category` WHERE  `parent_id` IN (28,19,22,23,25,27,30) [ RunTime:0.001151s ]
[2026-05-25T14:47:24+08:00][sql] SHOW FULL COLUMNS FROM `cmf_portal_category` [ RunTime:0.001977s ]
[2026-05-25T14:47:24+08:00][sql] SELECT * FROM `cmf_portal_category` WHERE (  `type` = 8 ) AND `cmf_portal_category`.`delete_time` = '0' ORDER BY `list_order` ASC [ RunTime:0.000735s ]
[2026-05-25T14:47:24+08:00][sql] SHOW FULL COLUMNS FROM `cmf_slide_item` [ RunTime:0.002044s ]
[2026-05-25T14:47:24+08:00][sql] SELECT `title`,`description`,`image`,`url`,`target`,`content` FROM `cmf_slide_item` WHERE  `slide_id` = 1 ORDER BY `list_order` ASC [ RunTime:0.000841s ]
[2026-05-25T14:47:24+08:00][sql] SHOW FULL COLUMNS FROM `cmf_slide` [ RunTime:0.001346s ]
[2026-05-25T14:47:24+08:00][sql] SELECT * FROM `cmf_slide` WHERE  `name` LIKE '%choose%' OR `name` LIKE '%选择%' LIMIT 1 [ RunTime:0.000716s ]
[2026-05-25T14:47:24+08:00][sql] SELECT `title`,`description`,`image`,`url`,`target`,`content` FROM `cmf_slide_item` WHERE  `slide_id` = 14  AND `status` = 1 ORDER BY `list_order` ASC [ RunTime:0.000512s ]
[2026-05-25T14:47:24+08:00][sql] SELECT * FROM `cmf_product_category` WHERE  `parent_id` = 0  AND `recommend` = 1 ORDER BY `list_order` ASC,`create_time` DESC [ RunTime:0.000515s ]
[2026-05-25T14:47:24+08:00][sql] SHOW FULL COLUMNS FROM `cmf_product` [ RunTime:0.001610s ]
[2026-05-25T14:47:24+08:00][sql] SELECT `id`,`title`,`thumbnail`,`industry` FROM `cmf_product` WHERE  `is_recommended` = 1  AND `category_id` = 28 ORDER BY `list_order` ASC LIMIT 6 [ RunTime:0.001087s ]
[2026-05-25T14:47:24+08:00][sql] SELECT `id`,`title`,`thumbnail`,`industry` FROM `cmf_product` WHERE  `is_recommended` = 1  AND `category_id` = 19 ORDER BY `list_order` ASC LIMIT 6 [ RunTime:0.000585s ]
[2026-05-25T14:47:24+08:00][sql] SELECT `id`,`title`,`thumbnail`,`industry` FROM `cmf_product` WHERE  `is_recommended` = 1  AND `category_id` = 23 ORDER BY `list_order` ASC LIMIT 6 [ RunTime:0.000614s ]
[2026-05-25T14:47:24+08:00][sql] SELECT `option_value` FROM `cmf_option` WHERE  `option_name` = 'index_setting' LIMIT 1 [ RunTime:0.000533s ]
[2026-05-25T14:47:24+08:00][sql] SELECT `option_value` FROM `cmf_option` WHERE  `option_name` = 'about_site' LIMIT 1 [ RunTime:0.000802s ]
[2026-05-25T14:47:24+08:00][sql] SHOW FULL COLUMNS FROM `cmf_portal_post` [ RunTime:0.001712s ]
[2026-05-25T14:47:24+08:00][sql] SELECT `p`.`id`,`p`.`post_title`,`p`.`post_excerpt`,`p`.`thumbnail`,`p`.`create_time`,`c`.`category_id` FROM `cmf_portal_post` `p` INNER JOIN `cmf_portal_category_post` `c` ON `p`.`id`=`c`.`post_id` WHERE (  `p`.`post_type` = '8' ) AND `p`.`delete_time` = '0' ORDER BY `c`.`list_order` ASC,`p`.`create_time` DESC [ RunTime:0.001268s ]
[2026-05-25T14:47:24+08:00][sql] SELECT `id`,`post_title`,`post_excerpt`,`more` FROM `cmf_portal_post` WHERE (  `post_type` = 3 ) AND `cmf_portal_post`.`delete_time` = '0' ORDER BY `create_time` DESC [ RunTime:0.000539s ]
[2026-05-25T14:47:24+08:00][sql] SHOW FULL COLUMNS FROM `cmf_theme_file` [ RunTime:0.002269s ]
[2026-05-25T14:47:24+08:00][sql] SELECT `more`,`file`,`id` FROM `cmf_theme_file` WHERE  `theme` = 'simpleboot3'  AND (  `is_public` = 1 OR `file` = 'portal/index' ) ORDER BY `is_public` DESC [ RunTime:0.000621s ]
[2026-05-25T14:47:24+08:00][sql] SELECT `option_value` FROM `cmf_option` WHERE  `option_name` = 'storage' LIMIT 1 [ RunTime:0.000534s ]
[2026-05-25T14:47:43+08:00][sql] CONNECT:[ UseTime:0.000832s ] mysql:host=127.0.0.1;port=3306;dbname=weihua;charset=utf8mb4
[2026-05-25T14:47:43+08:00][sql] SHOW FULL COLUMNS FROM `cmf_option` [ RunTime:0.001772s ]
[2026-05-25T14:47:43+08:00][sql] SELECT `option_value` FROM `cmf_option` WHERE  `option_name` = 'cdn_settings' LIMIT 1 [ RunTime:0.000461s ]
[2026-05-25T14:47:43+08:00][sql] SELECT `option_value` FROM `cmf_option` WHERE  `option_name` = 'cdn_settings' LIMIT 1 [ RunTime:0.000567s ]
[2026-05-25T14:47:43+08:00][sql] SHOW FULL COLUMNS FROM `cmf_product_category` [ RunTime:0.001054s ]
[2026-05-25T14:47:43+08:00][sql] SELECT * FROM `cmf_product_category` WHERE  `parent_id` = 0 ORDER BY `list_order` ASC,`create_time` DESC [ RunTime:0.000450s ]
[2026-05-25T14:47:43+08:00][sql] SELECT * FROM `cmf_product_category` WHERE  `parent_id` IN (28,19,22,23,25,27,30) [ RunTime:0.000374s ]
[2026-05-25T14:47:43+08:00][sql] SHOW FULL COLUMNS FROM `cmf_portal_category` [ RunTime:0.000992s ]
[2026-05-25T14:47:43+08:00][sql] SELECT * FROM `cmf_portal_category` WHERE (  `type` = 8 ) AND `cmf_portal_category`.`delete_time` = '0' ORDER BY `list_order` ASC [ RunTime:0.000413s ]
[2026-05-25T14:47:43+08:00][sql] SHOW FULL COLUMNS FROM `cmf_slide_item` [ RunTime:0.000868s ]
[2026-05-25T14:47:43+08:00][sql] SELECT `title`,`description`,`image`,`url`,`target`,`content` FROM `cmf_slide_item` WHERE  `slide_id` = 1 ORDER BY `list_order` ASC [ RunTime:0.000441s ]
[2026-05-25T14:47:43+08:00][sql] SHOW FULL COLUMNS FROM `cmf_slide` [ RunTime:0.000952s ]
[2026-05-25T14:47:43+08:00][sql] SELECT * FROM `cmf_slide` WHERE  `name` LIKE '%choose%' OR `name` LIKE '%选择%' LIMIT 1 [ RunTime:0.000367s ]
[2026-05-25T14:47:43+08:00][sql] SELECT `title`,`description`,`image`,`url`,`target`,`content` FROM `cmf_slide_item` WHERE  `slide_id` = 14  AND `status` = 1 ORDER BY `list_order` ASC [ RunTime:0.000381s ]
[2026-05-25T14:47:43+08:00][sql] SELECT * FROM `cmf_product_category` WHERE  `parent_id` = 0  AND `recommend` = 1 ORDER BY `list_order` ASC,`create_time` DESC [ RunTime:0.000387s ]
[2026-05-25T14:47:43+08:00][sql] SHOW FULL COLUMNS FROM `cmf_product` [ RunTime:0.001811s ]
[2026-05-25T14:47:43+08:00][sql] SELECT `id`,`title`,`thumbnail`,`industry` FROM `cmf_product` WHERE  `is_recommended` = 1  AND `category_id` = 28 ORDER BY `list_order` ASC LIMIT 6 [ RunTime:0.000649s ]
[2026-05-25T14:47:43+08:00][sql] SELECT `id`,`title`,`thumbnail`,`industry` FROM `cmf_product` WHERE  `is_recommended` = 1  AND `category_id` = 19 ORDER BY `list_order` ASC LIMIT 6 [ RunTime:0.000360s ]
[2026-05-25T14:47:43+08:00][sql] SELECT `id`,`title`,`thumbnail`,`industry` FROM `cmf_product` WHERE  `is_recommended` = 1  AND `category_id` = 23 ORDER BY `list_order` ASC LIMIT 6 [ RunTime:0.000327s ]
[2026-05-25T14:47:43+08:00][sql] SHOW FULL COLUMNS FROM `cmf_portal_post` [ RunTime:0.001317s ]
[2026-05-25T14:47:43+08:00][sql] SELECT `p`.`id`,`p`.`post_title`,`p`.`post_excerpt`,`p`.`thumbnail`,`p`.`create_time`,`c`.`category_id` FROM `cmf_portal_post` `p` INNER JOIN `cmf_portal_category_post` `c` ON `p`.`id`=`c`.`post_id` WHERE (  `p`.`post_type` = '8' ) AND `p`.`delete_time` = '0' ORDER BY `c`.`list_order` ASC,`p`.`create_time` DESC [ RunTime:0.000681s ]
[2026-05-25T14:47:43+08:00][sql] SELECT `id`,`post_title`,`post_excerpt`,`more` FROM `cmf_portal_post` WHERE (  `post_type` = 3 ) AND `cmf_portal_post`.`delete_time` = '0' ORDER BY `create_time` DESC [ RunTime:0.000353s ]
[2026-05-25T14:47:43+08:00][sql] SHOW FULL COLUMNS FROM `cmf_theme_file` [ RunTime:0.000857s ]
[2026-05-25T14:47:43+08:00][sql] SELECT `more`,`file`,`id` FROM `cmf_theme_file` WHERE  `theme` = 'simpleboot3'  AND (  `is_public` = 1 OR `file` = 'portal/index' ) ORDER BY `is_public` DESC [ RunTime:0.000376s ]
[2026-05-25T14:47:43+08:00][sql] SELECT `option_value` FROM `cmf_option` WHERE  `option_name` = 'storage' LIMIT 1 [ RunTime:0.000292s ]
[2026-05-25T14:51:26+08:00][sql] CONNECT:[ UseTime:0.003659s ] mysql:host=127.0.0.1;port=3306;dbname=weihua;charset=utf8mb4
[2026-05-25T14:51:26+08:00][sql] SHOW FULL COLUMNS FROM `cmf_option` [ RunTime:0.011102s ]
[2026-05-25T14:51:26+08:00][sql] SELECT `option_value` FROM `cmf_option` WHERE  `option_name` = 'cdn_settings' LIMIT 1 [ RunTime:0.001320s ]
[2026-05-25T14:51:26+08:00][sql] SELECT `option_value` FROM `cmf_option` WHERE  `option_name` = 'cdn_settings' LIMIT 1 [ RunTime:0.000461s ]
[2026-05-25T14:51:26+08:00][sql] SHOW FULL COLUMNS FROM `cmf_product_category` [ RunTime:0.001912s ]
[2026-05-25T14:51:26+08:00][sql] SELECT * FROM `cmf_product_category` WHERE  `parent_id` = 0 ORDER BY `list_order` ASC,`create_time` DESC [ RunTime:0.002032s ]
[2026-05-25T14:51:26+08:00][sql] SELECT * FROM `cmf_product_category` WHERE  `parent_id` IN (28,19,22,23,25,27,30) [ RunTime:0.000329s ]
[2026-05-25T14:51:26+08:00][sql] SHOW FULL COLUMNS FROM `cmf_portal_category` [ RunTime:0.002393s ]
[2026-05-25T14:51:26+08:00][sql] SELECT * FROM `cmf_portal_category` WHERE (  `type` = 8 ) AND `cmf_portal_category`.`delete_time` = '0' ORDER BY `list_order` ASC [ RunTime:0.001018s ]
[2026-05-25T14:51:26+08:00][sql] SHOW FULL COLUMNS FROM `cmf_slide_item` [ RunTime:0.003486s ]
[2026-05-25T14:51:26+08:00][sql] SELECT `title`,`description`,`image` FROM `cmf_slide_item` WHERE  `slide_id` = 12  AND `status` = 1 ORDER BY `list_order` ASC,`id` DESC LIMIT 1 [ RunTime:0.000713s ]
[2026-05-25T14:51:26+08:00][sql] SELECT * FROM `cmf_portal_category` WHERE (  `id` = 0  AND `status` = 1 ) AND `cmf_portal_category`.`delete_time` = '0' LIMIT 1 [ RunTime:0.000304s ]
[2026-05-25T14:51:26+08:00][sql] SHOW FULL COLUMNS FROM `cmf_portal_post` [ RunTime:0.002046s ]
[2026-05-25T14:51:26+08:00][sql] SELECT COUNT(*) AS think_count FROM `cmf_portal_post` `p` LEFT JOIN `cmf_portal_category_post` `c` ON `p`.`id`=`c`.`post_id` WHERE (  `post_type` = 8 ) AND `p`.`delete_time` = '0' LIMIT 1 [ RunTime:0.007135s ]
[2026-05-25T14:51:26+08:00][sql] SELECT `p`.`id`,`p`.`post_title`,`p`.`thumbnail`,`p`.`more`,c.category_id as cid,`p`.`post_excerpt`,`p`.`create_time` FROM `cmf_portal_post` `p` LEFT JOIN `cmf_portal_category_post` `c` ON `p`.`id`=`c`.`post_id` WHERE (  `post_type` = 8 ) AND `p`.`delete_time` = '0' ORDER BY `c`.`list_order` ASC,`p`.`create_time` DESC LIMIT 0,6 [ RunTime:0.001163s ]
[2026-05-25T14:51:26+08:00][sql] SHOW FULL COLUMNS FROM `cmf_theme_file` [ RunTime:0.004504s ]
[2026-05-25T14:51:26+08:00][sql] SELECT `more`,`file`,`id` FROM `cmf_theme_file` WHERE  `theme` = 'simpleboot3'  AND (  `is_public` = 1 OR `file` = 'portal/news' ) ORDER BY `is_public` DESC [ RunTime:0.000953s ]
[2026-05-25T14:51:26+08:00][sql] SELECT `option_value` FROM `cmf_option` WHERE  `option_name` = 'storage' LIMIT 1 [ RunTime:0.000632s ]
[2026-05-25T14:52:06+08:00][sql] CONNECT:[ UseTime:0.022428s ] mysql:host=127.0.0.1;port=3306;dbname=weihua;charset=utf8mb4
[2026-05-25T14:52:06+08:00][sql] SHOW FULL COLUMNS FROM `cmf_option` [ RunTime:0.006127s ]
[2026-05-25T14:52:06+08:00][sql] SELECT `option_value` FROM `cmf_option` WHERE  `option_name` = 'cdn_settings' LIMIT 1 [ RunTime:0.000639s ]
[2026-05-25T14:52:06+08:00][sql] SELECT `option_value` FROM `cmf_option` WHERE  `option_name` = 'cdn_settings' LIMIT 1 [ RunTime:0.000684s ]
[2026-05-25T14:52:06+08:00][sql] SHOW FULL COLUMNS FROM `cmf_product_category` [ RunTime:0.001985s ]
[2026-05-25T14:52:06+08:00][sql] SELECT * FROM `cmf_product_category` WHERE  `parent_id` = 0 ORDER BY `list_order` ASC,`create_time` DESC [ RunTime:0.000518s ]
[2026-05-25T14:52:06+08:00][sql] SELECT * FROM `cmf_product_category` WHERE  `parent_id` IN (28,19,22,23,25,27,30) [ RunTime:0.000334s ]
[2026-05-25T14:52:06+08:00][sql] SHOW FULL COLUMNS FROM `cmf_portal_category` [ RunTime:0.001054s ]
[2026-05-25T14:52:06+08:00][sql] SELECT * FROM `cmf_portal_category` WHERE (  `type` = 8 ) AND `cmf_portal_category`.`delete_time` = '0' ORDER BY `list_order` ASC [ RunTime:0.000533s ]
[2026-05-25T14:52:06+08:00][sql] SHOW FULL COLUMNS FROM `cmf_slide_item` [ RunTime:0.001380s ]
[2026-05-25T14:52:06+08:00][sql] SELECT `title`,`description`,`image` FROM `cmf_slide_item` WHERE  `slide_id` = 12  AND `status` = 1 ORDER BY `list_order` ASC,`id` DESC LIMIT 1 [ RunTime:0.000513s ]
[2026-05-25T14:52:06+08:00][sql] SELECT * FROM `cmf_portal_category` WHERE (  `id` = 0  AND `status` = 1 ) AND `cmf_portal_category`.`delete_time` = '0' LIMIT 1 [ RunTime:0.000333s ]
[2026-05-25T14:52:06+08:00][sql] SHOW FULL COLUMNS FROM `cmf_portal_post` [ RunTime:0.001906s ]
[2026-05-25T14:52:06+08:00][sql] SELECT COUNT(*) AS think_count FROM `cmf_portal_post` `p` LEFT JOIN `cmf_portal_category_post` `c` ON `p`.`id`=`c`.`post_id` WHERE (  `post_type` = 8 ) AND `p`.`delete_time` = '0' LIMIT 1 [ RunTime:0.000846s ]
[2026-05-25T14:52:06+08:00][sql] SELECT `p`.`id`,`p`.`post_title`,`p`.`thumbnail`,`p`.`more`,c.category_id as cid,`p`.`post_excerpt`,`p`.`create_time` FROM `cmf_portal_post` `p` LEFT JOIN `cmf_portal_category_post` `c` ON `p`.`id`=`c`.`post_id` WHERE (  `post_type` = 8 ) AND `p`.`delete_time` = '0' ORDER BY `c`.`list_order` ASC,`p`.`create_time` DESC LIMIT 0,6 [ RunTime:0.000535s ]
[2026-05-25T14:52:06+08:00][sql] SHOW FULL COLUMNS FROM `cmf_theme_file` [ RunTime:0.001062s ]
[2026-05-25T14:52:06+08:00][sql] SELECT `more`,`file`,`id` FROM `cmf_theme_file` WHERE  `theme` = 'simpleboot3_mobile'  AND (  `is_public` = 1 OR `file` = 'portal/news' ) ORDER BY `is_public` DESC [ RunTime:0.000394s ]
[2026-05-25T14:52:06+08:00][sql] SELECT `option_value` FROM `cmf_option` WHERE  `option_name` = 'storage' LIMIT 1 [ RunTime:0.000490s ]
[2026-05-25T14:52:22+08:00][sql] CONNECT:[ UseTime:0.001088s ] mysql:host=127.0.0.1;port=3306;dbname=weihua;charset=utf8mb4
[2026-05-25T14:52:22+08:00][sql] SHOW FULL COLUMNS FROM `cmf_option` [ RunTime:0.001701s ]
[2026-05-25T14:52:22+08:00][sql] SELECT `option_value` FROM `cmf_option` WHERE  `option_name` = 'cdn_settings' LIMIT 1 [ RunTime:0.000407s ]
[2026-05-25T14:52:22+08:00][sql] SELECT `option_value` FROM `cmf_option` WHERE  `option_name` = 'cdn_settings' LIMIT 1 [ RunTime:0.000877s ]
[2026-05-25T14:52:22+08:00][sql] SHOW FULL COLUMNS FROM `cmf_product_category` [ RunTime:0.002178s ]
[2026-05-25T14:52:22+08:00][sql] SELECT * FROM `cmf_product_category` WHERE  `parent_id` = 0 ORDER BY `list_order` ASC,`create_time` DESC [ RunTime:0.000726s ]
[2026-05-25T14:52:22+08:00][sql] SELECT * FROM `cmf_product_category` WHERE  `parent_id` IN (28,19,22,23,25,27,30) [ RunTime:0.000373s ]
[2026-05-25T14:52:22+08:00][sql] SHOW FULL COLUMNS FROM `cmf_portal_category` [ RunTime:0.001222s ]
[2026-05-25T14:52:22+08:00][sql] SELECT * FROM `cmf_portal_category` WHERE (  `type` = 8 ) AND `cmf_portal_category`.`delete_time` = '0' ORDER BY `list_order` ASC [ RunTime:0.000492s ]
[2026-05-25T14:52:22+08:00][sql] SHOW FULL COLUMNS FROM `cmf_slide_item` [ RunTime:0.001111s ]
[2026-05-25T14:52:22+08:00][sql] SELECT `title`,`description`,`image`,`url`,`target`,`content` FROM `cmf_slide_item` WHERE  `slide_id` = 1 ORDER BY `list_order` ASC [ RunTime:0.000437s ]
[2026-05-25T14:52:22+08:00][sql] SHOW FULL COLUMNS FROM `cmf_slide` [ RunTime:0.000958s ]
[2026-05-25T14:52:22+08:00][sql] SELECT * FROM `cmf_slide` WHERE  `name` LIKE '%choose%' OR `name` LIKE '%选择%' LIMIT 1 [ RunTime:0.001782s ]
[2026-05-25T14:52:22+08:00][sql] SELECT `title`,`description`,`image`,`url`,`target`,`content` FROM `cmf_slide_item` WHERE  `slide_id` = 14  AND `status` = 1 ORDER BY `list_order` ASC [ RunTime:0.000926s ]
[2026-05-25T14:52:22+08:00][sql] SELECT * FROM `cmf_product_category` WHERE  `parent_id` = 0  AND `recommend` = 1 ORDER BY `list_order` ASC,`create_time` DESC [ RunTime:0.000409s ]
[2026-05-25T14:52:22+08:00][sql] SHOW FULL COLUMNS FROM `cmf_product` [ RunTime:0.001409s ]
[2026-05-25T14:52:22+08:00][sql] SELECT `id`,`title`,`thumbnail`,`industry` FROM `cmf_product` WHERE  `is_recommended` = 1  AND `category_id` = 28 ORDER BY `list_order` ASC LIMIT 6 [ RunTime:0.001205s ]
[2026-05-25T14:52:22+08:00][sql] SELECT `id`,`title`,`thumbnail`,`industry` FROM `cmf_product` WHERE  `is_recommended` = 1  AND `category_id` = 19 ORDER BY `list_order` ASC LIMIT 6 [ RunTime:0.000443s ]
[2026-05-25T14:52:22+08:00][sql] SELECT `id`,`title`,`thumbnail`,`industry` FROM `cmf_product` WHERE  `is_recommended` = 1  AND `category_id` = 23 ORDER BY `list_order` ASC LIMIT 6 [ RunTime:0.000351s ]
[2026-05-25T14:52:22+08:00][sql] SHOW FULL COLUMNS FROM `cmf_portal_post` [ RunTime:0.001130s ]
[2026-05-25T14:52:22+08:00][sql] SELECT `p`.`id`,`p`.`post_title`,`p`.`post_excerpt`,`p`.`thumbnail`,`p`.`create_time`,`c`.`category_id` FROM `cmf_portal_post` `p` INNER JOIN `cmf_portal_category_post` `c` ON `p`.`id`=`c`.`post_id` WHERE (  `p`.`post_type` = '8' ) AND `p`.`delete_time` = '0' ORDER BY `c`.`list_order` ASC,`p`.`create_time` DESC [ RunTime:0.000643s ]
[2026-05-25T14:52:22+08:00][sql] SELECT `id`,`post_title`,`post_excerpt`,`more` FROM `cmf_portal_post` WHERE (  `post_type` = 3 ) AND `cmf_portal_post`.`delete_time` = '0' ORDER BY `create_time` DESC [ RunTime:0.000358s ]
[2026-05-25T14:52:22+08:00][sql] SHOW FULL COLUMNS FROM `cmf_theme_file` [ RunTime:0.001595s ]
[2026-05-25T14:52:22+08:00][sql] SELECT `more`,`file`,`id` FROM `cmf_theme_file` WHERE  `theme` = 'simpleboot3_mobile'  AND (  `is_public` = 1 OR `file` = 'portal/index' ) ORDER BY `is_public` DESC [ RunTime:0.000401s ]
[2026-05-25T14:52:22+08:00][sql] SELECT `option_value` FROM `cmf_option` WHERE  `option_name` = 'storage' LIMIT 1 [ RunTime:0.000394s ]
[2026-05-25T14:52:25+08:00][sql] CONNECT:[ UseTime:0.001335s ] mysql:host=127.0.0.1;port=3306;dbname=weihua;charset=utf8mb4
[2026-05-25T14:52:25+08:00][sql] SHOW FULL COLUMNS FROM `cmf_option` [ RunTime:0.003836s ]
[2026-05-25T14:52:25+08:00][sql] SELECT `option_value` FROM `cmf_option` WHERE  `option_name` = 'cdn_settings' LIMIT 1 [ RunTime:0.000592s ]
[2026-05-25T14:52:25+08:00][sql] SELECT `option_value` FROM `cmf_option` WHERE  `option_name` = 'cdn_settings' LIMIT 1 [ RunTime:0.000402s ]
[2026-05-25T14:52:25+08:00][sql] SHOW FULL COLUMNS FROM `cmf_product_category` [ RunTime:0.001296s ]
[2026-05-25T14:52:25+08:00][sql] SELECT * FROM `cmf_product_category` WHERE  `parent_id` = 0 ORDER BY `list_order` ASC,`create_time` DESC [ RunTime:0.000967s ]
[2026-05-25T14:52:25+08:00][sql] SELECT * FROM `cmf_product_category` WHERE  `parent_id` IN (28,19,22,23,25,27,30) [ RunTime:0.000472s ]
[2026-05-25T14:52:25+08:00][sql] SHOW FULL COLUMNS FROM `cmf_portal_category` [ RunTime:0.001367s ]
[2026-05-25T14:52:25+08:00][sql] SELECT * FROM `cmf_portal_category` WHERE (  `type` = 8 ) AND `cmf_portal_category`.`delete_time` = '0' ORDER BY `list_order` ASC [ RunTime:0.000458s ]
[2026-05-25T14:52:25+08:00][sql] SHOW FULL COLUMNS FROM `cmf_slide_item` [ RunTime:0.001065s ]
[2026-05-25T14:52:25+08:00][sql] SELECT `title`,`description`,`image` FROM `cmf_slide_item` WHERE  `slide_id` = 12  AND `status` = 1 ORDER BY `list_order` ASC,`id` DESC LIMIT 1 [ RunTime:0.000459s ]
[2026-05-25T14:52:25+08:00][sql] SELECT * FROM `cmf_portal_category` WHERE (  `id` = 0  AND `status` = 1 ) AND `cmf_portal_category`.`delete_time` = '0' LIMIT 1 [ RunTime:0.000294s ]
[2026-05-25T14:52:25+08:00][sql] SHOW FULL COLUMNS FROM `cmf_portal_post` [ RunTime:0.001213s ]
[2026-05-25T14:52:25+08:00][sql] SELECT COUNT(*) AS think_count FROM `cmf_portal_post` `p` LEFT JOIN `cmf_portal_category_post` `c` ON `p`.`id`=`c`.`post_id` WHERE (  `post_type` = 8 ) AND `p`.`delete_time` = '0' LIMIT 1 [ RunTime:0.000760s ]
[2026-05-25T14:52:25+08:00][sql] SELECT `p`.`id`,`p`.`post_title`,`p`.`thumbnail`,`p`.`more`,c.category_id as cid,`p`.`post_excerpt`,`p`.`create_time` FROM `cmf_portal_post` `p` LEFT JOIN `cmf_portal_category_post` `c` ON `p`.`id`=`c`.`post_id` WHERE (  `post_type` = 8 ) AND `p`.`delete_time` = '0' ORDER BY `c`.`list_order` ASC,`p`.`create_time` DESC LIMIT 0,6 [ RunTime:0.000868s ]
[2026-05-25T14:52:25+08:00][sql] SHOW FULL COLUMNS FROM `cmf_theme_file` [ RunTime:0.001257s ]
[2026-05-25T14:52:25+08:00][sql] SELECT `more`,`file`,`id` FROM `cmf_theme_file` WHERE  `theme` = 'simpleboot3_mobile'  AND (  `is_public` = 1 OR `file` = 'portal/news' ) ORDER BY `is_public` DESC [ RunTime:0.000517s ]
[2026-05-25T14:52:25+08:00][sql] SELECT `option_value` FROM `cmf_option` WHERE  `option_name` = 'storage' LIMIT 1 [ RunTime:0.000280s ]
[2026-05-25T14:53:12+08:00][sql] CONNECT:[ UseTime:0.000937s ] mysql:host=127.0.0.1;port=3306;dbname=weihua;charset=utf8mb4
[2026-05-25T14:53:12+08:00][sql] SHOW FULL COLUMNS FROM `cmf_option` [ RunTime:0.002238s ]
[2026-05-25T14:53:12+08:00][sql] SELECT `option_value` FROM `cmf_option` WHERE  `option_name` = 'cdn_settings' LIMIT 1 [ RunTime:0.000412s ]
[2026-05-25T14:53:12+08:00][sql] SELECT `option_value` FROM `cmf_option` WHERE  `option_name` = 'cdn_settings' LIMIT 1 [ RunTime:0.000349s ]
[2026-05-25T14:53:12+08:00][sql] SHOW FULL COLUMNS FROM `cmf_product_category` [ RunTime:0.001229s ]
[2026-05-25T14:53:12+08:00][sql] SELECT * FROM `cmf_product_category` WHERE  `parent_id` = 0 ORDER BY `list_order` ASC,`create_time` DESC [ RunTime:0.000494s ]
[2026-05-25T14:53:12+08:00][sql] SELECT * FROM `cmf_product_category` WHERE  `parent_id` IN (28,19,22,23,25,27,30) [ RunTime:0.000401s ]
[2026-05-25T14:53:12+08:00][sql] SHOW FULL COLUMNS FROM `cmf_portal_category` [ RunTime:0.001021s ]
[2026-05-25T14:53:12+08:00][sql] SELECT * FROM `cmf_portal_category` WHERE (  `type` = 8 ) AND `cmf_portal_category`.`delete_time` = '0' ORDER BY `list_order` ASC [ RunTime:0.000468s ]
[2026-05-25T14:53:12+08:00][sql] SELECT `option_value` FROM `cmf_option` WHERE  `option_name` = 'product_category_hero_settings' LIMIT 1 [ RunTime:0.000758s ]
[2026-05-25T14:53:12+08:00][sql] SHOW FULL COLUMNS FROM `cmf_product` [ RunTime:0.002663s ]
[2026-05-25T14:53:12+08:00][sql] SELECT COUNT(*) AS think_count FROM `cmf_product` WHERE  `category_id` = 28 LIMIT 1 [ RunTime:0.001078s ]
[2026-05-25T14:53:12+08:00][sql] SELECT COUNT(*) AS think_count FROM `cmf_product` WHERE  `category_id` = 19 LIMIT 1 [ RunTime:0.000711s ]
[2026-05-25T14:53:12+08:00][sql] SELECT COUNT(*) AS think_count FROM `cmf_product` WHERE  `category_id` = 22 LIMIT 1 [ RunTime:0.000283s ]
[2026-05-25T14:53:12+08:00][sql] SELECT COUNT(*) AS think_count FROM `cmf_product` WHERE  `category_id` = 23 LIMIT 1 [ RunTime:0.000652s ]
[2026-05-25T14:53:12+08:00][sql] SELECT COUNT(*) AS think_count FROM `cmf_product` WHERE  `category_id` = 25 LIMIT 1 [ RunTime:0.000661s ]
[2026-05-25T14:53:12+08:00][sql] SELECT COUNT(*) AS think_count FROM `cmf_product` WHERE  `category_id` = 27 LIMIT 1 [ RunTime:0.000506s ]
[2026-05-25T14:53:12+08:00][sql] SELECT * FROM `cmf_product` WHERE  `category_id` = 27  AND `thumbnail` <> '' ORDER BY `list_order` ASC,`id` DESC LIMIT 1 [ RunTime:0.003737s ]
[2026-05-25T14:53:12+08:00][sql] SELECT COUNT(*) AS think_count FROM `cmf_product` WHERE  `category_id` = 30 LIMIT 1 [ RunTime:0.000525s ]
[2026-05-25T14:53:12+08:00][sql] SELECT COUNT(*) AS think_count FROM `cmf_product` LIMIT 1 [ RunTime:0.000325s ]
[2026-05-25T14:53:12+08:00][sql] SELECT `id`,`category_id`,`title`,`thumbnail`,`industry`,`overview` FROM `cmf_product` ORDER BY `list_order` ASC,`create_time` DESC LIMIT 0,12 [ RunTime:0.022301s ]
[2026-05-25T14:53:12+08:00][sql] SHOW FULL COLUMNS FROM `cmf_slide_item` [ RunTime:0.002205s ]
[2026-05-25T14:53:12+08:00][sql] SELECT `title`,`description`,`image` FROM `cmf_slide_item` WHERE  `slide_id` = 7  AND `status` = 1 ORDER BY `list_order` ASC,`id` DESC LIMIT 1 [ RunTime:0.000525s ]
[2026-05-25T14:53:12+08:00][sql] SELECT `option_value` FROM `cmf_option` WHERE  `option_name` = 'storage' LIMIT 1 [ RunTime:0.000235s ]
[2026-05-25T14:53:12+08:00][sql] SHOW FULL COLUMNS FROM `cmf_portal_post` [ RunTime:0.001388s ]
[2026-05-25T14:53:12+08:00][sql] SELECT `id`,`post_title`,`post_excerpt`,`more` FROM `cmf_portal_post` WHERE (  `post_type` = 3 ) AND `cmf_portal_post`.`delete_time` = '0' ORDER BY `create_time` DESC [ RunTime:0.000557s ]
[2026-05-25T14:53:12+08:00][sql] SHOW FULL COLUMNS FROM `cmf_theme_file` [ RunTime:0.001918s ]
[2026-05-25T14:53:12+08:00][sql] SELECT `more`,`file`,`id` FROM `cmf_theme_file` WHERE  `theme` = 'simpleboot3_mobile'  AND (  `is_public` = 1 OR `file` = 'portal/product' ) ORDER BY `is_public` DESC [ RunTime:0.000393s ]
[2026-05-25T15:00:19+08:00][sql] CONNECT:[ UseTime:0.022239s ] mysql:host=127.0.0.1;port=3306;dbname=weihua;charset=utf8mb4
[2026-05-25T15:00:19+08:00][sql] SHOW FULL COLUMNS FROM `cmf_option` [ RunTime:0.002787s ]
[2026-05-25T15:00:19+08:00][sql] SELECT `option_value` FROM `cmf_option` WHERE  `option_name` = 'cdn_settings' LIMIT 1 [ RunTime:0.000395s ]
[2026-05-25T15:00:19+08:00][sql] SELECT `option_value` FROM `cmf_option` WHERE  `option_name` = 'cdn_settings' LIMIT 1 [ RunTime:0.001279s ]
[2026-05-25T15:00:19+08:00][sql] SHOW FULL COLUMNS FROM `cmf_product_category` [ RunTime:0.001720s ]
[2026-05-25T15:00:19+08:00][sql] SELECT * FROM `cmf_product_category` WHERE  `parent_id` = 0 ORDER BY `list_order` ASC,`create_time` DESC [ RunTime:0.000668s ]
[2026-05-25T15:00:19+08:00][sql] SELECT * FROM `cmf_product_category` WHERE  `parent_id` IN (28,19,22,23,25,27,30) [ RunTime:0.000823s ]
[2026-05-25T15:00:19+08:00][sql] SHOW FULL COLUMNS FROM `cmf_portal_category` [ RunTime:0.002213s ]
[2026-05-25T15:00:19+08:00][sql] SELECT * FROM `cmf_portal_category` WHERE (  `type` = 8 ) AND `cmf_portal_category`.`delete_time` = '0' ORDER BY `list_order` ASC [ RunTime:0.000559s ]
[2026-05-25T15:00:19+08:00][sql] SHOW FULL COLUMNS FROM `cmf_product` [ RunTime:0.001647s ]
[2026-05-25T15:00:19+08:00][sql] SELECT COUNT(*) AS think_count FROM `cmf_product` WHERE  `category_id` = 28 LIMIT 1 [ RunTime:0.000474s ]
[2026-05-25T15:00:19+08:00][sql] SELECT COUNT(*) AS think_count FROM `cmf_product` WHERE  `category_id` = 19 LIMIT 1 [ RunTime:0.000314s ]
[2026-05-25T15:00:19+08:00][sql] SELECT COUNT(*) AS think_count FROM `cmf_product` WHERE  `category_id` = 22 LIMIT 1 [ RunTime:0.000265s ]
[2026-05-25T15:00:19+08:00][sql] SELECT COUNT(*) AS think_count FROM `cmf_product` WHERE  `category_id` = 23 LIMIT 1 [ RunTime:0.000260s ]
[2026-05-25T15:00:19+08:00][sql] SELECT COUNT(*) AS think_count FROM `cmf_product` WHERE  `category_id` = 25 LIMIT 1 [ RunTime:0.000378s ]
[2026-05-25T15:00:19+08:00][sql] SELECT COUNT(*) AS think_count FROM `cmf_product` WHERE  `category_id` = 27 LIMIT 1 [ RunTime:0.000658s ]
[2026-05-25T15:00:19+08:00][sql] SELECT * FROM `cmf_product` WHERE  `category_id` = 27  AND `thumbnail` <> '' ORDER BY `list_order` ASC,`id` DESC LIMIT 1 [ RunTime:0.000553s ]
[2026-05-25T15:00:19+08:00][sql] SELECT COUNT(*) AS think_count FROM `cmf_product` WHERE  `category_id` = 30 LIMIT 1 [ RunTime:0.000506s ]
[2026-05-25T15:00:19+08:00][sql] SELECT COUNT(*) AS think_count FROM `cmf_product` LIMIT 1 [ RunTime:0.000249s ]
[2026-05-25T15:00:19+08:00][sql] SELECT `id`,`category_id`,`title`,`thumbnail`,`industry`,`overview` FROM `cmf_product` ORDER BY `list_order` ASC,`create_time` DESC LIMIT 0,12 [ RunTime:0.000816s ]
[2026-05-25T15:00:19+08:00][sql] SHOW FULL COLUMNS FROM `cmf_slide_item` [ RunTime:0.001833s ]
[2026-05-25T15:00:19+08:00][sql] SELECT `title`,`description`,`image` FROM `cmf_slide_item` WHERE  `slide_id` = 7  AND `status` = 1 ORDER BY `list_order` ASC,`id` DESC LIMIT 1 [ RunTime:0.000657s ]
[2026-05-25T15:00:19+08:00][sql] SELECT `option_value` FROM `cmf_option` WHERE  `option_name` = 'storage' LIMIT 1 [ RunTime:0.000941s ]
[2026-05-25T15:00:19+08:00][sql] SHOW FULL COLUMNS FROM `cmf_portal_post` [ RunTime:0.001588s ]
[2026-05-25T15:00:19+08:00][sql] SELECT `id`,`post_title`,`post_excerpt`,`more` FROM `cmf_portal_post` WHERE (  `post_type` = 3 ) AND `cmf_portal_post`.`delete_time` = '0' ORDER BY `create_time` DESC [ RunTime:0.000575s ]
[2026-05-25T15:00:19+08:00][sql] SHOW FULL COLUMNS FROM `cmf_theme_file` [ RunTime:0.001647s ]
[2026-05-25T15:00:19+08:00][sql] SELECT `more`,`file`,`id` FROM `cmf_theme_file` WHERE  `theme` = 'simpleboot3_mobile'  AND (  `is_public` = 1 OR `file` = 'portal/product' ) ORDER BY `is_public` DESC [ RunTime:0.000552s ]
[2026-05-25T15:00:48+08:00][sql] CONNECT:[ UseTime:0.011900s ] mysql:host=127.0.0.1;port=3306;dbname=weihua;charset=utf8mb4
[2026-05-25T15:00:48+08:00][sql] SHOW FULL COLUMNS FROM `cmf_option` [ RunTime:0.004364s ]
[2026-05-25T15:00:48+08:00][sql] SELECT `option_value` FROM `cmf_option` WHERE  `option_name` = 'cdn_settings' LIMIT 1 [ RunTime:0.001054s ]
[2026-05-25T15:00:48+08:00][sql] SELECT `option_value` FROM `cmf_option` WHERE  `option_name` = 'cdn_settings' LIMIT 1 [ RunTime:0.001045s ]
[2026-05-25T15:00:48+08:00][sql] SHOW FULL COLUMNS FROM `cmf_product_category` [ RunTime:0.001798s ]
[2026-05-25T15:00:48+08:00][sql] SELECT * FROM `cmf_product_category` WHERE  `parent_id` = 0 ORDER BY `list_order` ASC,`create_time` DESC [ RunTime:0.001042s ]
[2026-05-25T15:00:48+08:00][sql] SELECT * FROM `cmf_product_category` WHERE  `parent_id` IN (28,19,22,23,25,27,30) [ RunTime:0.000372s ]
[2026-05-25T15:00:48+08:00][sql] SHOW FULL COLUMNS FROM `cmf_portal_category` [ RunTime:0.001340s ]
[2026-05-25T15:00:48+08:00][sql] SELECT * FROM `cmf_portal_category` WHERE (  `type` = 8 ) AND `cmf_portal_category`.`delete_time` = '0' ORDER BY `list_order` ASC [ RunTime:0.000497s ]
[2026-05-25T15:00:48+08:00][sql] SHOW FULL COLUMNS FROM `cmf_slide_item` [ RunTime:0.001879s ]
[2026-05-25T15:00:48+08:00][sql] SELECT `title`,`description`,`image` FROM `cmf_slide_item` WHERE  `slide_id` = 12  AND `status` = 1 ORDER BY `list_order` ASC,`id` DESC LIMIT 1 [ RunTime:0.000814s ]
[2026-05-25T15:00:48+08:00][sql] SELECT * FROM `cmf_portal_category` WHERE (  `id` = 0  AND `status` = 1 ) AND `cmf_portal_category`.`delete_time` = '0' LIMIT 1 [ RunTime:0.000476s ]
[2026-05-25T15:00:48+08:00][sql] SHOW FULL COLUMNS FROM `cmf_portal_post` [ RunTime:0.001349s ]
[2026-05-25T15:00:48+08:00][sql] SELECT COUNT(*) AS think_count FROM `cmf_portal_post` `p` LEFT JOIN `cmf_portal_category_post` `c` ON `p`.`id`=`c`.`post_id` WHERE (  `post_type` = 8 ) AND `p`.`delete_time` = '0' LIMIT 1 [ RunTime:0.000759s ]
[2026-05-25T15:00:48+08:00][sql] SELECT `p`.`id`,`p`.`post_title`,`p`.`thumbnail`,`p`.`more`,c.category_id as cid,`p`.`post_excerpt`,`p`.`create_time` FROM `cmf_portal_post` `p` LEFT JOIN `cmf_portal_category_post` `c` ON `p`.`id`=`c`.`post_id` WHERE (  `post_type` = 8 ) AND `p`.`delete_time` = '0' ORDER BY `c`.`list_order` ASC,`p`.`create_time` DESC LIMIT 0,6 [ RunTime:0.001027s ]
[2026-05-25T15:00:48+08:00][sql] SHOW FULL COLUMNS FROM `cmf_theme_file` [ RunTime:0.001254s ]
[2026-05-25T15:00:48+08:00][sql] SELECT `more`,`file`,`id` FROM `cmf_theme_file` WHERE  `theme` = 'simpleboot3_mobile'  AND (  `is_public` = 1 OR `file` = 'portal/news' ) ORDER BY `is_public` DESC [ RunTime:0.000539s ]
[2026-05-25T15:00:48+08:00][sql] SELECT `option_value` FROM `cmf_option` WHERE  `option_name` = 'storage' LIMIT 1 [ RunTime:0.000595s ]
[2026-05-25T15:01:57+08:00][sql] CONNECT:[ UseTime:0.000995s ] mysql:host=127.0.0.1;port=3306;dbname=weihua;charset=utf8mb4
[2026-05-25T15:01:57+08:00][sql] SHOW FULL COLUMNS FROM `cmf_hook` [ RunTime:0.007767s ]
[2026-05-25T15:01:57+08:00][sql] SELECT `hook` FROM `cmf_hook` WHERE  `app` = 'admin' [ RunTime:0.013504s ]
[2026-05-25T15:01:57+08:00][sql] SHOW FULL COLUMNS FROM `cmf_hook_plugin` [ RunTime:0.003931s ]
[2026-05-25T15:01:57+08:00][sql] SELECT `hook`,`plugin` FROM `cmf_hook_plugin` WHERE  `status` = 1  AND `hook` IN ('admin_dashboard','admin_login','admin_theme_design_view','admin_setting_site_view','admin_setting_clear_cache_view','admin_nav_index_view','admin_link_index_view','admin_slide_index_view','admin_user_index_view','admin_rbac_index_view','admin_index_index_view','admin_recycle_bin_index_view','admin_menu_index_view','admin_custom_login_open','admin_slide_item_index_view','admin_slide_item_add_view','admin_slide_item_edit_view','admin_user_add_view','admin_user_edit_view','admin_rbac_role_add_view','admin_rbac_role_edit_view','admin_rbac_authorize_view','admin_api_import_view') ORDER BY `list_order` ASC [ RunTime:0.010820s ]
[2026-05-25T15:01:57+08:00][sql] SHOW FULL COLUMNS FROM `cmf_option` [ RunTime:0.001378s ]
[2026-05-25T15:01:57+08:00][sql] SELECT `option_value` FROM `cmf_option` WHERE  `option_name` = 'cdn_settings' LIMIT 1 [ RunTime:0.000434s ]
[2026-05-25T15:01:57+08:00][sql] SELECT `option_value` FROM `cmf_option` WHERE  `option_name` = 'admin_settings' LIMIT 1 [ RunTime:0.000647s ]
[2026-05-25T15:01:57+08:00][sql] CONNECT:[ UseTime:0.021175s ] mysql:host=127.0.0.1;port=3306;dbname=weihua;charset=utf8mb4
[2026-05-25T15:01:57+08:00][sql] SHOW FULL COLUMNS FROM `cmf_option` [ RunTime:0.003038s ]
[2026-05-25T15:01:57+08:00][sql] SELECT `option_value` FROM `cmf_option` WHERE  `option_name` = 'cdn_settings' LIMIT 1 [ RunTime:0.000533s ]
[2026-05-25T15:02:12+08:00][sql] CONNECT:[ UseTime:0.000840s ] mysql:host=127.0.0.1;port=3306;dbname=weihua;charset=utf8mb4
[2026-05-25T15:02:12+08:00][sql] SHOW FULL COLUMNS FROM `cmf_option` [ RunTime:0.002061s ]
[2026-05-25T15:02:12+08:00][sql] SELECT `option_value` FROM `cmf_option` WHERE  `option_name` = 'cdn_settings' LIMIT 1 [ RunTime:0.000426s ]
[2026-05-25T15:02:20+08:00][sql] CONNECT:[ UseTime:0.023076s ] mysql:host=127.0.0.1;port=3306;dbname=weihua;charset=utf8mb4
[2026-05-25T15:02:20+08:00][sql] SHOW FULL COLUMNS FROM `cmf_option` [ RunTime:0.002234s ]
[2026-05-25T15:02:20+08:00][sql] SELECT `option_value` FROM `cmf_option` WHERE  `option_name` = 'cdn_settings' LIMIT 1 [ RunTime:0.000625s ]
[2026-05-25T15:02:20+08:00][sql] SHOW FULL COLUMNS FROM `cmf_user` [ RunTime:0.002898s ]
[2026-05-25T15:02:20+08:00][sql] SELECT * FROM `cmf_user` WHERE  `user_login` = 'antop002' LIMIT 1 [ RunTime:0.012275s ]
[2026-05-25T15:02:20+08:00][sql] SHOW FULL COLUMNS FROM `cmf_role_user` [ RunTime:0.002400s ]
[2026-05-25T15:02:20+08:00][sql] SELECT `role_id` FROM `cmf_role_user` `a` INNER JOIN `cmf_role` `b` ON `a`.`role_id`=`b`.`id` WHERE  `user_id` = 1  AND `status` = '1' LIMIT 1 [ RunTime:0.019734s ]
[2026-05-25T15:02:20+08:00][sql] SHOW FULL COLUMNS FROM `cmf_user_token` [ RunTime:0.002384s ]
[2026-05-25T15:02:20+08:00][sql] SELECT * FROM `cmf_user_token` WHERE  `user_id` = 1  AND `device_type` = 'web' LIMIT 1 [ RunTime:0.009973s ]
[2026-05-25T15:02:20+08:00][sql] UPDATE `cmf_user`  SET `last_login_ip` = '::1' , `last_login_time` = 1779692540  WHERE  `id` = 1 [ RunTime:0.011771s ]
[2026-05-25T15:02:22+08:00][sql] CONNECT:[ UseTime:0.021499s ] mysql:host=127.0.0.1;port=3306;dbname=weihua;charset=utf8mb4
[2026-05-25T15:02:22+08:00][sql] SHOW FULL COLUMNS FROM `cmf_option` [ RunTime:0.002319s ]
[2026-05-25T15:02:22+08:00][sql] SELECT `option_value` FROM `cmf_option` WHERE  `option_name` = 'cdn_settings' LIMIT 1 [ RunTime:0.000523s ]
[2026-05-25T15:02:22+08:00][sql] SHOW FULL COLUMNS FROM `cmf_user` [ RunTime:0.001143s ]
[2026-05-25T15:02:22+08:00][sql] SELECT * FROM `cmf_user` WHERE  `id` = 1 LIMIT 1 [ RunTime:0.000484s ]
[2026-05-25T15:02:22+08:00][sql] SHOW FULL COLUMNS FROM `cmf_admin_menu` [ RunTime:0.004810s ]
[2026-05-25T15:02:22+08:00][sql] SELECT * FROM `cmf_admin_menu` WHERE  `parent_id` = 0  AND `status` = 1 ORDER BY `list_order` ASC [ RunTime:0.016008s ]
[2026-05-25T15:02:22+08:00][sql] SELECT * FROM `cmf_admin_menu` WHERE  `parent_id` = 71  AND `status` = 1 ORDER BY `list_order` ASC [ RunTime:0.000818s ]
[2026-05-25T15:02:22+08:00][sql] SELECT * FROM `cmf_admin_menu` WHERE  `parent_id` = 78  AND `status` = 1 ORDER BY `list_order` ASC [ RunTime:0.000473s ]
[2026-05-25T15:02:22+08:00][sql] SELECT * FROM `cmf_admin_menu` WHERE  `parent_id` = 213  AND `status` = 1 ORDER BY `list_order` ASC [ RunTime:0.000447s ]
[2026-05-25T15:02:22+08:00][sql] SELECT * FROM `cmf_admin_menu` WHERE  `parent_id` = 214  AND `status` = 1 ORDER BY `list_order` ASC [ RunTime:0.000391s ]
[2026-05-25T15:02:22+08:00][sql] SELECT * FROM `cmf_admin_menu` WHERE  `parent_id` = 215  AND `status` = 1 ORDER BY `list_order` ASC [ RunTime:0.000344s ]
[2026-05-25T15:02:22+08:00][sql] SELECT * FROM `cmf_admin_menu` WHERE  `parent_id` = 217  AND `status` = 1 ORDER BY `list_order` ASC [ RunTime:0.000412s ]
[2026-05-25T15:02:22+08:00][sql] SELECT * FROM `cmf_admin_menu` WHERE  `parent_id` = 219  AND `status` = 1 ORDER BY `list_order` ASC [ RunTime:0.000341s ]
[2026-05-25T15:02:22+08:00][sql] SELECT * FROM `cmf_admin_menu` WHERE  `parent_id` = 220  AND `status` = 1 ORDER BY `list_order` ASC [ RunTime:0.000315s ]
[2026-05-25T15:02:22+08:00][sql] SELECT * FROM `cmf_admin_menu` WHERE  `parent_id` = 225  AND `status` = 1 ORDER BY `list_order` ASC [ RunTime:0.000341s ]
[2026-05-25T15:02:22+08:00][sql] SELECT * FROM `cmf_admin_menu` WHERE  `parent_id` = 221  AND `status` = 1 ORDER BY `list_order` ASC [ RunTime:0.000313s ]
[2026-05-25T15:02:22+08:00][sql] SELECT * FROM `cmf_admin_menu` WHERE  `parent_id` = 222  AND `status` = 1 ORDER BY `list_order` ASC [ RunTime:0.000433s ]
[2026-05-25T15:02:22+08:00][sql] SELECT * FROM `cmf_admin_menu` WHERE  `parent_id` = 223  AND `status` = 1 ORDER BY `list_order` ASC [ RunTime:0.000341s ]
[2026-05-25T15:02:22+08:00][sql] SELECT * FROM `cmf_admin_menu` WHERE  `parent_id` = 224  AND `status` = 1 ORDER BY `list_order` ASC [ RunTime:0.000369s ]
[2026-05-25T15:02:22+08:00][sql] SELECT * FROM `cmf_admin_menu` WHERE  `parent_id` = 226  AND `status` = 1 ORDER BY `list_order` ASC [ RunTime:0.000466s ]
[2026-05-25T15:02:22+08:00][sql] SELECT * FROM `cmf_admin_menu` WHERE  `parent_id` = 227  AND `status` = 1 ORDER BY `list_order` ASC [ RunTime:0.000368s ]
[2026-05-25T15:02:22+08:00][sql] SELECT * FROM `cmf_admin_menu` ORDER BY `app` ASC,`controller` ASC,`action` ASC [ RunTime:0.001377s ]
[2026-05-25T15:02:23+08:00][sql] CONNECT:[ UseTime:0.000893s ] mysql:host=127.0.0.1;port=3306;dbname=weihua;charset=utf8mb4
[2026-05-25T15:02:23+08:00][sql] SHOW FULL COLUMNS FROM `cmf_option` [ RunTime:0.002168s ]
[2026-05-25T15:02:23+08:00][sql] SELECT `option_value` FROM `cmf_option` WHERE  `option_name` = 'cdn_settings' LIMIT 1 [ RunTime:0.000477s ]
[2026-05-25T15:02:23+08:00][sql] SHOW FULL COLUMNS FROM `cmf_user` [ RunTime:0.001753s ]
[2026-05-25T15:02:23+08:00][sql] SELECT * FROM `cmf_user` WHERE  `id` = 1 LIMIT 1 [ RunTime:0.000660s ]
[2026-05-25T15:02:23+08:00][sql] SELECT `option_value` FROM `cmf_option` WHERE  `option_name` = 'cdn_settings' LIMIT 1 [ RunTime:0.000327s ]
[2026-05-25T15:02:23+08:00][sql] SELECT `option_value` FROM `cmf_option` WHERE  `option_name` = 'cmf_settings' LIMIT 1 [ RunTime:0.000239s ]
[2026-05-25T15:02:23+08:00][sql] SELECT `option_value` FROM `cmf_option` WHERE  `option_name` = 'storage' LIMIT 1 [ RunTime:0.000444s ]
[2026-05-25T15:02:24+08:00][sql] CONNECT:[ UseTime:0.000890s ] mysql:host=127.0.0.1;port=3306;dbname=weihua;charset=utf8mb4
[2026-05-25T15:02:24+08:00][sql] SHOW FULL COLUMNS FROM `cmf_option` [ RunTime:0.001275s ]
[2026-05-25T15:02:24+08:00][sql] SELECT `option_value` FROM `cmf_option` WHERE  `option_name` = 'cdn_settings' LIMIT 1 [ RunTime:0.000354s ]
[2026-05-25T15:02:24+08:00][sql] SHOW FULL COLUMNS FROM `cmf_user` [ RunTime:0.001729s ]
[2026-05-25T15:02:24+08:00][sql] SELECT * FROM `cmf_user` WHERE  `id` = 1 LIMIT 1 [ RunTime:0.000719s ]
[2026-05-25T15:02:24+08:00][sql] SHOW FULL COLUMNS FROM `cmf_slide` [ RunTime:0.001339s ]
[2026-05-25T15:02:24+08:00][sql] SELECT * FROM `cmf_slide` WHERE  `delete_time` = 0 [ RunTime:0.000543s ]
[2026-05-25T15:13:02+08:00][sql] CONNECT:[ UseTime:0.001065s ] mysql:host=127.0.0.1;port=3306;dbname=weihua;charset=utf8mb4
[2026-05-25T15:13:02+08:00][sql] SHOW FULL COLUMNS FROM `cmf_hook` [ RunTime:0.002134s ]
[2026-05-25T15:13:02+08:00][sql] SELECT `hook`,`id` FROM `cmf_hook` WHERE  (  (  `app` = '' OR `app` = 'cmf' )  AND `type` = 3 ) OR `type` = 1 [ RunTime:0.000947s ]
[2026-05-25T15:13:02+08:00][sql] SHOW FULL COLUMNS FROM `cmf_hook_plugin` [ RunTime:0.001660s ]
[2026-05-25T15:13:02+08:00][sql] SELECT `hook`,`plugin` FROM `cmf_hook_plugin` WHERE  `status` = 1  AND `hook` IN ('app_begin','module_init','action_begin','view_filter','app_end','log_write','response_end','admin_init','home_init','send_mobile_verification_code','body_start','before_head_end','footer_start','before_footer','before_footer_end','before_body_end','left_sidebar_start','before_left_sidebar_end','right_sidebar_start','before_right_sidebar_end','comment','guestbook','switch_theme','after_content','before_content','log_write_done','switch_admin_theme','captcha_image','user_login_start') ORDER BY `list_order` ASC [ RunTime:0.000593s ]
[2026-05-25T15:13:02+08:00][sql] SELECT `hook` FROM `cmf_hook` WHERE  `app` = 'portal' [ RunTime:0.000613s ]
[2026-05-25T15:13:02+08:00][sql] SELECT `hook`,`plugin` FROM `cmf_hook_plugin` WHERE  `status` = 1  AND `hook` IN ('portal_before_assign_article','portal_admin_after_save_article','portal_admin_article_index_view','portal_admin_article_add_view','portal_admin_article_edit_view','portal_admin_category_index_view','portal_admin_category_add_view','portal_admin_category_edit_view','portal_admin_page_index_view','portal_admin_page_add_view','portal_admin_page_edit_view','portal_admin_tag_index_view','portal_admin_article_edit_view_right_sidebar','portal_admin_article_edit_view_main') ORDER BY `list_order` ASC [ RunTime:0.000450s ]
[2026-05-25T15:13:02+08:00][sql] SHOW FULL COLUMNS FROM `cmf_plugin` [ RunTime:0.001990s ]
[2026-05-25T15:13:02+08:00][sql] SELECT `config` FROM `cmf_plugin` WHERE  `name` = 'SwitchTheme' LIMIT 1 [ RunTime:0.000924s ]
[2026-05-25T15:13:02+08:00][sql] SHOW FULL COLUMNS FROM `cmf_option` [ RunTime:0.002009s ]
[2026-05-25T15:13:02+08:00][sql] SELECT `option_value` FROM `cmf_option` WHERE  `option_name` = 'cdn_settings' LIMIT 1 [ RunTime:0.000755s ]
[2026-05-25T15:13:02+08:00][sql] SELECT `option_value` FROM `cmf_option` WHERE  `option_name` = 'cdn_settings' LIMIT 1 [ RunTime:0.000501s ]
[2026-05-25T15:13:02+08:00][sql] SHOW FULL COLUMNS FROM `cmf_product_category` [ RunTime:0.001352s ]
[2026-05-25T15:13:02+08:00][sql] SELECT * FROM `cmf_product_category` WHERE  `parent_id` = 0 ORDER BY `list_order` ASC,`create_time` DESC [ RunTime:0.000496s ]
[2026-05-25T15:13:02+08:00][sql] SELECT * FROM `cmf_product_category` WHERE  `parent_id` IN (28,19,22,23,25,27,30) [ RunTime:0.000419s ]
[2026-05-25T15:13:02+08:00][sql] SHOW FULL COLUMNS FROM `cmf_portal_category` [ RunTime:0.001525s ]
[2026-05-25T15:13:02+08:00][sql] SELECT * FROM `cmf_portal_category` WHERE (  `type` = 8 ) AND `cmf_portal_category`.`delete_time` = '0' ORDER BY `list_order` ASC [ RunTime:0.000542s ]
[2026-05-25T15:13:02+08:00][sql] SELECT `option_value` FROM `cmf_option` WHERE  `option_name` = 'site_info' LIMIT 1 [ RunTime:0.000282s ]
[2026-05-25T15:13:02+08:00][sql] SHOW FULL COLUMNS FROM `cmf_slide_item` [ RunTime:0.001433s ]
[2026-05-25T15:13:02+08:00][sql] SELECT `title`,`description`,`image`,`url`,`target`,`content` FROM `cmf_slide_item` WHERE  `slide_id` = 1 ORDER BY `list_order` ASC [ RunTime:0.000619s ]
[2026-05-25T15:13:02+08:00][sql] SHOW FULL COLUMNS FROM `cmf_slide` [ RunTime:0.000991s ]
[2026-05-25T15:13:02+08:00][sql] SELECT * FROM `cmf_slide` WHERE  `name` LIKE '%choose%' OR `name` LIKE '%选择%' LIMIT 1 [ RunTime:0.000431s ]
[2026-05-25T15:13:02+08:00][sql] SELECT `title`,`description`,`image`,`url`,`target`,`content` FROM `cmf_slide_item` WHERE  `slide_id` = 14  AND `status` = 1 ORDER BY `list_order` ASC [ RunTime:0.000350s ]
[2026-05-25T15:13:02+08:00][sql] SELECT * FROM `cmf_product_category` WHERE  `parent_id` = 0  AND `recommend` = 1 ORDER BY `list_order` ASC,`create_time` DESC [ RunTime:0.000369s ]
[2026-05-25T15:13:02+08:00][sql] SHOW FULL COLUMNS FROM `cmf_product` [ RunTime:0.001345s ]
[2026-05-25T15:13:02+08:00][sql] SELECT `id`,`title`,`thumbnail`,`industry` FROM `cmf_product` WHERE  `is_recommended` = 1  AND `category_id` = 28 ORDER BY `list_order` ASC LIMIT 6 [ RunTime:0.000999s ]
[2026-05-25T15:13:02+08:00][sql] SELECT `id`,`title`,`thumbnail`,`industry` FROM `cmf_product` WHERE  `is_recommended` = 1  AND `category_id` = 19 ORDER BY `list_order` ASC LIMIT 6 [ RunTime:0.000533s ]
[2026-05-25T15:13:02+08:00][sql] SELECT `id`,`title`,`thumbnail`,`industry` FROM `cmf_product` WHERE  `is_recommended` = 1  AND `category_id` = 23 ORDER BY `list_order` ASC LIMIT 6 [ RunTime:0.000605s ]
[2026-05-25T15:13:02+08:00][sql] SELECT `option_value` FROM `cmf_option` WHERE  `option_name` = 'index_setting' LIMIT 1 [ RunTime:0.000663s ]
[2026-05-25T15:13:02+08:00][sql] SELECT `option_value` FROM `cmf_option` WHERE  `option_name` = 'about_site' LIMIT 1 [ RunTime:0.000816s ]
[2026-05-25T15:13:02+08:00][sql] SHOW FULL COLUMNS FROM `cmf_portal_post` [ RunTime:0.002562s ]
[2026-05-25T15:13:02+08:00][sql] SELECT `p`.`id`,`p`.`post_title`,`p`.`post_excerpt`,`p`.`thumbnail`,`p`.`create_time`,`c`.`category_id` FROM `cmf_portal_post` `p` INNER JOIN `cmf_portal_category_post` `c` ON `p`.`id`=`c`.`post_id` WHERE (  `p`.`post_type` = '8' ) AND `p`.`delete_time` = '0' ORDER BY `c`.`list_order` ASC,`p`.`create_time` DESC [ RunTime:0.001657s ]
[2026-05-25T15:13:02+08:00][sql] SELECT `id`,`post_title`,`post_excerpt`,`more` FROM `cmf_portal_post` WHERE (  `post_type` = 3 ) AND `cmf_portal_post`.`delete_time` = '0' ORDER BY `create_time` DESC [ RunTime:0.000526s ]
[2026-05-25T15:13:02+08:00][sql] SHOW FULL COLUMNS FROM `cmf_theme_file` [ RunTime:0.001851s ]
[2026-05-25T15:13:02+08:00][sql] SELECT `more`,`file`,`id` FROM `cmf_theme_file` WHERE  `theme` = 'simpleboot3'  AND (  `is_public` = 1 OR `file` = 'portal/index' ) ORDER BY `is_public` DESC [ RunTime:0.000643s ]
[2026-05-25T15:13:02+08:00][sql] SHOW FULL COLUMNS FROM `cmf_route` [ RunTime:0.002411s ]
[2026-05-25T15:13:02+08:00][sql] SELECT * FROM `cmf_route` WHERE  `status` = 1 ORDER BY `list_order` ASC [ RunTime:0.021339s ]
[2026-05-25T15:13:02+08:00][sql] SELECT `option_value` FROM `cmf_option` WHERE  `option_name` = 'storage' LIMIT 1 [ RunTime:0.000705s ]
[2026-05-25T15:13:10+08:00][sql] CONNECT:[ UseTime:0.025608s ] mysql:host=127.0.0.1;port=3306;dbname=weihua;charset=utf8mb4
[2026-05-25T15:13:10+08:00][sql] SHOW FULL COLUMNS FROM `cmf_option` [ RunTime:0.001793s ]
[2026-05-25T15:13:10+08:00][sql] SELECT `option_value` FROM `cmf_option` WHERE  `option_name` = 'cdn_settings' LIMIT 1 [ RunTime:0.000432s ]
[2026-05-25T15:13:10+08:00][sql] SELECT `option_value` FROM `cmf_option` WHERE  `option_name` = 'cdn_settings' LIMIT 1 [ RunTime:0.000695s ]
[2026-05-25T15:13:10+08:00][sql] SHOW FULL COLUMNS FROM `cmf_product_category` [ RunTime:0.001228s ]
[2026-05-25T15:13:10+08:00][sql] SELECT * FROM `cmf_product_category` WHERE  `parent_id` = 0 ORDER BY `list_order` ASC,`create_time` DESC [ RunTime:0.000450s ]
[2026-05-25T15:13:10+08:00][sql] SELECT * FROM `cmf_product_category` WHERE  `parent_id` IN (28,19,22,23,25,27,30) [ RunTime:0.000622s ]
[2026-05-25T15:13:10+08:00][sql] SHOW FULL COLUMNS FROM `cmf_portal_category` [ RunTime:0.001399s ]
[2026-05-25T15:13:10+08:00][sql] SELECT * FROM `cmf_portal_category` WHERE (  `type` = 8 ) AND `cmf_portal_category`.`delete_time` = '0' ORDER BY `list_order` ASC [ RunTime:0.000485s ]
[2026-05-25T15:13:10+08:00][sql] SHOW FULL COLUMNS FROM `cmf_slide_item` [ RunTime:0.002279s ]
[2026-05-25T15:13:10+08:00][sql] SELECT `title`,`description`,`image`,`url`,`target`,`content` FROM `cmf_slide_item` WHERE  `slide_id` = 1 ORDER BY `list_order` ASC [ RunTime:0.000378s ]
[2026-05-25T15:13:10+08:00][sql] SHOW FULL COLUMNS FROM `cmf_slide` [ RunTime:0.001402s ]
[2026-05-25T15:13:10+08:00][sql] SELECT * FROM `cmf_slide` WHERE  `name` LIKE '%choose%' OR `name` LIKE '%选择%' LIMIT 1 [ RunTime:0.000432s ]
[2026-05-25T15:13:10+08:00][sql] SELECT `title`,`description`,`image`,`url`,`target`,`content` FROM `cmf_slide_item` WHERE  `slide_id` = 14  AND `status` = 1 ORDER BY `list_order` ASC [ RunTime:0.000515s ]
[2026-05-25T15:13:10+08:00][sql] SELECT * FROM `cmf_product_category` WHERE  `parent_id` = 0  AND `recommend` = 1 ORDER BY `list_order` ASC,`create_time` DESC [ RunTime:0.000433s ]
[2026-05-25T15:13:10+08:00][sql] SHOW FULL COLUMNS FROM `cmf_product` [ RunTime:0.001641s ]
[2026-05-25T15:13:10+08:00][sql] SELECT `id`,`title`,`thumbnail`,`industry` FROM `cmf_product` WHERE  `is_recommended` = 1  AND `category_id` = 28 ORDER BY `list_order` ASC LIMIT 6 [ RunTime:0.000735s ]
[2026-05-25T15:13:10+08:00][sql] SELECT `id`,`title`,`thumbnail`,`industry` FROM `cmf_product` WHERE  `is_recommended` = 1  AND `category_id` = 19 ORDER BY `list_order` ASC LIMIT 6 [ RunTime:0.000460s ]
[2026-05-25T15:13:10+08:00][sql] SELECT `id`,`title`,`thumbnail`,`industry` FROM `cmf_product` WHERE  `is_recommended` = 1  AND `category_id` = 23 ORDER BY `list_order` ASC LIMIT 6 [ RunTime:0.000502s ]
[2026-05-25T15:13:10+08:00][sql] SHOW FULL COLUMNS FROM `cmf_portal_post` [ RunTime:0.001372s ]
[2026-05-25T15:13:10+08:00][sql] SELECT `p`.`id`,`p`.`post_title`,`p`.`post_excerpt`,`p`.`thumbnail`,`p`.`create_time`,`c`.`category_id` FROM `cmf_portal_post` `p` INNER JOIN `cmf_portal_category_post` `c` ON `p`.`id`=`c`.`post_id` WHERE (  `p`.`post_type` = '8' ) AND `p`.`delete_time` = '0' ORDER BY `c`.`list_order` ASC,`p`.`create_time` DESC [ RunTime:0.000640s ]
[2026-05-25T15:13:10+08:00][sql] SELECT `id`,`post_title`,`post_excerpt`,`more` FROM `cmf_portal_post` WHERE (  `post_type` = 3 ) AND `cmf_portal_post`.`delete_time` = '0' ORDER BY `create_time` DESC [ RunTime:0.000422s ]
[2026-05-25T15:13:10+08:00][sql] SHOW FULL COLUMNS FROM `cmf_theme_file` [ RunTime:0.001098s ]
[2026-05-25T15:13:10+08:00][sql] SELECT `more`,`file`,`id` FROM `cmf_theme_file` WHERE  `theme` = 'simpleboot3_mobile'  AND (  `is_public` = 1 OR `file` = 'portal/index' ) ORDER BY `is_public` DESC [ RunTime:0.000375s ]
[2026-05-25T15:13:10+08:00][sql] SELECT `option_value` FROM `cmf_option` WHERE  `option_name` = 'storage' LIMIT 1 [ RunTime:0.000469s ]
[2026-05-25T15:13:25+08:00][sql] CONNECT:[ UseTime:0.001316s ] mysql:host=127.0.0.1;port=3306;dbname=weihua;charset=utf8mb4
[2026-05-25T15:13:25+08:00][sql] SHOW FULL COLUMNS FROM `cmf_option` [ RunTime:0.001385s ]
[2026-05-25T15:13:25+08:00][sql] SELECT `option_value` FROM `cmf_option` WHERE  `option_name` = 'cdn_settings' LIMIT 1 [ RunTime:0.000277s ]
[2026-05-25T15:13:25+08:00][sql] SELECT `option_value` FROM `cmf_option` WHERE  `option_name` = 'cdn_settings' LIMIT 1 [ RunTime:0.000278s ]
[2026-05-25T15:13:25+08:00][sql] SHOW FULL COLUMNS FROM `cmf_product_category` [ RunTime:0.000950s ]
[2026-05-25T15:13:25+08:00][sql] SELECT * FROM `cmf_product_category` WHERE  `parent_id` = 0 ORDER BY `list_order` ASC,`create_time` DESC [ RunTime:0.000349s ]
[2026-05-25T15:13:25+08:00][sql] SELECT * FROM `cmf_product_category` WHERE  `parent_id` IN (28,19,22,23,25,27,30) [ RunTime:0.000418s ]
[2026-05-25T15:13:25+08:00][sql] SHOW FULL COLUMNS FROM `cmf_portal_category` [ RunTime:0.001316s ]
[2026-05-25T15:13:25+08:00][sql] SELECT * FROM `cmf_portal_category` WHERE (  `type` = 8 ) AND `cmf_portal_category`.`delete_time` = '0' ORDER BY `list_order` ASC [ RunTime:0.000303s ]
[2026-05-25T15:13:25+08:00][sql] SHOW FULL COLUMNS FROM `cmf_slide_item` [ RunTime:0.001074s ]
[2026-05-25T15:13:25+08:00][sql] SELECT `title`,`description`,`image`,`url`,`target`,`content` FROM `cmf_slide_item` WHERE  `slide_id` = 1 ORDER BY `list_order` ASC [ RunTime:0.000302s ]
[2026-05-25T15:13:25+08:00][sql] SHOW FULL COLUMNS FROM `cmf_slide` [ RunTime:0.002016s ]
[2026-05-25T15:13:25+08:00][sql] SELECT * FROM `cmf_slide` WHERE  `name` LIKE '%choose%' OR `name` LIKE '%选择%' LIMIT 1 [ RunTime:0.000421s ]
[2026-05-25T15:13:25+08:00][sql] SELECT `title`,`description`,`image`,`url`,`target`,`content` FROM `cmf_slide_item` WHERE  `slide_id` = 14  AND `status` = 1 ORDER BY `list_order` ASC [ RunTime:0.000348s ]
[2026-05-25T15:13:25+08:00][sql] SELECT * FROM `cmf_product_category` WHERE  `parent_id` = 0  AND `recommend` = 1 ORDER BY `list_order` ASC,`create_time` DESC [ RunTime:0.000317s ]
[2026-05-25T15:13:25+08:00][sql] SHOW FULL COLUMNS FROM `cmf_product` [ RunTime:0.000970s ]
[2026-05-25T15:13:25+08:00][sql] SELECT `id`,`title`,`thumbnail`,`industry` FROM `cmf_product` WHERE  `is_recommended` = 1  AND `category_id` = 28 ORDER BY `list_order` ASC LIMIT 6 [ RunTime:0.000446s ]
[2026-05-25T15:13:25+08:00][sql] SELECT `id`,`title`,`thumbnail`,`industry` FROM `cmf_product` WHERE  `is_recommended` = 1  AND `category_id` = 19 ORDER BY `list_order` ASC LIMIT 6 [ RunTime:0.000358s ]
[2026-05-25T15:13:25+08:00][sql] SELECT `id`,`title`,`thumbnail`,`industry` FROM `cmf_product` WHERE  `is_recommended` = 1  AND `category_id` = 23 ORDER BY `list_order` ASC LIMIT 6 [ RunTime:0.000265s ]
[2026-05-25T15:13:25+08:00][sql] SHOW FULL COLUMNS FROM `cmf_portal_post` [ RunTime:0.001182s ]
[2026-05-25T15:13:25+08:00][sql] SELECT `p`.`id`,`p`.`post_title`,`p`.`post_excerpt`,`p`.`thumbnail`,`p`.`create_time`,`c`.`category_id` FROM `cmf_portal_post` `p` INNER JOIN `cmf_portal_category_post` `c` ON `p`.`id`=`c`.`post_id` WHERE (  `p`.`post_type` = '8' ) AND `p`.`delete_time` = '0' ORDER BY `c`.`list_order` ASC,`p`.`create_time` DESC [ RunTime:0.000638s ]
[2026-05-25T15:13:25+08:00][sql] SELECT `id`,`post_title`,`post_excerpt`,`more` FROM `cmf_portal_post` WHERE (  `post_type` = 3 ) AND `cmf_portal_post`.`delete_time` = '0' ORDER BY `create_time` DESC [ RunTime:0.000313s ]
[2026-05-25T15:13:25+08:00][sql] SHOW FULL COLUMNS FROM `cmf_theme_file` [ RunTime:0.001520s ]
[2026-05-25T15:13:25+08:00][sql] SELECT `more`,`file`,`id` FROM `cmf_theme_file` WHERE  `theme` = 'simpleboot3_mobile'  AND (  `is_public` = 1 OR `file` = 'portal/index' ) ORDER BY `is_public` DESC [ RunTime:0.000398s ]
[2026-05-25T15:13:25+08:00][sql] SELECT `option_value` FROM `cmf_option` WHERE  `option_name` = 'storage' LIMIT 1 [ RunTime:0.000424s ]
[2026-05-25T15:13:28+08:00][sql] CONNECT:[ UseTime:0.013074s ] mysql:host=127.0.0.1;port=3306;dbname=weihua;charset=utf8mb4
[2026-05-25T15:13:28+08:00][sql] SHOW FULL COLUMNS FROM `cmf_option` [ RunTime:0.002651s ]
[2026-05-25T15:13:28+08:00][sql] SELECT `option_value` FROM `cmf_option` WHERE  `option_name` = 'cdn_settings' LIMIT 1 [ RunTime:0.000554s ]
[2026-05-25T15:13:28+08:00][sql] SELECT `option_value` FROM `cmf_option` WHERE  `option_name` = 'cdn_settings' LIMIT 1 [ RunTime:0.000351s ]
[2026-05-25T15:13:28+08:00][sql] SHOW FULL COLUMNS FROM `cmf_product_category` [ RunTime:0.003298s ]
[2026-05-25T15:13:28+08:00][sql] SELECT * FROM `cmf_product_category` WHERE  `parent_id` = 0 ORDER BY `list_order` ASC,`create_time` DESC [ RunTime:0.000434s ]
[2026-05-25T15:13:28+08:00][sql] SELECT * FROM `cmf_product_category` WHERE  `parent_id` IN (28,19,22,23,25,27,30) [ RunTime:0.000316s ]
[2026-05-25T15:13:28+08:00][sql] SHOW FULL COLUMNS FROM `cmf_portal_category` [ RunTime:0.001149s ]
[2026-05-25T15:13:28+08:00][sql] SELECT * FROM `cmf_portal_category` WHERE (  `type` = 8 ) AND `cmf_portal_category`.`delete_time` = '0' ORDER BY `list_order` ASC [ RunTime:0.000342s ]
[2026-05-25T15:13:28+08:00][sql] SHOW FULL COLUMNS FROM `cmf_slide_item` [ RunTime:0.001132s ]
[2026-05-25T15:13:28+08:00][sql] SELECT `title`,`description`,`image` FROM `cmf_slide_item` WHERE  `slide_id` = 12  AND `status` = 1 ORDER BY `list_order` ASC,`id` DESC LIMIT 1 [ RunTime:0.000706s ]
[2026-05-25T15:13:28+08:00][sql] SELECT * FROM `cmf_portal_category` WHERE (  `id` = 0  AND `status` = 1 ) AND `cmf_portal_category`.`delete_time` = '0' LIMIT 1 [ RunTime:0.000957s ]
[2026-05-25T15:13:28+08:00][sql] SHOW FULL COLUMNS FROM `cmf_portal_post` [ RunTime:0.001313s ]
[2026-05-25T15:13:28+08:00][sql] SELECT COUNT(*) AS think_count FROM `cmf_portal_post` `p` LEFT JOIN `cmf_portal_category_post` `c` ON `p`.`id`=`c`.`post_id` WHERE (  `post_type` = 8 ) AND `p`.`delete_time` = '0' LIMIT 1 [ RunTime:0.001236s ]
[2026-05-25T15:13:28+08:00][sql] SELECT `p`.`id`,`p`.`post_title`,`p`.`thumbnail`,`p`.`more`,c.category_id as cid,`p`.`post_excerpt`,`p`.`create_time` FROM `cmf_portal_post` `p` LEFT JOIN `cmf_portal_category_post` `c` ON `p`.`id`=`c`.`post_id` WHERE (  `post_type` = 8 ) AND `p`.`delete_time` = '0' ORDER BY `c`.`list_order` ASC,`p`.`create_time` DESC LIMIT 0,6 [ RunTime:0.000743s ]
[2026-05-25T15:13:28+08:00][sql] SHOW FULL COLUMNS FROM `cmf_theme_file` [ RunTime:0.001605s ]
[2026-05-25T15:13:28+08:00][sql] SELECT `more`,`file`,`id` FROM `cmf_theme_file` WHERE  `theme` = 'simpleboot3_mobile'  AND (  `is_public` = 1 OR `file` = 'portal/news' ) ORDER BY `is_public` DESC [ RunTime:0.000393s ]
[2026-05-25T15:13:28+08:00][sql] SELECT `option_value` FROM `cmf_option` WHERE  `option_name` = 'storage' LIMIT 1 [ RunTime:0.000397s ]
[2026-05-25T15:20:46+08:00][sql] CONNECT:[ UseTime:0.000999s ] mysql:host=127.0.0.1;port=3306;dbname=weihua;charset=utf8mb4
[2026-05-25T15:20:46+08:00][sql] SHOW FULL COLUMNS FROM `cmf_hook` [ RunTime:0.001854s ]
[2026-05-25T15:20:46+08:00][sql] SELECT `hook`,`id` FROM `cmf_hook` WHERE  (  (  `app` = '' OR `app` = 'cmf' )  AND `type` = 3 ) OR `type` = 1 [ RunTime:0.000951s ]
[2026-05-25T15:20:46+08:00][sql] SHOW FULL COLUMNS FROM `cmf_hook_plugin` [ RunTime:0.000916s ]
[2026-05-25T15:20:46+08:00][sql] SELECT `hook`,`plugin` FROM `cmf_hook_plugin` WHERE  `status` = 1  AND `hook` IN ('app_begin','module_init','action_begin','view_filter','app_end','log_write','response_end','admin_init','home_init','send_mobile_verification_code','body_start','before_head_end','footer_start','before_footer','before_footer_end','before_body_end','left_sidebar_start','before_left_sidebar_end','right_sidebar_start','before_right_sidebar_end','comment','guestbook','switch_theme','after_content','before_content','log_write_done','switch_admin_theme','captcha_image','user_login_start') ORDER BY `list_order` ASC [ RunTime:0.000634s ]
[2026-05-25T15:20:46+08:00][sql] SELECT `hook` FROM `cmf_hook` WHERE  `app` = 'portal' [ RunTime:0.000651s ]
[2026-05-25T15:20:46+08:00][sql] SELECT `hook`,`plugin` FROM `cmf_hook_plugin` WHERE  `status` = 1  AND `hook` IN ('portal_before_assign_article','portal_admin_after_save_article','portal_admin_article_index_view','portal_admin_article_add_view','portal_admin_article_edit_view','portal_admin_category_index_view','portal_admin_category_add_view','portal_admin_category_edit_view','portal_admin_page_index_view','portal_admin_page_add_view','portal_admin_page_edit_view','portal_admin_tag_index_view','portal_admin_article_edit_view_right_sidebar','portal_admin_article_edit_view_main') ORDER BY `list_order` ASC [ RunTime:0.000444s ]
[2026-05-25T15:20:46+08:00][sql] SHOW FULL COLUMNS FROM `cmf_plugin` [ RunTime:0.001663s ]
[2026-05-25T15:20:46+08:00][sql] SELECT `config` FROM `cmf_plugin` WHERE  `name` = 'SwitchTheme' LIMIT 1 [ RunTime:0.001134s ]
[2026-05-25T15:20:46+08:00][sql] SHOW FULL COLUMNS FROM `cmf_option` [ RunTime:0.003364s ]
[2026-05-25T15:20:46+08:00][sql] SELECT `option_value` FROM `cmf_option` WHERE  `option_name` = 'cdn_settings' LIMIT 1 [ RunTime:0.000854s ]
[2026-05-25T15:20:46+08:00][sql] SELECT `option_value` FROM `cmf_option` WHERE  `option_name` = 'cdn_settings' LIMIT 1 [ RunTime:0.000919s ]
[2026-05-25T15:20:46+08:00][sql] SHOW FULL COLUMNS FROM `cmf_product_category` [ RunTime:0.001787s ]
[2026-05-25T15:20:46+08:00][sql] SELECT * FROM `cmf_product_category` WHERE  `parent_id` = 0 ORDER BY `list_order` ASC,`create_time` DESC [ RunTime:0.000615s ]
[2026-05-25T15:20:46+08:00][sql] SELECT * FROM `cmf_product_category` WHERE  `parent_id` IN (28,19,22,23,25,27,30) [ RunTime:0.001036s ]
[2026-05-25T15:20:46+08:00][sql] SHOW FULL COLUMNS FROM `cmf_portal_category` [ RunTime:0.001700s ]
[2026-05-25T15:20:46+08:00][sql] SELECT * FROM `cmf_portal_category` WHERE (  `type` = 8 ) AND `cmf_portal_category`.`delete_time` = '0' ORDER BY `list_order` ASC [ RunTime:0.000727s ]
[2026-05-25T15:20:46+08:00][sql] SELECT `option_value` FROM `cmf_option` WHERE  `option_name` = 'site_info' LIMIT 1 [ RunTime:0.000316s ]
[2026-05-25T15:20:46+08:00][sql] SHOW FULL COLUMNS FROM `cmf_slide_item` [ RunTime:0.001895s ]
[2026-05-25T15:20:46+08:00][sql] SELECT `title`,`description`,`image` FROM `cmf_slide_item` WHERE  `slide_id` = 12  AND `status` = 1 ORDER BY `list_order` ASC,`id` DESC LIMIT 1 [ RunTime:0.000881s ]
[2026-05-25T15:20:46+08:00][sql] SELECT * FROM `cmf_portal_category` WHERE (  `id` = 0  AND `status` = 1 ) AND `cmf_portal_category`.`delete_time` = '0' LIMIT 1 [ RunTime:0.000554s ]
[2026-05-25T15:20:46+08:00][sql] SHOW FULL COLUMNS FROM `cmf_portal_post` [ RunTime:0.004270s ]
[2026-05-25T15:20:46+08:00][sql] SELECT COUNT(*) AS think_count FROM `cmf_portal_post` `p` LEFT JOIN `cmf_portal_category_post` `c` ON `p`.`id`=`c`.`post_id` WHERE (  `post_type` = 8 ) AND `p`.`delete_time` = '0' LIMIT 1 [ RunTime:0.001303s ]
[2026-05-25T15:20:46+08:00][sql] SELECT `p`.`id`,`p`.`post_title`,`p`.`thumbnail`,`p`.`more`,c.category_id as cid,`p`.`post_excerpt`,`p`.`create_time` FROM `cmf_portal_post` `p` LEFT JOIN `cmf_portal_category_post` `c` ON `p`.`id`=`c`.`post_id` WHERE (  `post_type` = 8 ) AND `p`.`delete_time` = '0' ORDER BY `c`.`list_order` ASC,`p`.`create_time` DESC LIMIT 0,6 [ RunTime:0.000800s ]
[2026-05-25T15:20:46+08:00][sql] SHOW FULL COLUMNS FROM `cmf_theme_file` [ RunTime:0.001777s ]
[2026-05-25T15:20:46+08:00][sql] SELECT `more`,`file`,`id` FROM `cmf_theme_file` WHERE  `theme` = 'simpleboot3'  AND (  `is_public` = 1 OR `file` = 'portal/news' ) ORDER BY `is_public` DESC [ RunTime:0.000466s ]
[2026-05-25T15:20:46+08:00][sql] SHOW FULL COLUMNS FROM `cmf_route` [ RunTime:0.001089s ]
[2026-05-25T15:20:46+08:00][sql] SELECT * FROM `cmf_route` WHERE  `status` = 1 ORDER BY `list_order` ASC [ RunTime:0.000522s ]
[2026-05-25T15:20:46+08:00][sql] SELECT `option_value` FROM `cmf_option` WHERE  `option_name` = 'storage' LIMIT 1 [ RunTime:0.000623s ]
[2026-05-25T15:20:52+08:00][sql] CONNECT:[ UseTime:0.001426s ] mysql:host=127.0.0.1;port=3306;dbname=weihua;charset=utf8mb4
[2026-05-25T15:20:52+08:00][sql] SHOW FULL COLUMNS FROM `cmf_option` [ RunTime:0.002930s ]
[2026-05-25T15:20:52+08:00][sql] SELECT `option_value` FROM `cmf_option` WHERE  `option_name` = 'cdn_settings' LIMIT 1 [ RunTime:0.000548s ]
[2026-05-25T15:20:52+08:00][sql] SELECT `option_value` FROM `cmf_option` WHERE  `option_name` = 'cdn_settings' LIMIT 1 [ RunTime:0.001031s ]
[2026-05-25T15:20:52+08:00][sql] SHOW FULL COLUMNS FROM `cmf_product_category` [ RunTime:0.002078s ]
[2026-05-25T15:20:52+08:00][sql] SELECT * FROM `cmf_product_category` WHERE  `parent_id` = 0 ORDER BY `list_order` ASC,`create_time` DESC [ RunTime:0.000657s ]
[2026-05-25T15:20:52+08:00][sql] SELECT * FROM `cmf_product_category` WHERE  `parent_id` IN (28,19,22,23,25,27,30) [ RunTime:0.000803s ]
[2026-05-25T15:20:52+08:00][sql] SHOW FULL COLUMNS FROM `cmf_portal_category` [ RunTime:0.001502s ]
[2026-05-25T15:20:52+08:00][sql] SELECT * FROM `cmf_portal_category` WHERE (  `type` = 8 ) AND `cmf_portal_category`.`delete_time` = '0' ORDER BY `list_order` ASC [ RunTime:0.000474s ]
[2026-05-25T15:20:52+08:00][sql] SHOW FULL COLUMNS FROM `cmf_slide_item` [ RunTime:0.001639s ]
[2026-05-25T15:20:52+08:00][sql] SELECT `title`,`description`,`image` FROM `cmf_slide_item` WHERE  `slide_id` = 12  AND `status` = 1 ORDER BY `list_order` ASC,`id` DESC LIMIT 1 [ RunTime:0.001013s ]
[2026-05-25T15:20:52+08:00][sql] SELECT * FROM `cmf_portal_category` WHERE (  `id` = 0  AND `status` = 1 ) AND `cmf_portal_category`.`delete_time` = '0' LIMIT 1 [ RunTime:0.000371s ]
[2026-05-25T15:20:52+08:00][sql] SHOW FULL COLUMNS FROM `cmf_portal_post` [ RunTime:0.001137s ]
[2026-05-25T15:20:52+08:00][sql] SELECT COUNT(*) AS think_count FROM `cmf_portal_post` `p` LEFT JOIN `cmf_portal_category_post` `c` ON `p`.`id`=`c`.`post_id` WHERE (  `post_type` = 8 ) AND `p`.`delete_time` = '0' LIMIT 1 [ RunTime:0.000513s ]
[2026-05-25T15:20:52+08:00][sql] SELECT `p`.`id`,`p`.`post_title`,`p`.`thumbnail`,`p`.`more`,c.category_id as cid,`p`.`post_excerpt`,`p`.`create_time` FROM `cmf_portal_post` `p` LEFT JOIN `cmf_portal_category_post` `c` ON `p`.`id`=`c`.`post_id` WHERE (  `post_type` = 8 ) AND `p`.`delete_time` = '0' ORDER BY `c`.`list_order` ASC,`p`.`create_time` DESC LIMIT 0,6 [ RunTime:0.000486s ]
[2026-05-25T15:20:52+08:00][sql] SHOW FULL COLUMNS FROM `cmf_theme_file` [ RunTime:0.001049s ]
[2026-05-25T15:20:52+08:00][sql] SELECT `more`,`file`,`id` FROM `cmf_theme_file` WHERE  `theme` = 'simpleboot3_mobile'  AND (  `is_public` = 1 OR `file` = 'portal/news' ) ORDER BY `is_public` DESC [ RunTime:0.000413s ]
[2026-05-25T15:20:52+08:00][sql] SELECT `option_value` FROM `cmf_option` WHERE  `option_name` = 'storage' LIMIT 1 [ RunTime:0.000467s ]
[2026-05-25T15:21:04+08:00][sql] CONNECT:[ UseTime:0.019033s ] mysql:host=127.0.0.1;port=3306;dbname=weihua;charset=utf8mb4
[2026-05-25T15:21:04+08:00][sql] SHOW FULL COLUMNS FROM `cmf_option` [ RunTime:0.002367s ]
[2026-05-25T15:21:04+08:00][sql] SELECT `option_value` FROM `cmf_option` WHERE  `option_name` = 'cdn_settings' LIMIT 1 [ RunTime:0.000311s ]
[2026-05-25T15:21:04+08:00][sql] SELECT `option_value` FROM `cmf_option` WHERE  `option_name` = 'cdn_settings' LIMIT 1 [ RunTime:0.000492s ]
[2026-05-25T15:21:04+08:00][sql] SHOW FULL COLUMNS FROM `cmf_product_category` [ RunTime:0.001410s ]
[2026-05-25T15:21:04+08:00][sql] SELECT * FROM `cmf_product_category` WHERE  `parent_id` = 0 ORDER BY `list_order` ASC,`create_time` DESC [ RunTime:0.000489s ]
[2026-05-25T15:21:04+08:00][sql] SELECT * FROM `cmf_product_category` WHERE  `parent_id` IN (28,19,22,23,25,27,30) [ RunTime:0.000885s ]
[2026-05-25T15:21:04+08:00][sql] SHOW FULL COLUMNS FROM `cmf_portal_category` [ RunTime:0.001164s ]
[2026-05-25T15:21:04+08:00][sql] SELECT * FROM `cmf_portal_category` WHERE (  `type` = 8 ) AND `cmf_portal_category`.`delete_time` = '0' ORDER BY `list_order` ASC [ RunTime:0.000414s ]
[2026-05-25T15:21:04+08:00][sql] SELECT * FROM `cmf_portal_category` WHERE (  `id` = 1  AND `status` = 1 ) AND `cmf_portal_category`.`delete_time` = '0' LIMIT 1 [ RunTime:0.000332s ]
[2026-05-25T15:21:04+08:00][sql] SHOW FULL COLUMNS FROM `cmf_portal_post` [ RunTime:0.000995s ]
[2026-05-25T15:21:04+08:00][sql] SELECT `post`.* FROM `cmf_portal_post` `post` INNER JOIN `cmf_portal_category_post` `relation` ON `post`.`id`=`relation`.`post_id` WHERE (  `post`.`post_type` = '8'  AND `post`.`delete_time` = '0'  AND `relation`.`category_id` = '1'  AND `relation`.`post_id` = '15' ) AND `post`.`delete_time` = '0' LIMIT 1 [ RunTime:0.002464s ]
[2026-05-25T15:21:04+08:00][sql] SHOW FULL COLUMNS FROM `cmf_slide_item` [ RunTime:0.000999s ]
[2026-05-25T15:21:04+08:00][sql] SELECT `title`,`description`,`image` FROM `cmf_slide_item` WHERE  `slide_id` = 12  AND `status` = 1 ORDER BY `list_order` ASC,`id` DESC LIMIT 1 [ RunTime:0.000506s ]
[2026-05-25T15:21:04+08:00][sql] UPDATE `cmf_portal_post`  SET `post_hits` = `post_hits` + 1  WHERE (  `id` = 15 ) AND `cmf_portal_post`.`delete_time` = '0' [ RunTime:0.006077s ]
[2026-05-25T15:21:04+08:00][sql] SELECT `post`.* FROM `cmf_portal_post` `post` INNER JOIN `cmf_portal_category_post` `relation` ON `post`.`id`=`relation`.`post_id` WHERE (  `post`.`post_type` = '8'  AND `post`.`delete_time` = '0'  AND `relation`.`category_id` = '1'  AND `relation`.`post_id` = '15'  AND `relation`.`post_id` = '15' ) AND `post`.`delete_time` = '0' LIMIT 1 [ RunTime:0.001288s ]
[2026-05-25T15:21:04+08:00][sql] SELECT `post`.* FROM `cmf_portal_post` `post` INNER JOIN `cmf_portal_category_post` `relation` ON `post`.`id`=`relation`.`post_id` WHERE (  `post`.`post_type` = '8'  AND `post`.`delete_time` = '0'  AND `relation`.`category_id` = '1'  AND `relation`.`post_id` = '15'  AND `relation`.`post_id` < '15' ) AND `post`.`delete_time` = '0' ORDER BY `id` DESC LIMIT 1 [ RunTime:0.002057s ]
[2026-05-25T15:21:04+08:00][sql] SELECT `post`.* FROM `cmf_portal_post` `post` INNER JOIN `cmf_portal_category_post` `relation` ON `post`.`id`=`relation`.`post_id` WHERE (  `post`.`post_type` = '8'  AND `post`.`delete_time` = '0'  AND `relation`.`category_id` = '1'  AND `relation`.`post_id` = '15'  AND `relation`.`post_id` > '15' ) AND `post`.`delete_time` = '0' ORDER BY `id` DESC LIMIT 1 [ RunTime:0.001234s ]
[2026-05-25T15:21:04+08:00][sql] SHOW FULL COLUMNS FROM `cmf_theme_file` [ RunTime:0.003540s ]
[2026-05-25T15:21:04+08:00][sql] SELECT `more`,`file`,`id` FROM `cmf_theme_file` WHERE  `theme` = 'simpleboot3_mobile'  AND (  `is_public` = 1 OR `file` = 'portal/news-info' ) ORDER BY `is_public` DESC [ RunTime:0.001307s ]
[2026-05-25T15:21:04+08:00][sql] SELECT `option_value` FROM `cmf_option` WHERE  `option_name` = 'storage' LIMIT 1 [ RunTime:0.000641s ]
[2026-05-25T15:22:29+08:00][sql] CONNECT:[ UseTime:0.000942s ] mysql:host=127.0.0.1;port=3306;dbname=weihua;charset=utf8mb4
[2026-05-25T15:22:29+08:00][sql] SHOW FULL COLUMNS FROM `cmf_hook` [ RunTime:0.002082s ]
[2026-05-25T15:22:29+08:00][sql] SELECT `hook`,`id` FROM `cmf_hook` WHERE  (  (  `app` = '' OR `app` = 'cmf' )  AND `type` = 3 ) OR `type` = 1 [ RunTime:0.000729s ]
[2026-05-25T15:22:29+08:00][sql] SHOW FULL COLUMNS FROM `cmf_hook_plugin` [ RunTime:0.001560s ]
[2026-05-25T15:22:29+08:00][sql] SELECT `hook`,`plugin` FROM `cmf_hook_plugin` WHERE  `status` = 1  AND `hook` IN ('app_begin','module_init','action_begin','view_filter','app_end','log_write','response_end','admin_init','home_init','send_mobile_verification_code','body_start','before_head_end','footer_start','before_footer','before_footer_end','before_body_end','left_sidebar_start','before_left_sidebar_end','right_sidebar_start','before_right_sidebar_end','comment','guestbook','switch_theme','after_content','before_content','log_write_done','switch_admin_theme','captcha_image','user_login_start') ORDER BY `list_order` ASC [ RunTime:0.000475s ]
[2026-05-25T15:22:29+08:00][sql] SELECT `hook` FROM `cmf_hook` WHERE  `app` = 'portal' [ RunTime:0.000556s ]
[2026-05-25T15:22:29+08:00][sql] SELECT `hook`,`plugin` FROM `cmf_hook_plugin` WHERE  `status` = 1  AND `hook` IN ('portal_before_assign_article','portal_admin_after_save_article','portal_admin_article_index_view','portal_admin_article_add_view','portal_admin_article_edit_view','portal_admin_category_index_view','portal_admin_category_add_view','portal_admin_category_edit_view','portal_admin_page_index_view','portal_admin_page_add_view','portal_admin_page_edit_view','portal_admin_tag_index_view','portal_admin_article_edit_view_right_sidebar','portal_admin_article_edit_view_main') ORDER BY `list_order` ASC [ RunTime:0.000395s ]
[2026-05-25T15:22:29+08:00][sql] SHOW FULL COLUMNS FROM `cmf_plugin` [ RunTime:0.001522s ]
[2026-05-25T15:22:29+08:00][sql] SELECT `config` FROM `cmf_plugin` WHERE  `name` = 'SwitchTheme' LIMIT 1 [ RunTime:0.000630s ]
[2026-05-25T15:22:29+08:00][sql] SHOW FULL COLUMNS FROM `cmf_option` [ RunTime:0.001611s ]
[2026-05-25T15:22:29+08:00][sql] SELECT `option_value` FROM `cmf_option` WHERE  `option_name` = 'cdn_settings' LIMIT 1 [ RunTime:0.000483s ]
[2026-05-25T15:22:29+08:00][sql] SELECT `option_value` FROM `cmf_option` WHERE  `option_name` = 'cdn_settings' LIMIT 1 [ RunTime:0.000965s ]
[2026-05-25T15:22:29+08:00][sql] SHOW FULL COLUMNS FROM `cmf_product_category` [ RunTime:0.001596s ]
[2026-05-25T15:22:29+08:00][sql] SELECT * FROM `cmf_product_category` WHERE  `parent_id` = 0 ORDER BY `list_order` ASC,`create_time` DESC [ RunTime:0.000443s ]
[2026-05-25T15:22:29+08:00][sql] SELECT * FROM `cmf_product_category` WHERE  `parent_id` IN (28,19,22,23,25,27,30) [ RunTime:0.000339s ]
[2026-05-25T15:22:29+08:00][sql] SHOW FULL COLUMNS FROM `cmf_portal_category` [ RunTime:0.001227s ]
[2026-05-25T15:22:29+08:00][sql] SELECT * FROM `cmf_portal_category` WHERE (  `type` = 8 ) AND `cmf_portal_category`.`delete_time` = '0' ORDER BY `list_order` ASC [ RunTime:0.000348s ]
[2026-05-25T15:22:29+08:00][sql] SELECT `option_value` FROM `cmf_option` WHERE  `option_name` = 'site_info' LIMIT 1 [ RunTime:0.000276s ]
[2026-05-25T15:22:29+08:00][sql] SHOW FULL COLUMNS FROM `cmf_slide_item` [ RunTime:0.001257s ]
[2026-05-25T15:22:29+08:00][sql] SELECT `title`,`description`,`image`,`url`,`target`,`content` FROM `cmf_slide_item` WHERE  `slide_id` = 1 ORDER BY `list_order` ASC [ RunTime:0.000521s ]
[2026-05-25T15:22:29+08:00][sql] SHOW FULL COLUMNS FROM `cmf_slide` [ RunTime:0.001646s ]
[2026-05-25T15:22:29+08:00][sql] SELECT * FROM `cmf_slide` WHERE  `name` LIKE '%choose%' OR `name` LIKE '%选择%' LIMIT 1 [ RunTime:0.000570s ]
[2026-05-25T15:22:29+08:00][sql] SELECT `title`,`description`,`image`,`url`,`target`,`content` FROM `cmf_slide_item` WHERE  `slide_id` = 14  AND `status` = 1 ORDER BY `list_order` ASC [ RunTime:0.000415s ]
[2026-05-25T15:22:29+08:00][sql] SELECT * FROM `cmf_product_category` WHERE  `parent_id` = 0  AND `recommend` = 1 ORDER BY `list_order` ASC,`create_time` DESC [ RunTime:0.000682s ]
[2026-05-25T15:22:29+08:00][sql] SHOW FULL COLUMNS FROM `cmf_product` [ RunTime:0.001818s ]
[2026-05-25T15:22:29+08:00][sql] SELECT `id`,`title`,`thumbnail`,`industry` FROM `cmf_product` WHERE  `is_recommended` = 1  AND `category_id` = 28 ORDER BY `list_order` ASC LIMIT 6 [ RunTime:0.000686s ]
[2026-05-25T15:22:29+08:00][sql] SELECT `id`,`title`,`thumbnail`,`industry` FROM `cmf_product` WHERE  `is_recommended` = 1  AND `category_id` = 19 ORDER BY `list_order` ASC LIMIT 6 [ RunTime:0.000429s ]
[2026-05-25T15:22:29+08:00][sql] SELECT `id`,`title`,`thumbnail`,`industry` FROM `cmf_product` WHERE  `is_recommended` = 1  AND `category_id` = 23 ORDER BY `list_order` ASC LIMIT 6 [ RunTime:0.000429s ]
[2026-05-25T15:22:29+08:00][sql] SELECT `option_value` FROM `cmf_option` WHERE  `option_name` = 'index_setting' LIMIT 1 [ RunTime:0.000262s ]
[2026-05-25T15:22:29+08:00][sql] SELECT `option_value` FROM `cmf_option` WHERE  `option_name` = 'about_site' LIMIT 1 [ RunTime:0.000344s ]
[2026-05-25T15:22:29+08:00][sql] SHOW FULL COLUMNS FROM `cmf_portal_post` [ RunTime:0.001556s ]
[2026-05-25T15:22:29+08:00][sql] SELECT `p`.`id`,`p`.`post_title`,`p`.`post_excerpt`,`p`.`thumbnail`,`p`.`create_time`,`c`.`category_id` FROM `cmf_portal_post` `p` INNER JOIN `cmf_portal_category_post` `c` ON `p`.`id`=`c`.`post_id` WHERE (  `p`.`post_type` = '8' ) AND `p`.`delete_time` = '0' ORDER BY `c`.`list_order` ASC,`p`.`create_time` DESC [ RunTime:0.000957s ]
[2026-05-25T15:22:29+08:00][sql] SELECT `id`,`post_title`,`post_excerpt`,`more` FROM `cmf_portal_post` WHERE (  `post_type` = 3 ) AND `cmf_portal_post`.`delete_time` = '0' ORDER BY `create_time` DESC [ RunTime:0.000420s ]
[2026-05-25T15:22:29+08:00][sql] SHOW FULL COLUMNS FROM `cmf_theme_file` [ RunTime:0.001328s ]
[2026-05-25T15:22:29+08:00][sql] SELECT `more`,`file`,`id` FROM `cmf_theme_file` WHERE  `theme` = 'simpleboot3'  AND (  `is_public` = 1 OR `file` = 'portal/index' ) ORDER BY `is_public` DESC [ RunTime:0.000524s ]
[2026-05-25T15:22:29+08:00][sql] SHOW FULL COLUMNS FROM `cmf_route` [ RunTime:0.001622s ]
[2026-05-25T15:22:29+08:00][sql] SELECT * FROM `cmf_route` WHERE  `status` = 1 ORDER BY `list_order` ASC [ RunTime:0.000673s ]
[2026-05-25T15:22:29+08:00][sql] SELECT `option_value` FROM `cmf_option` WHERE  `option_name` = 'storage' LIMIT 1 [ RunTime:0.000770s ]
[2026-05-25T15:22:35+08:00][sql] CONNECT:[ UseTime:0.001606s ] mysql:host=127.0.0.1;port=3306;dbname=weihua;charset=utf8mb4
[2026-05-25T15:22:35+08:00][sql] SHOW FULL COLUMNS FROM `cmf_option` [ RunTime:0.001968s ]
[2026-05-25T15:22:35+08:00][sql] SELECT `option_value` FROM `cmf_option` WHERE  `option_name` = 'cdn_settings' LIMIT 1 [ RunTime:0.000346s ]
[2026-05-25T15:22:35+08:00][sql] SELECT `option_value` FROM `cmf_option` WHERE  `option_name` = 'cdn_settings' LIMIT 1 [ RunTime:0.000494s ]
[2026-05-25T15:22:35+08:00][sql] SHOW FULL COLUMNS FROM `cmf_product_category` [ RunTime:0.001284s ]
[2026-05-25T15:22:35+08:00][sql] SELECT * FROM `cmf_product_category` WHERE  `parent_id` = 0 ORDER BY `list_order` ASC,`create_time` DESC [ RunTime:0.000379s ]
[2026-05-25T15:22:35+08:00][sql] SELECT * FROM `cmf_product_category` WHERE  `parent_id` IN (28,19,22,23,25,27,30) [ RunTime:0.000651s ]
[2026-05-25T15:22:35+08:00][sql] SHOW FULL COLUMNS FROM `cmf_portal_category` [ RunTime:0.001541s ]
[2026-05-25T15:22:35+08:00][sql] SELECT * FROM `cmf_portal_category` WHERE (  `type` = 8 ) AND `cmf_portal_category`.`delete_time` = '0' ORDER BY `list_order` ASC [ RunTime:0.000369s ]
[2026-05-25T15:22:35+08:00][sql] SHOW FULL COLUMNS FROM `cmf_slide_item` [ RunTime:0.001034s ]
[2026-05-25T15:22:35+08:00][sql] SELECT `title`,`description`,`image`,`url`,`target`,`content` FROM `cmf_slide_item` WHERE  `slide_id` = 1 ORDER BY `list_order` ASC [ RunTime:0.000387s ]
[2026-05-25T15:22:35+08:00][sql] SHOW FULL COLUMNS FROM `cmf_slide` [ RunTime:0.000961s ]
[2026-05-25T15:22:35+08:00][sql] SELECT * FROM `cmf_slide` WHERE  `name` LIKE '%choose%' OR `name` LIKE '%选择%' LIMIT 1 [ RunTime:0.000449s ]
[2026-05-25T15:22:35+08:00][sql] SELECT `title`,`description`,`image`,`url`,`target`,`content` FROM `cmf_slide_item` WHERE  `slide_id` = 14  AND `status` = 1 ORDER BY `list_order` ASC [ RunTime:0.000426s ]
[2026-05-25T15:22:35+08:00][sql] SELECT * FROM `cmf_product_category` WHERE  `parent_id` = 0  AND `recommend` = 1 ORDER BY `list_order` ASC,`create_time` DESC [ RunTime:0.000399s ]
[2026-05-25T15:22:35+08:00][sql] SHOW FULL COLUMNS FROM `cmf_product` [ RunTime:0.001306s ]
[2026-05-25T15:22:35+08:00][sql] SELECT `id`,`title`,`thumbnail`,`industry` FROM `cmf_product` WHERE  `is_recommended` = 1  AND `category_id` = 28 ORDER BY `list_order` ASC LIMIT 6 [ RunTime:0.000645s ]
[2026-05-25T15:22:35+08:00][sql] SELECT `id`,`title`,`thumbnail`,`industry` FROM `cmf_product` WHERE  `is_recommended` = 1  AND `category_id` = 19 ORDER BY `list_order` ASC LIMIT 6 [ RunTime:0.000649s ]
[2026-05-25T15:22:35+08:00][sql] SELECT `id`,`title`,`thumbnail`,`industry` FROM `cmf_product` WHERE  `is_recommended` = 1  AND `category_id` = 23 ORDER BY `list_order` ASC LIMIT 6 [ RunTime:0.000606s ]
[2026-05-25T15:22:35+08:00][sql] SHOW FULL COLUMNS FROM `cmf_portal_post` [ RunTime:0.002904s ]
[2026-05-25T15:22:35+08:00][sql] SELECT `p`.`id`,`p`.`post_title`,`p`.`post_excerpt`,`p`.`thumbnail`,`p`.`create_time`,`c`.`category_id` FROM `cmf_portal_post` `p` INNER JOIN `cmf_portal_category_post` `c` ON `p`.`id`=`c`.`post_id` WHERE (  `p`.`post_type` = '8' ) AND `p`.`delete_time` = '0' ORDER BY `c`.`list_order` ASC,`p`.`create_time` DESC [ RunTime:0.000727s ]
[2026-05-25T15:22:35+08:00][sql] SELECT `id`,`post_title`,`post_excerpt`,`more` FROM `cmf_portal_post` WHERE (  `post_type` = 3 ) AND `cmf_portal_post`.`delete_time` = '0' ORDER BY `create_time` DESC [ RunTime:0.000461s ]
[2026-05-25T15:22:35+08:00][sql] SHOW FULL COLUMNS FROM `cmf_theme_file` [ RunTime:0.001588s ]
[2026-05-25T15:22:35+08:00][sql] SELECT `more`,`file`,`id` FROM `cmf_theme_file` WHERE  `theme` = 'simpleboot3_mobile'  AND (  `is_public` = 1 OR `file` = 'portal/index' ) ORDER BY `is_public` DESC [ RunTime:0.000565s ]
[2026-05-25T15:22:35+08:00][sql] SELECT `option_value` FROM `cmf_option` WHERE  `option_name` = 'storage' LIMIT 1 [ RunTime:0.000528s ]
[2026-05-25T15:22:37+08:00][sql] CONNECT:[ UseTime:0.000908s ] mysql:host=127.0.0.1;port=3306;dbname=weihua;charset=utf8mb4
[2026-05-25T15:22:37+08:00][sql] SHOW FULL COLUMNS FROM `cmf_option` [ RunTime:0.002626s ]
[2026-05-25T15:22:37+08:00][sql] SELECT `option_value` FROM `cmf_option` WHERE  `option_name` = 'cdn_settings' LIMIT 1 [ RunTime:0.000498s ]
[2026-05-25T15:22:37+08:00][sql] SELECT `option_value` FROM `cmf_option` WHERE  `option_name` = 'cdn_settings' LIMIT 1 [ RunTime:0.000456s ]
[2026-05-25T15:22:37+08:00][sql] SHOW FULL COLUMNS FROM `cmf_product_category` [ RunTime:0.001299s ]
[2026-05-25T15:22:37+08:00][sql] SELECT * FROM `cmf_product_category` WHERE  `parent_id` = 0 ORDER BY `list_order` ASC,`create_time` DESC [ RunTime:0.000531s ]
[2026-05-25T15:22:37+08:00][sql] SELECT * FROM `cmf_product_category` WHERE  `parent_id` IN (28,19,22,23,25,27,30) [ RunTime:0.000314s ]
[2026-05-25T15:22:37+08:00][sql] SHOW FULL COLUMNS FROM `cmf_portal_category` [ RunTime:0.000968s ]
[2026-05-25T15:22:37+08:00][sql] SELECT * FROM `cmf_portal_category` WHERE (  `type` = 8 ) AND `cmf_portal_category`.`delete_time` = '0' ORDER BY `list_order` ASC [ RunTime:0.000607s ]
[2026-05-25T15:22:37+08:00][sql] SHOW FULL COLUMNS FROM `cmf_slide_item` [ RunTime:0.001980s ]
[2026-05-25T15:22:37+08:00][sql] SELECT `title`,`description`,`image`,`url`,`target`,`content` FROM `cmf_slide_item` WHERE  `slide_id` = 1 ORDER BY `list_order` ASC [ RunTime:0.000579s ]
[2026-05-25T15:22:37+08:00][sql] SHOW FULL COLUMNS FROM `cmf_slide` [ RunTime:0.001126s ]
[2026-05-25T15:22:37+08:00][sql] SELECT * FROM `cmf_slide` WHERE  `name` LIKE '%choose%' OR `name` LIKE '%选择%' LIMIT 1 [ RunTime:0.000455s ]
[2026-05-25T15:22:37+08:00][sql] SELECT `title`,`description`,`image`,`url`,`target`,`content` FROM `cmf_slide_item` WHERE  `slide_id` = 14  AND `status` = 1 ORDER BY `list_order` ASC [ RunTime:0.000339s ]
[2026-05-25T15:22:37+08:00][sql] SELECT * FROM `cmf_product_category` WHERE  `parent_id` = 0  AND `recommend` = 1 ORDER BY `list_order` ASC,`create_time` DESC [ RunTime:0.000684s ]
[2026-05-25T15:22:37+08:00][sql] SHOW FULL COLUMNS FROM `cmf_product` [ RunTime:0.001365s ]
[2026-05-25T15:22:37+08:00][sql] SELECT `id`,`title`,`thumbnail`,`industry` FROM `cmf_product` WHERE  `is_recommended` = 1  AND `category_id` = 28 ORDER BY `list_order` ASC LIMIT 6 [ RunTime:0.000613s ]
[2026-05-25T15:22:37+08:00][sql] SELECT `id`,`title`,`thumbnail`,`industry` FROM `cmf_product` WHERE  `is_recommended` = 1  AND `category_id` = 19 ORDER BY `list_order` ASC LIMIT 6 [ RunTime:0.000413s ]
[2026-05-25T15:22:37+08:00][sql] SELECT `id`,`title`,`thumbnail`,`industry` FROM `cmf_product` WHERE  `is_recommended` = 1  AND `category_id` = 23 ORDER BY `list_order` ASC LIMIT 6 [ RunTime:0.000420s ]
[2026-05-25T15:22:37+08:00][sql] SHOW FULL COLUMNS FROM `cmf_portal_post` [ RunTime:0.001165s ]
[2026-05-25T15:22:37+08:00][sql] SELECT `p`.`id`,`p`.`post_title`,`p`.`post_excerpt`,`p`.`thumbnail`,`p`.`create_time`,`c`.`category_id` FROM `cmf_portal_post` `p` INNER JOIN `cmf_portal_category_post` `c` ON `p`.`id`=`c`.`post_id` WHERE (  `p`.`post_type` = '8' ) AND `p`.`delete_time` = '0' ORDER BY `c`.`list_order` ASC,`p`.`create_time` DESC [ RunTime:0.000987s ]
[2026-05-25T15:22:37+08:00][sql] SELECT `id`,`post_title`,`post_excerpt`,`more` FROM `cmf_portal_post` WHERE (  `post_type` = 3 ) AND `cmf_portal_post`.`delete_time` = '0' ORDER BY `create_time` DESC [ RunTime:0.000951s ]
[2026-05-25T15:22:37+08:00][sql] SHOW FULL COLUMNS FROM `cmf_theme_file` [ RunTime:0.001366s ]
[2026-05-25T15:22:37+08:00][sql] SELECT `more`,`file`,`id` FROM `cmf_theme_file` WHERE  `theme` = 'simpleboot3_mobile'  AND (  `is_public` = 1 OR `file` = 'portal/index' ) ORDER BY `is_public` DESC [ RunTime:0.000429s ]
[2026-05-25T15:22:37+08:00][sql] SELECT `option_value` FROM `cmf_option` WHERE  `option_name` = 'storage' LIMIT 1 [ RunTime:0.000262s ]
[2026-05-25T15:22:45+08:00][sql] CONNECT:[ UseTime:0.000867s ] mysql:host=127.0.0.1;port=3306;dbname=weihua;charset=utf8mb4
[2026-05-25T15:22:45+08:00][sql] SHOW FULL COLUMNS FROM `cmf_option` [ RunTime:0.001972s ]
[2026-05-25T15:22:45+08:00][sql] SELECT `option_value` FROM `cmf_option` WHERE  `option_name` = 'cdn_settings' LIMIT 1 [ RunTime:0.000352s ]
[2026-05-25T15:22:45+08:00][sql] SELECT `option_value` FROM `cmf_option` WHERE  `option_name` = 'cdn_settings' LIMIT 1 [ RunTime:0.000366s ]
[2026-05-25T15:22:45+08:00][sql] SHOW FULL COLUMNS FROM `cmf_product_category` [ RunTime:0.001161s ]
[2026-05-25T15:22:45+08:00][sql] SELECT * FROM `cmf_product_category` WHERE  `parent_id` = 0 ORDER BY `list_order` ASC,`create_time` DESC [ RunTime:0.000496s ]
[2026-05-25T15:22:45+08:00][sql] SELECT * FROM `cmf_product_category` WHERE  `parent_id` IN (28,19,22,23,25,27,30) [ RunTime:0.000473s ]
[2026-05-25T15:22:45+08:00][sql] SHOW FULL COLUMNS FROM `cmf_portal_category` [ RunTime:0.001193s ]
[2026-05-25T15:22:45+08:00][sql] SELECT * FROM `cmf_portal_category` WHERE (  `type` = 8 ) AND `cmf_portal_category`.`delete_time` = '0' ORDER BY `list_order` ASC [ RunTime:0.000465s ]
[2026-05-25T15:22:45+08:00][sql] SHOW FULL COLUMNS FROM `cmf_slide_item` [ RunTime:0.001568s ]
[2026-05-25T15:22:45+08:00][sql] SELECT `title`,`description`,`image`,`url`,`target`,`content` FROM `cmf_slide_item` WHERE  `slide_id` = 1 ORDER BY `list_order` ASC [ RunTime:0.000660s ]
[2026-05-25T15:22:45+08:00][sql] SHOW FULL COLUMNS FROM `cmf_slide` [ RunTime:0.001046s ]
[2026-05-25T15:22:45+08:00][sql] SELECT * FROM `cmf_slide` WHERE  `name` LIKE '%choose%' OR `name` LIKE '%选择%' LIMIT 1 [ RunTime:0.000379s ]
[2026-05-25T15:22:45+08:00][sql] SELECT `title`,`description`,`image`,`url`,`target`,`content` FROM `cmf_slide_item` WHERE  `slide_id` = 14  AND `status` = 1 ORDER BY `list_order` ASC [ RunTime:0.000379s ]
[2026-05-25T15:22:45+08:00][sql] SELECT * FROM `cmf_product_category` WHERE  `parent_id` = 0  AND `recommend` = 1 ORDER BY `list_order` ASC,`create_time` DESC [ RunTime:0.000334s ]
[2026-05-25T15:22:45+08:00][sql] SHOW FULL COLUMNS FROM `cmf_product` [ RunTime:0.001290s ]
[2026-05-25T15:22:45+08:00][sql] SELECT `id`,`title`,`thumbnail`,`industry` FROM `cmf_product` WHERE  `is_recommended` = 1  AND `category_id` = 28 ORDER BY `list_order` ASC LIMIT 6 [ RunTime:0.000585s ]
[2026-05-25T15:22:45+08:00][sql] SELECT `id`,`title`,`thumbnail`,`industry` FROM `cmf_product` WHERE  `is_recommended` = 1  AND `category_id` = 19 ORDER BY `list_order` ASC LIMIT 6 [ RunTime:0.000510s ]
[2026-05-25T15:22:45+08:00][sql] SELECT `id`,`title`,`thumbnail`,`industry` FROM `cmf_product` WHERE  `is_recommended` = 1  AND `category_id` = 23 ORDER BY `list_order` ASC LIMIT 6 [ RunTime:0.000394s ]
[2026-05-25T15:22:45+08:00][sql] SHOW FULL COLUMNS FROM `cmf_portal_post` [ RunTime:0.001346s ]
[2026-05-25T15:22:45+08:00][sql] SELECT `p`.`id`,`p`.`post_title`,`p`.`post_excerpt`,`p`.`thumbnail`,`p`.`create_time`,`c`.`category_id` FROM `cmf_portal_post` `p` INNER JOIN `cmf_portal_category_post` `c` ON `p`.`id`=`c`.`post_id` WHERE (  `p`.`post_type` = '8' ) AND `p`.`delete_time` = '0' ORDER BY `c`.`list_order` ASC,`p`.`create_time` DESC [ RunTime:0.000687s ]
[2026-05-25T15:22:45+08:00][sql] SELECT `id`,`post_title`,`post_excerpt`,`more` FROM `cmf_portal_post` WHERE (  `post_type` = 3 ) AND `cmf_portal_post`.`delete_time` = '0' ORDER BY `create_time` DESC [ RunTime:0.000427s ]
[2026-05-25T15:22:45+08:00][sql] SHOW FULL COLUMNS FROM `cmf_theme_file` [ RunTime:0.002753s ]
[2026-05-25T15:22:45+08:00][sql] SELECT `more`,`file`,`id` FROM `cmf_theme_file` WHERE  `theme` = 'simpleboot3_mobile'  AND (  `is_public` = 1 OR `file` = 'portal/index' ) ORDER BY `is_public` DESC [ RunTime:0.000735s ]
[2026-05-25T15:22:45+08:00][sql] SELECT `option_value` FROM `cmf_option` WHERE  `option_name` = 'storage' LIMIT 1 [ RunTime:0.000309s ]
[2026-05-25T15:22:49+08:00][sql] CONNECT:[ UseTime:0.000892s ] mysql:host=127.0.0.1;port=3306;dbname=weihua;charset=utf8mb4
[2026-05-25T15:22:49+08:00][sql] SHOW FULL COLUMNS FROM `cmf_option` [ RunTime:0.001088s ]
[2026-05-25T15:22:49+08:00][sql] SELECT `option_value` FROM `cmf_option` WHERE  `option_name` = 'cdn_settings' LIMIT 1 [ RunTime:0.000258s ]
[2026-05-25T15:22:49+08:00][sql] SELECT `option_value` FROM `cmf_option` WHERE  `option_name` = 'cdn_settings' LIMIT 1 [ RunTime:0.000366s ]
[2026-05-25T15:22:49+08:00][sql] SHOW FULL COLUMNS FROM `cmf_product_category` [ RunTime:0.000960s ]
[2026-05-25T15:22:49+08:00][sql] SELECT * FROM `cmf_product_category` WHERE  `parent_id` = 0 ORDER BY `list_order` ASC,`create_time` DESC [ RunTime:0.000459s ]
[2026-05-25T15:22:49+08:00][sql] SELECT * FROM `cmf_product_category` WHERE  `parent_id` IN (28,19,22,23,25,27,30) [ RunTime:0.000359s ]
[2026-05-25T15:22:49+08:00][sql] SHOW FULL COLUMNS FROM `cmf_portal_category` [ RunTime:0.002113s ]
[2026-05-25T15:22:49+08:00][sql] SELECT * FROM `cmf_portal_category` WHERE (  `type` = 8 ) AND `cmf_portal_category`.`delete_time` = '0' ORDER BY `list_order` ASC [ RunTime:0.000583s ]
[2026-05-25T15:22:49+08:00][sql] SHOW FULL COLUMNS FROM `cmf_slide_item` [ RunTime:0.000852s ]
[2026-05-25T15:22:49+08:00][sql] SELECT `title`,`description`,`image` FROM `cmf_slide_item` WHERE  `slide_id` = 12  AND `status` = 1 ORDER BY `list_order` ASC,`id` DESC LIMIT 1 [ RunTime:0.000837s ]
[2026-05-25T15:22:49+08:00][sql] SELECT * FROM `cmf_portal_category` WHERE (  `id` = 0  AND `status` = 1 ) AND `cmf_portal_category`.`delete_time` = '0' LIMIT 1 [ RunTime:0.000699s ]
[2026-05-25T15:22:49+08:00][sql] SHOW FULL COLUMNS FROM `cmf_portal_post` [ RunTime:0.000946s ]
[2026-05-25T15:22:49+08:00][sql] SELECT COUNT(*) AS think_count FROM `cmf_portal_post` `p` LEFT JOIN `cmf_portal_category_post` `c` ON `p`.`id`=`c`.`post_id` WHERE (  `post_type` = 8 ) AND `p`.`delete_time` = '0' LIMIT 1 [ RunTime:0.000833s ]
[2026-05-25T15:22:49+08:00][sql] SELECT `p`.`id`,`p`.`post_title`,`p`.`thumbnail`,`p`.`more`,c.category_id as cid,`p`.`post_excerpt`,`p`.`create_time` FROM `cmf_portal_post` `p` LEFT JOIN `cmf_portal_category_post` `c` ON `p`.`id`=`c`.`post_id` WHERE (  `post_type` = 8 ) AND `p`.`delete_time` = '0' ORDER BY `c`.`list_order` ASC,`p`.`create_time` DESC LIMIT 0,6 [ RunTime:0.000471s ]
[2026-05-25T15:22:49+08:00][sql] SHOW FULL COLUMNS FROM `cmf_theme_file` [ RunTime:0.001135s ]
[2026-05-25T15:22:49+08:00][sql] SELECT `more`,`file`,`id` FROM `cmf_theme_file` WHERE  `theme` = 'simpleboot3_mobile'  AND (  `is_public` = 1 OR `file` = 'portal/news' ) ORDER BY `is_public` DESC [ RunTime:0.000847s ]
[2026-05-25T15:22:49+08:00][sql] SELECT `option_value` FROM `cmf_option` WHERE  `option_name` = 'storage' LIMIT 1 [ RunTime:0.000470s ]
[2026-05-25T15:22:51+08:00][sql] CONNECT:[ UseTime:0.011837s ] mysql:host=127.0.0.1;port=3306;dbname=weihua;charset=utf8mb4
[2026-05-25T15:22:51+08:00][sql] SHOW FULL COLUMNS FROM `cmf_option` [ RunTime:0.001544s ]
[2026-05-25T15:22:51+08:00][sql] SELECT `option_value` FROM `cmf_option` WHERE  `option_name` = 'cdn_settings' LIMIT 1 [ RunTime:0.000442s ]
[2026-05-25T15:22:51+08:00][sql] SELECT `option_value` FROM `cmf_option` WHERE  `option_name` = 'cdn_settings' LIMIT 1 [ RunTime:0.000246s ]
[2026-05-25T15:22:51+08:00][sql] SHOW FULL COLUMNS FROM `cmf_product_category` [ RunTime:0.000888s ]
[2026-05-25T15:22:51+08:00][sql] SELECT * FROM `cmf_product_category` WHERE  `parent_id` = 0 ORDER BY `list_order` ASC,`create_time` DESC [ RunTime:0.000387s ]
[2026-05-25T15:22:51+08:00][sql] SELECT * FROM `cmf_product_category` WHERE  `parent_id` IN (28,19,22,23,25,27,30) [ RunTime:0.000287s ]
[2026-05-25T15:22:51+08:00][sql] SHOW FULL COLUMNS FROM `cmf_portal_category` [ RunTime:0.001225s ]
[2026-05-25T15:22:51+08:00][sql] SELECT * FROM `cmf_portal_category` WHERE (  `type` = 8 ) AND `cmf_portal_category`.`delete_time` = '0' ORDER BY `list_order` ASC [ RunTime:0.000376s ]
[2026-05-25T15:22:51+08:00][sql] SELECT * FROM `cmf_portal_category` WHERE (  `id` = 1  AND `status` = 1 ) AND `cmf_portal_category`.`delete_time` = '0' LIMIT 1 [ RunTime:0.000827s ]
[2026-05-25T15:22:51+08:00][sql] SHOW FULL COLUMNS FROM `cmf_portal_post` [ RunTime:0.001456s ]
[2026-05-25T15:22:51+08:00][sql] SELECT `post`.* FROM `cmf_portal_post` `post` INNER JOIN `cmf_portal_category_post` `relation` ON `post`.`id`=`relation`.`post_id` WHERE (  `post`.`post_type` = '8'  AND `post`.`delete_time` = '0'  AND `relation`.`category_id` = '1'  AND `relation`.`post_id` = '15' ) AND `post`.`delete_time` = '0' LIMIT 1 [ RunTime:0.000528s ]
[2026-05-25T15:22:51+08:00][sql] SHOW FULL COLUMNS FROM `cmf_slide_item` [ RunTime:0.000847s ]
[2026-05-25T15:22:51+08:00][sql] SELECT `title`,`description`,`image` FROM `cmf_slide_item` WHERE  `slide_id` = 12  AND `status` = 1 ORDER BY `list_order` ASC,`id` DESC LIMIT 1 [ RunTime:0.000430s ]
[2026-05-25T15:22:51+08:00][sql] UPDATE `cmf_portal_post`  SET `post_hits` = `post_hits` + 1  WHERE (  `id` = 15 ) AND `cmf_portal_post`.`delete_time` = '0' [ RunTime:0.002755s ]
[2026-05-25T15:22:51+08:00][sql] SELECT `post`.* FROM `cmf_portal_post` `post` INNER JOIN `cmf_portal_category_post` `relation` ON `post`.`id`=`relation`.`post_id` WHERE (  `post`.`post_type` = '8'  AND `post`.`delete_time` = '0'  AND `relation`.`category_id` = '1'  AND `relation`.`post_id` = '15'  AND `relation`.`post_id` = '15' ) AND `post`.`delete_time` = '0' LIMIT 1 [ RunTime:0.000377s ]
[2026-05-25T15:22:51+08:00][sql] SELECT `post`.* FROM `cmf_portal_post` `post` INNER JOIN `cmf_portal_category_post` `relation` ON `post`.`id`=`relation`.`post_id` WHERE (  `post`.`post_type` = '8'  AND `post`.`delete_time` = '0'  AND `relation`.`category_id` = '1'  AND `relation`.`post_id` = '15'  AND `relation`.`post_id` < '15' ) AND `post`.`delete_time` = '0' ORDER BY `id` DESC LIMIT 1 [ RunTime:0.000299s ]
[2026-05-25T15:22:51+08:00][sql] SELECT `post`.* FROM `cmf_portal_post` `post` INNER JOIN `cmf_portal_category_post` `relation` ON `post`.`id`=`relation`.`post_id` WHERE (  `post`.`post_type` = '8'  AND `post`.`delete_time` = '0'  AND `relation`.`category_id` = '1'  AND `relation`.`post_id` = '15'  AND `relation`.`post_id` > '15' ) AND `post`.`delete_time` = '0' ORDER BY `id` DESC LIMIT 1 [ RunTime:0.000323s ]
[2026-05-25T15:22:51+08:00][sql] SHOW FULL COLUMNS FROM `cmf_theme_file` [ RunTime:0.000935s ]
[2026-05-25T15:22:51+08:00][sql] SELECT `more`,`file`,`id` FROM `cmf_theme_file` WHERE  `theme` = 'simpleboot3_mobile'  AND (  `is_public` = 1 OR `file` = 'portal/news-info' ) ORDER BY `is_public` DESC [ RunTime:0.000521s ]
[2026-05-25T15:22:51+08:00][sql] SELECT `option_value` FROM `cmf_option` WHERE  `option_name` = 'storage' LIMIT 1 [ RunTime:0.000459s ]
[2026-05-25T15:22:54+08:00][sql] CONNECT:[ UseTime:0.000947s ] mysql:host=127.0.0.1;port=3306;dbname=weihua;charset=utf8mb4
[2026-05-25T15:22:54+08:00][sql] SHOW FULL COLUMNS FROM `cmf_option` [ RunTime:0.001300s ]
[2026-05-25T15:22:54+08:00][sql] SELECT `option_value` FROM `cmf_option` WHERE  `option_name` = 'cdn_settings' LIMIT 1 [ RunTime:0.000407s ]
[2026-05-25T15:22:54+08:00][sql] SELECT `option_value` FROM `cmf_option` WHERE  `option_name` = 'cdn_settings' LIMIT 1 [ RunTime:0.000292s ]
[2026-05-25T15:22:54+08:00][sql] SHOW FULL COLUMNS FROM `cmf_product_category` [ RunTime:0.000876s ]
[2026-05-25T15:22:54+08:00][sql] SELECT * FROM `cmf_product_category` WHERE  `parent_id` = 0 ORDER BY `list_order` ASC,`create_time` DESC [ RunTime:0.000382s ]
[2026-05-25T15:22:54+08:00][sql] SELECT * FROM `cmf_product_category` WHERE  `parent_id` IN (28,19,22,23,25,27,30) [ RunTime:0.000725s ]
[2026-05-25T15:22:54+08:00][sql] SHOW FULL COLUMNS FROM `cmf_portal_category` [ RunTime:0.001024s ]
[2026-05-25T15:22:54+08:00][sql] SELECT * FROM `cmf_portal_category` WHERE (  `type` = 8 ) AND `cmf_portal_category`.`delete_time` = '0' ORDER BY `list_order` ASC [ RunTime:0.000625s ]
[2026-05-25T15:22:54+08:00][sql] SELECT * FROM `cmf_portal_category` WHERE (  `id` = 1  AND `status` = 1 ) AND `cmf_portal_category`.`delete_time` = '0' LIMIT 1 [ RunTime:0.000430s ]
[2026-05-25T15:22:54+08:00][sql] SHOW FULL COLUMNS FROM `cmf_portal_post` [ RunTime:0.001092s ]
[2026-05-25T15:22:54+08:00][sql] SELECT `post`.* FROM `cmf_portal_post` `post` INNER JOIN `cmf_portal_category_post` `relation` ON `post`.`id`=`relation`.`post_id` WHERE (  `post`.`post_type` = '8'  AND `post`.`delete_time` = '0'  AND `relation`.`category_id` = '1'  AND `relation`.`post_id` = '15' ) AND `post`.`delete_time` = '0' LIMIT 1 [ RunTime:0.000556s ]
[2026-05-25T15:22:54+08:00][sql] SHOW FULL COLUMNS FROM `cmf_slide_item` [ RunTime:0.000848s ]
[2026-05-25T15:22:54+08:00][sql] SELECT `title`,`description`,`image` FROM `cmf_slide_item` WHERE  `slide_id` = 12  AND `status` = 1 ORDER BY `list_order` ASC,`id` DESC LIMIT 1 [ RunTime:0.000380s ]
[2026-05-25T15:22:54+08:00][sql] UPDATE `cmf_portal_post`  SET `post_hits` = `post_hits` + 1  WHERE (  `id` = 15 ) AND `cmf_portal_post`.`delete_time` = '0' [ RunTime:0.003545s ]
[2026-05-25T15:22:54+08:00][sql] SELECT `post`.* FROM `cmf_portal_post` `post` INNER JOIN `cmf_portal_category_post` `relation` ON `post`.`id`=`relation`.`post_id` WHERE (  `post`.`post_type` = '8'  AND `post`.`delete_time` = '0'  AND `relation`.`category_id` = '1'  AND `relation`.`post_id` = '15'  AND `relation`.`post_id` = '15' ) AND `post`.`delete_time` = '0' LIMIT 1 [ RunTime:0.000360s ]
[2026-05-25T15:22:54+08:00][sql] SELECT `post`.* FROM `cmf_portal_post` `post` INNER JOIN `cmf_portal_category_post` `relation` ON `post`.`id`=`relation`.`post_id` WHERE (  `post`.`post_type` = '8'  AND `post`.`delete_time` = '0'  AND `relation`.`category_id` = '1'  AND `relation`.`post_id` = '15'  AND `relation`.`post_id` < '15' ) AND `post`.`delete_time` = '0' ORDER BY `id` DESC LIMIT 1 [ RunTime:0.000611s ]
[2026-05-25T15:22:54+08:00][sql] SELECT `post`.* FROM `cmf_portal_post` `post` INNER JOIN `cmf_portal_category_post` `relation` ON `post`.`id`=`relation`.`post_id` WHERE (  `post`.`post_type` = '8'  AND `post`.`delete_time` = '0'  AND `relation`.`category_id` = '1'  AND `relation`.`post_id` = '15'  AND `relation`.`post_id` > '15' ) AND `post`.`delete_time` = '0' ORDER BY `id` DESC LIMIT 1 [ RunTime:0.000844s ]
[2026-05-25T15:22:54+08:00][sql] SHOW FULL COLUMNS FROM `cmf_theme_file` [ RunTime:0.001085s ]
[2026-05-25T15:22:54+08:00][sql] SELECT `more`,`file`,`id` FROM `cmf_theme_file` WHERE  `theme` = 'simpleboot3_mobile'  AND (  `is_public` = 1 OR `file` = 'portal/news-info' ) ORDER BY `is_public` DESC [ RunTime:0.000979s ]
[2026-05-25T15:22:54+08:00][sql] SELECT `option_value` FROM `cmf_option` WHERE  `option_name` = 'storage' LIMIT 1 [ RunTime:0.000251s ]
[2026-05-25T15:23:21+08:00][sql] CONNECT:[ UseTime:0.021556s ] mysql:host=127.0.0.1;port=3306;dbname=weihua;charset=utf8mb4
[2026-05-25T15:23:21+08:00][sql] SHOW FULL COLUMNS FROM `cmf_option` [ RunTime:0.002020s ]
[2026-05-25T15:23:21+08:00][sql] SELECT `option_value` FROM `cmf_option` WHERE  `option_name` = 'cdn_settings' LIMIT 1 [ RunTime:0.000672s ]
[2026-05-25T15:23:21+08:00][sql] SELECT `option_value` FROM `cmf_option` WHERE  `option_name` = 'cdn_settings' LIMIT 1 [ RunTime:0.000465s ]
[2026-05-25T15:23:21+08:00][sql] SHOW FULL COLUMNS FROM `cmf_product_category` [ RunTime:0.001187s ]
[2026-05-25T15:23:21+08:00][sql] SELECT * FROM `cmf_product_category` WHERE  `parent_id` = 0 ORDER BY `list_order` ASC,`create_time` DESC [ RunTime:0.000513s ]
[2026-05-25T15:23:21+08:00][sql] SELECT * FROM `cmf_product_category` WHERE  `parent_id` IN (28,19,22,23,25,27,30) [ RunTime:0.000674s ]
[2026-05-25T15:23:21+08:00][sql] SHOW FULL COLUMNS FROM `cmf_portal_category` [ RunTime:0.001417s ]
[2026-05-25T15:23:21+08:00][sql] SELECT * FROM `cmf_portal_category` WHERE (  `type` = 8 ) AND `cmf_portal_category`.`delete_time` = '0' ORDER BY `list_order` ASC [ RunTime:0.000475s ]
[2026-05-25T15:23:21+08:00][sql] SHOW FULL COLUMNS FROM `cmf_slide_item` [ RunTime:0.000858s ]
[2026-05-25T15:23:21+08:00][sql] SELECT `title`,`description`,`image` FROM `cmf_slide_item` WHERE  `slide_id` = 12  AND `status` = 1 ORDER BY `list_order` ASC,`id` DESC LIMIT 1 [ RunTime:0.000389s ]
[2026-05-25T15:23:21+08:00][sql] SELECT * FROM `cmf_portal_category` WHERE (  `id` = 0  AND `status` = 1 ) AND `cmf_portal_category`.`delete_time` = '0' LIMIT 1 [ RunTime:0.000253s ]
[2026-05-25T15:23:21+08:00][sql] SHOW FULL COLUMNS FROM `cmf_portal_post` [ RunTime:0.000897s ]
[2026-05-25T15:23:21+08:00][sql] SELECT COUNT(*) AS think_count FROM `cmf_portal_post` `p` LEFT JOIN `cmf_portal_category_post` `c` ON `p`.`id`=`c`.`post_id` WHERE (  `post_type` = 8 ) AND `p`.`delete_time` = '0' LIMIT 1 [ RunTime:0.000490s ]
[2026-05-25T15:23:21+08:00][sql] SELECT `p`.`id`,`p`.`post_title`,`p`.`thumbnail`,`p`.`more`,c.category_id as cid,`p`.`post_excerpt`,`p`.`create_time` FROM `cmf_portal_post` `p` LEFT JOIN `cmf_portal_category_post` `c` ON `p`.`id`=`c`.`post_id` WHERE (  `post_type` = 8 ) AND `p`.`delete_time` = '0' ORDER BY `c`.`list_order` ASC,`p`.`create_time` DESC LIMIT 0,6 [ RunTime:0.000391s ]
[2026-05-25T15:23:21+08:00][sql] SHOW FULL COLUMNS FROM `cmf_theme_file` [ RunTime:0.000776s ]
[2026-05-25T15:23:21+08:00][sql] SELECT `more`,`file`,`id` FROM `cmf_theme_file` WHERE  `theme` = 'simpleboot3_mobile'  AND (  `is_public` = 1 OR `file` = 'portal/news' ) ORDER BY `is_public` DESC [ RunTime:0.000316s ]
[2026-05-25T15:23:21+08:00][sql] SELECT `option_value` FROM `cmf_option` WHERE  `option_name` = 'storage' LIMIT 1 [ RunTime:0.000485s ]
[2026-05-25T15:23:45+08:00][sql] CONNECT:[ UseTime:0.018790s ] mysql:host=127.0.0.1;port=3306;dbname=weihua;charset=utf8mb4
[2026-05-25T15:23:45+08:00][sql] SHOW FULL COLUMNS FROM `cmf_option` [ RunTime:0.001886s ]
[2026-05-25T15:23:45+08:00][sql] SELECT `option_value` FROM `cmf_option` WHERE  `option_name` = 'cdn_settings' LIMIT 1 [ RunTime:0.000298s ]
[2026-05-25T15:23:45+08:00][sql] SELECT `option_value` FROM `cmf_option` WHERE  `option_name` = 'cdn_settings' LIMIT 1 [ RunTime:0.000423s ]
[2026-05-25T15:23:45+08:00][sql] SHOW FULL COLUMNS FROM `cmf_product_category` [ RunTime:0.001031s ]
[2026-05-25T15:23:45+08:00][sql] SELECT * FROM `cmf_product_category` WHERE  `parent_id` = 0 ORDER BY `list_order` ASC,`create_time` DESC [ RunTime:0.000446s ]
[2026-05-25T15:23:45+08:00][sql] SELECT * FROM `cmf_product_category` WHERE  `parent_id` IN (28,19,22,23,25,27,30) [ RunTime:0.000267s ]
[2026-05-25T15:23:45+08:00][sql] SHOW FULL COLUMNS FROM `cmf_portal_category` [ RunTime:0.000837s ]
[2026-05-25T15:23:45+08:00][sql] SELECT * FROM `cmf_portal_category` WHERE (  `type` = 8 ) AND `cmf_portal_category`.`delete_time` = '0' ORDER BY `list_order` ASC [ RunTime:0.000517s ]
[2026-05-25T15:23:45+08:00][sql] SHOW FULL COLUMNS FROM `cmf_slide_item` [ RunTime:0.000874s ]
[2026-05-25T15:23:45+08:00][sql] SELECT `title`,`description`,`image` FROM `cmf_slide_item` WHERE  `slide_id` = 12  AND `status` = 1 ORDER BY `list_order` ASC,`id` DESC LIMIT 1 [ RunTime:0.000411s ]
[2026-05-25T15:23:45+08:00][sql] SELECT * FROM `cmf_portal_category` WHERE (  `id` = 0  AND `status` = 1 ) AND `cmf_portal_category`.`delete_time` = '0' LIMIT 1 [ RunTime:0.000244s ]
[2026-05-25T15:23:45+08:00][sql] SHOW FULL COLUMNS FROM `cmf_portal_post` [ RunTime:0.000894s ]
[2026-05-25T15:23:45+08:00][sql] SELECT COUNT(*) AS think_count FROM `cmf_portal_post` `p` LEFT JOIN `cmf_portal_category_post` `c` ON `p`.`id`=`c`.`post_id` WHERE (  `post_type` = 8 ) AND `p`.`delete_time` = '0' LIMIT 1 [ RunTime:0.000598s ]
[2026-05-25T15:23:45+08:00][sql] SELECT `p`.`id`,`p`.`post_title`,`p`.`thumbnail`,`p`.`more`,c.category_id as cid,`p`.`post_excerpt`,`p`.`create_time` FROM `cmf_portal_post` `p` LEFT JOIN `cmf_portal_category_post` `c` ON `p`.`id`=`c`.`post_id` WHERE (  `post_type` = 8 ) AND `p`.`delete_time` = '0' ORDER BY `c`.`list_order` ASC,`p`.`create_time` DESC LIMIT 0,6 [ RunTime:0.000435s ]
[2026-05-25T15:23:45+08:00][sql] SHOW FULL COLUMNS FROM `cmf_theme_file` [ RunTime:0.001348s ]
[2026-05-25T15:23:45+08:00][sql] SELECT `more`,`file`,`id` FROM `cmf_theme_file` WHERE  `theme` = 'simpleboot3_mobile'  AND (  `is_public` = 1 OR `file` = 'portal/news' ) ORDER BY `is_public` DESC [ RunTime:0.000643s ]
[2026-05-25T15:23:45+08:00][sql] SELECT `option_value` FROM `cmf_option` WHERE  `option_name` = 'storage' LIMIT 1 [ RunTime:0.000644s ]
[2026-05-25T15:24:06+08:00][sql] CONNECT:[ UseTime:0.016721s ] mysql:host=127.0.0.1;port=3306;dbname=weihua;charset=utf8mb4
[2026-05-25T15:24:06+08:00][sql] SHOW FULL COLUMNS FROM `cmf_option` [ RunTime:0.001599s ]
[2026-05-25T15:24:06+08:00][sql] SELECT `option_value` FROM `cmf_option` WHERE  `option_name` = 'cdn_settings' LIMIT 1 [ RunTime:0.000339s ]
[2026-05-25T15:24:06+08:00][sql] SELECT `option_value` FROM `cmf_option` WHERE  `option_name` = 'cdn_settings' LIMIT 1 [ RunTime:0.000543s ]
[2026-05-25T15:24:06+08:00][sql] SHOW FULL COLUMNS FROM `cmf_product_category` [ RunTime:0.001478s ]
[2026-05-25T15:24:06+08:00][sql] SELECT * FROM `cmf_product_category` WHERE  `parent_id` = 0 ORDER BY `list_order` ASC,`create_time` DESC [ RunTime:0.000541s ]
[2026-05-25T15:24:06+08:00][sql] SELECT * FROM `cmf_product_category` WHERE  `parent_id` IN (28,19,22,23,25,27,30) [ RunTime:0.000442s ]
[2026-05-25T15:24:06+08:00][sql] SHOW FULL COLUMNS FROM `cmf_portal_category` [ RunTime:0.001474s ]
[2026-05-25T15:24:06+08:00][sql] SELECT * FROM `cmf_portal_category` WHERE (  `type` = 8 ) AND `cmf_portal_category`.`delete_time` = '0' ORDER BY `list_order` ASC [ RunTime:0.000502s ]
[2026-05-25T15:24:06+08:00][sql] SHOW FULL COLUMNS FROM `cmf_slide_item` [ RunTime:0.001356s ]
[2026-05-25T15:24:06+08:00][sql] SELECT `title`,`description`,`image`,`url`,`target`,`content` FROM `cmf_slide_item` WHERE  `slide_id` = 1 ORDER BY `list_order` ASC [ RunTime:0.000655s ]
[2026-05-25T15:24:06+08:00][sql] SHOW FULL COLUMNS FROM `cmf_slide` [ RunTime:0.001219s ]
[2026-05-25T15:24:06+08:00][sql] SELECT * FROM `cmf_slide` WHERE  `name` LIKE '%choose%' OR `name` LIKE '%选择%' LIMIT 1 [ RunTime:0.000467s ]
[2026-05-25T15:24:06+08:00][sql] SELECT `title`,`description`,`image`,`url`,`target`,`content` FROM `cmf_slide_item` WHERE  `slide_id` = 14  AND `status` = 1 ORDER BY `list_order` ASC [ RunTime:0.000422s ]
[2026-05-25T15:24:06+08:00][sql] SELECT * FROM `cmf_product_category` WHERE  `parent_id` = 0  AND `recommend` = 1 ORDER BY `list_order` ASC,`create_time` DESC [ RunTime:0.000353s ]
[2026-05-25T15:24:06+08:00][sql] SHOW FULL COLUMNS FROM `cmf_product` [ RunTime:0.001382s ]
[2026-05-25T15:24:06+08:00][sql] SELECT `id`,`title`,`thumbnail`,`industry` FROM `cmf_product` WHERE  `is_recommended` = 1  AND `category_id` = 28 ORDER BY `list_order` ASC LIMIT 6 [ RunTime:0.000647s ]
[2026-05-25T15:24:06+08:00][sql] SELECT `id`,`title`,`thumbnail`,`industry` FROM `cmf_product` WHERE  `is_recommended` = 1  AND `category_id` = 19 ORDER BY `list_order` ASC LIMIT 6 [ RunTime:0.000536s ]
[2026-05-25T15:24:06+08:00][sql] SELECT `id`,`title`,`thumbnail`,`industry` FROM `cmf_product` WHERE  `is_recommended` = 1  AND `category_id` = 23 ORDER BY `list_order` ASC LIMIT 6 [ RunTime:0.000511s ]
[2026-05-25T15:24:06+08:00][sql] SHOW FULL COLUMNS FROM `cmf_portal_post` [ RunTime:0.001902s ]
[2026-05-25T15:24:06+08:00][sql] SELECT `p`.`id`,`p`.`post_title`,`p`.`post_excerpt`,`p`.`thumbnail`,`p`.`create_time`,`c`.`category_id` FROM `cmf_portal_post` `p` INNER JOIN `cmf_portal_category_post` `c` ON `p`.`id`=`c`.`post_id` WHERE (  `p`.`post_type` = '8' ) AND `p`.`delete_time` = '0' ORDER BY `c`.`list_order` ASC,`p`.`create_time` DESC [ RunTime:0.000957s ]
[2026-05-25T15:24:06+08:00][sql] SELECT `id`,`post_title`,`post_excerpt`,`more` FROM `cmf_portal_post` WHERE (  `post_type` = 3 ) AND `cmf_portal_post`.`delete_time` = '0' ORDER BY `create_time` DESC [ RunTime:0.000476s ]
[2026-05-25T15:24:06+08:00][sql] SHOW FULL COLUMNS FROM `cmf_theme_file` [ RunTime:0.001737s ]
[2026-05-25T15:24:06+08:00][sql] SELECT `more`,`file`,`id` FROM `cmf_theme_file` WHERE  `theme` = 'simpleboot3_mobile'  AND (  `is_public` = 1 OR `file` = 'portal/index' ) ORDER BY `is_public` DESC [ RunTime:0.000718s ]
[2026-05-25T15:24:06+08:00][sql] SELECT `option_value` FROM `cmf_option` WHERE  `option_name` = 'storage' LIMIT 1 [ RunTime:0.000501s ]
[2026-05-25T15:24:10+08:00][sql] CONNECT:[ UseTime:0.000894s ] mysql:host=127.0.0.1;port=3306;dbname=weihua;charset=utf8mb4
[2026-05-25T15:24:10+08:00][sql] SHOW FULL COLUMNS FROM `cmf_option` [ RunTime:0.001389s ]
[2026-05-25T15:24:10+08:00][sql] SELECT `option_value` FROM `cmf_option` WHERE  `option_name` = 'cdn_settings' LIMIT 1 [ RunTime:0.000310s ]
[2026-05-25T15:24:10+08:00][sql] SELECT `option_value` FROM `cmf_option` WHERE  `option_name` = 'cdn_settings' LIMIT 1 [ RunTime:0.000468s ]
[2026-05-25T15:24:10+08:00][sql] SHOW FULL COLUMNS FROM `cmf_product_category` [ RunTime:0.001252s ]
[2026-05-25T15:24:10+08:00][sql] SELECT * FROM `cmf_product_category` WHERE  `parent_id` = 0 ORDER BY `list_order` ASC,`create_time` DESC [ RunTime:0.000346s ]
[2026-05-25T15:24:10+08:00][sql] SELECT * FROM `cmf_product_category` WHERE  `parent_id` IN (28,19,22,23,25,27,30) [ RunTime:0.000344s ]
[2026-05-25T15:24:10+08:00][sql] SHOW FULL COLUMNS FROM `cmf_portal_category` [ RunTime:0.001387s ]
[2026-05-25T15:24:10+08:00][sql] SELECT * FROM `cmf_portal_category` WHERE (  `type` = 8 ) AND `cmf_portal_category`.`delete_time` = '0' ORDER BY `list_order` ASC [ RunTime:0.000348s ]
[2026-05-25T15:24:10+08:00][sql] SHOW FULL COLUMNS FROM `cmf_slide_item` [ RunTime:0.001059s ]
[2026-05-25T15:24:10+08:00][sql] SELECT `title`,`description`,`image` FROM `cmf_slide_item` WHERE  `slide_id` = 12  AND `status` = 1 ORDER BY `list_order` ASC,`id` DESC LIMIT 1 [ RunTime:0.000379s ]
[2026-05-25T15:24:10+08:00][sql] SELECT * FROM `cmf_portal_category` WHERE (  `id` = 0  AND `status` = 1 ) AND `cmf_portal_category`.`delete_time` = '0' LIMIT 1 [ RunTime:0.000290s ]
[2026-05-25T15:24:10+08:00][sql] SHOW FULL COLUMNS FROM `cmf_portal_post` [ RunTime:0.001688s ]
[2026-05-25T15:24:10+08:00][sql] SELECT COUNT(*) AS think_count FROM `cmf_portal_post` `p` LEFT JOIN `cmf_portal_category_post` `c` ON `p`.`id`=`c`.`post_id` WHERE (  `post_type` = 8 ) AND `p`.`delete_time` = '0' LIMIT 1 [ RunTime:0.000612s ]
[2026-05-25T15:24:10+08:00][sql] SELECT `p`.`id`,`p`.`post_title`,`p`.`thumbnail`,`p`.`more`,c.category_id as cid,`p`.`post_excerpt`,`p`.`create_time` FROM `cmf_portal_post` `p` LEFT JOIN `cmf_portal_category_post` `c` ON `p`.`id`=`c`.`post_id` WHERE (  `post_type` = 8 ) AND `p`.`delete_time` = '0' ORDER BY `c`.`list_order` ASC,`p`.`create_time` DESC LIMIT 0,6 [ RunTime:0.000523s ]
[2026-05-25T15:24:10+08:00][sql] SHOW FULL COLUMNS FROM `cmf_theme_file` [ RunTime:0.001141s ]
[2026-05-25T15:24:10+08:00][sql] SELECT `more`,`file`,`id` FROM `cmf_theme_file` WHERE  `theme` = 'simpleboot3_mobile'  AND (  `is_public` = 1 OR `file` = 'portal/news' ) ORDER BY `is_public` DESC [ RunTime:0.000319s ]
[2026-05-25T15:24:10+08:00][sql] SELECT `option_value` FROM `cmf_option` WHERE  `option_name` = 'storage' LIMIT 1 [ RunTime:0.000839s ]
[2026-05-25T15:24:12+08:00][sql] CONNECT:[ UseTime:0.000789s ] mysql:host=127.0.0.1;port=3306;dbname=weihua;charset=utf8mb4
[2026-05-25T15:24:12+08:00][sql] SHOW FULL COLUMNS FROM `cmf_option` [ RunTime:0.001926s ]
[2026-05-25T15:24:12+08:00][sql] SELECT `option_value` FROM `cmf_option` WHERE  `option_name` = 'cdn_settings' LIMIT 1 [ RunTime:0.000309s ]
[2026-05-25T15:24:12+08:00][sql] SELECT `option_value` FROM `cmf_option` WHERE  `option_name` = 'cdn_settings' LIMIT 1 [ RunTime:0.000300s ]
[2026-05-25T15:24:12+08:00][sql] SHOW FULL COLUMNS FROM `cmf_product_category` [ RunTime:0.001259s ]
[2026-05-25T15:24:12+08:00][sql] SELECT * FROM `cmf_product_category` WHERE  `parent_id` = 0 ORDER BY `list_order` ASC,`create_time` DESC [ RunTime:0.000336s ]
[2026-05-25T15:24:12+08:00][sql] SELECT * FROM `cmf_product_category` WHERE  `parent_id` IN (28,19,22,23,25,27,30) [ RunTime:0.000303s ]
[2026-05-25T15:24:12+08:00][sql] SHOW FULL COLUMNS FROM `cmf_portal_category` [ RunTime:0.001259s ]
[2026-05-25T15:24:12+08:00][sql] SELECT * FROM `cmf_portal_category` WHERE (  `type` = 8 ) AND `cmf_portal_category`.`delete_time` = '0' ORDER BY `list_order` ASC [ RunTime:0.000382s ]
[2026-05-25T15:24:12+08:00][sql] SELECT * FROM `cmf_portal_category` WHERE (  `id` = 1  AND `status` = 1 ) AND `cmf_portal_category`.`delete_time` = '0' LIMIT 1 [ RunTime:0.001004s ]
[2026-05-25T15:24:12+08:00][sql] SHOW FULL COLUMNS FROM `cmf_portal_post` [ RunTime:0.001591s ]
[2026-05-25T15:24:12+08:00][sql] SELECT `post`.* FROM `cmf_portal_post` `post` INNER JOIN `cmf_portal_category_post` `relation` ON `post`.`id`=`relation`.`post_id` WHERE (  `post`.`post_type` = '8'  AND `post`.`delete_time` = '0'  AND `relation`.`category_id` = '1'  AND `relation`.`post_id` = '15' ) AND `post`.`delete_time` = '0' LIMIT 1 [ RunTime:0.000465s ]
[2026-05-25T15:24:12+08:00][sql] SHOW FULL COLUMNS FROM `cmf_slide_item` [ RunTime:0.001064s ]
[2026-05-25T15:24:12+08:00][sql] SELECT `title`,`description`,`image` FROM `cmf_slide_item` WHERE  `slide_id` = 12  AND `status` = 1 ORDER BY `list_order` ASC,`id` DESC LIMIT 1 [ RunTime:0.000326s ]
[2026-05-25T15:24:12+08:00][sql] UPDATE `cmf_portal_post`  SET `post_hits` = `post_hits` + 1  WHERE (  `id` = 15 ) AND `cmf_portal_post`.`delete_time` = '0' [ RunTime:0.005461s ]
[2026-05-25T15:24:12+08:00][sql] SELECT `post`.* FROM `cmf_portal_post` `post` INNER JOIN `cmf_portal_category_post` `relation` ON `post`.`id`=`relation`.`post_id` WHERE (  `post`.`post_type` = '8'  AND `post`.`delete_time` = '0'  AND `relation`.`category_id` = '1'  AND `relation`.`post_id` = '15'  AND `relation`.`post_id` = '15' ) AND `post`.`delete_time` = '0' LIMIT 1 [ RunTime:0.000776s ]
[2026-05-25T15:24:12+08:00][sql] SELECT `post`.* FROM `cmf_portal_post` `post` INNER JOIN `cmf_portal_category_post` `relation` ON `post`.`id`=`relation`.`post_id` WHERE (  `post`.`post_type` = '8'  AND `post`.`delete_time` = '0'  AND `relation`.`category_id` = '1'  AND `relation`.`post_id` = '15'  AND `relation`.`post_id` < '15' ) AND `post`.`delete_time` = '0' ORDER BY `id` DESC LIMIT 1 [ RunTime:0.000644s ]
[2026-05-25T15:24:12+08:00][sql] SELECT `post`.* FROM `cmf_portal_post` `post` INNER JOIN `cmf_portal_category_post` `relation` ON `post`.`id`=`relation`.`post_id` WHERE (  `post`.`post_type` = '8'  AND `post`.`delete_time` = '0'  AND `relation`.`category_id` = '1'  AND `relation`.`post_id` = '15'  AND `relation`.`post_id` > '15' ) AND `post`.`delete_time` = '0' ORDER BY `id` DESC LIMIT 1 [ RunTime:0.000374s ]
[2026-05-25T15:24:12+08:00][sql] SHOW FULL COLUMNS FROM `cmf_theme_file` [ RunTime:0.003384s ]
[2026-05-25T15:24:12+08:00][sql] SELECT `more`,`file`,`id` FROM `cmf_theme_file` WHERE  `theme` = 'simpleboot3_mobile'  AND (  `is_public` = 1 OR `file` = 'portal/news-info' ) ORDER BY `is_public` DESC [ RunTime:0.000514s ]
[2026-05-25T15:24:12+08:00][sql] SELECT `option_value` FROM `cmf_option` WHERE  `option_name` = 'storage' LIMIT 1 [ RunTime:0.000367s ]
[2026-05-25T15:24:39+08:00][sql] CONNECT:[ UseTime:0.001288s ] mysql:host=127.0.0.1;port=3306;dbname=weihua;charset=utf8mb4
[2026-05-25T15:24:39+08:00][sql] SHOW FULL COLUMNS FROM `cmf_option` [ RunTime:0.002117s ]
[2026-05-25T15:24:39+08:00][sql] SELECT `option_value` FROM `cmf_option` WHERE  `option_name` = 'cdn_settings' LIMIT 1 [ RunTime:0.000310s ]
[2026-05-25T15:24:39+08:00][sql] SELECT `option_value` FROM `cmf_option` WHERE  `option_name` = 'cdn_settings' LIMIT 1 [ RunTime:0.000390s ]
[2026-05-25T15:24:39+08:00][sql] SHOW FULL COLUMNS FROM `cmf_product_category` [ RunTime:0.001355s ]
[2026-05-25T15:24:39+08:00][sql] SELECT * FROM `cmf_product_category` WHERE  `parent_id` = 0 ORDER BY `list_order` ASC,`create_time` DESC [ RunTime:0.000389s ]
[2026-05-25T15:24:39+08:00][sql] SELECT * FROM `cmf_product_category` WHERE  `parent_id` IN (28,19,22,23,25,27,30) [ RunTime:0.000341s ]
[2026-05-25T15:24:39+08:00][sql] SHOW FULL COLUMNS FROM `cmf_portal_category` [ RunTime:0.001448s ]
[2026-05-25T15:24:39+08:00][sql] SELECT * FROM `cmf_portal_category` WHERE (  `type` = 8 ) AND `cmf_portal_category`.`delete_time` = '0' ORDER BY `list_order` ASC [ RunTime:0.000646s ]
[2026-05-25T15:24:39+08:00][sql] SHOW FULL COLUMNS FROM `cmf_slide_item` [ RunTime:0.001344s ]
[2026-05-25T15:24:39+08:00][sql] SELECT `title`,`description`,`image` FROM `cmf_slide_item` WHERE  `slide_id` = 12  AND `status` = 1 ORDER BY `list_order` ASC,`id` DESC LIMIT 1 [ RunTime:0.000537s ]
[2026-05-25T15:24:39+08:00][sql] SELECT * FROM `cmf_portal_category` WHERE (  `id` = 0  AND `status` = 1 ) AND `cmf_portal_category`.`delete_time` = '0' LIMIT 1 [ RunTime:0.000389s ]
[2026-05-25T15:24:39+08:00][sql] SHOW FULL COLUMNS FROM `cmf_portal_post` [ RunTime:0.001520s ]
[2026-05-25T15:24:39+08:00][sql] SELECT COUNT(*) AS think_count FROM `cmf_portal_post` `p` LEFT JOIN `cmf_portal_category_post` `c` ON `p`.`id`=`c`.`post_id` WHERE (  `post_type` = 8 ) AND `p`.`delete_time` = '0' LIMIT 1 [ RunTime:0.000510s ]
[2026-05-25T15:24:39+08:00][sql] SELECT `p`.`id`,`p`.`post_title`,`p`.`thumbnail`,`p`.`more`,c.category_id as cid,`p`.`post_excerpt`,`p`.`create_time` FROM `cmf_portal_post` `p` LEFT JOIN `cmf_portal_category_post` `c` ON `p`.`id`=`c`.`post_id` WHERE (  `post_type` = 8 ) AND `p`.`delete_time` = '0' ORDER BY `c`.`list_order` ASC,`p`.`create_time` DESC LIMIT 0,6 [ RunTime:0.000553s ]
[2026-05-25T15:24:39+08:00][sql] SHOW FULL COLUMNS FROM `cmf_theme_file` [ RunTime:0.001157s ]
[2026-05-25T15:24:39+08:00][sql] SELECT `more`,`file`,`id` FROM `cmf_theme_file` WHERE  `theme` = 'simpleboot3_mobile'  AND (  `is_public` = 1 OR `file` = 'portal/news' ) ORDER BY `is_public` DESC [ RunTime:0.000326s ]
[2026-05-25T15:24:39+08:00][sql] SELECT `option_value` FROM `cmf_option` WHERE  `option_name` = 'storage' LIMIT 1 [ RunTime:0.000439s ]
[2026-05-25T15:24:48+08:00][sql] CONNECT:[ UseTime:0.000665s ] mysql:host=127.0.0.1;port=3306;dbname=weihua;charset=utf8mb4
[2026-05-25T15:24:48+08:00][sql] SHOW FULL COLUMNS FROM `cmf_option` [ RunTime:0.001176s ]
[2026-05-25T15:24:48+08:00][sql] SELECT `option_value` FROM `cmf_option` WHERE  `option_name` = 'cdn_settings' LIMIT 1 [ RunTime:0.000242s ]
[2026-05-25T15:24:48+08:00][sql] SELECT `option_value` FROM `cmf_option` WHERE  `option_name` = 'cdn_settings' LIMIT 1 [ RunTime:0.000230s ]
[2026-05-25T15:24:48+08:00][sql] SHOW FULL COLUMNS FROM `cmf_product_category` [ RunTime:0.000840s ]
[2026-05-25T15:24:48+08:00][sql] SELECT * FROM `cmf_product_category` WHERE  `parent_id` = 0 ORDER BY `list_order` ASC,`create_time` DESC [ RunTime:0.000411s ]
[2026-05-25T15:24:48+08:00][sql] SELECT * FROM `cmf_product_category` WHERE  `parent_id` IN (28,19,22,23,25,27,30) [ RunTime:0.000279s ]
[2026-05-25T15:24:48+08:00][sql] SHOW FULL COLUMNS FROM `cmf_portal_category` [ RunTime:0.001075s ]
[2026-05-25T15:24:48+08:00][sql] SELECT * FROM `cmf_portal_category` WHERE (  `type` = 8 ) AND `cmf_portal_category`.`delete_time` = '0' ORDER BY `list_order` ASC [ RunTime:0.000295s ]
[2026-05-25T15:24:48+08:00][sql] SELECT * FROM `cmf_portal_category` WHERE (  `id` = 1  AND `status` = 1 ) AND `cmf_portal_category`.`delete_time` = '0' LIMIT 1 [ RunTime:0.000359s ]
[2026-05-25T15:24:48+08:00][sql] SHOW FULL COLUMNS FROM `cmf_portal_post` [ RunTime:0.000859s ]
[2026-05-25T15:24:48+08:00][sql] SELECT `post`.* FROM `cmf_portal_post` `post` INNER JOIN `cmf_portal_category_post` `relation` ON `post`.`id`=`relation`.`post_id` WHERE (  `post`.`post_type` = '8'  AND `post`.`delete_time` = '0'  AND `relation`.`category_id` = '1'  AND `relation`.`post_id` = '14' ) AND `post`.`delete_time` = '0' LIMIT 1 [ RunTime:0.000350s ]
[2026-05-25T15:24:48+08:00][sql] SHOW FULL COLUMNS FROM `cmf_slide_item` [ RunTime:0.003423s ]
[2026-05-25T15:24:48+08:00][sql] SELECT `title`,`description`,`image` FROM `cmf_slide_item` WHERE  `slide_id` = 12  AND `status` = 1 ORDER BY `list_order` ASC,`id` DESC LIMIT 1 [ RunTime:0.000305s ]
[2026-05-25T15:24:48+08:00][sql] UPDATE `cmf_portal_post`  SET `post_hits` = `post_hits` + 1  WHERE (  `id` = 14 ) AND `cmf_portal_post`.`delete_time` = '0' [ RunTime:0.003516s ]
[2026-05-25T15:24:48+08:00][sql] SELECT `post`.* FROM `cmf_portal_post` `post` INNER JOIN `cmf_portal_category_post` `relation` ON `post`.`id`=`relation`.`post_id` WHERE (  `post`.`post_type` = '8'  AND `post`.`delete_time` = '0'  AND `relation`.`category_id` = '1'  AND `relation`.`post_id` = '14'  AND `relation`.`post_id` = '14' ) AND `post`.`delete_time` = '0' LIMIT 1 [ RunTime:0.000480s ]
[2026-05-25T15:24:48+08:00][sql] SELECT `post`.* FROM `cmf_portal_post` `post` INNER JOIN `cmf_portal_category_post` `relation` ON `post`.`id`=`relation`.`post_id` WHERE (  `post`.`post_type` = '8'  AND `post`.`delete_time` = '0'  AND `relation`.`category_id` = '1'  AND `relation`.`post_id` = '14'  AND `relation`.`post_id` < '14' ) AND `post`.`delete_time` = '0' ORDER BY `id` DESC LIMIT 1 [ RunTime:0.000515s ]
[2026-05-25T15:24:48+08:00][sql] SELECT `post`.* FROM `cmf_portal_post` `post` INNER JOIN `cmf_portal_category_post` `relation` ON `post`.`id`=`relation`.`post_id` WHERE (  `post`.`post_type` = '8'  AND `post`.`delete_time` = '0'  AND `relation`.`category_id` = '1'  AND `relation`.`post_id` = '14'  AND `relation`.`post_id` > '14' ) AND `post`.`delete_time` = '0' ORDER BY `id` DESC LIMIT 1 [ RunTime:0.000439s ]
[2026-05-25T15:24:48+08:00][sql] SHOW FULL COLUMNS FROM `cmf_theme_file` [ RunTime:0.001539s ]
[2026-05-25T15:24:48+08:00][sql] SELECT `more`,`file`,`id` FROM `cmf_theme_file` WHERE  `theme` = 'simpleboot3_mobile'  AND (  `is_public` = 1 OR `file` = 'portal/news-info' ) ORDER BY `is_public` DESC [ RunTime:0.000356s ]
[2026-05-25T15:24:48+08:00][sql] SELECT `option_value` FROM `cmf_option` WHERE  `option_name` = 'storage' LIMIT 1 [ RunTime:0.000276s ]
[2026-05-25T15:24:54+08:00][sql] CONNECT:[ UseTime:0.010555s ] mysql:host=127.0.0.1;port=3306;dbname=weihua;charset=utf8mb4
[2026-05-25T15:24:54+08:00][sql] SHOW FULL COLUMNS FROM `cmf_option` [ RunTime:0.001175s ]
[2026-05-25T15:24:54+08:00][sql] SELECT `option_value` FROM `cmf_option` WHERE  `option_name` = 'cdn_settings' LIMIT 1 [ RunTime:0.000252s ]
[2026-05-25T15:24:54+08:00][sql] SELECT `option_value` FROM `cmf_option` WHERE  `option_name` = 'cdn_settings' LIMIT 1 [ RunTime:0.000237s ]
[2026-05-25T15:24:54+08:00][sql] SHOW FULL COLUMNS FROM `cmf_product_category` [ RunTime:0.001000s ]
[2026-05-25T15:24:54+08:00][sql] SELECT * FROM `cmf_product_category` WHERE  `parent_id` = 0 ORDER BY `list_order` ASC,`create_time` DESC [ RunTime:0.000313s ]
[2026-05-25T15:24:54+08:00][sql] SELECT * FROM `cmf_product_category` WHERE  `parent_id` IN (28,19,22,23,25,27,30) [ RunTime:0.000269s ]
[2026-05-25T15:24:54+08:00][sql] SHOW FULL COLUMNS FROM `cmf_portal_category` [ RunTime:0.000910s ]
[2026-05-25T15:24:54+08:00][sql] SELECT * FROM `cmf_portal_category` WHERE (  `type` = 8 ) AND `cmf_portal_category`.`delete_time` = '0' ORDER BY `list_order` ASC [ RunTime:0.000283s ]
[2026-05-25T15:24:54+08:00][sql] SELECT * FROM `cmf_portal_category` WHERE (  `id` = 1  AND `status` = 1 ) AND `cmf_portal_category`.`delete_time` = '0' LIMIT 1 [ RunTime:0.000346s ]
[2026-05-25T15:24:54+08:00][sql] SHOW FULL COLUMNS FROM `cmf_portal_post` [ RunTime:0.002028s ]
[2026-05-25T15:24:54+08:00][sql] SELECT `post`.* FROM `cmf_portal_post` `post` INNER JOIN `cmf_portal_category_post` `relation` ON `post`.`id`=`relation`.`post_id` WHERE (  `post`.`post_type` = '8'  AND `post`.`delete_time` = '0'  AND `relation`.`category_id` = '1'  AND `relation`.`post_id` = '14' ) AND `post`.`delete_time` = '0' LIMIT 1 [ RunTime:0.000517s ]
[2026-05-25T15:24:54+08:00][sql] SHOW FULL COLUMNS FROM `cmf_slide_item` [ RunTime:0.000946s ]
[2026-05-25T15:24:54+08:00][sql] SELECT `title`,`description`,`image` FROM `cmf_slide_item` WHERE  `slide_id` = 12  AND `status` = 1 ORDER BY `list_order` ASC,`id` DESC LIMIT 1 [ RunTime:0.000339s ]
[2026-05-25T15:24:54+08:00][sql] UPDATE `cmf_portal_post`  SET `post_hits` = `post_hits` + 1  WHERE (  `id` = 14 ) AND `cmf_portal_post`.`delete_time` = '0' [ RunTime:0.002588s ]
[2026-05-25T15:24:54+08:00][sql] SELECT `post`.* FROM `cmf_portal_post` `post` INNER JOIN `cmf_portal_category_post` `relation` ON `post`.`id`=`relation`.`post_id` WHERE (  `post`.`post_type` = '8'  AND `post`.`delete_time` = '0'  AND `relation`.`category_id` = '1'  AND `relation`.`post_id` = '14'  AND `relation`.`post_id` = '14' ) AND `post`.`delete_time` = '0' LIMIT 1 [ RunTime:0.000383s ]
[2026-05-25T15:24:54+08:00][sql] SELECT `post`.* FROM `cmf_portal_post` `post` INNER JOIN `cmf_portal_category_post` `relation` ON `post`.`id`=`relation`.`post_id` WHERE (  `post`.`post_type` = '8'  AND `post`.`delete_time` = '0'  AND `relation`.`category_id` = '1'  AND `relation`.`post_id` = '14'  AND `relation`.`post_id` < '14' ) AND `post`.`delete_time` = '0' ORDER BY `id` DESC LIMIT 1 [ RunTime:0.000341s ]
[2026-05-25T15:24:54+08:00][sql] SELECT `post`.* FROM `cmf_portal_post` `post` INNER JOIN `cmf_portal_category_post` `relation` ON `post`.`id`=`relation`.`post_id` WHERE (  `post`.`post_type` = '8'  AND `post`.`delete_time` = '0'  AND `relation`.`category_id` = '1'  AND `relation`.`post_id` = '14'  AND `relation`.`post_id` > '14' ) AND `post`.`delete_time` = '0' ORDER BY `id` DESC LIMIT 1 [ RunTime:0.000290s ]
[2026-05-25T15:24:54+08:00][sql] SHOW FULL COLUMNS FROM `cmf_theme_file` [ RunTime:0.000906s ]
[2026-05-25T15:24:54+08:00][sql] SELECT `more`,`file`,`id` FROM `cmf_theme_file` WHERE  `theme` = 'simpleboot3_mobile'  AND (  `is_public` = 1 OR `file` = 'portal/news-info' ) ORDER BY `is_public` DESC [ RunTime:0.000277s ]
[2026-05-25T15:24:54+08:00][sql] SELECT `option_value` FROM `cmf_option` WHERE  `option_name` = 'storage' LIMIT 1 [ RunTime:0.000239s ]
[2026-05-25T15:26:31+08:00][sql] CONNECT:[ UseTime:0.000785s ] mysql:host=127.0.0.1;port=3306;dbname=weihua;charset=utf8mb4
[2026-05-25T15:26:31+08:00][sql] SHOW FULL COLUMNS FROM `cmf_option` [ RunTime:0.001195s ]
[2026-05-25T15:26:31+08:00][sql] SELECT `option_value` FROM `cmf_option` WHERE  `option_name` = 'cdn_settings' LIMIT 1 [ RunTime:0.000402s ]
[2026-05-25T15:26:31+08:00][sql] SELECT `option_value` FROM `cmf_option` WHERE  `option_name` = 'cdn_settings' LIMIT 1 [ RunTime:0.000337s ]
[2026-05-25T15:26:31+08:00][sql] SHOW FULL COLUMNS FROM `cmf_product_category` [ RunTime:0.000960s ]
[2026-05-25T15:26:31+08:00][sql] SELECT * FROM `cmf_product_category` WHERE  `parent_id` = 0 ORDER BY `list_order` ASC,`create_time` DESC [ RunTime:0.000295s ]
[2026-05-25T15:26:31+08:00][sql] SELECT * FROM `cmf_product_category` WHERE  `parent_id` IN (28,19,22,23,25,27,30) [ RunTime:0.000331s ]
[2026-05-25T15:26:31+08:00][sql] SHOW FULL COLUMNS FROM `cmf_portal_category` [ RunTime:0.001253s ]
[2026-05-25T15:26:31+08:00][sql] SELECT * FROM `cmf_portal_category` WHERE (  `type` = 8 ) AND `cmf_portal_category`.`delete_time` = '0' ORDER BY `list_order` ASC [ RunTime:0.000364s ]
[2026-05-25T15:26:31+08:00][sql] SHOW FULL COLUMNS FROM `cmf_slide_item` [ RunTime:0.001016s ]
[2026-05-25T15:26:31+08:00][sql] SELECT `title`,`description`,`image`,`url`,`target`,`content` FROM `cmf_slide_item` WHERE  `slide_id` = 1 ORDER BY `list_order` ASC [ RunTime:0.000294s ]
[2026-05-25T15:26:31+08:00][sql] SHOW FULL COLUMNS FROM `cmf_slide` [ RunTime:0.000798s ]
[2026-05-25T15:26:31+08:00][sql] SELECT * FROM `cmf_slide` WHERE  `name` LIKE '%choose%' OR `name` LIKE '%选择%' LIMIT 1 [ RunTime:0.000343s ]
[2026-05-25T15:26:31+08:00][sql] SELECT `title`,`description`,`image`,`url`,`target`,`content` FROM `cmf_slide_item` WHERE  `slide_id` = 14  AND `status` = 1 ORDER BY `list_order` ASC [ RunTime:0.000305s ]
[2026-05-25T15:26:31+08:00][sql] SELECT * FROM `cmf_product_category` WHERE  `parent_id` = 0  AND `recommend` = 1 ORDER BY `list_order` ASC,`create_time` DESC [ RunTime:0.000560s ]
[2026-05-25T15:26:31+08:00][sql] SHOW FULL COLUMNS FROM `cmf_product` [ RunTime:0.001529s ]
[2026-05-25T15:26:31+08:00][sql] SELECT `id`,`title`,`thumbnail`,`industry` FROM `cmf_product` WHERE  `is_recommended` = 1  AND `category_id` = 28 ORDER BY `list_order` ASC LIMIT 6 [ RunTime:0.001383s ]
[2026-05-25T15:26:31+08:00][sql] SELECT `id`,`title`,`thumbnail`,`industry` FROM `cmf_product` WHERE  `is_recommended` = 1  AND `category_id` = 19 ORDER BY `list_order` ASC LIMIT 6 [ RunTime:0.001053s ]
[2026-05-25T15:26:31+08:00][sql] SELECT `id`,`title`,`thumbnail`,`industry` FROM `cmf_product` WHERE  `is_recommended` = 1  AND `category_id` = 23 ORDER BY `list_order` ASC LIMIT 6 [ RunTime:0.001289s ]
[2026-05-25T15:26:31+08:00][sql] SHOW FULL COLUMNS FROM `cmf_portal_post` [ RunTime:0.002131s ]
[2026-05-25T15:26:31+08:00][sql] SELECT `p`.`id`,`p`.`post_title`,`p`.`post_excerpt`,`p`.`thumbnail`,`p`.`create_time`,`c`.`category_id` FROM `cmf_portal_post` `p` INNER JOIN `cmf_portal_category_post` `c` ON `p`.`id`=`c`.`post_id` WHERE (  `p`.`post_type` = '8' ) AND `p`.`delete_time` = '0' ORDER BY `c`.`list_order` ASC,`p`.`create_time` DESC [ RunTime:0.001035s ]
[2026-05-25T15:26:31+08:00][sql] SELECT `id`,`post_title`,`post_excerpt`,`more` FROM `cmf_portal_post` WHERE (  `post_type` = 3 ) AND `cmf_portal_post`.`delete_time` = '0' ORDER BY `create_time` DESC [ RunTime:0.000628s ]
[2026-05-25T15:26:31+08:00][sql] SHOW FULL COLUMNS FROM `cmf_theme_file` [ RunTime:0.000967s ]
[2026-05-25T15:26:31+08:00][sql] SELECT `more`,`file`,`id` FROM `cmf_theme_file` WHERE  `theme` = 'simpleboot3'  AND (  `is_public` = 1 OR `file` = 'portal/index' ) ORDER BY `is_public` DESC [ RunTime:0.000360s ]
[2026-05-25T15:26:31+08:00][sql] SELECT `option_value` FROM `cmf_option` WHERE  `option_name` = 'storage' LIMIT 1 [ RunTime:0.000403s ]
[2026-05-25T15:26:36+08:00][sql] CONNECT:[ UseTime:0.001833s ] mysql:host=127.0.0.1;port=3306;dbname=weihua;charset=utf8mb4
[2026-05-25T15:26:36+08:00][sql] SHOW FULL COLUMNS FROM `cmf_option` [ RunTime:0.001584s ]
[2026-05-25T15:26:36+08:00][sql] SELECT `option_value` FROM `cmf_option` WHERE  `option_name` = 'cdn_settings' LIMIT 1 [ RunTime:0.000868s ]
[2026-05-25T15:26:36+08:00][sql] SELECT `option_value` FROM `cmf_option` WHERE  `option_name` = 'cdn_settings' LIMIT 1 [ RunTime:0.000534s ]
[2026-05-25T15:26:36+08:00][sql] SHOW FULL COLUMNS FROM `cmf_product_category` [ RunTime:0.002650s ]
[2026-05-25T15:26:36+08:00][sql] SELECT * FROM `cmf_product_category` WHERE  `parent_id` = 0 ORDER BY `list_order` ASC,`create_time` DESC [ RunTime:0.001074s ]
[2026-05-25T15:26:36+08:00][sql] SELECT * FROM `cmf_product_category` WHERE  `parent_id` IN (28,19,22,23,25,27,30) [ RunTime:0.000698s ]
[2026-05-25T15:26:36+08:00][sql] SHOW FULL COLUMNS FROM `cmf_portal_category` [ RunTime:0.001729s ]
[2026-05-25T15:26:36+08:00][sql] SELECT * FROM `cmf_portal_category` WHERE (  `type` = 8 ) AND `cmf_portal_category`.`delete_time` = '0' ORDER BY `list_order` ASC [ RunTime:0.000748s ]
[2026-05-25T15:26:36+08:00][sql] SHOW FULL COLUMNS FROM `cmf_slide_item` [ RunTime:0.002625s ]
[2026-05-25T15:26:36+08:00][sql] SELECT `title`,`description`,`image`,`url`,`target`,`content` FROM `cmf_slide_item` WHERE  `slide_id` = 1 ORDER BY `list_order` ASC [ RunTime:0.000992s ]
[2026-05-25T15:26:36+08:00][sql] SHOW FULL COLUMNS FROM `cmf_slide` [ RunTime:0.002411s ]
[2026-05-25T15:26:36+08:00][sql] SELECT * FROM `cmf_slide` WHERE  `name` LIKE '%choose%' OR `name` LIKE '%选择%' LIMIT 1 [ RunTime:0.001202s ]
[2026-05-25T15:26:36+08:00][sql] SELECT `title`,`description`,`image`,`url`,`target`,`content` FROM `cmf_slide_item` WHERE  `slide_id` = 14  AND `status` = 1 ORDER BY `list_order` ASC [ RunTime:0.001080s ]
[2026-05-25T15:26:36+08:00][sql] SELECT * FROM `cmf_product_category` WHERE  `parent_id` = 0  AND `recommend` = 1 ORDER BY `list_order` ASC,`create_time` DESC [ RunTime:0.000824s ]
[2026-05-25T15:26:36+08:00][sql] SHOW FULL COLUMNS FROM `cmf_product` [ RunTime:0.002349s ]
[2026-05-25T15:26:36+08:00][sql] SELECT `id`,`title`,`thumbnail`,`industry` FROM `cmf_product` WHERE  `is_recommended` = 1  AND `category_id` = 28 ORDER BY `list_order` ASC LIMIT 6 [ RunTime:0.001847s ]
[2026-05-25T15:26:36+08:00][sql] SELECT `id`,`title`,`thumbnail`,`industry` FROM `cmf_product` WHERE  `is_recommended` = 1  AND `category_id` = 19 ORDER BY `list_order` ASC LIMIT 6 [ RunTime:0.001265s ]
[2026-05-25T15:26:36+08:00][sql] SELECT `id`,`title`,`thumbnail`,`industry` FROM `cmf_product` WHERE  `is_recommended` = 1  AND `category_id` = 23 ORDER BY `list_order` ASC LIMIT 6 [ RunTime:0.000953s ]
[2026-05-25T15:26:36+08:00][sql] SHOW FULL COLUMNS FROM `cmf_portal_post` [ RunTime:0.003511s ]
[2026-05-25T15:26:36+08:00][sql] SELECT `p`.`id`,`p`.`post_title`,`p`.`post_excerpt`,`p`.`thumbnail`,`p`.`create_time`,`c`.`category_id` FROM `cmf_portal_post` `p` INNER JOIN `cmf_portal_category_post` `c` ON `p`.`id`=`c`.`post_id` WHERE (  `p`.`post_type` = '8' ) AND `p`.`delete_time` = '0' ORDER BY `c`.`list_order` ASC,`p`.`create_time` DESC [ RunTime:0.002222s ]
[2026-05-25T15:26:36+08:00][sql] SELECT `id`,`post_title`,`post_excerpt`,`more` FROM `cmf_portal_post` WHERE (  `post_type` = 3 ) AND `cmf_portal_post`.`delete_time` = '0' ORDER BY `create_time` DESC [ RunTime:0.001228s ]
[2026-05-25T15:26:36+08:00][sql] SHOW FULL COLUMNS FROM `cmf_theme_file` [ RunTime:0.004051s ]
[2026-05-25T15:26:36+08:00][sql] SELECT `more`,`file`,`id` FROM `cmf_theme_file` WHERE  `theme` = 'simpleboot3_mobile'  AND (  `is_public` = 1 OR `file` = 'portal/index' ) ORDER BY `is_public` DESC [ RunTime:0.001451s ]
[2026-05-25T15:26:36+08:00][sql] SELECT `option_value` FROM `cmf_option` WHERE  `option_name` = 'storage' LIMIT 1 [ RunTime:0.003365s ]
[2026-05-25T15:26:48+08:00][sql] CONNECT:[ UseTime:0.000829s ] mysql:host=127.0.0.1;port=3306;dbname=weihua;charset=utf8mb4
[2026-05-25T15:26:48+08:00][sql] SHOW FULL COLUMNS FROM `cmf_option` [ RunTime:0.001238s ]
[2026-05-25T15:26:48+08:00][sql] SELECT `option_value` FROM `cmf_option` WHERE  `option_name` = 'cdn_settings' LIMIT 1 [ RunTime:0.000303s ]
[2026-05-25T15:26:48+08:00][sql] SELECT `option_value` FROM `cmf_option` WHERE  `option_name` = 'cdn_settings' LIMIT 1 [ RunTime:0.000285s ]
[2026-05-25T15:26:48+08:00][sql] SHOW FULL COLUMNS FROM `cmf_product_category` [ RunTime:0.001176s ]
[2026-05-25T15:26:48+08:00][sql] SELECT * FROM `cmf_product_category` WHERE  `parent_id` = 0 ORDER BY `list_order` ASC,`create_time` DESC [ RunTime:0.000350s ]
[2026-05-25T15:26:48+08:00][sql] SELECT * FROM `cmf_product_category` WHERE  `parent_id` IN (28,19,22,23,25,27,30) [ RunTime:0.000429s ]
[2026-05-25T15:26:48+08:00][sql] SHOW FULL COLUMNS FROM `cmf_portal_category` [ RunTime:0.001354s ]
[2026-05-25T15:26:48+08:00][sql] SELECT * FROM `cmf_portal_category` WHERE (  `type` = 8 ) AND `cmf_portal_category`.`delete_time` = '0' ORDER BY `list_order` ASC [ RunTime:0.000326s ]
[2026-05-25T15:26:48+08:00][sql] SHOW FULL COLUMNS FROM `cmf_slide_item` [ RunTime:0.000982s ]
[2026-05-25T15:26:48+08:00][sql] SELECT `title`,`description`,`image`,`url`,`target`,`content` FROM `cmf_slide_item` WHERE  `slide_id` = 1 ORDER BY `list_order` ASC [ RunTime:0.000381s ]
[2026-05-25T15:26:48+08:00][sql] SHOW FULL COLUMNS FROM `cmf_slide` [ RunTime:0.000956s ]
[2026-05-25T15:26:48+08:00][sql] SELECT * FROM `cmf_slide` WHERE  `name` LIKE '%choose%' OR `name` LIKE '%选择%' LIMIT 1 [ RunTime:0.000304s ]
[2026-05-25T15:26:48+08:00][sql] SELECT `title`,`description`,`image`,`url`,`target`,`content` FROM `cmf_slide_item` WHERE  `slide_id` = 14  AND `status` = 1 ORDER BY `list_order` ASC [ RunTime:0.000304s ]
[2026-05-25T15:26:48+08:00][sql] SELECT * FROM `cmf_product_category` WHERE  `parent_id` = 0  AND `recommend` = 1 ORDER BY `list_order` ASC,`create_time` DESC [ RunTime:0.000346s ]
[2026-05-25T15:26:48+08:00][sql] SHOW FULL COLUMNS FROM `cmf_product` [ RunTime:0.001214s ]
[2026-05-25T15:26:48+08:00][sql] SELECT `id`,`title`,`thumbnail`,`industry` FROM `cmf_product` WHERE  `is_recommended` = 1  AND `category_id` = 28 ORDER BY `list_order` ASC LIMIT 6 [ RunTime:0.000497s ]
[2026-05-25T15:26:48+08:00][sql] SELECT `id`,`title`,`thumbnail`,`industry` FROM `cmf_product` WHERE  `is_recommended` = 1  AND `category_id` = 19 ORDER BY `list_order` ASC LIMIT 6 [ RunTime:0.000398s ]
[2026-05-25T15:26:48+08:00][sql] SELECT `id`,`title`,`thumbnail`,`industry` FROM `cmf_product` WHERE  `is_recommended` = 1  AND `category_id` = 23 ORDER BY `list_order` ASC LIMIT 6 [ RunTime:0.000312s ]
[2026-05-25T15:26:48+08:00][sql] SHOW FULL COLUMNS FROM `cmf_portal_post` [ RunTime:0.002172s ]
[2026-05-25T15:26:48+08:00][sql] SELECT `p`.`id`,`p`.`post_title`,`p`.`post_excerpt`,`p`.`thumbnail`,`p`.`create_time`,`c`.`category_id` FROM `cmf_portal_post` `p` INNER JOIN `cmf_portal_category_post` `c` ON `p`.`id`=`c`.`post_id` WHERE (  `p`.`post_type` = '8' ) AND `p`.`delete_time` = '0' ORDER BY `c`.`list_order` ASC,`p`.`create_time` DESC [ RunTime:0.000802s ]
[2026-05-25T15:26:48+08:00][sql] SELECT `id`,`post_title`,`post_excerpt`,`more` FROM `cmf_portal_post` WHERE (  `post_type` = 3 ) AND `cmf_portal_post`.`delete_time` = '0' ORDER BY `create_time` DESC [ RunTime:0.000394s ]
[2026-05-25T15:26:48+08:00][sql] SHOW FULL COLUMNS FROM `cmf_theme_file` [ RunTime:0.001449s ]
[2026-05-25T15:26:48+08:00][sql] SELECT `more`,`file`,`id` FROM `cmf_theme_file` WHERE  `theme` = 'simpleboot3_mobile'  AND (  `is_public` = 1 OR `file` = 'portal/index' ) ORDER BY `is_public` DESC [ RunTime:0.000404s ]
[2026-05-25T15:26:48+08:00][sql] SELECT `option_value` FROM `cmf_option` WHERE  `option_name` = 'storage' LIMIT 1 [ RunTime:0.000526s ]
[2026-05-25T15:26:51+08:00][sql] CONNECT:[ UseTime:0.019423s ] mysql:host=127.0.0.1;port=3306;dbname=weihua;charset=utf8mb4
[2026-05-25T15:26:51+08:00][sql] SHOW FULL COLUMNS FROM `cmf_option` [ RunTime:0.001730s ]
[2026-05-25T15:26:51+08:00][sql] SELECT `option_value` FROM `cmf_option` WHERE  `option_name` = 'cdn_settings' LIMIT 1 [ RunTime:0.000313s ]
[2026-05-25T15:26:51+08:00][sql] SELECT `option_value` FROM `cmf_option` WHERE  `option_name` = 'cdn_settings' LIMIT 1 [ RunTime:0.000650s ]
[2026-05-25T15:26:51+08:00][sql] SHOW FULL COLUMNS FROM `cmf_product_category` [ RunTime:0.001204s ]
[2026-05-25T15:26:51+08:00][sql] SELECT * FROM `cmf_product_category` WHERE  `parent_id` = 0 ORDER BY `list_order` ASC,`create_time` DESC [ RunTime:0.000355s ]
[2026-05-25T15:26:51+08:00][sql] SELECT * FROM `cmf_product_category` WHERE  `parent_id` IN (28,19,22,23,25,27,30) [ RunTime:0.000356s ]
[2026-05-25T15:26:51+08:00][sql] SHOW FULL COLUMNS FROM `cmf_portal_category` [ RunTime:0.001195s ]
[2026-05-25T15:26:51+08:00][sql] SELECT * FROM `cmf_portal_category` WHERE (  `type` = 8 ) AND `cmf_portal_category`.`delete_time` = '0' ORDER BY `list_order` ASC [ RunTime:0.000328s ]
[2026-05-25T15:26:51+08:00][sql] SHOW FULL COLUMNS FROM `cmf_slide_item` [ RunTime:0.000980s ]
[2026-05-25T15:26:51+08:00][sql] SELECT `title`,`description`,`image` FROM `cmf_slide_item` WHERE  `slide_id` = 12  AND `status` = 1 ORDER BY `list_order` ASC,`id` DESC LIMIT 1 [ RunTime:0.000399s ]
[2026-05-25T15:26:51+08:00][sql] SELECT * FROM `cmf_portal_category` WHERE (  `id` = 0  AND `status` = 1 ) AND `cmf_portal_category`.`delete_time` = '0' LIMIT 1 [ RunTime:0.000261s ]
[2026-05-25T15:26:51+08:00][sql] SHOW FULL COLUMNS FROM `cmf_portal_post` [ RunTime:0.000921s ]
[2026-05-25T15:26:51+08:00][sql] SELECT COUNT(*) AS think_count FROM `cmf_portal_post` `p` LEFT JOIN `cmf_portal_category_post` `c` ON `p`.`id`=`c`.`post_id` WHERE (  `post_type` = 8 ) AND `p`.`delete_time` = '0' LIMIT 1 [ RunTime:0.000398s ]
[2026-05-25T15:26:51+08:00][sql] SELECT `p`.`id`,`p`.`post_title`,`p`.`thumbnail`,`p`.`more`,c.category_id as cid,`p`.`post_excerpt`,`p`.`create_time` FROM `cmf_portal_post` `p` LEFT JOIN `cmf_portal_category_post` `c` ON `p`.`id`=`c`.`post_id` WHERE (  `post_type` = 8 ) AND `p`.`delete_time` = '0' ORDER BY `c`.`list_order` ASC,`p`.`create_time` DESC LIMIT 0,6 [ RunTime:0.000402s ]
[2026-05-25T15:26:51+08:00][sql] SHOW FULL COLUMNS FROM `cmf_theme_file` [ RunTime:0.001360s ]
[2026-05-25T15:26:51+08:00][sql] SELECT `more`,`file`,`id` FROM `cmf_theme_file` WHERE  `theme` = 'simpleboot3_mobile'  AND (  `is_public` = 1 OR `file` = 'portal/news' ) ORDER BY `is_public` DESC [ RunTime:0.000287s ]
[2026-05-25T15:26:51+08:00][sql] SELECT `option_value` FROM `cmf_option` WHERE  `option_name` = 'storage' LIMIT 1 [ RunTime:0.000263s ]
[2026-05-25T15:26:53+08:00][sql] CONNECT:[ UseTime:0.018676s ] mysql:host=127.0.0.1;port=3306;dbname=weihua;charset=utf8mb4
[2026-05-25T15:26:53+08:00][sql] SHOW FULL COLUMNS FROM `cmf_option` [ RunTime:0.001948s ]
[2026-05-25T15:26:53+08:00][sql] SELECT `option_value` FROM `cmf_option` WHERE  `option_name` = 'cdn_settings' LIMIT 1 [ RunTime:0.000313s ]
[2026-05-25T15:26:53+08:00][sql] SELECT `option_value` FROM `cmf_option` WHERE  `option_name` = 'cdn_settings' LIMIT 1 [ RunTime:0.000272s ]
[2026-05-25T15:26:53+08:00][sql] SHOW FULL COLUMNS FROM `cmf_product_category` [ RunTime:0.000939s ]
[2026-05-25T15:26:53+08:00][sql] SELECT * FROM `cmf_product_category` WHERE  `parent_id` = 0 ORDER BY `list_order` ASC,`create_time` DESC [ RunTime:0.000286s ]
[2026-05-25T15:26:53+08:00][sql] SELECT * FROM `cmf_product_category` WHERE  `parent_id` IN (28,19,22,23,25,27,30) [ RunTime:0.000330s ]
[2026-05-25T15:26:53+08:00][sql] SHOW FULL COLUMNS FROM `cmf_portal_category` [ RunTime:0.001145s ]
[2026-05-25T15:26:53+08:00][sql] SELECT * FROM `cmf_portal_category` WHERE (  `type` = 8 ) AND `cmf_portal_category`.`delete_time` = '0' ORDER BY `list_order` ASC [ RunTime:0.000437s ]
[2026-05-25T15:26:53+08:00][sql] SELECT * FROM `cmf_portal_category` WHERE (  `id` = 1  AND `status` = 1 ) AND `cmf_portal_category`.`delete_time` = '0' LIMIT 1 [ RunTime:0.000370s ]
[2026-05-25T15:26:53+08:00][sql] SHOW FULL COLUMNS FROM `cmf_portal_post` [ RunTime:0.001793s ]
[2026-05-25T15:26:53+08:00][sql] SELECT `post`.* FROM `cmf_portal_post` `post` INNER JOIN `cmf_portal_category_post` `relation` ON `post`.`id`=`relation`.`post_id` WHERE (  `post`.`post_type` = '8'  AND `post`.`delete_time` = '0'  AND `relation`.`category_id` = '1'  AND `relation`.`post_id` = '15' ) AND `post`.`delete_time` = '0' LIMIT 1 [ RunTime:0.000453s ]
[2026-05-25T15:26:53+08:00][sql] SHOW FULL COLUMNS FROM `cmf_slide_item` [ RunTime:0.000966s ]
[2026-05-25T15:26:53+08:00][sql] SELECT `title`,`description`,`image` FROM `cmf_slide_item` WHERE  `slide_id` = 12  AND `status` = 1 ORDER BY `list_order` ASC,`id` DESC LIMIT 1 [ RunTime:0.000388s ]
[2026-05-25T15:26:53+08:00][sql] UPDATE `cmf_portal_post`  SET `post_hits` = `post_hits` + 1  WHERE (  `id` = 15 ) AND `cmf_portal_post`.`delete_time` = '0' [ RunTime:0.002949s ]
[2026-05-25T15:26:53+08:00][sql] SELECT `post`.* FROM `cmf_portal_post` `post` INNER JOIN `cmf_portal_category_post` `relation` ON `post`.`id`=`relation`.`post_id` WHERE (  `post`.`post_type` = '8'  AND `post`.`delete_time` = '0'  AND `relation`.`category_id` = '1'  AND `relation`.`post_id` = '15'  AND `relation`.`post_id` = '15' ) AND `post`.`delete_time` = '0' LIMIT 1 [ RunTime:0.000432s ]
[2026-05-25T15:26:53+08:00][sql] SELECT `post`.* FROM `cmf_portal_post` `post` INNER JOIN `cmf_portal_category_post` `relation` ON `post`.`id`=`relation`.`post_id` WHERE (  `post`.`post_type` = '8'  AND `post`.`delete_time` = '0'  AND `relation`.`category_id` = '1'  AND `relation`.`post_id` = '15'  AND `relation`.`post_id` < '15' ) AND `post`.`delete_time` = '0' ORDER BY `id` DESC LIMIT 1 [ RunTime:0.000374s ]
[2026-05-25T15:26:53+08:00][sql] SELECT `post`.* FROM `cmf_portal_post` `post` INNER JOIN `cmf_portal_category_post` `relation` ON `post`.`id`=`relation`.`post_id` WHERE (  `post`.`post_type` = '8'  AND `post`.`delete_time` = '0'  AND `relation`.`category_id` = '1'  AND `relation`.`post_id` = '15'  AND `relation`.`post_id` > '15' ) AND `post`.`delete_time` = '0' ORDER BY `id` DESC LIMIT 1 [ RunTime:0.000318s ]
[2026-05-25T15:26:53+08:00][sql] SHOW FULL COLUMNS FROM `cmf_theme_file` [ RunTime:0.001725s ]
[2026-05-25T15:26:53+08:00][sql] SELECT `more`,`file`,`id` FROM `cmf_theme_file` WHERE  `theme` = 'simpleboot3_mobile'  AND (  `is_public` = 1 OR `file` = 'portal/news-info' ) ORDER BY `is_public` DESC [ RunTime:0.000493s ]
[2026-05-25T15:26:53+08:00][sql] SELECT `option_value` FROM `cmf_option` WHERE  `option_name` = 'storage' LIMIT 1 [ RunTime:0.000899s ]
[2026-05-25T17:40:16+08:00][sql] CONNECT:[ UseTime:0.001500s ] mysql:host=127.0.0.1;port=3306;dbname=nucleon;charset=utf8mb4
[2026-05-25T17:40:16+08:00][sql] SHOW FULL COLUMNS FROM `cmf_hook` [ RunTime:0.002662s ]
[2026-05-25T17:40:16+08:00][sql] SELECT `hook`,`id` FROM `cmf_hook` WHERE  (  (  `app` = '' OR `app` = 'cmf' )  AND `type` = 3 ) OR `type` = 1 [ RunTime:0.002165s ]
[2026-05-25T17:40:16+08:00][sql] SHOW FULL COLUMNS FROM `cmf_hook_plugin` [ RunTime:0.000879s ]
[2026-05-25T17:40:16+08:00][sql] SELECT `hook`,`plugin` FROM `cmf_hook_plugin` WHERE  `status` = 1  AND `hook` IN ('app_begin','module_init','action_begin','view_filter','app_end','log_write','response_end','admin_init','home_init','send_mobile_verification_code','body_start','before_head_end','footer_start','before_footer','before_footer_end','before_body_end','left_sidebar_start','before_left_sidebar_end','right_sidebar_start','before_right_sidebar_end','comment','guestbook','switch_theme','after_content','before_content','log_write_done','switch_admin_theme','captcha_image','user_login_start') ORDER BY `list_order` ASC [ RunTime:0.001110s ]
[2026-05-25T17:40:16+08:00][sql] SELECT `hook` FROM `cmf_hook` WHERE  `app` = 'portal' [ RunTime:0.000442s ]
[2026-05-25T17:40:16+08:00][sql] SELECT `hook`,`plugin` FROM `cmf_hook_plugin` WHERE  `status` = 1  AND `hook` IN ('portal_before_assign_article','portal_admin_after_save_article','portal_admin_article_index_view','portal_admin_article_add_view','portal_admin_article_edit_view','portal_admin_category_index_view','portal_admin_category_add_view','portal_admin_category_edit_view','portal_admin_page_index_view','portal_admin_page_add_view','portal_admin_page_edit_view','portal_admin_tag_index_view','portal_admin_article_edit_view_right_sidebar','portal_admin_article_edit_view_main') ORDER BY `list_order` ASC [ RunTime:0.000292s ]
[2026-05-25T17:40:16+08:00][sql] SHOW FULL COLUMNS FROM `cmf_plugin` [ RunTime:0.001436s ]
[2026-05-25T17:40:16+08:00][sql] SELECT `config` FROM `cmf_plugin` WHERE  `name` = 'SwitchTheme' LIMIT 1 [ RunTime:0.000649s ]
[2026-05-25T17:40:16+08:00][sql] SHOW FULL COLUMNS FROM `cmf_option` [ RunTime:0.001329s ]
[2026-05-25T17:40:16+08:00][sql] SELECT `option_value` FROM `cmf_option` WHERE  `option_name` = 'cdn_settings' LIMIT 1 [ RunTime:0.000458s ]
[2026-05-25T17:40:16+08:00][sql] SELECT `option_value` FROM `cmf_option` WHERE  `option_name` = 'cdn_settings' LIMIT 1 [ RunTime:0.000527s ]
[2026-05-25T17:40:16+08:00][sql] SHOW FULL COLUMNS FROM `cmf_product_category` [ RunTime:0.001613s ]
[2026-05-25T17:40:16+08:00][sql] SELECT * FROM `cmf_product_category` WHERE  `parent_id` = 0 ORDER BY `list_order` ASC,`create_time` DESC [ RunTime:0.000653s ]
[2026-05-25T17:40:16+08:00][sql] SELECT * FROM `cmf_product_category` WHERE  `parent_id` IN (28,19,22,23,25,30,27) [ RunTime:0.000519s ]
[2026-05-25T17:40:16+08:00][sql] SHOW FULL COLUMNS FROM `cmf_portal_category` [ RunTime:0.001455s ]
[2026-05-25T17:40:16+08:00][sql] SELECT * FROM `cmf_portal_category` WHERE (  `type` = 8 ) AND `cmf_portal_category`.`delete_time` = '0' ORDER BY `list_order` ASC [ RunTime:0.000596s ]
[2026-05-25T17:40:16+08:00][sql] SELECT `option_value` FROM `cmf_option` WHERE  `option_name` = 'site_info' LIMIT 1 [ RunTime:0.000317s ]
[2026-05-25T17:40:16+08:00][sql] SHOW FULL COLUMNS FROM `cmf_slide_item` [ RunTime:0.001262s ]
[2026-05-25T17:40:16+08:00][sql] SELECT `title`,`description`,`image`,`url`,`target`,`content` FROM `cmf_slide_item` WHERE  `slide_id` = 1 ORDER BY `list_order` ASC [ RunTime:0.000506s ]
[2026-05-25T17:40:16+08:00][sql] SHOW FULL COLUMNS FROM `cmf_slide` [ RunTime:0.000775s ]
[2026-05-25T17:40:16+08:00][sql] SELECT * FROM `cmf_slide` WHERE  `name` LIKE '%choose%' OR `name` LIKE '%选择%' LIMIT 1 [ RunTime:0.000781s ]
[2026-05-25T17:40:16+08:00][sql] SELECT `title`,`description`,`image`,`url`,`target`,`content` FROM `cmf_slide_item` WHERE  `slide_id` = 14  AND `status` = 1 ORDER BY `list_order` ASC [ RunTime:0.000383s ]
[2026-05-25T17:40:16+08:00][sql] SELECT * FROM `cmf_product_category` WHERE  `parent_id` = 0  AND `recommend` = 1 ORDER BY `list_order` ASC,`create_time` DESC [ RunTime:0.000661s ]
[2026-05-25T17:40:16+08:00][sql] SHOW FULL COLUMNS FROM `cmf_product` [ RunTime:0.001592s ]
[2026-05-25T17:40:16+08:00][sql] SELECT `id`,`title`,`thumbnail`,`industry` FROM `cmf_product` WHERE  `is_recommended` = 1  AND `category_id` = 28 ORDER BY `list_order` ASC LIMIT 6 [ RunTime:0.000796s ]
[2026-05-25T17:40:16+08:00][sql] SELECT `id`,`title`,`thumbnail`,`industry` FROM `cmf_product` WHERE  `is_recommended` = 1  AND `category_id` = 19 ORDER BY `list_order` ASC LIMIT 6 [ RunTime:0.000603s ]
[2026-05-25T17:40:16+08:00][sql] SELECT `id`,`title`,`thumbnail`,`industry` FROM `cmf_product` WHERE  `is_recommended` = 1  AND `category_id` = 23 ORDER BY `list_order` ASC LIMIT 6 [ RunTime:0.000452s ]
[2026-05-25T17:40:16+08:00][sql] SELECT `id`,`title`,`thumbnail`,`industry` FROM `cmf_product` WHERE  `is_recommended` = 1  AND `category_id` = 25 ORDER BY `list_order` ASC LIMIT 6 [ RunTime:0.000373s ]
[2026-05-25T17:40:16+08:00][sql] SELECT `id`,`title`,`thumbnail`,`industry` FROM `cmf_product` WHERE  `is_recommended` = 1  AND `category_id` = 30 ORDER BY `list_order` ASC LIMIT 6 [ RunTime:0.000310s ]
[2026-05-25T17:40:16+08:00][sql] SELECT `option_value` FROM `cmf_option` WHERE  `option_name` = 'index_setting' LIMIT 1 [ RunTime:0.000264s ]
[2026-05-25T17:40:16+08:00][sql] SELECT `option_value` FROM `cmf_option` WHERE  `option_name` = 'about_site' LIMIT 1 [ RunTime:0.000505s ]
[2026-05-25T17:40:16+08:00][sql] SHOW FULL COLUMNS FROM `cmf_portal_post` [ RunTime:0.002286s ]
[2026-05-25T17:40:16+08:00][sql] SELECT `p`.`id`,`p`.`post_title`,`p`.`post_excerpt`,`p`.`thumbnail`,`p`.`create_time`,`c`.`category_id` FROM `cmf_portal_post` `p` INNER JOIN `cmf_portal_category_post` `c` ON `p`.`id`=`c`.`post_id` WHERE (  `p`.`post_type` = '8' ) AND `p`.`delete_time` = '0' ORDER BY `c`.`list_order` ASC,`p`.`create_time` DESC [ RunTime:0.001424s ]
[2026-05-25T17:40:16+08:00][sql] SELECT `id`,`post_title`,`post_excerpt`,`more` FROM `cmf_portal_post` WHERE (  `post_type` = 3 ) AND `cmf_portal_post`.`delete_time` = '0' ORDER BY `create_time` DESC [ RunTime:0.000506s ]
[2026-05-25T17:40:16+08:00][sql] SHOW FULL COLUMNS FROM `cmf_theme_file` [ RunTime:0.001763s ]
[2026-05-25T17:40:16+08:00][sql] SELECT `more`,`file`,`id` FROM `cmf_theme_file` WHERE  `theme` = 'simpleboot3'  AND (  `is_public` = 1 OR `file` = 'portal/index' ) ORDER BY `is_public` DESC [ RunTime:0.000474s ]
[2026-05-25T17:40:16+08:00][sql] SHOW FULL COLUMNS FROM `cmf_route` [ RunTime:0.001671s ]
[2026-05-25T17:40:16+08:00][sql] SELECT * FROM `cmf_route` WHERE  `status` = 1 ORDER BY `list_order` ASC [ RunTime:0.002057s ]
[2026-05-25T17:40:16+08:00][sql] SELECT `option_value` FROM `cmf_option` WHERE  `option_name` = 'storage' LIMIT 1 [ RunTime:0.000428s ]
[2026-05-25T17:40:24+08:00][sql] CONNECT:[ UseTime:0.000940s ] mysql:host=127.0.0.1;port=3306;dbname=nucleon;charset=utf8mb4
[2026-05-25T17:40:24+08:00][sql] SHOW FULL COLUMNS FROM `cmf_option` [ RunTime:0.002575s ]
[2026-05-25T17:40:24+08:00][sql] SELECT `option_value` FROM `cmf_option` WHERE  `option_name` = 'cdn_settings' LIMIT 1 [ RunTime:0.001197s ]
[2026-05-25T17:40:24+08:00][sql] SELECT `option_value` FROM `cmf_option` WHERE  `option_name` = 'cdn_settings' LIMIT 1 [ RunTime:0.000378s ]
[2026-05-25T17:40:24+08:00][sql] SHOW FULL COLUMNS FROM `cmf_product_category` [ RunTime:0.001330s ]
[2026-05-25T17:40:24+08:00][sql] SELECT * FROM `cmf_product_category` WHERE  `parent_id` = 0 ORDER BY `list_order` ASC,`create_time` DESC [ RunTime:0.000605s ]
[2026-05-25T17:40:24+08:00][sql] SELECT * FROM `cmf_product_category` WHERE  `parent_id` IN (28,19,22,23,25,30,27) [ RunTime:0.000360s ]
[2026-05-25T17:40:24+08:00][sql] SHOW FULL COLUMNS FROM `cmf_portal_category` [ RunTime:0.001127s ]
[2026-05-25T17:40:24+08:00][sql] SELECT * FROM `cmf_portal_category` WHERE (  `type` = 8 ) AND `cmf_portal_category`.`delete_time` = '0' ORDER BY `list_order` ASC [ RunTime:0.000517s ]
[2026-05-25T17:40:24+08:00][sql] SELECT `option_value` FROM `cmf_option` WHERE  `option_name` = 'product_category_hero_settings' LIMIT 1 [ RunTime:0.000503s ]
[2026-05-25T17:40:24+08:00][sql] SHOW FULL COLUMNS FROM `cmf_product` [ RunTime:0.003046s ]
[2026-05-25T17:40:24+08:00][sql] SELECT COUNT(*) AS think_count FROM `cmf_product` WHERE  `category_id` = 28 LIMIT 1 [ RunTime:0.001345s ]
[2026-05-25T17:40:24+08:00][sql] SELECT COUNT(*) AS think_count FROM `cmf_product` WHERE  `category_id` = 19 LIMIT 1 [ RunTime:0.000419s ]
[2026-05-25T17:40:24+08:00][sql] SELECT COUNT(*) AS think_count FROM `cmf_product` WHERE  `category_id` = 22 LIMIT 1 [ RunTime:0.000273s ]
[2026-05-25T17:40:24+08:00][sql] SELECT COUNT(*) AS think_count FROM `cmf_product` WHERE  `category_id` = 23 LIMIT 1 [ RunTime:0.000268s ]
[2026-05-25T17:40:24+08:00][sql] SELECT COUNT(*) AS think_count FROM `cmf_product` WHERE  `category_id` = 25 LIMIT 1 [ RunTime:0.000257s ]
[2026-05-25T17:40:24+08:00][sql] SELECT COUNT(*) AS think_count FROM `cmf_product` WHERE  `category_id` = 30 LIMIT 1 [ RunTime:0.000243s ]
[2026-05-25T17:40:24+08:00][sql] SELECT COUNT(*) AS think_count FROM `cmf_product` WHERE  `category_id` = 27 LIMIT 1 [ RunTime:0.000224s ]
[2026-05-25T17:40:24+08:00][sql] SELECT COUNT(*) AS think_count FROM `cmf_product` LIMIT 1 [ RunTime:0.000309s ]
[2026-05-25T17:40:24+08:00][sql] SELECT `id`,`category_id`,`title`,`thumbnail`,`industry`,`overview` FROM `cmf_product` ORDER BY `list_order` ASC,`create_time` DESC LIMIT 0,12 [ RunTime:0.001120s ]
[2026-05-25T17:40:24+08:00][sql] SHOW FULL COLUMNS FROM `cmf_slide_item` [ RunTime:0.002144s ]
[2026-05-25T17:40:24+08:00][sql] SELECT `title`,`description`,`image` FROM `cmf_slide_item` WHERE  `slide_id` = 2  AND `status` = 1 ORDER BY `list_order` ASC,`id` DESC LIMIT 1 [ RunTime:0.000834s ]
[2026-05-25T17:40:24+08:00][sql] SELECT `option_value` FROM `cmf_option` WHERE  `option_name` = 'storage' LIMIT 1 [ RunTime:0.000351s ]
[2026-05-25T17:40:24+08:00][sql] SHOW FULL COLUMNS FROM `cmf_portal_post` [ RunTime:0.002632s ]
[2026-05-25T17:40:24+08:00][sql] SELECT `id`,`post_title`,`post_excerpt`,`more` FROM `cmf_portal_post` WHERE (  `post_type` = 3 ) AND `cmf_portal_post`.`delete_time` = '0' ORDER BY `create_time` DESC [ RunTime:0.000954s ]
[2026-05-25T17:40:24+08:00][sql] SHOW FULL COLUMNS FROM `cmf_theme_file` [ RunTime:0.001541s ]
[2026-05-25T17:40:24+08:00][sql] SELECT `more`,`file`,`id` FROM `cmf_theme_file` WHERE  `theme` = 'simpleboot3'  AND (  `is_public` = 1 OR `file` = 'portal/product' ) ORDER BY `is_public` DESC [ RunTime:0.000524s ]
[2026-05-25T17:40:26+08:00][sql] CONNECT:[ UseTime:0.000666s ] mysql:host=127.0.0.1;port=3306;dbname=nucleon;charset=utf8mb4
[2026-05-25T17:40:26+08:00][sql] SHOW FULL COLUMNS FROM `cmf_option` [ RunTime:0.001684s ]
[2026-05-25T17:40:26+08:00][sql] SELECT `option_value` FROM `cmf_option` WHERE  `option_name` = 'cdn_settings' LIMIT 1 [ RunTime:0.000517s ]
[2026-05-25T17:40:26+08:00][sql] SELECT `option_value` FROM `cmf_option` WHERE  `option_name` = 'cdn_settings' LIMIT 1 [ RunTime:0.000346s ]
[2026-05-25T17:40:26+08:00][sql] SHOW FULL COLUMNS FROM `cmf_product_category` [ RunTime:0.001245s ]
[2026-05-25T17:40:26+08:00][sql] SELECT * FROM `cmf_product_category` WHERE  `parent_id` = 0 ORDER BY `list_order` ASC,`create_time` DESC [ RunTime:0.000606s ]
[2026-05-25T17:40:26+08:00][sql] SELECT * FROM `cmf_product_category` WHERE  `parent_id` IN (28,19,22,23,25,30,27) [ RunTime:0.000432s ]
[2026-05-25T17:40:26+08:00][sql] SHOW FULL COLUMNS FROM `cmf_portal_category` [ RunTime:0.001040s ]
[2026-05-25T17:40:26+08:00][sql] SELECT * FROM `cmf_portal_category` WHERE (  `type` = 8 ) AND `cmf_portal_category`.`delete_time` = '0' ORDER BY `list_order` ASC [ RunTime:0.000420s ]
[2026-05-25T17:40:26+08:00][sql] SHOW FULL COLUMNS FROM `cmf_product` [ RunTime:0.000966s ]
[2026-05-25T17:40:26+08:00][sql] SELECT COUNT(*) AS think_count FROM `cmf_product` WHERE  `category_id` = 28 LIMIT 1 [ RunTime:0.000377s ]
[2026-05-25T17:40:26+08:00][sql] SELECT COUNT(*) AS think_count FROM `cmf_product` WHERE  `category_id` = 19 LIMIT 1 [ RunTime:0.000232s ]
[2026-05-25T17:40:26+08:00][sql] SELECT COUNT(*) AS think_count FROM `cmf_product` WHERE  `category_id` = 22 LIMIT 1 [ RunTime:0.000193s ]
[2026-05-25T17:40:26+08:00][sql] SELECT COUNT(*) AS think_count FROM `cmf_product` WHERE  `category_id` = 23 LIMIT 1 [ RunTime:0.000352s ]
[2026-05-25T17:40:26+08:00][sql] SELECT COUNT(*) AS think_count FROM `cmf_product` WHERE  `category_id` = 25 LIMIT 1 [ RunTime:0.000194s ]
[2026-05-25T17:40:26+08:00][sql] SELECT COUNT(*) AS think_count FROM `cmf_product` WHERE  `category_id` = 30 LIMIT 1 [ RunTime:0.000193s ]
[2026-05-25T17:40:26+08:00][sql] SELECT COUNT(*) AS think_count FROM `cmf_product` WHERE  `category_id` = 27 LIMIT 1 [ RunTime:0.000184s ]
[2026-05-25T17:40:26+08:00][sql] SELECT COUNT(*) AS think_count FROM `cmf_product` LIMIT 1 [ RunTime:0.000267s ]
[2026-05-25T17:40:26+08:00][sql] SELECT `id`,`category_id`,`title`,`thumbnail`,`industry`,`overview` FROM `cmf_product` ORDER BY `list_order` ASC,`create_time` DESC LIMIT 0,12 [ RunTime:0.000662s ]
[2026-05-25T17:40:26+08:00][sql] SHOW FULL COLUMNS FROM `cmf_slide_item` [ RunTime:0.000988s ]
[2026-05-25T17:40:26+08:00][sql] SELECT `title`,`description`,`image` FROM `cmf_slide_item` WHERE  `slide_id` = 2  AND `status` = 1 ORDER BY `list_order` ASC,`id` DESC LIMIT 1 [ RunTime:0.000481s ]
[2026-05-25T17:40:26+08:00][sql] SELECT `option_value` FROM `cmf_option` WHERE  `option_name` = 'storage' LIMIT 1 [ RunTime:0.000387s ]
[2026-05-25T17:40:26+08:00][sql] SHOW FULL COLUMNS FROM `cmf_portal_post` [ RunTime:0.001010s ]
[2026-05-25T17:40:26+08:00][sql] SELECT `id`,`post_title`,`post_excerpt`,`more` FROM `cmf_portal_post` WHERE (  `post_type` = 3 ) AND `cmf_portal_post`.`delete_time` = '0' ORDER BY `create_time` DESC [ RunTime:0.000479s ]
[2026-05-25T17:40:26+08:00][sql] SHOW FULL COLUMNS FROM `cmf_theme_file` [ RunTime:0.000811s ]
[2026-05-25T17:40:26+08:00][sql] SELECT `more`,`file`,`id` FROM `cmf_theme_file` WHERE  `theme` = 'simpleboot3'  AND (  `is_public` = 1 OR `file` = 'portal/product' ) ORDER BY `is_public` DESC [ RunTime:0.000377s ]
[2026-05-25T17:40:27+08:00][sql] CONNECT:[ UseTime:0.001005s ] mysql:host=127.0.0.1;port=3306;dbname=nucleon;charset=utf8mb4
[2026-05-25T17:40:27+08:00][sql] SHOW FULL COLUMNS FROM `cmf_option` [ RunTime:0.001487s ]
[2026-05-25T17:40:27+08:00][sql] SELECT `option_value` FROM `cmf_option` WHERE  `option_name` = 'cdn_settings' LIMIT 1 [ RunTime:0.000498s ]
[2026-05-25T17:40:27+08:00][sql] SELECT `option_value` FROM `cmf_option` WHERE  `option_name` = 'cdn_settings' LIMIT 1 [ RunTime:0.000235s ]
[2026-05-25T17:40:27+08:00][sql] SHOW FULL COLUMNS FROM `cmf_product_category` [ RunTime:0.000847s ]
[2026-05-25T17:40:27+08:00][sql] SELECT * FROM `cmf_product_category` WHERE  `parent_id` = 0 ORDER BY `list_order` ASC,`create_time` DESC [ RunTime:0.000454s ]
[2026-05-25T17:40:27+08:00][sql] SELECT * FROM `cmf_product_category` WHERE  `parent_id` IN (28,19,22,23,25,30,27) [ RunTime:0.000295s ]
[2026-05-25T17:40:27+08:00][sql] SHOW FULL COLUMNS FROM `cmf_portal_category` [ RunTime:0.000846s ]
[2026-05-25T17:40:27+08:00][sql] SELECT * FROM `cmf_portal_category` WHERE (  `type` = 8 ) AND `cmf_portal_category`.`delete_time` = '0' ORDER BY `list_order` ASC [ RunTime:0.000364s ]
[2026-05-25T17:40:27+08:00][sql] SELECT * FROM `cmf_product_category` WHERE  `id` = 28 LIMIT 1 [ RunTime:0.000243s ]
[2026-05-25T17:40:27+08:00][sql] SHOW FULL COLUMNS FROM `cmf_product` [ RunTime:0.001006s ]
[2026-05-25T17:40:27+08:00][sql] SELECT COUNT(*) AS think_count FROM `cmf_product` WHERE  `category_id` = 28 LIMIT 1 [ RunTime:0.000965s ]
[2026-05-25T17:40:27+08:00][sql] SELECT COUNT(*) AS think_count FROM `cmf_product` WHERE  `category_id` = 19 LIMIT 1 [ RunTime:0.000259s ]
[2026-05-25T17:40:27+08:00][sql] SELECT COUNT(*) AS think_count FROM `cmf_product` WHERE  `category_id` = 22 LIMIT 1 [ RunTime:0.000207s ]
[2026-05-25T17:40:27+08:00][sql] SELECT COUNT(*) AS think_count FROM `cmf_product` WHERE  `category_id` = 23 LIMIT 1 [ RunTime:0.000190s ]
[2026-05-25T17:40:27+08:00][sql] SELECT COUNT(*) AS think_count FROM `cmf_product` WHERE  `category_id` = 25 LIMIT 1 [ RunTime:0.000186s ]
[2026-05-25T17:40:27+08:00][sql] SELECT COUNT(*) AS think_count FROM `cmf_product` WHERE  `category_id` = 30 LIMIT 1 [ RunTime:0.000480s ]
[2026-05-25T17:40:27+08:00][sql] SELECT COUNT(*) AS think_count FROM `cmf_product` WHERE  `category_id` = 27 LIMIT 1 [ RunTime:0.000667s ]
[2026-05-25T17:40:27+08:00][sql] SELECT COUNT(*) AS think_count FROM `cmf_product` WHERE  `category_id` = 28 LIMIT 1 [ RunTime:0.000280s ]
[2026-05-25T17:40:27+08:00][sql] SELECT `id`,`category_id`,`title`,`thumbnail`,`industry`,`overview` FROM `cmf_product` WHERE  `category_id` = 28 ORDER BY `list_order` ASC,`create_time` DESC LIMIT 0,12 [ RunTime:0.000583s ]
[2026-05-25T17:40:27+08:00][sql] SHOW FULL COLUMNS FROM `cmf_slide_item` [ RunTime:0.001085s ]
[2026-05-25T17:40:27+08:00][sql] SELECT `title`,`description`,`image` FROM `cmf_slide_item` WHERE  `slide_id` = 2  AND `status` = 1 ORDER BY `list_order` ASC,`id` DESC LIMIT 1 [ RunTime:0.000494s ]
[2026-05-25T17:40:27+08:00][sql] SELECT `option_value` FROM `cmf_option` WHERE  `option_name` = 'storage' LIMIT 1 [ RunTime:0.000212s ]
[2026-05-25T17:40:27+08:00][sql] SELECT `option_value` FROM `cmf_option` WHERE  `option_name` = 'product_category_faq_settings' LIMIT 1 [ RunTime:0.000266s ]
[2026-05-25T17:40:27+08:00][sql] SHOW FULL COLUMNS FROM `cmf_portal_post` [ RunTime:0.000977s ]
[2026-05-25T17:40:27+08:00][sql] SELECT `id`,`post_title`,`post_excerpt`,`more` FROM `cmf_portal_post` WHERE (  `post_type` = 3 ) AND `cmf_portal_post`.`delete_time` = '0' ORDER BY `create_time` DESC [ RunTime:0.000505s ]
[2026-05-25T17:40:27+08:00][sql] SHOW FULL COLUMNS FROM `cmf_theme_file` [ RunTime:0.001551s ]
[2026-05-25T17:40:27+08:00][sql] SELECT `more`,`file`,`id` FROM `cmf_theme_file` WHERE  `theme` = 'simpleboot3'  AND (  `is_public` = 1 OR `file` = 'portal/product' ) ORDER BY `is_public` DESC [ RunTime:0.002078s ]
[2026-05-25T17:40:32+08:00][sql] CONNECT:[ UseTime:0.000866s ] mysql:host=127.0.0.1;port=3306;dbname=nucleon;charset=utf8mb4
[2026-05-25T17:40:32+08:00][sql] SHOW FULL COLUMNS FROM `cmf_option` [ RunTime:0.001742s ]
[2026-05-25T17:40:32+08:00][sql] SELECT `option_value` FROM `cmf_option` WHERE  `option_name` = 'cdn_settings' LIMIT 1 [ RunTime:0.000449s ]
[2026-05-25T17:40:32+08:00][sql] SELECT `option_value` FROM `cmf_option` WHERE  `option_name` = 'cdn_settings' LIMIT 1 [ RunTime:0.000340s ]
[2026-05-25T17:40:32+08:00][sql] SHOW FULL COLUMNS FROM `cmf_product_category` [ RunTime:0.001192s ]
[2026-05-25T17:40:32+08:00][sql] SELECT * FROM `cmf_product_category` WHERE  `parent_id` = 0 ORDER BY `list_order` ASC,`create_time` DESC [ RunTime:0.000546s ]
[2026-05-25T17:40:32+08:00][sql] SELECT * FROM `cmf_product_category` WHERE  `parent_id` IN (28,19,22,23,25,30,27) [ RunTime:0.000730s ]
[2026-05-25T17:40:32+08:00][sql] SHOW FULL COLUMNS FROM `cmf_portal_category` [ RunTime:0.001423s ]
[2026-05-25T17:40:32+08:00][sql] SELECT * FROM `cmf_portal_category` WHERE (  `type` = 8 ) AND `cmf_portal_category`.`delete_time` = '0' ORDER BY `list_order` ASC [ RunTime:0.000508s ]
[2026-05-25T17:40:32+08:00][sql] SHOW FULL COLUMNS FROM `cmf_product` [ RunTime:0.001376s ]
[2026-05-25T17:40:32+08:00][sql] SELECT * FROM `cmf_product` WHERE  `id` = 153 LIMIT 1 [ RunTime:0.000659s ]
[2026-05-25T17:40:32+08:00][sql] SELECT * FROM `cmf_product_category` WHERE  `id` = 28 LIMIT 1 [ RunTime:0.000268s ]
[2026-05-25T17:40:32+08:00][sql] SELECT `option_value` FROM `cmf_option` WHERE  `option_name` = 'product_setting' LIMIT 1 [ RunTime:0.000246s ]
[2026-05-25T17:40:32+08:00][sql] SELECT `id`,`title`,`industry`,`thumbnail` FROM `cmf_product` WHERE  `id` <> 153  AND `is_recommended` = 1  AND `category_id` = 28 ORDER BY RAND() LIMIT 4 [ RunTime:0.002666s ]
[2026-05-25T17:40:32+08:00][sql] SHOW FULL COLUMNS FROM `cmf_slide_item` [ RunTime:0.001450s ]
[2026-05-25T17:40:32+08:00][sql] SELECT `title`,`description`,`image` FROM `cmf_slide_item` WHERE  `slide_id` = 2  AND `status` = 1 ORDER BY `list_order` ASC,`id` DESC LIMIT 1 [ RunTime:0.000523s ]
[2026-05-25T17:40:32+08:00][sql] SHOW FULL COLUMNS FROM `cmf_theme_file` [ RunTime:0.001048s ]
[2026-05-25T17:40:32+08:00][sql] SELECT `more`,`file`,`id` FROM `cmf_theme_file` WHERE  `theme` = 'simpleboot3'  AND (  `is_public` = 1 OR `file` = 'portal/product-info' ) ORDER BY `is_public` DESC [ RunTime:0.000506s ]
[2026-05-25T17:40:32+08:00][sql] SELECT `option_value` FROM `cmf_option` WHERE  `option_name` = 'storage' LIMIT 1 [ RunTime:0.000572s ]
[2026-05-25T17:41:57+08:00][sql] CONNECT:[ UseTime:0.000848s ] mysql:host=127.0.0.1;port=3306;dbname=nucleon;charset=utf8mb4
[2026-05-25T17:41:57+08:00][sql] SHOW FULL COLUMNS FROM `cmf_option` [ RunTime:0.003170s ]
[2026-05-25T17:41:57+08:00][sql] SELECT `option_value` FROM `cmf_option` WHERE  `option_name` = 'cdn_settings' LIMIT 1 [ RunTime:0.000555s ]
[2026-05-25T17:41:57+08:00][sql] SELECT `option_value` FROM `cmf_option` WHERE  `option_name` = 'cdn_settings' LIMIT 1 [ RunTime:0.000302s ]
[2026-05-25T17:41:57+08:00][sql] SHOW FULL COLUMNS FROM `cmf_product_category` [ RunTime:0.001101s ]
[2026-05-25T17:41:57+08:00][sql] SELECT * FROM `cmf_product_category` WHERE  `parent_id` = 0 ORDER BY `list_order` ASC,`create_time` DESC [ RunTime:0.000558s ]
[2026-05-25T17:41:57+08:00][sql] SELECT * FROM `cmf_product_category` WHERE  `parent_id` IN (28,19,22,23,25,30,27) [ RunTime:0.000339s ]
[2026-05-25T17:41:57+08:00][sql] SHOW FULL COLUMNS FROM `cmf_portal_category` [ RunTime:0.001353s ]
[2026-05-25T17:41:57+08:00][sql] SELECT * FROM `cmf_portal_category` WHERE (  `type` = 8 ) AND `cmf_portal_category`.`delete_time` = '0' ORDER BY `list_order` ASC [ RunTime:0.000712s ]
[2026-05-25T17:41:57+08:00][sql] SHOW FULL COLUMNS FROM `cmf_product` [ RunTime:0.001807s ]
[2026-05-25T17:41:57+08:00][sql] SELECT COUNT(*) AS think_count FROM `cmf_product` WHERE  `category_id` = 28 LIMIT 1 [ RunTime:0.000562s ]
[2026-05-25T17:41:57+08:00][sql] SELECT COUNT(*) AS think_count FROM `cmf_product` WHERE  `category_id` = 19 LIMIT 1 [ RunTime:0.000381s ]
[2026-05-25T17:41:57+08:00][sql] SELECT COUNT(*) AS think_count FROM `cmf_product` WHERE  `category_id` = 22 LIMIT 1 [ RunTime:0.000258s ]
[2026-05-25T17:41:57+08:00][sql] SELECT COUNT(*) AS think_count FROM `cmf_product` WHERE  `category_id` = 23 LIMIT 1 [ RunTime:0.000269s ]
[2026-05-25T17:41:57+08:00][sql] SELECT COUNT(*) AS think_count FROM `cmf_product` WHERE  `category_id` = 25 LIMIT 1 [ RunTime:0.000243s ]
[2026-05-25T17:41:57+08:00][sql] SELECT COUNT(*) AS think_count FROM `cmf_product` WHERE  `category_id` = 30 LIMIT 1 [ RunTime:0.000240s ]
[2026-05-25T17:41:57+08:00][sql] SELECT COUNT(*) AS think_count FROM `cmf_product` WHERE  `category_id` = 27 LIMIT 1 [ RunTime:0.000239s ]
[2026-05-25T17:41:57+08:00][sql] SELECT COUNT(*) AS think_count FROM `cmf_product` LIMIT 1 [ RunTime:0.000267s ]
[2026-05-25T17:41:57+08:00][sql] SELECT `id`,`category_id`,`title`,`thumbnail`,`industry`,`overview` FROM `cmf_product` ORDER BY `list_order` ASC,`create_time` DESC LIMIT 0,12 [ RunTime:0.000717s ]
[2026-05-25T17:41:57+08:00][sql] SHOW FULL COLUMNS FROM `cmf_slide_item` [ RunTime:0.001109s ]
[2026-05-25T17:41:57+08:00][sql] SELECT `title`,`description`,`image` FROM `cmf_slide_item` WHERE  `slide_id` = 2  AND `status` = 1 ORDER BY `list_order` ASC,`id` DESC LIMIT 1 [ RunTime:0.001241s ]
[2026-05-25T17:41:57+08:00][sql] SELECT `option_value` FROM `cmf_option` WHERE  `option_name` = 'storage' LIMIT 1 [ RunTime:0.000285s ]
[2026-05-25T17:41:57+08:00][sql] SHOW FULL COLUMNS FROM `cmf_portal_post` [ RunTime:0.001520s ]
[2026-05-25T17:41:57+08:00][sql] SELECT `id`,`post_title`,`post_excerpt`,`more` FROM `cmf_portal_post` WHERE (  `post_type` = 3 ) AND `cmf_portal_post`.`delete_time` = '0' ORDER BY `create_time` DESC [ RunTime:0.001090s ]
[2026-05-25T17:41:57+08:00][sql] SHOW FULL COLUMNS FROM `cmf_theme_file` [ RunTime:0.001243s ]
[2026-05-25T17:41:57+08:00][sql] SELECT `more`,`file`,`id` FROM `cmf_theme_file` WHERE  `theme` = 'simpleboot3'  AND (  `is_public` = 1 OR `file` = 'portal/product' ) ORDER BY `is_public` DESC [ RunTime:0.000677s ]
[2026-05-25T17:42:02+08:00][sql] CONNECT:[ UseTime:0.001007s ] mysql:host=127.0.0.1;port=3306;dbname=nucleon;charset=utf8mb4
[2026-05-25T17:42:02+08:00][sql] SHOW FULL COLUMNS FROM `cmf_option` [ RunTime:0.002748s ]
[2026-05-25T17:42:02+08:00][sql] SELECT `option_value` FROM `cmf_option` WHERE  `option_name` = 'cdn_settings' LIMIT 1 [ RunTime:0.000673s ]
[2026-05-25T17:42:02+08:00][sql] SELECT `option_value` FROM `cmf_option` WHERE  `option_name` = 'cdn_settings' LIMIT 1 [ RunTime:0.000324s ]
[2026-05-25T17:42:02+08:00][sql] SHOW FULL COLUMNS FROM `cmf_product_category` [ RunTime:0.001731s ]
[2026-05-25T17:42:02+08:00][sql] SELECT * FROM `cmf_product_category` WHERE  `parent_id` = 0 ORDER BY `list_order` ASC,`create_time` DESC [ RunTime:0.000569s ]
[2026-05-25T17:42:02+08:00][sql] SELECT * FROM `cmf_product_category` WHERE  `parent_id` IN (28,19,22,23,25,30,27) [ RunTime:0.000280s ]
[2026-05-25T17:42:02+08:00][sql] SHOW FULL COLUMNS FROM `cmf_portal_category` [ RunTime:0.000847s ]
[2026-05-25T17:42:02+08:00][sql] SELECT * FROM `cmf_portal_category` WHERE (  `type` = 8 ) AND `cmf_portal_category`.`delete_time` = '0' ORDER BY `list_order` ASC [ RunTime:0.000386s ]
[2026-05-25T17:42:02+08:00][sql] SELECT * FROM `cmf_product_category` WHERE  `id` = 28 LIMIT 1 [ RunTime:0.000400s ]
[2026-05-25T17:42:02+08:00][sql] SHOW FULL COLUMNS FROM `cmf_product` [ RunTime:0.001087s ]
[2026-05-25T17:42:02+08:00][sql] SELECT COUNT(*) AS think_count FROM `cmf_product` WHERE  `category_id` = 28 LIMIT 1 [ RunTime:0.000430s ]
[2026-05-25T17:42:02+08:00][sql] SELECT COUNT(*) AS think_count FROM `cmf_product` WHERE  `category_id` = 19 LIMIT 1 [ RunTime:0.000215s ]
[2026-05-25T17:42:02+08:00][sql] SELECT COUNT(*) AS think_count FROM `cmf_product` WHERE  `category_id` = 22 LIMIT 1 [ RunTime:0.000191s ]
[2026-05-25T17:42:02+08:00][sql] SELECT COUNT(*) AS think_count FROM `cmf_product` WHERE  `category_id` = 23 LIMIT 1 [ RunTime:0.000226s ]
[2026-05-25T17:42:02+08:00][sql] SELECT COUNT(*) AS think_count FROM `cmf_product` WHERE  `category_id` = 25 LIMIT 1 [ RunTime:0.000243s ]
[2026-05-25T17:42:02+08:00][sql] SELECT COUNT(*) AS think_count FROM `cmf_product` WHERE  `category_id` = 30 LIMIT 1 [ RunTime:0.000247s ]
[2026-05-25T17:42:02+08:00][sql] SELECT COUNT(*) AS think_count FROM `cmf_product` WHERE  `category_id` = 27 LIMIT 1 [ RunTime:0.000204s ]
[2026-05-25T17:42:02+08:00][sql] SELECT COUNT(*) AS think_count FROM `cmf_product` WHERE  `category_id` = 28 LIMIT 1 [ RunTime:0.000194s ]
[2026-05-25T17:42:02+08:00][sql] SELECT `id`,`category_id`,`title`,`thumbnail`,`industry`,`overview` FROM `cmf_product` WHERE  `category_id` = 28 ORDER BY `list_order` ASC,`create_time` DESC LIMIT 0,12 [ RunTime:0.000522s ]
[2026-05-25T17:42:02+08:00][sql] SHOW FULL COLUMNS FROM `cmf_slide_item` [ RunTime:0.000930s ]
[2026-05-25T17:42:02+08:00][sql] SELECT `title`,`description`,`image` FROM `cmf_slide_item` WHERE  `slide_id` = 2  AND `status` = 1 ORDER BY `list_order` ASC,`id` DESC LIMIT 1 [ RunTime:0.000391s ]
[2026-05-25T17:42:02+08:00][sql] SELECT `option_value` FROM `cmf_option` WHERE  `option_name` = 'storage' LIMIT 1 [ RunTime:0.000203s ]
[2026-05-25T17:42:02+08:00][sql] SHOW FULL COLUMNS FROM `cmf_portal_post` [ RunTime:0.001143s ]
[2026-05-25T17:42:02+08:00][sql] SELECT `id`,`post_title`,`post_excerpt`,`more` FROM `cmf_portal_post` WHERE (  `post_type` = 3 ) AND `cmf_portal_post`.`delete_time` = '0' ORDER BY `create_time` DESC [ RunTime:0.000511s ]
[2026-05-25T17:42:02+08:00][sql] SHOW FULL COLUMNS FROM `cmf_theme_file` [ RunTime:0.000854s ]
[2026-05-25T17:42:02+08:00][sql] SELECT `more`,`file`,`id` FROM `cmf_theme_file` WHERE  `theme` = 'simpleboot3'  AND (  `is_public` = 1 OR `file` = 'portal/product' ) ORDER BY `is_public` DESC [ RunTime:0.000427s ]
[2026-05-25T17:42:06+08:00][sql] CONNECT:[ UseTime:0.000837s ] mysql:host=127.0.0.1;port=3306;dbname=nucleon;charset=utf8mb4
[2026-05-25T17:42:06+08:00][sql] SHOW FULL COLUMNS FROM `cmf_option` [ RunTime:0.001893s ]
[2026-05-25T17:42:06+08:00][sql] SELECT `option_value` FROM `cmf_option` WHERE  `option_name` = 'cdn_settings' LIMIT 1 [ RunTime:0.000432s ]
[2026-05-25T17:42:06+08:00][sql] SELECT `option_value` FROM `cmf_option` WHERE  `option_name` = 'cdn_settings' LIMIT 1 [ RunTime:0.000634s ]
[2026-05-25T17:42:06+08:00][sql] SHOW FULL COLUMNS FROM `cmf_product_category` [ RunTime:0.001401s ]
[2026-05-25T17:42:06+08:00][sql] SELECT * FROM `cmf_product_category` WHERE  `parent_id` = 0 ORDER BY `list_order` ASC,`create_time` DESC [ RunTime:0.000614s ]
[2026-05-25T17:42:06+08:00][sql] SELECT * FROM `cmf_product_category` WHERE  `parent_id` IN (28,19,22,23,25,30,27) [ RunTime:0.000329s ]
[2026-05-25T17:42:06+08:00][sql] SHOW FULL COLUMNS FROM `cmf_portal_category` [ RunTime:0.001268s ]
[2026-05-25T17:42:06+08:00][sql] SELECT * FROM `cmf_portal_category` WHERE (  `type` = 8 ) AND `cmf_portal_category`.`delete_time` = '0' ORDER BY `list_order` ASC [ RunTime:0.000533s ]
[2026-05-25T17:42:06+08:00][sql] SELECT * FROM `cmf_product_category` WHERE  `id` = 28 LIMIT 1 [ RunTime:0.000309s ]
[2026-05-25T17:42:06+08:00][sql] SHOW FULL COLUMNS FROM `cmf_product` [ RunTime:0.001281s ]
[2026-05-25T17:42:06+08:00][sql] SELECT COUNT(*) AS think_count FROM `cmf_product` WHERE  `category_id` = 28 LIMIT 1 [ RunTime:0.000508s ]
[2026-05-25T17:42:06+08:00][sql] SELECT COUNT(*) AS think_count FROM `cmf_product` WHERE  `category_id` = 19 LIMIT 1 [ RunTime:0.000263s ]
[2026-05-25T17:42:06+08:00][sql] SELECT COUNT(*) AS think_count FROM `cmf_product` WHERE  `category_id` = 22 LIMIT 1 [ RunTime:0.000289s ]
[2026-05-25T17:42:06+08:00][sql] SELECT COUNT(*) AS think_count FROM `cmf_product` WHERE  `category_id` = 23 LIMIT 1 [ RunTime:0.000332s ]
[2026-05-25T17:42:06+08:00][sql] SELECT COUNT(*) AS think_count FROM `cmf_product` WHERE  `category_id` = 25 LIMIT 1 [ RunTime:0.000276s ]
[2026-05-25T17:42:06+08:00][sql] SELECT COUNT(*) AS think_count FROM `cmf_product` WHERE  `category_id` = 30 LIMIT 1 [ RunTime:0.000312s ]
[2026-05-25T17:42:06+08:00][sql] SELECT COUNT(*) AS think_count FROM `cmf_product` WHERE  `category_id` = 27 LIMIT 1 [ RunTime:0.000253s ]
[2026-05-25T17:42:06+08:00][sql] SELECT COUNT(*) AS think_count FROM `cmf_product` WHERE  `category_id` = 28 LIMIT 1 [ RunTime:0.000251s ]
[2026-05-25T17:42:06+08:00][sql] SELECT `id`,`category_id`,`title`,`thumbnail`,`industry`,`overview` FROM `cmf_product` WHERE  `category_id` = 28 ORDER BY `list_order` ASC,`create_time` DESC LIMIT 12,12 [ RunTime:0.001002s ]
[2026-05-25T17:42:06+08:00][sql] SHOW FULL COLUMNS FROM `cmf_slide_item` [ RunTime:0.001259s ]
[2026-05-25T17:42:06+08:00][sql] SELECT `title`,`description`,`image` FROM `cmf_slide_item` WHERE  `slide_id` = 2  AND `status` = 1 ORDER BY `list_order` ASC,`id` DESC LIMIT 1 [ RunTime:0.000610s ]
[2026-05-25T17:42:06+08:00][sql] SELECT `option_value` FROM `cmf_option` WHERE  `option_name` = 'storage' LIMIT 1 [ RunTime:0.000237s ]
[2026-05-25T17:42:06+08:00][sql] SHOW FULL COLUMNS FROM `cmf_portal_post` [ RunTime:0.001217s ]
[2026-05-25T17:42:06+08:00][sql] SELECT `id`,`post_title`,`post_excerpt`,`more` FROM `cmf_portal_post` WHERE (  `post_type` = 3 ) AND `cmf_portal_post`.`delete_time` = '0' ORDER BY `create_time` DESC [ RunTime:0.000558s ]
[2026-05-25T17:42:06+08:00][sql] SHOW FULL COLUMNS FROM `cmf_theme_file` [ RunTime:0.000962s ]
[2026-05-25T17:42:06+08:00][sql] SELECT `more`,`file`,`id` FROM `cmf_theme_file` WHERE  `theme` = 'simpleboot3'  AND (  `is_public` = 1 OR `file` = 'portal/product' ) ORDER BY `is_public` DESC [ RunTime:0.000508s ]
[2026-05-25T17:42:10+08:00][sql] CONNECT:[ UseTime:0.000984s ] mysql:host=127.0.0.1;port=3306;dbname=nucleon;charset=utf8mb4
[2026-05-25T17:42:10+08:00][sql] SHOW FULL COLUMNS FROM `cmf_option` [ RunTime:0.001928s ]
[2026-05-25T17:42:10+08:00][sql] SELECT `option_value` FROM `cmf_option` WHERE  `option_name` = 'cdn_settings' LIMIT 1 [ RunTime:0.000443s ]
[2026-05-25T17:42:10+08:00][sql] SELECT `option_value` FROM `cmf_option` WHERE  `option_name` = 'cdn_settings' LIMIT 1 [ RunTime:0.000673s ]
[2026-05-25T17:42:10+08:00][sql] SHOW FULL COLUMNS FROM `cmf_product_category` [ RunTime:0.002270s ]
[2026-05-25T17:42:10+08:00][sql] SELECT * FROM `cmf_product_category` WHERE  `parent_id` = 0 ORDER BY `list_order` ASC,`create_time` DESC [ RunTime:0.000660s ]
[2026-05-25T17:42:10+08:00][sql] SELECT * FROM `cmf_product_category` WHERE  `parent_id` IN (28,19,22,23,25,30,27) [ RunTime:0.000492s ]
[2026-05-25T17:42:10+08:00][sql] SHOW FULL COLUMNS FROM `cmf_portal_category` [ RunTime:0.001098s ]
[2026-05-25T17:42:10+08:00][sql] SELECT * FROM `cmf_portal_category` WHERE (  `type` = 8 ) AND `cmf_portal_category`.`delete_time` = '0' ORDER BY `list_order` ASC [ RunTime:0.000437s ]
[2026-05-25T17:42:10+08:00][sql] SELECT * FROM `cmf_product_category` WHERE  `id` = 28 LIMIT 1 [ RunTime:0.000324s ]
[2026-05-25T17:42:10+08:00][sql] SHOW FULL COLUMNS FROM `cmf_product` [ RunTime:0.001107s ]
[2026-05-25T17:42:10+08:00][sql] SELECT COUNT(*) AS think_count FROM `cmf_product` WHERE  `category_id` = 28 LIMIT 1 [ RunTime:0.000424s ]
[2026-05-25T17:42:10+08:00][sql] SELECT COUNT(*) AS think_count FROM `cmf_product` WHERE  `category_id` = 19 LIMIT 1 [ RunTime:0.000200s ]
[2026-05-25T17:42:10+08:00][sql] SELECT COUNT(*) AS think_count FROM `cmf_product` WHERE  `category_id` = 22 LIMIT 1 [ RunTime:0.000175s ]
[2026-05-25T17:42:10+08:00][sql] SELECT COUNT(*) AS think_count FROM `cmf_product` WHERE  `category_id` = 23 LIMIT 1 [ RunTime:0.000157s ]
[2026-05-25T17:42:10+08:00][sql] SELECT COUNT(*) AS think_count FROM `cmf_product` WHERE  `category_id` = 25 LIMIT 1 [ RunTime:0.000152s ]
[2026-05-25T17:42:10+08:00][sql] SELECT COUNT(*) AS think_count FROM `cmf_product` WHERE  `category_id` = 30 LIMIT 1 [ RunTime:0.000158s ]
[2026-05-25T17:42:10+08:00][sql] SELECT COUNT(*) AS think_count FROM `cmf_product` WHERE  `category_id` = 27 LIMIT 1 [ RunTime:0.000149s ]
[2026-05-25T17:42:10+08:00][sql] SELECT COUNT(*) AS think_count FROM `cmf_product` WHERE  `category_id` = 28 LIMIT 1 [ RunTime:0.000156s ]
[2026-05-25T17:42:10+08:00][sql] SELECT `id`,`category_id`,`title`,`thumbnail`,`industry`,`overview` FROM `cmf_product` WHERE  `category_id` = 28 ORDER BY `list_order` ASC,`create_time` DESC LIMIT 24,12 [ RunTime:0.001150s ]
[2026-05-25T17:42:10+08:00][sql] SHOW FULL COLUMNS FROM `cmf_slide_item` [ RunTime:0.002096s ]
[2026-05-25T17:42:10+08:00][sql] SELECT `title`,`description`,`image` FROM `cmf_slide_item` WHERE  `slide_id` = 2  AND `status` = 1 ORDER BY `list_order` ASC,`id` DESC LIMIT 1 [ RunTime:0.000741s ]
[2026-05-25T17:42:10+08:00][sql] SELECT `option_value` FROM `cmf_option` WHERE  `option_name` = 'storage' LIMIT 1 [ RunTime:0.000365s ]
[2026-05-25T17:42:10+08:00][sql] SHOW FULL COLUMNS FROM `cmf_portal_post` [ RunTime:0.001348s ]
[2026-05-25T17:42:10+08:00][sql] SELECT `id`,`post_title`,`post_excerpt`,`more` FROM `cmf_portal_post` WHERE (  `post_type` = 3 ) AND `cmf_portal_post`.`delete_time` = '0' ORDER BY `create_time` DESC [ RunTime:0.000679s ]
[2026-05-25T17:42:10+08:00][sql] SHOW FULL COLUMNS FROM `cmf_theme_file` [ RunTime:0.001826s ]
[2026-05-25T17:42:10+08:00][sql] SELECT `more`,`file`,`id` FROM `cmf_theme_file` WHERE  `theme` = 'simpleboot3'  AND (  `is_public` = 1 OR `file` = 'portal/product' ) ORDER BY `is_public` DESC [ RunTime:0.000529s ]
[2026-05-25T17:42:14+08:00][sql] CONNECT:[ UseTime:0.000806s ] mysql:host=127.0.0.1;port=3306;dbname=nucleon;charset=utf8mb4
[2026-05-25T17:42:14+08:00][sql] SHOW FULL COLUMNS FROM `cmf_option` [ RunTime:0.001664s ]
[2026-05-25T17:42:14+08:00][sql] SELECT `option_value` FROM `cmf_option` WHERE  `option_name` = 'cdn_settings' LIMIT 1 [ RunTime:0.000515s ]
[2026-05-25T17:42:14+08:00][sql] SELECT `option_value` FROM `cmf_option` WHERE  `option_name` = 'cdn_settings' LIMIT 1 [ RunTime:0.000292s ]
[2026-05-25T17:42:14+08:00][sql] SHOW FULL COLUMNS FROM `cmf_product_category` [ RunTime:0.001171s ]
[2026-05-25T17:42:14+08:00][sql] SELECT * FROM `cmf_product_category` WHERE  `parent_id` = 0 ORDER BY `list_order` ASC,`create_time` DESC [ RunTime:0.000429s ]
[2026-05-25T17:42:14+08:00][sql] SELECT * FROM `cmf_product_category` WHERE  `parent_id` IN (28,19,22,23,25,30,27) [ RunTime:0.000371s ]
[2026-05-25T17:42:14+08:00][sql] SHOW FULL COLUMNS FROM `cmf_portal_category` [ RunTime:0.001265s ]
[2026-05-25T17:42:14+08:00][sql] SELECT * FROM `cmf_portal_category` WHERE (  `type` = 8 ) AND `cmf_portal_category`.`delete_time` = '0' ORDER BY `list_order` ASC [ RunTime:0.000454s ]
[2026-05-25T17:42:14+08:00][sql] SELECT * FROM `cmf_product_category` WHERE  `id` = 28 LIMIT 1 [ RunTime:0.000451s ]
[2026-05-25T17:42:14+08:00][sql] SHOW FULL COLUMNS FROM `cmf_product` [ RunTime:0.002355s ]
[2026-05-25T17:42:14+08:00][sql] SELECT COUNT(*) AS think_count FROM `cmf_product` WHERE  `category_id` = 28 LIMIT 1 [ RunTime:0.000593s ]
[2026-05-25T17:42:14+08:00][sql] SELECT COUNT(*) AS think_count FROM `cmf_product` WHERE  `category_id` = 19 LIMIT 1 [ RunTime:0.000296s ]
[2026-05-25T17:42:14+08:00][sql] SELECT COUNT(*) AS think_count FROM `cmf_product` WHERE  `category_id` = 22 LIMIT 1 [ RunTime:0.000227s ]
[2026-05-25T17:42:14+08:00][sql] SELECT COUNT(*) AS think_count FROM `cmf_product` WHERE  `category_id` = 23 LIMIT 1 [ RunTime:0.000264s ]
[2026-05-25T17:42:14+08:00][sql] SELECT COUNT(*) AS think_count FROM `cmf_product` WHERE  `category_id` = 25 LIMIT 1 [ RunTime:0.000251s ]
[2026-05-25T17:42:14+08:00][sql] SELECT COUNT(*) AS think_count FROM `cmf_product` WHERE  `category_id` = 30 LIMIT 1 [ RunTime:0.000238s ]
[2026-05-25T17:42:14+08:00][sql] SELECT COUNT(*) AS think_count FROM `cmf_product` WHERE  `category_id` = 27 LIMIT 1 [ RunTime:0.000235s ]
[2026-05-25T17:42:14+08:00][sql] SELECT COUNT(*) AS think_count FROM `cmf_product` WHERE  `category_id` = 28 LIMIT 1 [ RunTime:0.000265s ]
[2026-05-25T17:42:14+08:00][sql] SELECT `id`,`category_id`,`title`,`thumbnail`,`industry`,`overview` FROM `cmf_product` WHERE  `category_id` = 28 ORDER BY `list_order` ASC,`create_time` DESC LIMIT 36,12 [ RunTime:0.000740s ]
[2026-05-25T17:42:14+08:00][sql] SHOW FULL COLUMNS FROM `cmf_slide_item` [ RunTime:0.001141s ]
[2026-05-25T17:42:14+08:00][sql] SELECT `title`,`description`,`image` FROM `cmf_slide_item` WHERE  `slide_id` = 2  AND `status` = 1 ORDER BY `list_order` ASC,`id` DESC LIMIT 1 [ RunTime:0.000360s ]
[2026-05-25T17:42:14+08:00][sql] SELECT `option_value` FROM `cmf_option` WHERE  `option_name` = 'storage' LIMIT 1 [ RunTime:0.000333s ]
[2026-05-25T17:42:14+08:00][sql] SHOW FULL COLUMNS FROM `cmf_portal_post` [ RunTime:0.001380s ]
[2026-05-25T17:42:14+08:00][sql] SELECT `id`,`post_title`,`post_excerpt`,`more` FROM `cmf_portal_post` WHERE (  `post_type` = 3 ) AND `cmf_portal_post`.`delete_time` = '0' ORDER BY `create_time` DESC [ RunTime:0.000480s ]
[2026-05-25T17:42:14+08:00][sql] SHOW FULL COLUMNS FROM `cmf_theme_file` [ RunTime:0.001071s ]
[2026-05-25T17:42:14+08:00][sql] SELECT `more`,`file`,`id` FROM `cmf_theme_file` WHERE  `theme` = 'simpleboot3'  AND (  `is_public` = 1 OR `file` = 'portal/product' ) ORDER BY `is_public` DESC [ RunTime:0.000412s ]
[2026-05-25T17:42:23+08:00][sql] CONNECT:[ UseTime:0.000763s ] mysql:host=127.0.0.1;port=3306;dbname=nucleon;charset=utf8mb4
[2026-05-25T17:42:23+08:00][sql] SHOW FULL COLUMNS FROM `cmf_option` [ RunTime:0.001711s ]
[2026-05-25T17:42:23+08:00][sql] SELECT `option_value` FROM `cmf_option` WHERE  `option_name` = 'cdn_settings' LIMIT 1 [ RunTime:0.000320s ]
[2026-05-25T17:42:23+08:00][sql] SELECT `option_value` FROM `cmf_option` WHERE  `option_name` = 'cdn_settings' LIMIT 1 [ RunTime:0.000289s ]
[2026-05-25T17:42:23+08:00][sql] SHOW FULL COLUMNS FROM `cmf_product_category` [ RunTime:0.001185s ]
[2026-05-25T17:42:23+08:00][sql] SELECT * FROM `cmf_product_category` WHERE  `parent_id` = 0 ORDER BY `list_order` ASC,`create_time` DESC [ RunTime:0.000428s ]
[2026-05-25T17:42:23+08:00][sql] SELECT * FROM `cmf_product_category` WHERE  `parent_id` IN (28,19,22,23,25,30,27) [ RunTime:0.000336s ]
[2026-05-25T17:42:23+08:00][sql] SHOW FULL COLUMNS FROM `cmf_portal_category` [ RunTime:0.001077s ]
[2026-05-25T17:42:23+08:00][sql] SELECT * FROM `cmf_portal_category` WHERE (  `type` = 8 ) AND `cmf_portal_category`.`delete_time` = '0' ORDER BY `list_order` ASC [ RunTime:0.000414s ]
[2026-05-25T17:42:23+08:00][sql] SHOW FULL COLUMNS FROM `cmf_slide_item` [ RunTime:0.001023s ]
[2026-05-25T17:42:23+08:00][sql] SELECT `title`,`description`,`image`,`url`,`target`,`content` FROM `cmf_slide_item` WHERE  `slide_id` = 1 ORDER BY `list_order` ASC [ RunTime:0.000394s ]
[2026-05-25T17:42:23+08:00][sql] SHOW FULL COLUMNS FROM `cmf_slide` [ RunTime:0.000872s ]
[2026-05-25T17:42:23+08:00][sql] SELECT * FROM `cmf_slide` WHERE  `name` LIKE '%choose%' OR `name` LIKE '%选择%' LIMIT 1 [ RunTime:0.000323s ]
[2026-05-25T17:42:23+08:00][sql] SELECT `title`,`description`,`image`,`url`,`target`,`content` FROM `cmf_slide_item` WHERE  `slide_id` = 14  AND `status` = 1 ORDER BY `list_order` ASC [ RunTime:0.000350s ]
[2026-05-25T17:42:23+08:00][sql] SELECT * FROM `cmf_product_category` WHERE  `parent_id` = 0  AND `recommend` = 1 ORDER BY `list_order` ASC,`create_time` DESC [ RunTime:0.000362s ]
[2026-05-25T17:42:23+08:00][sql] SHOW FULL COLUMNS FROM `cmf_product` [ RunTime:0.001999s ]
[2026-05-25T17:42:23+08:00][sql] SELECT `id`,`title`,`thumbnail`,`industry` FROM `cmf_product` WHERE  `is_recommended` = 1  AND `category_id` = 28 ORDER BY `list_order` ASC LIMIT 6 [ RunTime:0.000708s ]
[2026-05-25T17:42:23+08:00][sql] SELECT `id`,`title`,`thumbnail`,`industry` FROM `cmf_product` WHERE  `is_recommended` = 1  AND `category_id` = 19 ORDER BY `list_order` ASC LIMIT 6 [ RunTime:0.000485s ]
[2026-05-25T17:42:23+08:00][sql] SELECT `id`,`title`,`thumbnail`,`industry` FROM `cmf_product` WHERE  `is_recommended` = 1  AND `category_id` = 23 ORDER BY `list_order` ASC LIMIT 6 [ RunTime:0.000514s ]
[2026-05-25T17:42:23+08:00][sql] SELECT `id`,`title`,`thumbnail`,`industry` FROM `cmf_product` WHERE  `is_recommended` = 1  AND `category_id` = 25 ORDER BY `list_order` ASC LIMIT 6 [ RunTime:0.000315s ]
[2026-05-25T17:42:23+08:00][sql] SELECT `id`,`title`,`thumbnail`,`industry` FROM `cmf_product` WHERE  `is_recommended` = 1  AND `category_id` = 30 ORDER BY `list_order` ASC LIMIT 6 [ RunTime:0.000310s ]
[2026-05-25T17:42:23+08:00][sql] SHOW FULL COLUMNS FROM `cmf_portal_post` [ RunTime:0.001879s ]
[2026-05-25T17:42:23+08:00][sql] SELECT `p`.`id`,`p`.`post_title`,`p`.`post_excerpt`,`p`.`thumbnail`,`p`.`create_time`,`c`.`category_id` FROM `cmf_portal_post` `p` INNER JOIN `cmf_portal_category_post` `c` ON `p`.`id`=`c`.`post_id` WHERE (  `p`.`post_type` = '8' ) AND `p`.`delete_time` = '0' ORDER BY `c`.`list_order` ASC,`p`.`create_time` DESC [ RunTime:0.001208s ]
[2026-05-25T17:42:23+08:00][sql] SELECT `id`,`post_title`,`post_excerpt`,`more` FROM `cmf_portal_post` WHERE (  `post_type` = 3 ) AND `cmf_portal_post`.`delete_time` = '0' ORDER BY `create_time` DESC [ RunTime:0.000540s ]
[2026-05-25T17:42:23+08:00][sql] SHOW FULL COLUMNS FROM `cmf_theme_file` [ RunTime:0.001159s ]
[2026-05-25T17:42:23+08:00][sql] SELECT `more`,`file`,`id` FROM `cmf_theme_file` WHERE  `theme` = 'simpleboot3'  AND (  `is_public` = 1 OR `file` = 'portal/index' ) ORDER BY `is_public` DESC [ RunTime:0.000425s ]
[2026-05-25T17:42:23+08:00][sql] SELECT `option_value` FROM `cmf_option` WHERE  `option_name` = 'storage' LIMIT 1 [ RunTime:0.000337s ]
[2026-05-25T17:47:51+08:00][sql] CONNECT:[ UseTime:0.001437s ] mysql:host=127.0.0.1;port=3306;dbname=nucleon;charset=utf8mb4
[2026-05-25T17:47:51+08:00][sql] SHOW FULL COLUMNS FROM `cmf_hook` [ RunTime:0.002042s ]
[2026-05-25T17:47:51+08:00][sql] SELECT `hook` FROM `cmf_hook` WHERE  `app` = 'admin' [ RunTime:0.000773s ]
[2026-05-25T17:47:51+08:00][sql] SHOW FULL COLUMNS FROM `cmf_hook_plugin` [ RunTime:0.000985s ]
[2026-05-25T17:47:51+08:00][sql] SELECT `hook`,`plugin` FROM `cmf_hook_plugin` WHERE  `status` = 1  AND `hook` IN ('admin_dashboard','admin_login','admin_theme_design_view','admin_setting_site_view','admin_setting_clear_cache_view','admin_nav_index_view','admin_link_index_view','admin_slide_index_view','admin_user_index_view','admin_rbac_index_view','admin_index_index_view','admin_recycle_bin_index_view','admin_menu_index_view','admin_custom_login_open','admin_slide_item_index_view','admin_slide_item_add_view','admin_slide_item_edit_view','admin_user_add_view','admin_user_edit_view','admin_rbac_role_add_view','admin_rbac_role_edit_view','admin_rbac_authorize_view','admin_api_import_view') ORDER BY `list_order` ASC [ RunTime:0.000597s ]
[2026-05-25T17:47:51+08:00][sql] SHOW FULL COLUMNS FROM `cmf_option` [ RunTime:0.001371s ]
[2026-05-25T17:47:51+08:00][sql] SELECT `option_value` FROM `cmf_option` WHERE  `option_name` = 'cdn_settings' LIMIT 1 [ RunTime:0.000367s ]
[2026-05-25T17:47:51+08:00][sql] SELECT `option_value` FROM `cmf_option` WHERE  `option_name` = 'admin_settings' LIMIT 1 [ RunTime:0.001009s ]
[2026-05-25T17:47:51+08:00][sql] CONNECT:[ UseTime:0.000907s ] mysql:host=127.0.0.1;port=3306;dbname=nucleon;charset=utf8mb4
[2026-05-25T17:47:51+08:00][sql] SHOW FULL COLUMNS FROM `cmf_option` [ RunTime:0.001431s ]
[2026-05-25T17:47:51+08:00][sql] SELECT `option_value` FROM `cmf_option` WHERE  `option_name` = 'cdn_settings' LIMIT 1 [ RunTime:0.000297s ]
[2026-05-25T17:48:05+08:00][sql] CONNECT:[ UseTime:0.000694s ] mysql:host=127.0.0.1;port=3306;dbname=nucleon;charset=utf8mb4
[2026-05-25T17:48:05+08:00][sql] SHOW FULL COLUMNS FROM `cmf_option` [ RunTime:0.001142s ]
[2026-05-25T17:48:05+08:00][sql] SELECT `option_value` FROM `cmf_option` WHERE  `option_name` = 'cdn_settings' LIMIT 1 [ RunTime:0.000238s ]
[2026-05-25T17:48:05+08:00][sql] SHOW FULL COLUMNS FROM `cmf_user` [ RunTime:0.002181s ]
[2026-05-25T17:48:05+08:00][sql] SELECT * FROM `cmf_user` WHERE  `user_login` = 'antop002' LIMIT 1 [ RunTime:0.002490s ]
[2026-05-25T17:48:05+08:00][sql] SHOW FULL COLUMNS FROM `cmf_role_user` [ RunTime:0.001246s ]
[2026-05-25T17:48:05+08:00][sql] SELECT `role_id` FROM `cmf_role_user` `a` INNER JOIN `cmf_role` `b` ON `a`.`role_id`=`b`.`id` WHERE  `user_id` = 1  AND `status` = '1' LIMIT 1 [ RunTime:0.001979s ]
[2026-05-25T17:48:05+08:00][sql] SHOW FULL COLUMNS FROM `cmf_user_token` [ RunTime:0.001119s ]
[2026-05-25T17:48:05+08:00][sql] SELECT * FROM `cmf_user_token` WHERE  `user_id` = 1  AND `device_type` = 'web' LIMIT 1 [ RunTime:0.001070s ]
[2026-05-25T17:48:05+08:00][sql] UPDATE `cmf_user`  SET `last_login_ip` = '::1' , `last_login_time` = 1779702485  WHERE  `id` = 1 [ RunTime:0.004135s ]
[2026-05-25T17:48:07+08:00][sql] CONNECT:[ UseTime:0.000671s ] mysql:host=127.0.0.1;port=3306;dbname=nucleon;charset=utf8mb4
[2026-05-25T17:48:07+08:00][sql] SHOW FULL COLUMNS FROM `cmf_option` [ RunTime:0.001113s ]
[2026-05-25T17:48:07+08:00][sql] SELECT `option_value` FROM `cmf_option` WHERE  `option_name` = 'cdn_settings' LIMIT 1 [ RunTime:0.000226s ]
[2026-05-25T17:48:07+08:00][sql] SHOW FULL COLUMNS FROM `cmf_user` [ RunTime:0.000928s ]
[2026-05-25T17:48:07+08:00][sql] SELECT * FROM `cmf_user` WHERE  `id` = 1 LIMIT 1 [ RunTime:0.000473s ]
[2026-05-25T17:48:07+08:00][sql] SHOW FULL COLUMNS FROM `cmf_admin_menu` [ RunTime:0.000950s ]
[2026-05-25T17:48:07+08:00][sql] SELECT * FROM `cmf_admin_menu` WHERE  `parent_id` = 0  AND `status` = 1 ORDER BY `list_order` ASC [ RunTime:0.001395s ]
[2026-05-25T17:48:07+08:00][sql] SELECT * FROM `cmf_admin_menu` WHERE  `parent_id` = 71  AND `status` = 1 ORDER BY `list_order` ASC [ RunTime:0.000313s ]
[2026-05-25T17:48:07+08:00][sql] SELECT * FROM `cmf_admin_menu` WHERE  `parent_id` = 78  AND `status` = 1 ORDER BY `list_order` ASC [ RunTime:0.000539s ]
[2026-05-25T17:48:07+08:00][sql] SELECT * FROM `cmf_admin_menu` WHERE  `parent_id` = 213  AND `status` = 1 ORDER BY `list_order` ASC [ RunTime:0.000419s ]
[2026-05-25T17:48:07+08:00][sql] SELECT * FROM `cmf_admin_menu` WHERE  `parent_id` = 214  AND `status` = 1 ORDER BY `list_order` ASC [ RunTime:0.000274s ]
[2026-05-25T17:48:07+08:00][sql] SELECT * FROM `cmf_admin_menu` WHERE  `parent_id` = 215  AND `status` = 1 ORDER BY `list_order` ASC [ RunTime:0.000245s ]
[2026-05-25T17:48:07+08:00][sql] SELECT * FROM `cmf_admin_menu` WHERE  `parent_id` = 217  AND `status` = 1 ORDER BY `list_order` ASC [ RunTime:0.000356s ]
[2026-05-25T17:48:07+08:00][sql] SELECT * FROM `cmf_admin_menu` WHERE  `parent_id` = 219  AND `status` = 1 ORDER BY `list_order` ASC [ RunTime:0.000300s ]
[2026-05-25T17:48:07+08:00][sql] SELECT * FROM `cmf_admin_menu` WHERE  `parent_id` = 220  AND `status` = 1 ORDER BY `list_order` ASC [ RunTime:0.000305s ]
[2026-05-25T17:48:07+08:00][sql] SELECT * FROM `cmf_admin_menu` WHERE  `parent_id` = 225  AND `status` = 1 ORDER BY `list_order` ASC [ RunTime:0.000253s ]
[2026-05-25T17:48:07+08:00][sql] SELECT * FROM `cmf_admin_menu` WHERE  `parent_id` = 221  AND `status` = 1 ORDER BY `list_order` ASC [ RunTime:0.000253s ]
[2026-05-25T17:48:07+08:00][sql] SELECT * FROM `cmf_admin_menu` WHERE  `parent_id` = 222  AND `status` = 1 ORDER BY `list_order` ASC [ RunTime:0.000262s ]
[2026-05-25T17:48:07+08:00][sql] SELECT * FROM `cmf_admin_menu` WHERE  `parent_id` = 223  AND `status` = 1 ORDER BY `list_order` ASC [ RunTime:0.000237s ]
[2026-05-25T17:48:07+08:00][sql] SELECT * FROM `cmf_admin_menu` WHERE  `parent_id` = 224  AND `status` = 1 ORDER BY `list_order` ASC [ RunTime:0.000239s ]
[2026-05-25T17:48:07+08:00][sql] SELECT * FROM `cmf_admin_menu` WHERE  `parent_id` = 226  AND `status` = 1 ORDER BY `list_order` ASC [ RunTime:0.000233s ]
[2026-05-25T17:48:07+08:00][sql] SELECT * FROM `cmf_admin_menu` WHERE  `parent_id` = 227  AND `status` = 1 ORDER BY `list_order` ASC [ RunTime:0.000225s ]
[2026-05-25T17:48:07+08:00][sql] SELECT * FROM `cmf_admin_menu` ORDER BY `app` ASC,`controller` ASC,`action` ASC [ RunTime:0.000727s ]
[2026-05-25T17:48:07+08:00][sql] CONNECT:[ UseTime:0.001352s ] mysql:host=127.0.0.1;port=3306;dbname=nucleon;charset=utf8mb4
[2026-05-25T17:48:07+08:00][sql] SHOW FULL COLUMNS FROM `cmf_option` [ RunTime:0.001997s ]
[2026-05-25T17:48:07+08:00][sql] SELECT `option_value` FROM `cmf_option` WHERE  `option_name` = 'cdn_settings' LIMIT 1 [ RunTime:0.000411s ]
[2026-05-25T17:48:07+08:00][sql] SHOW FULL COLUMNS FROM `cmf_user` [ RunTime:0.002100s ]
[2026-05-25T17:48:07+08:00][sql] SELECT * FROM `cmf_user` WHERE  `id` = 1 LIMIT 1 [ RunTime:0.001149s ]
[2026-05-25T17:48:07+08:00][sql] SELECT `option_value` FROM `cmf_option` WHERE  `option_name` = 'cdn_settings' LIMIT 1 [ RunTime:0.000514s ]
[2026-05-25T17:48:07+08:00][sql] SELECT `option_value` FROM `cmf_option` WHERE  `option_name` = 'cmf_settings' LIMIT 1 [ RunTime:0.000247s ]
[2026-05-25T17:48:07+08:00][sql] SELECT `option_value` FROM `cmf_option` WHERE  `option_name` = 'storage' LIMIT 1 [ RunTime:0.000530s ]
[2026-05-25T17:48:11+08:00][sql] CONNECT:[ UseTime:0.000970s ] mysql:host=127.0.0.1;port=3306;dbname=nucleon;charset=utf8mb4
[2026-05-25T17:48:11+08:00][sql] SHOW FULL COLUMNS FROM `cmf_option` [ RunTime:0.001522s ]
[2026-05-25T17:48:11+08:00][sql] SELECT `option_value` FROM `cmf_option` WHERE  `option_name` = 'cdn_settings' LIMIT 1 [ RunTime:0.000316s ]
[2026-05-25T17:48:11+08:00][sql] SHOW FULL COLUMNS FROM `cmf_user` [ RunTime:0.001288s ]
[2026-05-25T17:48:11+08:00][sql] SELECT * FROM `cmf_user` WHERE  `id` = 1 LIMIT 1 [ RunTime:0.000500s ]
[2026-05-25T17:48:11+08:00][sql] SHOW FULL COLUMNS FROM `cmf_slide` [ RunTime:0.000926s ]
[2026-05-25T17:48:11+08:00][sql] SELECT * FROM `cmf_slide` WHERE  `delete_time` = 0 [ RunTime:0.000406s ]
[2026-05-25T17:48:12+08:00][sql] CONNECT:[ UseTime:0.000855s ] mysql:host=127.0.0.1;port=3306;dbname=nucleon;charset=utf8mb4
[2026-05-25T17:48:12+08:00][sql] SHOW FULL COLUMNS FROM `cmf_option` [ RunTime:0.001285s ]
[2026-05-25T17:48:12+08:00][sql] SELECT `option_value` FROM `cmf_option` WHERE  `option_name` = 'cdn_settings' LIMIT 1 [ RunTime:0.000244s ]
[2026-05-25T17:48:12+08:00][sql] SHOW FULL COLUMNS FROM `cmf_user` [ RunTime:0.000916s ]
[2026-05-25T17:48:12+08:00][sql] SELECT * FROM `cmf_user` WHERE  `id` = 1 LIMIT 1 [ RunTime:0.000396s ]
[2026-05-25T17:48:12+08:00][sql] SHOW FULL COLUMNS FROM `cmf_slide_item` [ RunTime:0.000754s ]
[2026-05-25T17:48:12+08:00][sql] SELECT * FROM `cmf_slide_item` WHERE  `slide_id` = 1 [ RunTime:0.000268s ]
[2026-05-25T17:48:12+08:00][sql] SELECT `option_value` FROM `cmf_option` WHERE  `option_name` = 'storage' LIMIT 1 [ RunTime:0.000876s ]
[2026-05-25T17:48:13+08:00][sql] CONNECT:[ UseTime:0.000716s ] mysql:host=127.0.0.1;port=3306;dbname=nucleon;charset=utf8mb4
[2026-05-25T17:48:13+08:00][sql] SHOW FULL COLUMNS FROM `cmf_option` [ RunTime:0.001019s ]
[2026-05-25T17:48:13+08:00][sql] SELECT `option_value` FROM `cmf_option` WHERE  `option_name` = 'cdn_settings' LIMIT 1 [ RunTime:0.000228s ]
[2026-05-25T17:48:13+08:00][sql] SHOW FULL COLUMNS FROM `cmf_user` [ RunTime:0.001336s ]
[2026-05-25T17:48:13+08:00][sql] SELECT * FROM `cmf_user` WHERE  `id` = 1 LIMIT 1 [ RunTime:0.000421s ]
[2026-05-25T17:48:13+08:00][sql] SHOW FULL COLUMNS FROM `cmf_slide_item` [ RunTime:0.001298s ]
[2026-05-25T17:48:13+08:00][sql] SELECT * FROM `cmf_slide_item` WHERE  `id` = 15 LIMIT 1 [ RunTime:0.000342s ]
[2026-05-25T17:48:13+08:00][sql] SELECT `option_value` FROM `cmf_option` WHERE  `option_name` = 'storage' LIMIT 1 [ RunTime:0.000681s ]
[2026-05-25T17:48:18+08:00][sql] CONNECT:[ UseTime:0.000813s ] mysql:host=127.0.0.1;port=3306;dbname=nucleon;charset=utf8mb4
[2026-05-25T17:48:18+08:00][sql] SHOW FULL COLUMNS FROM `cmf_option` [ RunTime:0.001355s ]
[2026-05-25T17:48:18+08:00][sql] SELECT `option_value` FROM `cmf_option` WHERE  `option_name` = 'cdn_settings' LIMIT 1 [ RunTime:0.000257s ]
[2026-05-25T17:48:18+08:00][sql] SHOW FULL COLUMNS FROM `cmf_user` [ RunTime:0.001571s ]
[2026-05-25T17:48:18+08:00][sql] SELECT * FROM `cmf_user` WHERE  `id` = 1 LIMIT 1 [ RunTime:0.000563s ]
[2026-05-25T17:48:18+08:00][sql] SHOW FULL COLUMNS FROM `cmf_product` [ RunTime:0.001290s ]
[2026-05-25T17:48:18+08:00][sql] SELECT COUNT(*) AS think_count FROM `cmf_product` LIMIT 1 [ RunTime:0.000264s ]
[2026-05-25T17:48:18+08:00][sql] SELECT * FROM `cmf_product` ORDER BY `list_order` ASC,`id` DESC LIMIT 0,10 [ RunTime:0.003723s ]
[2026-05-25T17:48:18+08:00][sql] SHOW FULL COLUMNS FROM `cmf_product_category` [ RunTime:0.001227s ]
[2026-05-25T17:48:18+08:00][sql] SELECT `id`,`name` FROM `cmf_product_category` WHERE  `id` IN (22,23,28,19) [ RunTime:0.000600s ]
[2026-05-25T17:48:18+08:00][sql] SELECT * FROM `cmf_product_category` [ RunTime:0.000584s ]
[2026-05-25T17:48:18+08:00][sql] SELECT `option_value` FROM `cmf_option` WHERE  `option_name` = 'storage' LIMIT 1 [ RunTime:0.000845s ]
[2026-05-25T17:48:21+08:00][sql] CONNECT:[ UseTime:0.000713s ] mysql:host=127.0.0.1;port=3306;dbname=nucleon;charset=utf8mb4
[2026-05-25T17:48:21+08:00][sql] SHOW FULL COLUMNS FROM `cmf_option` [ RunTime:0.001217s ]
[2026-05-25T17:48:21+08:00][sql] SELECT `option_value` FROM `cmf_option` WHERE  `option_name` = 'cdn_settings' LIMIT 1 [ RunTime:0.000249s ]
[2026-05-25T17:48:21+08:00][sql] SHOW FULL COLUMNS FROM `cmf_user` [ RunTime:0.001492s ]
[2026-05-25T17:48:21+08:00][sql] SELECT * FROM `cmf_user` WHERE  `id` = 1 LIMIT 1 [ RunTime:0.000659s ]
[2026-05-25T17:48:21+08:00][sql] SHOW FULL COLUMNS FROM `cmf_product` [ RunTime:0.001005s ]
[2026-05-25T17:48:21+08:00][sql] SELECT * FROM `cmf_product` WHERE  `id` = 67 LIMIT 1 [ RunTime:0.000383s ]
[2026-05-25T17:48:21+08:00][sql] SHOW FULL COLUMNS FROM `cmf_product_category` [ RunTime:0.000792s ]
[2026-05-25T17:48:21+08:00][sql] SELECT * FROM `cmf_product_category` ORDER BY `list_order` ASC [ RunTime:0.000237s ]
[2026-05-25T17:48:21+08:00][sql] SELECT `option_value` FROM `cmf_option` WHERE  `option_name` = 'storage' LIMIT 1 [ RunTime:0.000388s ]
[2026-05-25T17:48:21+08:00][sql] CONNECT:[ UseTime:0.001091s ] mysql:host=127.0.0.1;port=3306;dbname=nucleon;charset=utf8mb4
[2026-05-25T17:48:21+08:00][sql] SHOW FULL COLUMNS FROM `cmf_hook` [ RunTime:0.001429s ]
[2026-05-25T17:48:21+08:00][sql] SELECT `hook` FROM `cmf_hook` WHERE  `app` = 'user' [ RunTime:0.000440s ]
[2026-05-25T17:48:21+08:00][sql] SHOW FULL COLUMNS FROM `cmf_hook_plugin` [ RunTime:0.000747s ]
[2026-05-25T17:48:21+08:00][sql] SELECT `hook`,`plugin` FROM `cmf_hook_plugin` WHERE  `status` = 1  AND `hook` IN ('fetch_upload_view','user_admin_index_view','user_admin_asset_index_view','user_admin_oauth_index_view','check_third_party_captcha','user_login_start') ORDER BY `list_order` ASC [ RunTime:0.000372s ]
[2026-05-25T17:48:21+08:00][sql] SHOW FULL COLUMNS FROM `cmf_option` [ RunTime:0.002483s ]
[2026-05-25T17:48:21+08:00][sql] SELECT `option_value` FROM `cmf_option` WHERE  `option_name` = 'cdn_settings' LIMIT 1 [ RunTime:0.000413s ]
[2026-05-25T17:48:21+08:00][sql] SELECT `option_value` FROM `cmf_option` WHERE  `option_name` = 'cdn_settings' LIMIT 1 [ RunTime:0.000583s ]
[2026-05-25T17:48:21+08:00][sql] SELECT `option_value` FROM `cmf_option` WHERE  `option_name` = 'upload_setting' LIMIT 1 [ RunTime:0.001057s ]
[2026-05-25T17:48:21+08:00][sql] CONNECT:[ UseTime:0.001091s ] mysql:host=127.0.0.1;port=3306;dbname=nucleon;charset=utf8mb4
[2026-05-25T17:48:21+08:00][sql] SHOW FULL COLUMNS FROM `cmf_hook` [ RunTime:0.001383s ]
[2026-05-25T17:48:21+08:00][sql] SELECT `hook` FROM `cmf_hook` WHERE  `app` = 'user' [ RunTime:0.000480s ]
[2026-05-25T17:48:21+08:00][sql] SHOW FULL COLUMNS FROM `cmf_hook_plugin` [ RunTime:0.000726s ]
[2026-05-25T17:48:21+08:00][sql] SELECT `hook`,`plugin` FROM `cmf_hook_plugin` WHERE  `status` = 1  AND `hook` IN ('fetch_upload_view','user_admin_index_view','user_admin_asset_index_view','user_admin_oauth_index_view','check_third_party_captcha','user_login_start') ORDER BY `list_order` ASC [ RunTime:0.000394s ]
[2026-05-25T17:48:21+08:00][sql] SHOW FULL COLUMNS FROM `cmf_option` [ RunTime:0.002287s ]
[2026-05-25T17:48:21+08:00][sql] SELECT `option_value` FROM `cmf_option` WHERE  `option_name` = 'cdn_settings' LIMIT 1 [ RunTime:0.000457s ]
[2026-05-25T17:48:21+08:00][sql] SELECT `option_value` FROM `cmf_option` WHERE  `option_name` = 'cdn_settings' LIMIT 1 [ RunTime:0.001047s ]
[2026-05-25T17:48:21+08:00][sql] CONNECT:[ UseTime:0.001869s ] mysql:host=127.0.0.1;port=3306;dbname=nucleon;charset=utf8mb4
[2026-05-25T17:48:21+08:00][sql] SHOW FULL COLUMNS FROM `cmf_option` [ RunTime:0.002994s ]
[2026-05-25T17:48:21+08:00][sql] SELECT `option_value` FROM `cmf_option` WHERE  `option_name` = 'cdn_settings' LIMIT 1 [ RunTime:0.000666s ]
[2026-05-25T17:48:21+08:00][sql] SELECT `option_value` FROM `cmf_option` WHERE  `option_name` = 'cdn_settings' LIMIT 1 [ RunTime:0.001006s ]
[2026-05-25T17:48:22+08:00][sql] CONNECT:[ UseTime:0.002743s ] mysql:host=127.0.0.1;port=3306;dbname=nucleon;charset=utf8mb4
[2026-05-25T17:48:22+08:00][sql] SHOW FULL COLUMNS FROM `cmf_option` [ RunTime:0.003203s ]
[2026-05-25T17:48:22+08:00][sql] SELECT `option_value` FROM `cmf_option` WHERE  `option_name` = 'cdn_settings' LIMIT 1 [ RunTime:0.000621s ]
[2026-05-25T17:48:22+08:00][sql] SELECT `option_value` FROM `cmf_option` WHERE  `option_name` = 'cdn_settings' LIMIT 1 [ RunTime:0.000877s ]
[2026-05-25T17:48:22+08:00][sql] CONNECT:[ UseTime:0.001449s ] mysql:host=127.0.0.1;port=3306;dbname=nucleon;charset=utf8mb4
[2026-05-25T17:48:22+08:00][sql] SHOW FULL COLUMNS FROM `cmf_option` [ RunTime:0.001994s ]
[2026-05-25T17:48:22+08:00][sql] SELECT `option_value` FROM `cmf_option` WHERE  `option_name` = 'cdn_settings' LIMIT 1 [ RunTime:0.000487s ]
[2026-05-25T17:48:22+08:00][sql] SELECT `option_value` FROM `cmf_option` WHERE  `option_name` = 'cdn_settings' LIMIT 1 [ RunTime:0.000957s ]
[2026-05-25T17:48:29+08:00][sql] CONNECT:[ UseTime:0.000923s ] mysql:host=127.0.0.1;port=3306;dbname=nucleon;charset=utf8mb4
[2026-05-25T17:48:29+08:00][sql] SHOW FULL COLUMNS FROM `cmf_option` [ RunTime:0.001467s ]
[2026-05-25T17:48:29+08:00][sql] SELECT `option_value` FROM `cmf_option` WHERE  `option_name` = 'cdn_settings' LIMIT 1 [ RunTime:0.000300s ]
[2026-05-25T17:48:29+08:00][sql] SELECT `option_value` FROM `cmf_option` WHERE  `option_name` = 'cdn_settings' LIMIT 1 [ RunTime:0.000394s ]
[2026-05-25T17:48:29+08:00][sql] SHOW FULL COLUMNS FROM `cmf_product_category` [ RunTime:0.001391s ]
[2026-05-25T17:48:29+08:00][sql] SELECT * FROM `cmf_product_category` WHERE  `parent_id` = 0 ORDER BY `list_order` ASC,`create_time` DESC [ RunTime:0.000394s ]
[2026-05-25T17:48:29+08:00][sql] SELECT * FROM `cmf_product_category` WHERE  `parent_id` IN (28,19,22,23,25,30,27) [ RunTime:0.000362s ]
[2026-05-25T17:48:29+08:00][sql] SHOW FULL COLUMNS FROM `cmf_portal_category` [ RunTime:0.001166s ]
[2026-05-25T17:48:29+08:00][sql] SELECT * FROM `cmf_portal_category` WHERE (  `type` = 8 ) AND `cmf_portal_category`.`delete_time` = '0' ORDER BY `list_order` ASC [ RunTime:0.000445s ]
[2026-05-25T17:48:29+08:00][sql] SHOW FULL COLUMNS FROM `cmf_slide_item` [ RunTime:0.001117s ]
[2026-05-25T17:48:29+08:00][sql] SELECT `title`,`description`,`image`,`url`,`target`,`content` FROM `cmf_slide_item` WHERE  `slide_id` = 1 ORDER BY `list_order` ASC [ RunTime:0.000309s ]
[2026-05-25T17:48:29+08:00][sql] SHOW FULL COLUMNS FROM `cmf_slide` [ RunTime:0.000893s ]
[2026-05-25T17:48:29+08:00][sql] SELECT * FROM `cmf_slide` WHERE  `name` LIKE '%choose%' OR `name` LIKE '%选择%' LIMIT 1 [ RunTime:0.000263s ]
[2026-05-25T17:48:29+08:00][sql] SELECT `title`,`description`,`image`,`url`,`target`,`content` FROM `cmf_slide_item` WHERE  `slide_id` = 14  AND `status` = 1 ORDER BY `list_order` ASC [ RunTime:0.000347s ]
[2026-05-25T17:48:29+08:00][sql] SELECT * FROM `cmf_product_category` WHERE  `parent_id` = 0  AND `recommend` = 1 ORDER BY `list_order` ASC,`create_time` DESC [ RunTime:0.000316s ]
[2026-05-25T17:48:29+08:00][sql] SHOW FULL COLUMNS FROM `cmf_product` [ RunTime:0.001167s ]
[2026-05-25T17:48:29+08:00][sql] SELECT `id`,`title`,`thumbnail`,`industry` FROM `cmf_product` WHERE  `is_recommended` = 1  AND `category_id` = 28 ORDER BY `list_order` ASC LIMIT 6 [ RunTime:0.000496s ]
[2026-05-25T17:48:29+08:00][sql] SELECT `id`,`title`,`thumbnail`,`industry` FROM `cmf_product` WHERE  `is_recommended` = 1  AND `category_id` = 19 ORDER BY `list_order` ASC LIMIT 6 [ RunTime:0.000378s ]
[2026-05-25T17:48:29+08:00][sql] SELECT `id`,`title`,`thumbnail`,`industry` FROM `cmf_product` WHERE  `is_recommended` = 1  AND `category_id` = 23 ORDER BY `list_order` ASC LIMIT 6 [ RunTime:0.000308s ]
[2026-05-25T17:48:29+08:00][sql] SELECT `id`,`title`,`thumbnail`,`industry` FROM `cmf_product` WHERE  `is_recommended` = 1  AND `category_id` = 25 ORDER BY `list_order` ASC LIMIT 6 [ RunTime:0.000297s ]
[2026-05-25T17:48:29+08:00][sql] SELECT `id`,`title`,`thumbnail`,`industry` FROM `cmf_product` WHERE  `is_recommended` = 1  AND `category_id` = 30 ORDER BY `list_order` ASC LIMIT 6 [ RunTime:0.000308s ]
[2026-05-25T17:48:29+08:00][sql] SHOW FULL COLUMNS FROM `cmf_portal_post` [ RunTime:0.001346s ]
[2026-05-25T17:48:29+08:00][sql] SELECT `p`.`id`,`p`.`post_title`,`p`.`post_excerpt`,`p`.`thumbnail`,`p`.`create_time`,`c`.`category_id` FROM `cmf_portal_post` `p` INNER JOIN `cmf_portal_category_post` `c` ON `p`.`id`=`c`.`post_id` WHERE (  `p`.`post_type` = '8' ) AND `p`.`delete_time` = '0' ORDER BY `c`.`list_order` ASC,`p`.`create_time` DESC [ RunTime:0.000614s ]
[2026-05-25T17:48:29+08:00][sql] SELECT `id`,`post_title`,`post_excerpt`,`more` FROM `cmf_portal_post` WHERE (  `post_type` = 3 ) AND `cmf_portal_post`.`delete_time` = '0' ORDER BY `create_time` DESC [ RunTime:0.000376s ]
[2026-05-25T17:48:29+08:00][sql] SHOW FULL COLUMNS FROM `cmf_theme_file` [ RunTime:0.001218s ]
[2026-05-25T17:48:29+08:00][sql] SELECT `more`,`file`,`id` FROM `cmf_theme_file` WHERE  `theme` = 'simpleboot3'  AND (  `is_public` = 1 OR `file` = 'portal/index' ) ORDER BY `is_public` DESC [ RunTime:0.000374s ]
[2026-05-25T17:48:29+08:00][sql] SELECT `option_value` FROM `cmf_option` WHERE  `option_name` = 'storage' LIMIT 1 [ RunTime:0.000382s ]
[2026-05-25T17:49:45+08:00][sql] CONNECT:[ UseTime:0.001182s ] mysql:host=127.0.0.1;port=3306;dbname=nucleon;charset=utf8mb4
[2026-05-25T17:49:45+08:00][sql] SHOW FULL COLUMNS FROM `cmf_option` [ RunTime:0.001861s ]
[2026-05-25T17:49:45+08:00][sql] SELECT `option_value` FROM `cmf_option` WHERE  `option_name` = 'cdn_settings' LIMIT 1 [ RunTime:0.000394s ]
[2026-05-25T17:49:45+08:00][sql] SELECT `option_value` FROM `cmf_option` WHERE  `option_name` = 'cdn_settings' LIMIT 1 [ RunTime:0.000817s ]
[2026-05-25T17:49:45+08:00][sql] SHOW FULL COLUMNS FROM `cmf_product_category` [ RunTime:0.001894s ]
[2026-05-25T17:49:45+08:00][sql] SELECT * FROM `cmf_product_category` WHERE  `parent_id` = 0 ORDER BY `list_order` ASC,`create_time` DESC [ RunTime:0.000567s ]
[2026-05-25T17:49:45+08:00][sql] SELECT * FROM `cmf_product_category` WHERE  `parent_id` IN (28,19,22,23,25,30,27) [ RunTime:0.000512s ]
[2026-05-25T17:49:45+08:00][sql] SHOW FULL COLUMNS FROM `cmf_portal_category` [ RunTime:0.002690s ]
[2026-05-25T17:49:45+08:00][sql] SELECT * FROM `cmf_portal_category` WHERE (  `type` = 8 ) AND `cmf_portal_category`.`delete_time` = '0' ORDER BY `list_order` ASC [ RunTime:0.000817s ]
[2026-05-25T17:49:45+08:00][sql] SHOW FULL COLUMNS FROM `cmf_slide_item` [ RunTime:0.002268s ]
[2026-05-25T17:49:45+08:00][sql] SELECT `title`,`description`,`image`,`url`,`target`,`content` FROM `cmf_slide_item` WHERE  `slide_id` = 1 ORDER BY `list_order` ASC [ RunTime:0.001133s ]
[2026-05-25T17:49:45+08:00][sql] SHOW FULL COLUMNS FROM `cmf_slide` [ RunTime:0.001581s ]
[2026-05-25T17:49:45+08:00][sql] SELECT * FROM `cmf_slide` WHERE  `name` LIKE '%choose%' OR `name` LIKE '%选择%' LIMIT 1 [ RunTime:0.000757s ]
[2026-05-25T17:49:45+08:00][sql] SELECT `title`,`description`,`image`,`url`,`target`,`content` FROM `cmf_slide_item` WHERE  `slide_id` = 14  AND `status` = 1 ORDER BY `list_order` ASC [ RunTime:0.000452s ]
[2026-05-25T17:49:45+08:00][sql] SELECT * FROM `cmf_product_category` WHERE  `parent_id` = 0  AND `recommend` = 1 ORDER BY `list_order` ASC,`create_time` DESC [ RunTime:0.000646s ]
[2026-05-25T17:49:45+08:00][sql] SHOW FULL COLUMNS FROM `cmf_product` [ RunTime:0.002480s ]
[2026-05-25T17:49:45+08:00][sql] SELECT `id`,`title`,`thumbnail`,`industry` FROM `cmf_product` WHERE  `is_recommended` = 1  AND `category_id` = 28 ORDER BY `list_order` ASC LIMIT 6 [ RunTime:0.000841s ]
[2026-05-25T17:49:45+08:00][sql] SELECT `id`,`title`,`thumbnail`,`industry` FROM `cmf_product` WHERE  `is_recommended` = 1  AND `category_id` = 19 ORDER BY `list_order` ASC LIMIT 6 [ RunTime:0.000427s ]
[2026-05-25T17:49:45+08:00][sql] SELECT `id`,`title`,`thumbnail`,`industry` FROM `cmf_product` WHERE  `is_recommended` = 1  AND `category_id` = 23 ORDER BY `list_order` ASC LIMIT 6 [ RunTime:0.000361s ]
[2026-05-25T17:49:45+08:00][sql] SELECT `id`,`title`,`thumbnail`,`industry` FROM `cmf_product` WHERE  `is_recommended` = 1  AND `category_id` = 25 ORDER BY `list_order` ASC LIMIT 6 [ RunTime:0.000341s ]
[2026-05-25T17:49:45+08:00][sql] SELECT `id`,`title`,`thumbnail`,`industry` FROM `cmf_product` WHERE  `is_recommended` = 1  AND `category_id` = 30 ORDER BY `list_order` ASC LIMIT 6 [ RunTime:0.000355s ]
[2026-05-25T17:49:45+08:00][sql] SHOW FULL COLUMNS FROM `cmf_portal_post` [ RunTime:0.001888s ]
[2026-05-25T17:49:45+08:00][sql] SELECT `p`.`id`,`p`.`post_title`,`p`.`post_excerpt`,`p`.`thumbnail`,`p`.`create_time`,`c`.`category_id` FROM `cmf_portal_post` `p` INNER JOIN `cmf_portal_category_post` `c` ON `p`.`id`=`c`.`post_id` WHERE (  `p`.`post_type` = '8' ) AND `p`.`delete_time` = '0' ORDER BY `c`.`list_order` ASC,`p`.`create_time` DESC [ RunTime:0.001042s ]
[2026-05-25T17:49:45+08:00][sql] SELECT `id`,`post_title`,`post_excerpt`,`more` FROM `cmf_portal_post` WHERE (  `post_type` = 3 ) AND `cmf_portal_post`.`delete_time` = '0' ORDER BY `create_time` DESC [ RunTime:0.000517s ]
[2026-05-25T17:49:45+08:00][sql] SHOW FULL COLUMNS FROM `cmf_theme_file` [ RunTime:0.001484s ]
[2026-05-25T17:49:45+08:00][sql] SELECT `more`,`file`,`id` FROM `cmf_theme_file` WHERE  `theme` = 'simpleboot3'  AND (  `is_public` = 1 OR `file` = 'portal/index' ) ORDER BY `is_public` DESC [ RunTime:0.000766s ]
[2026-05-25T17:49:45+08:00][sql] SELECT `option_value` FROM `cmf_option` WHERE  `option_name` = 'storage' LIMIT 1 [ RunTime:0.000393s ]
[2026-05-25T17:52:00+08:00][sql] CONNECT:[ UseTime:0.000999s ] mysql:host=127.0.0.1;port=3306;dbname=nucleon;charset=utf8mb4
[2026-05-25T17:52:00+08:00][sql] SHOW FULL COLUMNS FROM `cmf_option` [ RunTime:0.001359s ]
[2026-05-25T17:52:00+08:00][sql] SELECT `option_value` FROM `cmf_option` WHERE  `option_name` = 'cdn_settings' LIMIT 1 [ RunTime:0.000283s ]
[2026-05-25T17:52:00+08:00][sql] SHOW FULL COLUMNS FROM `cmf_user` [ RunTime:0.001648s ]
[2026-05-25T17:52:00+08:00][sql] SELECT * FROM `cmf_user` WHERE  `id` = 1 LIMIT 1 [ RunTime:0.000617s ]
[2026-05-25T17:52:00+08:00][sql] SHOW FULL COLUMNS FROM `cmf_route` [ RunTime:0.001009s ]
[2026-05-25T17:52:00+08:00][sql] SELECT COUNT(*) AS think_count FROM `cmf_route` WHERE  `url` = 'weihuaAdmin$'  AND `full_url` NOT LIKE 'admin/Index/index' LIMIT 1 [ RunTime:0.000941s ]
[2026-05-25T17:52:00+08:00][sql] SELECT * FROM `cmf_option` WHERE  `option_name` = 'site_info' LIMIT 1 [ RunTime:0.000264s ]
[2026-05-25T17:52:00+08:00][sql] UPDATE `cmf_option`  SET `option_value` = '{\"site_name\":\"Weihua Crane | Reliable Overhead and Gantry Crane Supplier &amp; Exporter\",\"site_seo_title\":\"Weihua Crane | Reliable Overhead and Gantry Crane Supplier &amp; Exporter\",\"site_seo_keywords\":\"Weihua Crane, overhead crane, gantry crane, crane manufacturer, lifting solutions\",\"site_seo_description\":\"Weihua Crane, founded in 1988, is a world-leading crane manufacturer supplying overhead cranes, gantry cranes, hoists, crane parts and intelligent lifting solutions. Products exported to 170+ countries with CE, ISO certifications.\",\"sale_tel\":\"0373-3031399\",\"email\":\"sales01@weihuahenancrane.com\",\"whatsapp\":\"86-18836195358\",\"web_site\":\"\",\"address\":\"Changnao Industrial Park, Xinxiang, Henan, China (Mainland)\",\"facebook\":\"https:\\/\\/www.facebook.com\\/weihuasmartcrane\",\"youtube\":\"https:\\/\\/www.youtube.com\\/@WeihuaSmartCrane\\/shorts\",\"linkedin\":\"\",\"map\":\"\",\"salesiq\":\"\",\"google_analytics\":\"\",\"microsoft_clarity\":\"\",\"wechat\":\"18836195358\",\"vk\":\"https:\\/\\/vk.com\\/weihua_crane\",\"google_head\":\"\",\"google_body\":\"\"}'  WHERE  `option_name` = 'site_info' [ RunTime:0.003367s ]
[2026-05-25T17:52:00+08:00][sql] SELECT * FROM `cmf_route` WHERE  `full_url` = 'admin/Index/index' LIMIT 1 [ RunTime:0.000503s ]
[2026-05-25T17:52:00+08:00][sql] UPDATE `cmf_route`  SET `url` = 'weihuaAdmin$' , `list_order` = '5000' , `type` = 2  WHERE  `id` = 236 [ RunTime:0.000306s ]
[2026-05-25T17:52:00+08:00][sql] SELECT * FROM `cmf_route` WHERE  `status` = 1 ORDER BY `list_order` ASC [ RunTime:0.000575s ]
[2026-05-25T17:52:00+08:00][sql] SELECT * FROM `cmf_option` WHERE  `option_name` = 'admin_settings' LIMIT 1 [ RunTime:0.000411s ]
[2026-05-25T17:52:00+08:00][sql] UPDATE `cmf_option`  SET `option_value` = '{\"admin_password\":\"weihuaAdmin\"}'  WHERE  `option_name` = 'admin_settings' [ RunTime:0.000323s ]
[2026-05-25T17:52:02+08:00][sql] CONNECT:[ UseTime:0.001149s ] mysql:host=127.0.0.1;port=3306;dbname=nucleon;charset=utf8mb4
[2026-05-25T17:52:02+08:00][sql] SHOW FULL COLUMNS FROM `cmf_option` [ RunTime:0.001235s ]
[2026-05-25T17:52:02+08:00][sql] SELECT `option_value` FROM `cmf_option` WHERE  `option_name` = 'cdn_settings' LIMIT 1 [ RunTime:0.000241s ]
[2026-05-25T17:52:02+08:00][sql] SHOW FULL COLUMNS FROM `cmf_user` [ RunTime:0.001207s ]
[2026-05-25T17:52:02+08:00][sql] SELECT * FROM `cmf_user` WHERE  `id` = 1 LIMIT 1 [ RunTime:0.000344s ]
[2026-05-25T17:52:02+08:00][sql] SELECT `option_value` FROM `cmf_option` WHERE  `option_name` = 'cdn_settings' LIMIT 1 [ RunTime:0.000226s ]
[2026-05-25T17:52:02+08:00][sql] SELECT `option_value` FROM `cmf_option` WHERE  `option_name` = 'cmf_settings' LIMIT 1 [ RunTime:0.000211s ]
[2026-05-25T17:52:02+08:00][sql] SELECT `option_value` FROM `cmf_option` WHERE  `option_name` = 'admin_settings' LIMIT 1 [ RunTime:0.000238s ]
[2026-05-25T17:52:02+08:00][sql] SELECT `option_value` FROM `cmf_option` WHERE  `option_name` = 'site_info' LIMIT 1 [ RunTime:0.000728s ]
[2026-05-25T17:52:02+08:00][sql] SELECT `option_value` FROM `cmf_option` WHERE  `option_name` = 'storage' LIMIT 1 [ RunTime:0.000809s ]
[2026-05-25T18:10:32+08:00][sql] CONNECT:[ UseTime:0.001554s ] mysql:host=127.0.0.1;port=3306;dbname=nucleon;charset=utf8mb4
[2026-05-25T18:10:32+08:00][sql] SHOW FULL COLUMNS FROM `cmf_option` [ RunTime:0.002297s ]
[2026-05-25T18:10:32+08:00][sql] SELECT `option_value` FROM `cmf_option` WHERE  `option_name` = 'cdn_settings' LIMIT 1 [ RunTime:0.000333s ]
[2026-05-25T18:10:32+08:00][sql] SHOW FULL COLUMNS FROM `cmf_user` [ RunTime:0.002213s ]
[2026-05-25T18:10:32+08:00][sql] SELECT * FROM `cmf_user` WHERE  `id` = 1 LIMIT 1 [ RunTime:0.000443s ]
[2026-05-25T18:10:32+08:00][sql] SHOW FULL COLUMNS FROM `cmf_product` [ RunTime:0.001609s ]
[2026-05-25T18:10:32+08:00][sql] SELECT COUNT(*) AS think_count FROM `cmf_product` LIMIT 1 [ RunTime:0.000481s ]
[2026-05-25T18:10:32+08:00][sql] SELECT * FROM `cmf_product` ORDER BY `list_order` ASC,`id` DESC LIMIT 0,10 [ RunTime:0.002138s ]
[2026-05-25T18:10:32+08:00][sql] SHOW FULL COLUMNS FROM `cmf_product_category` [ RunTime:0.001379s ]
[2026-05-25T18:10:32+08:00][sql] SELECT `id`,`name` FROM `cmf_product_category` WHERE  `id` IN (22,23,28,19) [ RunTime:0.000429s ]
[2026-05-25T18:10:32+08:00][sql] SELECT * FROM `cmf_product_category` [ RunTime:0.000445s ]
[2026-05-25T18:10:32+08:00][sql] SELECT `option_value` FROM `cmf_option` WHERE  `option_name` = 'storage' LIMIT 1 [ RunTime:0.000427s ]
[2026-05-25T18:11:17+08:00][sql] CONNECT:[ UseTime:0.000886s ] mysql:host=127.0.0.1;port=3306;dbname=nucleon;charset=utf8mb4
[2026-05-25T18:11:17+08:00][sql] SHOW FULL COLUMNS FROM `cmf_option` [ RunTime:0.001366s ]
[2026-05-25T18:11:17+08:00][sql] SELECT `option_value` FROM `cmf_option` WHERE  `option_name` = 'cdn_settings' LIMIT 1 [ RunTime:0.000274s ]
[2026-05-25T18:11:17+08:00][sql] SELECT `option_value` FROM `cmf_option` WHERE  `option_name` = 'cdn_settings' LIMIT 1 [ RunTime:0.000328s ]
[2026-05-25T18:11:17+08:00][sql] SHOW FULL COLUMNS FROM `cmf_product_category` [ RunTime:0.001123s ]
[2026-05-25T18:11:17+08:00][sql] SELECT * FROM `cmf_product_category` WHERE  `parent_id` = 0 ORDER BY `list_order` ASC,`create_time` DESC [ RunTime:0.000472s ]
[2026-05-25T18:11:17+08:00][sql] SELECT * FROM `cmf_product_category` WHERE  `parent_id` IN (28,19,22,23,25,30,27) [ RunTime:0.000338s ]
[2026-05-25T18:11:17+08:00][sql] SHOW FULL COLUMNS FROM `cmf_portal_category` [ RunTime:0.001078s ]
[2026-05-25T18:11:17+08:00][sql] SELECT * FROM `cmf_portal_category` WHERE (  `type` = 8 ) AND `cmf_portal_category`.`delete_time` = '0' ORDER BY `list_order` ASC [ RunTime:0.000377s ]
[2026-05-25T18:11:17+08:00][sql] SHOW FULL COLUMNS FROM `cmf_slide_item` [ RunTime:0.000988s ]
[2026-05-25T18:11:17+08:00][sql] SELECT `title`,`description`,`image`,`url`,`target`,`content` FROM `cmf_slide_item` WHERE  `slide_id` = 1 ORDER BY `list_order` ASC [ RunTime:0.000366s ]
[2026-05-25T18:11:17+08:00][sql] SHOW FULL COLUMNS FROM `cmf_slide` [ RunTime:0.000893s ]
[2026-05-25T18:11:17+08:00][sql] SELECT * FROM `cmf_slide` WHERE  `name` LIKE '%choose%' OR `name` LIKE '%选择%' LIMIT 1 [ RunTime:0.000486s ]
[2026-05-25T18:11:17+08:00][sql] SELECT `title`,`description`,`image`,`url`,`target`,`content` FROM `cmf_slide_item` WHERE  `slide_id` = 14  AND `status` = 1 ORDER BY `list_order` ASC [ RunTime:0.000339s ]
[2026-05-25T18:11:17+08:00][sql] SELECT * FROM `cmf_product_category` WHERE  `parent_id` = 0  AND `recommend` = 1 ORDER BY `list_order` ASC,`create_time` DESC [ RunTime:0.000453s ]
[2026-05-25T18:11:17+08:00][sql] SHOW FULL COLUMNS FROM `cmf_product` [ RunTime:0.001591s ]
[2026-05-25T18:11:17+08:00][sql] SELECT `id`,`title`,`thumbnail`,`industry` FROM `cmf_product` WHERE  `is_recommended` = 1  AND `category_id` = 28 ORDER BY `list_order` ASC LIMIT 6 [ RunTime:0.000566s ]
[2026-05-25T18:11:17+08:00][sql] SELECT `id`,`title`,`thumbnail`,`industry` FROM `cmf_product` WHERE  `is_recommended` = 1  AND `category_id` = 19 ORDER BY `list_order` ASC LIMIT 6 [ RunTime:0.000402s ]
[2026-05-25T18:11:17+08:00][sql] SELECT `id`,`title`,`thumbnail`,`industry` FROM `cmf_product` WHERE  `is_recommended` = 1  AND `category_id` = 23 ORDER BY `list_order` ASC LIMIT 6 [ RunTime:0.000473s ]
[2026-05-25T18:11:17+08:00][sql] SELECT `id`,`title`,`thumbnail`,`industry` FROM `cmf_product` WHERE  `is_recommended` = 1  AND `category_id` = 25 ORDER BY `list_order` ASC LIMIT 6 [ RunTime:0.000304s ]
[2026-05-25T18:11:17+08:00][sql] SELECT `id`,`title`,`thumbnail`,`industry` FROM `cmf_product` WHERE  `is_recommended` = 1  AND `category_id` = 30 ORDER BY `list_order` ASC LIMIT 6 [ RunTime:0.000308s ]
[2026-05-25T18:11:17+08:00][sql] SHOW FULL COLUMNS FROM `cmf_portal_post` [ RunTime:0.001253s ]
[2026-05-25T18:11:17+08:00][sql] SELECT `p`.`id`,`p`.`post_title`,`p`.`post_excerpt`,`p`.`thumbnail`,`p`.`create_time`,`c`.`category_id` FROM `cmf_portal_post` `p` INNER JOIN `cmf_portal_category_post` `c` ON `p`.`id`=`c`.`post_id` WHERE (  `p`.`post_type` = '8' ) AND `p`.`delete_time` = '0' ORDER BY `c`.`list_order` ASC,`p`.`create_time` DESC [ RunTime:0.000789s ]
[2026-05-25T18:11:17+08:00][sql] SELECT `id`,`post_title`,`post_excerpt`,`more` FROM `cmf_portal_post` WHERE (  `post_type` = 3 ) AND `cmf_portal_post`.`delete_time` = '0' ORDER BY `create_time` DESC [ RunTime:0.000451s ]
[2026-05-25T18:11:17+08:00][sql] SHOW FULL COLUMNS FROM `cmf_theme_file` [ RunTime:0.001057s ]
[2026-05-25T18:11:17+08:00][sql] SELECT `more`,`file`,`id` FROM `cmf_theme_file` WHERE  `theme` = 'simpleboot3'  AND (  `is_public` = 1 OR `file` = 'portal/index' ) ORDER BY `is_public` DESC [ RunTime:0.000384s ]
[2026-05-25T18:11:17+08:00][sql] SELECT `option_value` FROM `cmf_option` WHERE  `option_name` = 'storage' LIMIT 1 [ RunTime:0.000418s ]
[2026-05-25T18:24:28+08:00][sql] CONNECT:[ UseTime:0.001309s ] mysql:host=127.0.0.1;port=3306;dbname=nucleon;charset=utf8mb4
[2026-05-25T18:24:28+08:00][sql] SHOW FULL COLUMNS FROM `cmf_option` [ RunTime:0.001688s ]
[2026-05-25T18:24:28+08:00][sql] SELECT `option_value` FROM `cmf_option` WHERE  `option_name` = 'cdn_settings' LIMIT 1 [ RunTime:0.000321s ]
[2026-05-25T18:24:28+08:00][sql] SELECT `option_value` FROM `cmf_option` WHERE  `option_name` = 'cdn_settings' LIMIT 1 [ RunTime:0.000294s ]
[2026-05-25T18:24:28+08:00][sql] SHOW FULL COLUMNS FROM `cmf_product_category` [ RunTime:0.001226s ]
[2026-05-25T18:24:28+08:00][sql] SELECT * FROM `cmf_product_category` WHERE  `parent_id` = 0 ORDER BY `list_order` ASC,`create_time` DESC [ RunTime:0.000550s ]
[2026-05-25T18:24:28+08:00][sql] SELECT * FROM `cmf_product_category` WHERE  `parent_id` IN (28,19,22,23,25,30,27) [ RunTime:0.000301s ]
[2026-05-25T18:24:28+08:00][sql] SHOW FULL COLUMNS FROM `cmf_portal_category` [ RunTime:0.001114s ]
[2026-05-25T18:24:28+08:00][sql] SELECT * FROM `cmf_portal_category` WHERE (  `type` = 8 ) AND `cmf_portal_category`.`delete_time` = '0' ORDER BY `list_order` ASC [ RunTime:0.000648s ]
[2026-05-25T18:24:28+08:00][sql] SHOW FULL COLUMNS FROM `cmf_slide_item` [ RunTime:0.001090s ]
[2026-05-25T18:24:28+08:00][sql] SELECT `title`,`description`,`image`,`url`,`target`,`content` FROM `cmf_slide_item` WHERE  `slide_id` = 1 ORDER BY `list_order` ASC [ RunTime:0.000571s ]
[2026-05-25T18:24:28+08:00][sql] SHOW FULL COLUMNS FROM `cmf_slide` [ RunTime:0.000903s ]
[2026-05-25T18:24:28+08:00][sql] SELECT * FROM `cmf_slide` WHERE  `name` LIKE '%choose%' OR `name` LIKE '%选择%' LIMIT 1 [ RunTime:0.000289s ]
[2026-05-25T18:24:28+08:00][sql] SELECT `title`,`description`,`image`,`url`,`target`,`content` FROM `cmf_slide_item` WHERE  `slide_id` = 14  AND `status` = 1 ORDER BY `list_order` ASC [ RunTime:0.000341s ]
[2026-05-25T18:24:28+08:00][sql] SELECT * FROM `cmf_product_category` WHERE  `parent_id` = 0  AND `recommend` = 1 ORDER BY `list_order` ASC,`create_time` DESC [ RunTime:0.000300s ]
[2026-05-25T18:24:28+08:00][sql] SHOW FULL COLUMNS FROM `cmf_product` [ RunTime:0.001159s ]
[2026-05-25T18:24:28+08:00][sql] SELECT `id`,`title`,`thumbnail`,`industry` FROM `cmf_product` WHERE  `is_recommended` = 1  AND `category_id` = 28 ORDER BY `list_order` ASC LIMIT 6 [ RunTime:0.000710s ]
[2026-05-25T18:24:28+08:00][sql] SELECT `id`,`title`,`thumbnail`,`industry` FROM `cmf_product` WHERE  `is_recommended` = 1  AND `category_id` = 19 ORDER BY `list_order` ASC LIMIT 6 [ RunTime:0.000411s ]
[2026-05-25T18:24:28+08:00][sql] SELECT `id`,`title`,`thumbnail`,`industry` FROM `cmf_product` WHERE  `is_recommended` = 1  AND `category_id` = 23 ORDER BY `list_order` ASC LIMIT 6 [ RunTime:0.000327s ]
[2026-05-25T18:24:28+08:00][sql] SELECT `id`,`title`,`thumbnail`,`industry` FROM `cmf_product` WHERE  `is_recommended` = 1  AND `category_id` = 25 ORDER BY `list_order` ASC LIMIT 6 [ RunTime:0.000331s ]
[2026-05-25T18:24:28+08:00][sql] SELECT `id`,`title`,`thumbnail`,`industry` FROM `cmf_product` WHERE  `is_recommended` = 1  AND `category_id` = 30 ORDER BY `list_order` ASC LIMIT 6 [ RunTime:0.000294s ]
[2026-05-25T18:24:28+08:00][sql] SHOW FULL COLUMNS FROM `cmf_portal_post` [ RunTime:0.001183s ]
[2026-05-25T18:24:28+08:00][sql] SELECT `p`.`id`,`p`.`post_title`,`p`.`post_excerpt`,`p`.`thumbnail`,`p`.`create_time`,`c`.`category_id` FROM `cmf_portal_post` `p` INNER JOIN `cmf_portal_category_post` `c` ON `p`.`id`=`c`.`post_id` WHERE (  `p`.`post_type` = '8' ) AND `p`.`delete_time` = '0' ORDER BY `c`.`list_order` ASC,`p`.`create_time` DESC [ RunTime:0.000832s ]
[2026-05-25T18:24:28+08:00][sql] SELECT `id`,`post_title`,`post_excerpt`,`more` FROM `cmf_portal_post` WHERE (  `post_type` = 3 ) AND `cmf_portal_post`.`delete_time` = '0' ORDER BY `create_time` DESC [ RunTime:0.000375s ]
[2026-05-25T18:24:28+08:00][sql] SHOW FULL COLUMNS FROM `cmf_theme_file` [ RunTime:0.000979s ]
[2026-05-25T18:24:28+08:00][sql] SELECT `more`,`file`,`id` FROM `cmf_theme_file` WHERE  `theme` = 'simpleboot3'  AND (  `is_public` = 1 OR `file` = 'portal/index' ) ORDER BY `is_public` DESC [ RunTime:0.000469s ]
[2026-05-25T18:24:28+08:00][sql] SELECT `option_value` FROM `cmf_option` WHERE  `option_name` = 'storage' LIMIT 1 [ RunTime:0.000500s ]
[2026-05-25T18:24:32+08:00][sql] CONNECT:[ UseTime:0.000788s ] mysql:host=127.0.0.1;port=3306;dbname=nucleon;charset=utf8mb4
[2026-05-25T18:24:32+08:00][sql] SHOW FULL COLUMNS FROM `cmf_option` [ RunTime:0.001317s ]
[2026-05-25T18:24:32+08:00][sql] SELECT `option_value` FROM `cmf_option` WHERE  `option_name` = 'cdn_settings' LIMIT 1 [ RunTime:0.000274s ]
[2026-05-25T18:24:32+08:00][sql] SELECT `option_value` FROM `cmf_option` WHERE  `option_name` = 'cdn_settings' LIMIT 1 [ RunTime:0.000238s ]
[2026-05-25T18:24:32+08:00][sql] SHOW FULL COLUMNS FROM `cmf_product_category` [ RunTime:0.000921s ]
[2026-05-25T18:24:32+08:00][sql] SELECT * FROM `cmf_product_category` WHERE  `parent_id` = 0 ORDER BY `list_order` ASC,`create_time` DESC [ RunTime:0.000515s ]
[2026-05-25T18:24:32+08:00][sql] SELECT * FROM `cmf_product_category` WHERE  `parent_id` IN (28,19,22,23,25,30,27) [ RunTime:0.000298s ]
[2026-05-25T18:24:32+08:00][sql] SHOW FULL COLUMNS FROM `cmf_portal_category` [ RunTime:0.001778s ]
[2026-05-25T18:24:32+08:00][sql] SELECT * FROM `cmf_portal_category` WHERE (  `type` = 8 ) AND `cmf_portal_category`.`delete_time` = '0' ORDER BY `list_order` ASC [ RunTime:0.000581s ]
[2026-05-25T18:24:32+08:00][sql] SHOW FULL COLUMNS FROM `cmf_slide_item` [ RunTime:0.001211s ]
[2026-05-25T18:24:32+08:00][sql] SELECT `title`,`description`,`image`,`url`,`target`,`content` FROM `cmf_slide_item` WHERE  `slide_id` = 1 ORDER BY `list_order` ASC [ RunTime:0.000319s ]
[2026-05-25T18:24:32+08:00][sql] SHOW FULL COLUMNS FROM `cmf_slide` [ RunTime:0.000808s ]
[2026-05-25T18:24:32+08:00][sql] SELECT * FROM `cmf_slide` WHERE  `name` LIKE '%choose%' OR `name` LIKE '%选择%' LIMIT 1 [ RunTime:0.000473s ]
[2026-05-25T18:24:32+08:00][sql] SELECT `title`,`description`,`image`,`url`,`target`,`content` FROM `cmf_slide_item` WHERE  `slide_id` = 14  AND `status` = 1 ORDER BY `list_order` ASC [ RunTime:0.000333s ]
[2026-05-25T18:24:32+08:00][sql] SELECT * FROM `cmf_product_category` WHERE  `parent_id` = 0  AND `recommend` = 1 ORDER BY `list_order` ASC,`create_time` DESC [ RunTime:0.000284s ]
[2026-05-25T18:24:32+08:00][sql] SHOW FULL COLUMNS FROM `cmf_product` [ RunTime:0.001153s ]
[2026-05-25T18:24:32+08:00][sql] SELECT `id`,`title`,`thumbnail`,`industry` FROM `cmf_product` WHERE  `is_recommended` = 1  AND `category_id` = 28 ORDER BY `list_order` ASC LIMIT 6 [ RunTime:0.000475s ]
[2026-05-25T18:24:32+08:00][sql] SELECT `id`,`title`,`thumbnail`,`industry` FROM `cmf_product` WHERE  `is_recommended` = 1  AND `category_id` = 19 ORDER BY `list_order` ASC LIMIT 6 [ RunTime:0.000361s ]
[2026-05-25T18:24:32+08:00][sql] SELECT `id`,`title`,`thumbnail`,`industry` FROM `cmf_product` WHERE  `is_recommended` = 1  AND `category_id` = 23 ORDER BY `list_order` ASC LIMIT 6 [ RunTime:0.000380s ]
[2026-05-25T18:24:32+08:00][sql] SELECT `id`,`title`,`thumbnail`,`industry` FROM `cmf_product` WHERE  `is_recommended` = 1  AND `category_id` = 25 ORDER BY `list_order` ASC LIMIT 6 [ RunTime:0.000291s ]
[2026-05-25T18:24:32+08:00][sql] SELECT `id`,`title`,`thumbnail`,`industry` FROM `cmf_product` WHERE  `is_recommended` = 1  AND `category_id` = 30 ORDER BY `list_order` ASC LIMIT 6 [ RunTime:0.000276s ]
[2026-05-25T18:24:32+08:00][sql] SHOW FULL COLUMNS FROM `cmf_portal_post` [ RunTime:0.001040s ]
[2026-05-25T18:24:32+08:00][sql] SELECT `p`.`id`,`p`.`post_title`,`p`.`post_excerpt`,`p`.`thumbnail`,`p`.`create_time`,`c`.`category_id` FROM `cmf_portal_post` `p` INNER JOIN `cmf_portal_category_post` `c` ON `p`.`id`=`c`.`post_id` WHERE (  `p`.`post_type` = '8' ) AND `p`.`delete_time` = '0' ORDER BY `c`.`list_order` ASC,`p`.`create_time` DESC [ RunTime:0.000925s ]
[2026-05-25T18:24:32+08:00][sql] SELECT `id`,`post_title`,`post_excerpt`,`more` FROM `cmf_portal_post` WHERE (  `post_type` = 3 ) AND `cmf_portal_post`.`delete_time` = '0' ORDER BY `create_time` DESC [ RunTime:0.000535s ]
[2026-05-25T18:24:32+08:00][sql] SHOW FULL COLUMNS FROM `cmf_theme_file` [ RunTime:0.001262s ]
[2026-05-25T18:24:32+08:00][sql] SELECT `more`,`file`,`id` FROM `cmf_theme_file` WHERE  `theme` = 'simpleboot3'  AND (  `is_public` = 1 OR `file` = 'portal/index' ) ORDER BY `is_public` DESC [ RunTime:0.000486s ]
[2026-05-25T18:24:32+08:00][sql] SELECT `option_value` FROM `cmf_option` WHERE  `option_name` = 'storage' LIMIT 1 [ RunTime:0.000313s ]
[2026-05-25T18:24:47+08:00][sql] CONNECT:[ UseTime:0.000872s ] mysql:host=127.0.0.1;port=3306;dbname=nucleon;charset=utf8mb4
[2026-05-25T18:24:47+08:00][sql] SHOW FULL COLUMNS FROM `cmf_option` [ RunTime:0.001363s ]
[2026-05-25T18:24:47+08:00][sql] SELECT `option_value` FROM `cmf_option` WHERE  `option_name` = 'cdn_settings' LIMIT 1 [ RunTime:0.000332s ]
[2026-05-25T18:24:47+08:00][sql] SELECT `option_value` FROM `cmf_option` WHERE  `option_name` = 'cdn_settings' LIMIT 1 [ RunTime:0.000267s ]
[2026-05-25T18:24:47+08:00][sql] SHOW FULL COLUMNS FROM `cmf_product_category` [ RunTime:0.001043s ]
[2026-05-25T18:24:47+08:00][sql] SELECT * FROM `cmf_product_category` WHERE  `parent_id` = 0 ORDER BY `list_order` ASC,`create_time` DESC [ RunTime:0.000450s ]
[2026-05-25T18:24:47+08:00][sql] SELECT * FROM `cmf_product_category` WHERE  `parent_id` IN (28,19,22,23,25,30,27) [ RunTime:0.000291s ]
[2026-05-25T18:24:47+08:00][sql] SHOW FULL COLUMNS FROM `cmf_portal_category` [ RunTime:0.001700s ]
[2026-05-25T18:24:47+08:00][sql] SELECT * FROM `cmf_portal_category` WHERE (  `type` = 8 ) AND `cmf_portal_category`.`delete_time` = '0' ORDER BY `list_order` ASC [ RunTime:0.000429s ]
[2026-05-25T18:24:47+08:00][sql] SHOW FULL COLUMNS FROM `cmf_slide_item` [ RunTime:0.001158s ]
[2026-05-25T18:24:47+08:00][sql] SELECT `title`,`description`,`image`,`url`,`target`,`content` FROM `cmf_slide_item` WHERE  `slide_id` = 1 ORDER BY `list_order` ASC [ RunTime:0.000422s ]
[2026-05-25T18:24:47+08:00][sql] SHOW FULL COLUMNS FROM `cmf_slide` [ RunTime:0.000888s ]
[2026-05-25T18:24:47+08:00][sql] SELECT * FROM `cmf_slide` WHERE  `name` LIKE '%choose%' OR `name` LIKE '%选择%' LIMIT 1 [ RunTime:0.000569s ]
[2026-05-25T18:24:47+08:00][sql] SELECT `title`,`description`,`image`,`url`,`target`,`content` FROM `cmf_slide_item` WHERE  `slide_id` = 14  AND `status` = 1 ORDER BY `list_order` ASC [ RunTime:0.000371s ]
[2026-05-25T18:24:47+08:00][sql] SELECT * FROM `cmf_product_category` WHERE  `parent_id` = 0  AND `recommend` = 1 ORDER BY `list_order` ASC,`create_time` DESC [ RunTime:0.000310s ]
[2026-05-25T18:24:47+08:00][sql] SHOW FULL COLUMNS FROM `cmf_product` [ RunTime:0.001198s ]
[2026-05-25T18:24:47+08:00][sql] SELECT `id`,`title`,`thumbnail`,`industry` FROM `cmf_product` WHERE  `is_recommended` = 1  AND `category_id` = 28 ORDER BY `list_order` ASC LIMIT 6 [ RunTime:0.000506s ]
[2026-05-25T18:24:47+08:00][sql] SELECT `id`,`title`,`thumbnail`,`industry` FROM `cmf_product` WHERE  `is_recommended` = 1  AND `category_id` = 19 ORDER BY `list_order` ASC LIMIT 6 [ RunTime:0.000388s ]
[2026-05-25T18:24:47+08:00][sql] SELECT `id`,`title`,`thumbnail`,`industry` FROM `cmf_product` WHERE  `is_recommended` = 1  AND `category_id` = 23 ORDER BY `list_order` ASC LIMIT 6 [ RunTime:0.000377s ]
[2026-05-25T18:24:47+08:00][sql] SELECT `id`,`title`,`thumbnail`,`industry` FROM `cmf_product` WHERE  `is_recommended` = 1  AND `category_id` = 25 ORDER BY `list_order` ASC LIMIT 6 [ RunTime:0.000309s ]
[2026-05-25T18:24:47+08:00][sql] SELECT `id`,`title`,`thumbnail`,`industry` FROM `cmf_product` WHERE  `is_recommended` = 1  AND `category_id` = 30 ORDER BY `list_order` ASC LIMIT 6 [ RunTime:0.000313s ]
[2026-05-25T18:24:47+08:00][sql] SHOW FULL COLUMNS FROM `cmf_portal_post` [ RunTime:0.001137s ]
[2026-05-25T18:24:47+08:00][sql] SELECT `p`.`id`,`p`.`post_title`,`p`.`post_excerpt`,`p`.`thumbnail`,`p`.`create_time`,`c`.`category_id` FROM `cmf_portal_post` `p` INNER JOIN `cmf_portal_category_post` `c` ON `p`.`id`=`c`.`post_id` WHERE (  `p`.`post_type` = '8' ) AND `p`.`delete_time` = '0' ORDER BY `c`.`list_order` ASC,`p`.`create_time` DESC [ RunTime:0.000827s ]
[2026-05-25T18:24:47+08:00][sql] SELECT `id`,`post_title`,`post_excerpt`,`more` FROM `cmf_portal_post` WHERE (  `post_type` = 3 ) AND `cmf_portal_post`.`delete_time` = '0' ORDER BY `create_time` DESC [ RunTime:0.000434s ]
[2026-05-25T18:24:47+08:00][sql] SHOW FULL COLUMNS FROM `cmf_theme_file` [ RunTime:0.001646s ]
[2026-05-25T18:24:47+08:00][sql] SELECT `more`,`file`,`id` FROM `cmf_theme_file` WHERE  `theme` = 'simpleboot3'  AND (  `is_public` = 1 OR `file` = 'portal/index' ) ORDER BY `is_public` DESC [ RunTime:0.000522s ]
[2026-05-25T18:24:47+08:00][sql] SELECT `option_value` FROM `cmf_option` WHERE  `option_name` = 'storage' LIMIT 1 [ RunTime:0.000288s ]
[2026-05-25T18:24:49+08:00][sql] CONNECT:[ UseTime:0.000713s ] mysql:host=127.0.0.1;port=3306;dbname=nucleon;charset=utf8mb4
[2026-05-25T18:24:49+08:00][sql] SHOW FULL COLUMNS FROM `cmf_option` [ RunTime:0.002139s ]
[2026-05-25T18:24:49+08:00][sql] SELECT `option_value` FROM `cmf_option` WHERE  `option_name` = 'cdn_settings' LIMIT 1 [ RunTime:0.000313s ]
[2026-05-25T18:24:49+08:00][sql] SELECT `option_value` FROM `cmf_option` WHERE  `option_name` = 'cdn_settings' LIMIT 1 [ RunTime:0.000243s ]
[2026-05-25T18:24:49+08:00][sql] SHOW FULL COLUMNS FROM `cmf_product_category` [ RunTime:0.000968s ]
[2026-05-25T18:24:49+08:00][sql] SELECT * FROM `cmf_product_category` WHERE  `parent_id` = 0 ORDER BY `list_order` ASC,`create_time` DESC [ RunTime:0.000295s ]
[2026-05-25T18:24:49+08:00][sql] SELECT * FROM `cmf_product_category` WHERE  `parent_id` IN (28,19,22,23,25,30,27) [ RunTime:0.000298s ]
[2026-05-25T18:24:49+08:00][sql] SHOW FULL COLUMNS FROM `cmf_portal_category` [ RunTime:0.000867s ]
[2026-05-25T18:24:49+08:00][sql] SELECT * FROM `cmf_portal_category` WHERE (  `type` = 8 ) AND `cmf_portal_category`.`delete_time` = '0' ORDER BY `list_order` ASC [ RunTime:0.000414s ]
[2026-05-25T18:24:49+08:00][sql] SHOW FULL COLUMNS FROM `cmf_slide_item` [ RunTime:0.001016s ]
[2026-05-25T18:24:49+08:00][sql] SELECT `title`,`description`,`image`,`url`,`target`,`content` FROM `cmf_slide_item` WHERE  `slide_id` = 1 ORDER BY `list_order` ASC [ RunTime:0.000584s ]
[2026-05-25T18:24:49+08:00][sql] SHOW FULL COLUMNS FROM `cmf_slide` [ RunTime:0.000929s ]
[2026-05-25T18:24:49+08:00][sql] SELECT * FROM `cmf_slide` WHERE  `name` LIKE '%choose%' OR `name` LIKE '%选择%' LIMIT 1 [ RunTime:0.000663s ]
[2026-05-25T18:24:49+08:00][sql] SELECT `title`,`description`,`image`,`url`,`target`,`content` FROM `cmf_slide_item` WHERE  `slide_id` = 14  AND `status` = 1 ORDER BY `list_order` ASC [ RunTime:0.000585s ]
[2026-05-25T18:24:49+08:00][sql] SELECT * FROM `cmf_product_category` WHERE  `parent_id` = 0  AND `recommend` = 1 ORDER BY `list_order` ASC,`create_time` DESC [ RunTime:0.000357s ]
[2026-05-25T18:24:49+08:00][sql] SHOW FULL COLUMNS FROM `cmf_product` [ RunTime:0.001688s ]
[2026-05-25T18:24:49+08:00][sql] SELECT `id`,`title`,`thumbnail`,`industry` FROM `cmf_product` WHERE  `is_recommended` = 1  AND `category_id` = 28 ORDER BY `list_order` ASC LIMIT 6 [ RunTime:0.001105s ]
[2026-05-25T18:24:49+08:00][sql] SELECT `id`,`title`,`thumbnail`,`industry` FROM `cmf_product` WHERE  `is_recommended` = 1  AND `category_id` = 19 ORDER BY `list_order` ASC LIMIT 6 [ RunTime:0.000503s ]
[2026-05-25T18:24:49+08:00][sql] SELECT `id`,`title`,`thumbnail`,`industry` FROM `cmf_product` WHERE  `is_recommended` = 1  AND `category_id` = 23 ORDER BY `list_order` ASC LIMIT 6 [ RunTime:0.000393s ]
[2026-05-25T18:24:49+08:00][sql] SELECT `id`,`title`,`thumbnail`,`industry` FROM `cmf_product` WHERE  `is_recommended` = 1  AND `category_id` = 25 ORDER BY `list_order` ASC LIMIT 6 [ RunTime:0.000392s ]
[2026-05-25T18:24:49+08:00][sql] SELECT `id`,`title`,`thumbnail`,`industry` FROM `cmf_product` WHERE  `is_recommended` = 1  AND `category_id` = 30 ORDER BY `list_order` ASC LIMIT 6 [ RunTime:0.000241s ]
[2026-05-25T18:24:49+08:00][sql] SHOW FULL COLUMNS FROM `cmf_portal_post` [ RunTime:0.001032s ]
[2026-05-25T18:24:49+08:00][sql] SELECT `p`.`id`,`p`.`post_title`,`p`.`post_excerpt`,`p`.`thumbnail`,`p`.`create_time`,`c`.`category_id` FROM `cmf_portal_post` `p` INNER JOIN `cmf_portal_category_post` `c` ON `p`.`id`=`c`.`post_id` WHERE (  `p`.`post_type` = '8' ) AND `p`.`delete_time` = '0' ORDER BY `c`.`list_order` ASC,`p`.`create_time` DESC [ RunTime:0.000693s ]
[2026-05-25T18:24:49+08:00][sql] SELECT `id`,`post_title`,`post_excerpt`,`more` FROM `cmf_portal_post` WHERE (  `post_type` = 3 ) AND `cmf_portal_post`.`delete_time` = '0' ORDER BY `create_time` DESC [ RunTime:0.000315s ]
[2026-05-25T18:24:49+08:00][sql] SHOW FULL COLUMNS FROM `cmf_theme_file` [ RunTime:0.000894s ]
[2026-05-25T18:24:49+08:00][sql] SELECT `more`,`file`,`id` FROM `cmf_theme_file` WHERE  `theme` = 'simpleboot3'  AND (  `is_public` = 1 OR `file` = 'portal/index' ) ORDER BY `is_public` DESC [ RunTime:0.000352s ]
[2026-05-25T18:24:49+08:00][sql] SELECT `option_value` FROM `cmf_option` WHERE  `option_name` = 'storage' LIMIT 1 [ RunTime:0.000359s ]
[2026-05-25T18:24:51+08:00][sql] CONNECT:[ UseTime:0.001299s ] mysql:host=127.0.0.1;port=3306;dbname=nucleon;charset=utf8mb4
[2026-05-25T18:24:51+08:00][sql] SHOW FULL COLUMNS FROM `cmf_option` [ RunTime:0.001788s ]
[2026-05-25T18:24:51+08:00][sql] SELECT `option_value` FROM `cmf_option` WHERE  `option_name` = 'cdn_settings' LIMIT 1 [ RunTime:0.000344s ]
[2026-05-25T18:24:51+08:00][sql] SELECT `option_value` FROM `cmf_option` WHERE  `option_name` = 'cdn_settings' LIMIT 1 [ RunTime:0.000488s ]
[2026-05-25T18:24:51+08:00][sql] SHOW FULL COLUMNS FROM `cmf_product_category` [ RunTime:0.002313s ]
[2026-05-25T18:24:51+08:00][sql] SELECT * FROM `cmf_product_category` WHERE  `parent_id` = 0 ORDER BY `list_order` ASC,`create_time` DESC [ RunTime:0.000985s ]
[2026-05-25T18:24:51+08:00][sql] SELECT * FROM `cmf_product_category` WHERE  `parent_id` IN (28,19,22,23,25,30,27) [ RunTime:0.000600s ]
[2026-05-25T18:24:51+08:00][sql] SHOW FULL COLUMNS FROM `cmf_portal_category` [ RunTime:0.001748s ]
[2026-05-25T18:24:51+08:00][sql] SELECT * FROM `cmf_portal_category` WHERE (  `type` = 8 ) AND `cmf_portal_category`.`delete_time` = '0' ORDER BY `list_order` ASC [ RunTime:0.000622s ]
[2026-05-25T18:24:51+08:00][sql] SHOW FULL COLUMNS FROM `cmf_slide_item` [ RunTime:0.001980s ]
[2026-05-25T18:24:51+08:00][sql] SELECT `title`,`description`,`image`,`url`,`target`,`content` FROM `cmf_slide_item` WHERE  `slide_id` = 1 ORDER BY `list_order` ASC [ RunTime:0.000606s ]
[2026-05-25T18:24:51+08:00][sql] SHOW FULL COLUMNS FROM `cmf_slide` [ RunTime:0.001436s ]
[2026-05-25T18:24:51+08:00][sql] SELECT * FROM `cmf_slide` WHERE  `name` LIKE '%choose%' OR `name` LIKE '%选择%' LIMIT 1 [ RunTime:0.000866s ]
[2026-05-25T18:24:51+08:00][sql] SELECT `title`,`description`,`image`,`url`,`target`,`content` FROM `cmf_slide_item` WHERE  `slide_id` = 14  AND `status` = 1 ORDER BY `list_order` ASC [ RunTime:0.000505s ]
[2026-05-25T18:24:51+08:00][sql] SELECT * FROM `cmf_product_category` WHERE  `parent_id` = 0  AND `recommend` = 1 ORDER BY `list_order` ASC,`create_time` DESC [ RunTime:0.000385s ]
[2026-05-25T18:24:51+08:00][sql] SHOW FULL COLUMNS FROM `cmf_product` [ RunTime:0.001297s ]
[2026-05-25T18:24:51+08:00][sql] SELECT `id`,`title`,`thumbnail`,`industry` FROM `cmf_product` WHERE  `is_recommended` = 1  AND `category_id` = 28 ORDER BY `list_order` ASC LIMIT 6 [ RunTime:0.000518s ]
[2026-05-25T18:24:51+08:00][sql] SELECT `id`,`title`,`thumbnail`,`industry` FROM `cmf_product` WHERE  `is_recommended` = 1  AND `category_id` = 19 ORDER BY `list_order` ASC LIMIT 6 [ RunTime:0.000407s ]
[2026-05-25T18:24:51+08:00][sql] SELECT `id`,`title`,`thumbnail`,`industry` FROM `cmf_product` WHERE  `is_recommended` = 1  AND `category_id` = 23 ORDER BY `list_order` ASC LIMIT 6 [ RunTime:0.000362s ]
[2026-05-25T18:24:51+08:00][sql] SELECT `id`,`title`,`thumbnail`,`industry` FROM `cmf_product` WHERE  `is_recommended` = 1  AND `category_id` = 25 ORDER BY `list_order` ASC LIMIT 6 [ RunTime:0.000331s ]
[2026-05-25T18:24:51+08:00][sql] SELECT `id`,`title`,`thumbnail`,`industry` FROM `cmf_product` WHERE  `is_recommended` = 1  AND `category_id` = 30 ORDER BY `list_order` ASC LIMIT 6 [ RunTime:0.000334s ]
[2026-05-25T18:24:51+08:00][sql] SHOW FULL COLUMNS FROM `cmf_portal_post` [ RunTime:0.001393s ]
[2026-05-25T18:24:51+08:00][sql] SELECT `p`.`id`,`p`.`post_title`,`p`.`post_excerpt`,`p`.`thumbnail`,`p`.`create_time`,`c`.`category_id` FROM `cmf_portal_post` `p` INNER JOIN `cmf_portal_category_post` `c` ON `p`.`id`=`c`.`post_id` WHERE (  `p`.`post_type` = '8' ) AND `p`.`delete_time` = '0' ORDER BY `c`.`list_order` ASC,`p`.`create_time` DESC [ RunTime:0.000916s ]
[2026-05-25T18:24:51+08:00][sql] SELECT `id`,`post_title`,`post_excerpt`,`more` FROM `cmf_portal_post` WHERE (  `post_type` = 3 ) AND `cmf_portal_post`.`delete_time` = '0' ORDER BY `create_time` DESC [ RunTime:0.000552s ]
[2026-05-25T18:24:51+08:00][sql] SHOW FULL COLUMNS FROM `cmf_theme_file` [ RunTime:0.001752s ]
[2026-05-25T18:24:51+08:00][sql] SELECT `more`,`file`,`id` FROM `cmf_theme_file` WHERE  `theme` = 'simpleboot3'  AND (  `is_public` = 1 OR `file` = 'portal/index' ) ORDER BY `is_public` DESC [ RunTime:0.000738s ]
[2026-05-25T18:24:51+08:00][sql] SELECT `option_value` FROM `cmf_option` WHERE  `option_name` = 'storage' LIMIT 1 [ RunTime:0.000467s ]
[2026-05-25T18:26:03+08:00][sql] CONNECT:[ UseTime:0.000840s ] mysql:host=127.0.0.1;port=3306;dbname=nucleon;charset=utf8mb4
[2026-05-25T18:26:03+08:00][sql] SHOW FULL COLUMNS FROM `cmf_option` [ RunTime:0.001956s ]
[2026-05-25T18:26:03+08:00][sql] SELECT `option_value` FROM `cmf_option` WHERE  `option_name` = 'cdn_settings' LIMIT 1 [ RunTime:0.000388s ]
[2026-05-25T18:26:03+08:00][sql] SELECT `option_value` FROM `cmf_option` WHERE  `option_name` = 'cdn_settings' LIMIT 1 [ RunTime:0.000447s ]
[2026-05-25T18:26:03+08:00][sql] SHOW FULL COLUMNS FROM `cmf_product_category` [ RunTime:0.001290s ]
[2026-05-25T18:26:03+08:00][sql] SELECT * FROM `cmf_product_category` WHERE  `parent_id` = 0 ORDER BY `list_order` ASC,`create_time` DESC [ RunTime:0.000486s ]
[2026-05-25T18:26:03+08:00][sql] SELECT * FROM `cmf_product_category` WHERE  `parent_id` IN (28,19,22,23,25,30,27) [ RunTime:0.000424s ]
[2026-05-25T18:26:03+08:00][sql] SHOW FULL COLUMNS FROM `cmf_portal_category` [ RunTime:0.001366s ]
[2026-05-25T18:26:03+08:00][sql] SELECT * FROM `cmf_portal_category` WHERE (  `type` = 8 ) AND `cmf_portal_category`.`delete_time` = '0' ORDER BY `list_order` ASC [ RunTime:0.000451s ]
[2026-05-25T18:26:03+08:00][sql] SHOW FULL COLUMNS FROM `cmf_slide_item` [ RunTime:0.001421s ]
[2026-05-25T18:26:03+08:00][sql] SELECT `title`,`description`,`image`,`url`,`target`,`content` FROM `cmf_slide_item` WHERE  `slide_id` = 1 ORDER BY `list_order` ASC [ RunTime:0.000638s ]
[2026-05-25T18:26:03+08:00][sql] SHOW FULL COLUMNS FROM `cmf_slide` [ RunTime:0.001309s ]
[2026-05-25T18:26:03+08:00][sql] SELECT * FROM `cmf_slide` WHERE  `name` LIKE '%choose%' OR `name` LIKE '%选择%' LIMIT 1 [ RunTime:0.000528s ]
[2026-05-25T18:26:03+08:00][sql] SELECT `title`,`description`,`image`,`url`,`target`,`content` FROM `cmf_slide_item` WHERE  `slide_id` = 14  AND `status` = 1 ORDER BY `list_order` ASC [ RunTime:0.000292s ]
[2026-05-25T18:26:03+08:00][sql] SELECT * FROM `cmf_product_category` WHERE  `parent_id` = 0  AND `recommend` = 1 ORDER BY `list_order` ASC,`create_time` DESC [ RunTime:0.000353s ]
[2026-05-25T18:26:03+08:00][sql] SHOW FULL COLUMNS FROM `cmf_product` [ RunTime:0.001238s ]
[2026-05-25T18:26:03+08:00][sql] SELECT `id`,`title`,`thumbnail`,`industry` FROM `cmf_product` WHERE  `is_recommended` = 1  AND `category_id` = 28 ORDER BY `list_order` ASC LIMIT 6 [ RunTime:0.000739s ]
[2026-05-25T18:26:03+08:00][sql] SELECT `id`,`title`,`thumbnail`,`industry` FROM `cmf_product` WHERE  `is_recommended` = 1  AND `category_id` = 19 ORDER BY `list_order` ASC LIMIT 6 [ RunTime:0.000365s ]
[2026-05-25T18:26:03+08:00][sql] SELECT `id`,`title`,`thumbnail`,`industry` FROM `cmf_product` WHERE  `is_recommended` = 1  AND `category_id` = 23 ORDER BY `list_order` ASC LIMIT 6 [ RunTime:0.000334s ]
[2026-05-25T18:26:03+08:00][sql] SELECT `id`,`title`,`thumbnail`,`industry` FROM `cmf_product` WHERE  `is_recommended` = 1  AND `category_id` = 25 ORDER BY `list_order` ASC LIMIT 6 [ RunTime:0.000239s ]
[2026-05-25T18:26:03+08:00][sql] SELECT `id`,`title`,`thumbnail`,`industry` FROM `cmf_product` WHERE  `is_recommended` = 1  AND `category_id` = 30 ORDER BY `list_order` ASC LIMIT 6 [ RunTime:0.000382s ]
[2026-05-25T18:26:03+08:00][sql] SHOW FULL COLUMNS FROM `cmf_portal_post` [ RunTime:0.002640s ]
[2026-05-25T18:26:03+08:00][sql] SELECT `p`.`id`,`p`.`post_title`,`p`.`post_excerpt`,`p`.`thumbnail`,`p`.`create_time`,`c`.`category_id` FROM `cmf_portal_post` `p` INNER JOIN `cmf_portal_category_post` `c` ON `p`.`id`=`c`.`post_id` WHERE (  `p`.`post_type` = '8' ) AND `p`.`delete_time` = '0' ORDER BY `c`.`list_order` ASC,`p`.`create_time` DESC [ RunTime:0.001258s ]
[2026-05-25T18:26:03+08:00][sql] SELECT `id`,`post_title`,`post_excerpt`,`more` FROM `cmf_portal_post` WHERE (  `post_type` = 3 ) AND `cmf_portal_post`.`delete_time` = '0' ORDER BY `create_time` DESC [ RunTime:0.000402s ]
[2026-05-25T18:26:03+08:00][sql] SHOW FULL COLUMNS FROM `cmf_theme_file` [ RunTime:0.001812s ]
[2026-05-25T18:26:03+08:00][sql] SELECT `more`,`file`,`id` FROM `cmf_theme_file` WHERE  `theme` = 'simpleboot3'  AND (  `is_public` = 1 OR `file` = 'portal/index' ) ORDER BY `is_public` DESC [ RunTime:0.000698s ]
[2026-05-25T18:26:03+08:00][sql] SELECT `option_value` FROM `cmf_option` WHERE  `option_name` = 'storage' LIMIT 1 [ RunTime:0.000420s ]
[2026-05-25T18:26:05+08:00][sql] CONNECT:[ UseTime:0.001022s ] mysql:host=127.0.0.1;port=3306;dbname=nucleon;charset=utf8mb4
[2026-05-25T18:26:05+08:00][sql] SHOW FULL COLUMNS FROM `cmf_option` [ RunTime:0.001665s ]
[2026-05-25T18:26:05+08:00][sql] SELECT `option_value` FROM `cmf_option` WHERE  `option_name` = 'cdn_settings' LIMIT 1 [ RunTime:0.000371s ]
[2026-05-25T18:26:05+08:00][sql] SELECT `option_value` FROM `cmf_option` WHERE  `option_name` = 'cdn_settings' LIMIT 1 [ RunTime:0.000478s ]
[2026-05-25T18:26:05+08:00][sql] SHOW FULL COLUMNS FROM `cmf_product_category` [ RunTime:0.002036s ]
[2026-05-25T18:26:05+08:00][sql] SELECT * FROM `cmf_product_category` WHERE  `parent_id` = 0 ORDER BY `list_order` ASC,`create_time` DESC [ RunTime:0.000999s ]
[2026-05-25T18:26:05+08:00][sql] SELECT * FROM `cmf_product_category` WHERE  `parent_id` IN (28,19,22,23,25,30,27) [ RunTime:0.000466s ]
[2026-05-25T18:26:05+08:00][sql] SHOW FULL COLUMNS FROM `cmf_portal_category` [ RunTime:0.001560s ]
[2026-05-25T18:26:05+08:00][sql] SELECT * FROM `cmf_portal_category` WHERE (  `type` = 8 ) AND `cmf_portal_category`.`delete_time` = '0' ORDER BY `list_order` ASC [ RunTime:0.000712s ]
[2026-05-25T18:26:05+08:00][sql] SHOW FULL COLUMNS FROM `cmf_slide_item` [ RunTime:0.001702s ]
[2026-05-25T18:26:05+08:00][sql] SELECT `title`,`description`,`image`,`url`,`target`,`content` FROM `cmf_slide_item` WHERE  `slide_id` = 1 ORDER BY `list_order` ASC [ RunTime:0.000497s ]
[2026-05-25T18:26:05+08:00][sql] SHOW FULL COLUMNS FROM `cmf_slide` [ RunTime:0.001065s ]
[2026-05-25T18:26:05+08:00][sql] SELECT * FROM `cmf_slide` WHERE  `name` LIKE '%choose%' OR `name` LIKE '%选择%' LIMIT 1 [ RunTime:0.000545s ]
[2026-05-25T18:26:05+08:00][sql] SELECT `title`,`description`,`image`,`url`,`target`,`content` FROM `cmf_slide_item` WHERE  `slide_id` = 14  AND `status` = 1 ORDER BY `list_order` ASC [ RunTime:0.000424s ]
[2026-05-25T18:26:05+08:00][sql] SELECT * FROM `cmf_product_category` WHERE  `parent_id` = 0  AND `recommend` = 1 ORDER BY `list_order` ASC,`create_time` DESC [ RunTime:0.000745s ]
[2026-05-25T18:26:05+08:00][sql] SHOW FULL COLUMNS FROM `cmf_product` [ RunTime:0.001438s ]
[2026-05-25T18:26:05+08:00][sql] SELECT `id`,`title`,`thumbnail`,`industry` FROM `cmf_product` WHERE  `is_recommended` = 1  AND `category_id` = 28 ORDER BY `list_order` ASC LIMIT 6 [ RunTime:0.000848s ]
[2026-05-25T18:26:05+08:00][sql] SELECT `id`,`title`,`thumbnail`,`industry` FROM `cmf_product` WHERE  `is_recommended` = 1  AND `category_id` = 19 ORDER BY `list_order` ASC LIMIT 6 [ RunTime:0.000602s ]
[2026-05-25T18:26:05+08:00][sql] SELECT `id`,`title`,`thumbnail`,`industry` FROM `cmf_product` WHERE  `is_recommended` = 1  AND `category_id` = 23 ORDER BY `list_order` ASC LIMIT 6 [ RunTime:0.000509s ]
[2026-05-25T18:26:05+08:00][sql] SELECT `id`,`title`,`thumbnail`,`industry` FROM `cmf_product` WHERE  `is_recommended` = 1  AND `category_id` = 25 ORDER BY `list_order` ASC LIMIT 6 [ RunTime:0.000372s ]
[2026-05-25T18:26:05+08:00][sql] SELECT `id`,`title`,`thumbnail`,`industry` FROM `cmf_product` WHERE  `is_recommended` = 1  AND `category_id` = 30 ORDER BY `list_order` ASC LIMIT 6 [ RunTime:0.000403s ]
[2026-05-25T18:26:05+08:00][sql] SHOW FULL COLUMNS FROM `cmf_portal_post` [ RunTime:0.001908s ]
[2026-05-25T18:26:05+08:00][sql] SELECT `p`.`id`,`p`.`post_title`,`p`.`post_excerpt`,`p`.`thumbnail`,`p`.`create_time`,`c`.`category_id` FROM `cmf_portal_post` `p` INNER JOIN `cmf_portal_category_post` `c` ON `p`.`id`=`c`.`post_id` WHERE (  `p`.`post_type` = '8' ) AND `p`.`delete_time` = '0' ORDER BY `c`.`list_order` ASC,`p`.`create_time` DESC [ RunTime:0.001033s ]
[2026-05-25T18:26:05+08:00][sql] SELECT `id`,`post_title`,`post_excerpt`,`more` FROM `cmf_portal_post` WHERE (  `post_type` = 3 ) AND `cmf_portal_post`.`delete_time` = '0' ORDER BY `create_time` DESC [ RunTime:0.000659s ]
[2026-05-25T18:26:05+08:00][sql] SHOW FULL COLUMNS FROM `cmf_theme_file` [ RunTime:0.002762s ]
[2026-05-25T18:26:05+08:00][sql] SELECT `more`,`file`,`id` FROM `cmf_theme_file` WHERE  `theme` = 'simpleboot3'  AND (  `is_public` = 1 OR `file` = 'portal/index' ) ORDER BY `is_public` DESC [ RunTime:0.001365s ]
[2026-05-25T18:26:05+08:00][sql] SELECT `option_value` FROM `cmf_option` WHERE  `option_name` = 'storage' LIMIT 1 [ RunTime:0.001029s ]
[2026-05-25T18:28:45+08:00][sql] CONNECT:[ UseTime:0.001113s ] mysql:host=127.0.0.1;port=3306;dbname=nucleon;charset=utf8mb4
[2026-05-25T18:28:45+08:00][sql] SHOW FULL COLUMNS FROM `cmf_option` [ RunTime:0.002664s ]
[2026-05-25T18:28:45+08:00][sql] SELECT `option_value` FROM `cmf_option` WHERE  `option_name` = 'cdn_settings' LIMIT 1 [ RunTime:0.000327s ]
[2026-05-25T18:28:45+08:00][sql] SELECT `option_value` FROM `cmf_option` WHERE  `option_name` = 'cdn_settings' LIMIT 1 [ RunTime:0.000772s ]
[2026-05-25T18:28:45+08:00][sql] SHOW FULL COLUMNS FROM `cmf_product_category` [ RunTime:0.001389s ]
[2026-05-25T18:28:45+08:00][sql] SELECT * FROM `cmf_product_category` WHERE  `parent_id` = 0 ORDER BY `list_order` ASC,`create_time` DESC [ RunTime:0.000447s ]
[2026-05-25T18:28:45+08:00][sql] SELECT * FROM `cmf_product_category` WHERE  `parent_id` IN (28,19,22,23,25,30,27) [ RunTime:0.000328s ]
[2026-05-25T18:28:45+08:00][sql] SHOW FULL COLUMNS FROM `cmf_portal_category` [ RunTime:0.001637s ]
[2026-05-25T18:28:45+08:00][sql] SELECT * FROM `cmf_portal_category` WHERE (  `type` = 8 ) AND `cmf_portal_category`.`delete_time` = '0' ORDER BY `list_order` ASC [ RunTime:0.000816s ]
[2026-05-25T18:28:45+08:00][sql] SHOW FULL COLUMNS FROM `cmf_slide_item` [ RunTime:0.001591s ]
[2026-05-25T18:28:45+08:00][sql] SELECT `title`,`description`,`image`,`url`,`target`,`content` FROM `cmf_slide_item` WHERE  `slide_id` = 1 ORDER BY `list_order` ASC [ RunTime:0.000504s ]
[2026-05-25T18:28:45+08:00][sql] SHOW FULL COLUMNS FROM `cmf_slide` [ RunTime:0.001185s ]
[2026-05-25T18:28:45+08:00][sql] SELECT * FROM `cmf_slide` WHERE  `name` LIKE '%choose%' OR `name` LIKE '%选择%' LIMIT 1 [ RunTime:0.000641s ]
[2026-05-25T18:28:45+08:00][sql] SELECT `title`,`description`,`image`,`url`,`target`,`content` FROM `cmf_slide_item` WHERE  `slide_id` = 14  AND `status` = 1 ORDER BY `list_order` ASC [ RunTime:0.000361s ]
[2026-05-25T18:28:45+08:00][sql] SELECT * FROM `cmf_product_category` WHERE  `parent_id` = 0  AND `recommend` = 1 ORDER BY `list_order` ASC,`create_time` DESC [ RunTime:0.000335s ]
[2026-05-25T18:28:45+08:00][sql] SHOW FULL COLUMNS FROM `cmf_product` [ RunTime:0.001350s ]
[2026-05-25T18:28:45+08:00][sql] SELECT `id`,`title`,`thumbnail`,`industry` FROM `cmf_product` WHERE  `is_recommended` = 1  AND `category_id` = 28 ORDER BY `list_order` ASC LIMIT 6 [ RunTime:0.000599s ]
[2026-05-25T18:28:45+08:00][sql] SELECT `id`,`title`,`thumbnail`,`industry` FROM `cmf_product` WHERE  `is_recommended` = 1  AND `category_id` = 19 ORDER BY `list_order` ASC LIMIT 6 [ RunTime:0.000387s ]
[2026-05-25T18:28:45+08:00][sql] SELECT `id`,`title`,`thumbnail`,`industry` FROM `cmf_product` WHERE  `is_recommended` = 1  AND `category_id` = 23 ORDER BY `list_order` ASC LIMIT 6 [ RunTime:0.000349s ]
[2026-05-25T18:28:45+08:00][sql] SELECT `id`,`title`,`thumbnail`,`industry` FROM `cmf_product` WHERE  `is_recommended` = 1  AND `category_id` = 25 ORDER BY `list_order` ASC LIMIT 6 [ RunTime:0.000520s ]
[2026-05-25T18:28:45+08:00][sql] SELECT `id`,`title`,`thumbnail`,`industry` FROM `cmf_product` WHERE  `is_recommended` = 1  AND `category_id` = 30 ORDER BY `list_order` ASC LIMIT 6 [ RunTime:0.000367s ]
[2026-05-25T18:28:45+08:00][sql] SHOW FULL COLUMNS FROM `cmf_portal_post` [ RunTime:0.001691s ]
[2026-05-25T18:28:45+08:00][sql] SELECT `p`.`id`,`p`.`post_title`,`p`.`post_excerpt`,`p`.`thumbnail`,`p`.`create_time`,`c`.`category_id` FROM `cmf_portal_post` `p` INNER JOIN `cmf_portal_category_post` `c` ON `p`.`id`=`c`.`post_id` WHERE (  `p`.`post_type` = '8' ) AND `p`.`delete_time` = '0' ORDER BY `c`.`list_order` ASC,`p`.`create_time` DESC [ RunTime:0.000919s ]
[2026-05-25T18:28:45+08:00][sql] SELECT `id`,`post_title`,`post_excerpt`,`more` FROM `cmf_portal_post` WHERE (  `post_type` = 3 ) AND `cmf_portal_post`.`delete_time` = '0' ORDER BY `create_time` DESC [ RunTime:0.000392s ]
[2026-05-25T18:28:45+08:00][sql] SHOW FULL COLUMNS FROM `cmf_theme_file` [ RunTime:0.000990s ]
[2026-05-25T18:28:45+08:00][sql] SELECT `more`,`file`,`id` FROM `cmf_theme_file` WHERE  `theme` = 'simpleboot3'  AND (  `is_public` = 1 OR `file` = 'portal/index' ) ORDER BY `is_public` DESC [ RunTime:0.000389s ]
[2026-05-25T18:28:45+08:00][sql] SELECT `option_value` FROM `cmf_option` WHERE  `option_name` = 'storage' LIMIT 1 [ RunTime:0.000434s ]
[2026-05-25T18:28:48+08:00][sql] CONNECT:[ UseTime:0.000831s ] mysql:host=127.0.0.1;port=3306;dbname=nucleon;charset=utf8mb4
[2026-05-25T18:28:48+08:00][sql] SHOW FULL COLUMNS FROM `cmf_option` [ RunTime:0.001576s ]
[2026-05-25T18:28:48+08:00][sql] SELECT `option_value` FROM `cmf_option` WHERE  `option_name` = 'cdn_settings' LIMIT 1 [ RunTime:0.000366s ]
[2026-05-25T18:28:48+08:00][sql] SELECT `option_value` FROM `cmf_option` WHERE  `option_name` = 'cdn_settings' LIMIT 1 [ RunTime:0.000281s ]
[2026-05-25T18:28:48+08:00][sql] SHOW FULL COLUMNS FROM `cmf_product_category` [ RunTime:0.001735s ]
[2026-05-25T18:28:48+08:00][sql] SELECT * FROM `cmf_product_category` WHERE  `parent_id` = 0 ORDER BY `list_order` ASC,`create_time` DESC [ RunTime:0.000784s ]
[2026-05-25T18:28:48+08:00][sql] SELECT * FROM `cmf_product_category` WHERE  `parent_id` IN (28,19,22,23,25,30,27) [ RunTime:0.000325s ]
[2026-05-25T18:28:48+08:00][sql] SHOW FULL COLUMNS FROM `cmf_portal_category` [ RunTime:0.000939s ]
[2026-05-25T18:28:48+08:00][sql] SELECT * FROM `cmf_portal_category` WHERE (  `type` = 8 ) AND `cmf_portal_category`.`delete_time` = '0' ORDER BY `list_order` ASC [ RunTime:0.000405s ]
[2026-05-25T18:28:48+08:00][sql] SHOW FULL COLUMNS FROM `cmf_slide_item` [ RunTime:0.000925s ]
[2026-05-25T18:28:48+08:00][sql] SELECT `title`,`description`,`image`,`url`,`target`,`content` FROM `cmf_slide_item` WHERE  `slide_id` = 1 ORDER BY `list_order` ASC [ RunTime:0.000325s ]
[2026-05-25T18:28:48+08:00][sql] SHOW FULL COLUMNS FROM `cmf_slide` [ RunTime:0.000748s ]
[2026-05-25T18:28:48+08:00][sql] SELECT * FROM `cmf_slide` WHERE  `name` LIKE '%choose%' OR `name` LIKE '%选择%' LIMIT 1 [ RunTime:0.000502s ]
[2026-05-25T18:28:48+08:00][sql] SELECT `title`,`description`,`image`,`url`,`target`,`content` FROM `cmf_slide_item` WHERE  `slide_id` = 14  AND `status` = 1 ORDER BY `list_order` ASC [ RunTime:0.000318s ]
[2026-05-25T18:28:48+08:00][sql] SELECT * FROM `cmf_product_category` WHERE  `parent_id` = 0  AND `recommend` = 1 ORDER BY `list_order` ASC,`create_time` DESC [ RunTime:0.000306s ]
[2026-05-25T18:28:48+08:00][sql] SHOW FULL COLUMNS FROM `cmf_product` [ RunTime:0.000893s ]
[2026-05-25T18:28:48+08:00][sql] SELECT `id`,`title`,`thumbnail`,`industry` FROM `cmf_product` WHERE  `is_recommended` = 1  AND `category_id` = 28 ORDER BY `list_order` ASC LIMIT 6 [ RunTime:0.000548s ]
[2026-05-25T18:28:48+08:00][sql] SELECT `id`,`title`,`thumbnail`,`industry` FROM `cmf_product` WHERE  `is_recommended` = 1  AND `category_id` = 19 ORDER BY `list_order` ASC LIMIT 6 [ RunTime:0.000383s ]
[2026-05-25T18:28:48+08:00][sql] SELECT `id`,`title`,`thumbnail`,`industry` FROM `cmf_product` WHERE  `is_recommended` = 1  AND `category_id` = 23 ORDER BY `list_order` ASC LIMIT 6 [ RunTime:0.001266s ]
[2026-05-25T18:28:48+08:00][sql] SELECT `id`,`title`,`thumbnail`,`industry` FROM `cmf_product` WHERE  `is_recommended` = 1  AND `category_id` = 25 ORDER BY `list_order` ASC LIMIT 6 [ RunTime:0.000578s ]
[2026-05-25T18:28:48+08:00][sql] SELECT `id`,`title`,`thumbnail`,`industry` FROM `cmf_product` WHERE  `is_recommended` = 1  AND `category_id` = 30 ORDER BY `list_order` ASC LIMIT 6 [ RunTime:0.000468s ]
[2026-05-25T18:28:48+08:00][sql] SHOW FULL COLUMNS FROM `cmf_portal_post` [ RunTime:0.001890s ]
[2026-05-25T18:28:48+08:00][sql] SELECT `p`.`id`,`p`.`post_title`,`p`.`post_excerpt`,`p`.`thumbnail`,`p`.`create_time`,`c`.`category_id` FROM `cmf_portal_post` `p` INNER JOIN `cmf_portal_category_post` `c` ON `p`.`id`=`c`.`post_id` WHERE (  `p`.`post_type` = '8' ) AND `p`.`delete_time` = '0' ORDER BY `c`.`list_order` ASC,`p`.`create_time` DESC [ RunTime:0.001083s ]
[2026-05-25T18:28:48+08:00][sql] SELECT `id`,`post_title`,`post_excerpt`,`more` FROM `cmf_portal_post` WHERE (  `post_type` = 3 ) AND `cmf_portal_post`.`delete_time` = '0' ORDER BY `create_time` DESC [ RunTime:0.000409s ]
[2026-05-25T18:28:48+08:00][sql] SHOW FULL COLUMNS FROM `cmf_theme_file` [ RunTime:0.001490s ]
[2026-05-25T18:28:48+08:00][sql] SELECT `more`,`file`,`id` FROM `cmf_theme_file` WHERE  `theme` = 'simpleboot3'  AND (  `is_public` = 1 OR `file` = 'portal/index' ) ORDER BY `is_public` DESC [ RunTime:0.000432s ]
[2026-05-25T18:28:48+08:00][sql] SELECT `option_value` FROM `cmf_option` WHERE  `option_name` = 'storage' LIMIT 1 [ RunTime:0.000521s ]
[2026-05-25T18:29:58+08:00][sql] CONNECT:[ UseTime:0.014235s ] mysql:host=127.0.0.1;port=3306;dbname=nucleon;charset=utf8mb4
[2026-05-25T18:29:58+08:00][sql] SHOW FULL COLUMNS FROM `cmf_option` [ RunTime:0.003126s ]
[2026-05-25T18:29:58+08:00][sql] SELECT `option_value` FROM `cmf_option` WHERE  `option_name` = 'cdn_settings' LIMIT 1 [ RunTime:0.000560s ]
[2026-05-25T18:29:58+08:00][sql] SELECT `option_value` FROM `cmf_option` WHERE  `option_name` = 'cdn_settings' LIMIT 1 [ RunTime:0.000422s ]
[2026-05-25T18:29:58+08:00][sql] SHOW FULL COLUMNS FROM `cmf_product_category` [ RunTime:0.001932s ]
[2026-05-25T18:29:58+08:00][sql] SELECT * FROM `cmf_product_category` WHERE  `parent_id` = 0 ORDER BY `list_order` ASC,`create_time` DESC [ RunTime:0.000416s ]
[2026-05-25T18:29:58+08:00][sql] SELECT * FROM `cmf_product_category` WHERE  `parent_id` IN (28,19,22,23,25,30,27) [ RunTime:0.000324s ]
[2026-05-25T18:29:58+08:00][sql] SHOW FULL COLUMNS FROM `cmf_portal_category` [ RunTime:0.000971s ]
[2026-05-25T18:29:58+08:00][sql] SELECT * FROM `cmf_portal_category` WHERE (  `type` = 8 ) AND `cmf_portal_category`.`delete_time` = '0' ORDER BY `list_order` ASC [ RunTime:0.000348s ]
[2026-05-25T18:29:58+08:00][sql] SHOW FULL COLUMNS FROM `cmf_slide_item` [ RunTime:0.000746s ]
[2026-05-25T18:29:58+08:00][sql] SELECT `title`,`description`,`image`,`url`,`target`,`content` FROM `cmf_slide_item` WHERE  `slide_id` = 1 ORDER BY `list_order` ASC [ RunTime:0.000275s ]
[2026-05-25T18:29:58+08:00][sql] SHOW FULL COLUMNS FROM `cmf_slide` [ RunTime:0.000645s ]
[2026-05-25T18:29:58+08:00][sql] SELECT * FROM `cmf_slide` WHERE  `name` LIKE '%choose%' OR `name` LIKE '%选择%' LIMIT 1 [ RunTime:0.000365s ]
[2026-05-25T18:29:58+08:00][sql] SELECT `title`,`description`,`image`,`url`,`target`,`content` FROM `cmf_slide_item` WHERE  `slide_id` = 14  AND `status` = 1 ORDER BY `list_order` ASC [ RunTime:0.000451s ]
[2026-05-25T18:29:58+08:00][sql] SELECT * FROM `cmf_product_category` WHERE  `parent_id` = 0  AND `recommend` = 1 ORDER BY `list_order` ASC,`create_time` DESC [ RunTime:0.000426s ]
[2026-05-25T18:29:58+08:00][sql] SHOW FULL COLUMNS FROM `cmf_product` [ RunTime:0.001449s ]
[2026-05-25T18:29:58+08:00][sql] SELECT `id`,`title`,`thumbnail`,`industry` FROM `cmf_product` WHERE  `is_recommended` = 1  AND `category_id` = 28 ORDER BY `list_order` ASC LIMIT 6 [ RunTime:0.000600s ]
[2026-05-25T18:29:58+08:00][sql] SELECT `id`,`title`,`thumbnail`,`industry` FROM `cmf_product` WHERE  `is_recommended` = 1  AND `category_id` = 19 ORDER BY `list_order` ASC LIMIT 6 [ RunTime:0.000851s ]
[2026-05-25T18:29:58+08:00][sql] SELECT `id`,`title`,`thumbnail`,`industry` FROM `cmf_product` WHERE  `is_recommended` = 1  AND `category_id` = 23 ORDER BY `list_order` ASC LIMIT 6 [ RunTime:0.000383s ]
[2026-05-25T18:29:58+08:00][sql] SELECT `id`,`title`,`thumbnail`,`industry` FROM `cmf_product` WHERE  `is_recommended` = 1  AND `category_id` = 25 ORDER BY `list_order` ASC LIMIT 6 [ RunTime:0.000309s ]
[2026-05-25T18:29:58+08:00][sql] SELECT `id`,`title`,`thumbnail`,`industry` FROM `cmf_product` WHERE  `is_recommended` = 1  AND `category_id` = 30 ORDER BY `list_order` ASC LIMIT 6 [ RunTime:0.000270s ]
[2026-05-25T18:29:58+08:00][sql] SHOW FULL COLUMNS FROM `cmf_portal_post` [ RunTime:0.001304s ]
[2026-05-25T18:29:58+08:00][sql] SELECT `p`.`id`,`p`.`post_title`,`p`.`post_excerpt`,`p`.`thumbnail`,`p`.`create_time`,`c`.`category_id` FROM `cmf_portal_post` `p` INNER JOIN `cmf_portal_category_post` `c` ON `p`.`id`=`c`.`post_id` WHERE (  `p`.`post_type` = '8' ) AND `p`.`delete_time` = '0' ORDER BY `c`.`list_order` ASC,`p`.`create_time` DESC [ RunTime:0.000633s ]
[2026-05-25T18:29:58+08:00][sql] SELECT `id`,`post_title`,`post_excerpt`,`more` FROM `cmf_portal_post` WHERE (  `post_type` = 3 ) AND `cmf_portal_post`.`delete_time` = '0' ORDER BY `create_time` DESC [ RunTime:0.000358s ]
[2026-05-25T18:29:58+08:00][sql] SHOW FULL COLUMNS FROM `cmf_theme_file` [ RunTime:0.000805s ]
[2026-05-25T18:29:58+08:00][sql] SELECT `more`,`file`,`id` FROM `cmf_theme_file` WHERE  `theme` = 'simpleboot3_mobile'  AND (  `is_public` = 1 OR `file` = 'portal/index' ) ORDER BY `is_public` DESC [ RunTime:0.000335s ]
[2026-05-25T18:29:58+08:00][sql] SELECT `option_value` FROM `cmf_option` WHERE  `option_name` = 'storage' LIMIT 1 [ RunTime:0.000418s ]
[2026-05-25T18:30:01+08:00][sql] CONNECT:[ UseTime:0.000776s ] mysql:host=127.0.0.1;port=3306;dbname=nucleon;charset=utf8mb4
[2026-05-25T18:30:01+08:00][sql] SHOW FULL COLUMNS FROM `cmf_option` [ RunTime:0.001557s ]
[2026-05-25T18:30:01+08:00][sql] SELECT `option_value` FROM `cmf_option` WHERE  `option_name` = 'cdn_settings' LIMIT 1 [ RunTime:0.000301s ]
[2026-05-25T18:30:01+08:00][sql] SELECT `option_value` FROM `cmf_option` WHERE  `option_name` = 'cdn_settings' LIMIT 1 [ RunTime:0.000489s ]
[2026-05-25T18:30:01+08:00][sql] SHOW FULL COLUMNS FROM `cmf_product_category` [ RunTime:0.002120s ]
[2026-05-25T18:30:01+08:00][sql] SELECT * FROM `cmf_product_category` WHERE  `parent_id` = 0 ORDER BY `list_order` ASC,`create_time` DESC [ RunTime:0.000548s ]
[2026-05-25T18:30:01+08:00][sql] SELECT * FROM `cmf_product_category` WHERE  `parent_id` IN (28,19,22,23,25,30,27) [ RunTime:0.000431s ]
[2026-05-25T18:30:01+08:00][sql] SHOW FULL COLUMNS FROM `cmf_portal_category` [ RunTime:0.001286s ]
[2026-05-25T18:30:01+08:00][sql] SELECT * FROM `cmf_portal_category` WHERE (  `type` = 8 ) AND `cmf_portal_category`.`delete_time` = '0' ORDER BY `list_order` ASC [ RunTime:0.000453s ]
[2026-05-25T18:30:01+08:00][sql] SHOW FULL COLUMNS FROM `cmf_slide_item` [ RunTime:0.001287s ]
[2026-05-25T18:30:01+08:00][sql] SELECT `title`,`description`,`image`,`url`,`target`,`content` FROM `cmf_slide_item` WHERE  `slide_id` = 1 ORDER BY `list_order` ASC [ RunTime:0.000429s ]
[2026-05-25T18:30:01+08:00][sql] SHOW FULL COLUMNS FROM `cmf_slide` [ RunTime:0.001047s ]
[2026-05-25T18:30:01+08:00][sql] SELECT * FROM `cmf_slide` WHERE  `name` LIKE '%choose%' OR `name` LIKE '%选择%' LIMIT 1 [ RunTime:0.000359s ]
[2026-05-25T18:30:01+08:00][sql] SELECT `title`,`description`,`image`,`url`,`target`,`content` FROM `cmf_slide_item` WHERE  `slide_id` = 14  AND `status` = 1 ORDER BY `list_order` ASC [ RunTime:0.000332s ]
[2026-05-25T18:30:01+08:00][sql] SELECT * FROM `cmf_product_category` WHERE  `parent_id` = 0  AND `recommend` = 1 ORDER BY `list_order` ASC,`create_time` DESC [ RunTime:0.000423s ]
[2026-05-25T18:30:01+08:00][sql] SHOW FULL COLUMNS FROM `cmf_product` [ RunTime:0.001524s ]
[2026-05-25T18:30:01+08:00][sql] SELECT `id`,`title`,`thumbnail`,`industry` FROM `cmf_product` WHERE  `is_recommended` = 1  AND `category_id` = 28 ORDER BY `list_order` ASC LIMIT 6 [ RunTime:0.000734s ]
[2026-05-25T18:30:01+08:00][sql] SELECT `id`,`title`,`thumbnail`,`industry` FROM `cmf_product` WHERE  `is_recommended` = 1  AND `category_id` = 19 ORDER BY `list_order` ASC LIMIT 6 [ RunTime:0.000445s ]
[2026-05-25T18:30:01+08:00][sql] SELECT `id`,`title`,`thumbnail`,`industry` FROM `cmf_product` WHERE  `is_recommended` = 1  AND `category_id` = 23 ORDER BY `list_order` ASC LIMIT 6 [ RunTime:0.000405s ]
[2026-05-25T18:30:01+08:00][sql] SELECT `id`,`title`,`thumbnail`,`industry` FROM `cmf_product` WHERE  `is_recommended` = 1  AND `category_id` = 25 ORDER BY `list_order` ASC LIMIT 6 [ RunTime:0.000323s ]
[2026-05-25T18:30:01+08:00][sql] SELECT `id`,`title`,`thumbnail`,`industry` FROM `cmf_product` WHERE  `is_recommended` = 1  AND `category_id` = 30 ORDER BY `list_order` ASC LIMIT 6 [ RunTime:0.000318s ]
[2026-05-25T18:30:01+08:00][sql] SHOW FULL COLUMNS FROM `cmf_portal_post` [ RunTime:0.001154s ]
[2026-05-25T18:30:01+08:00][sql] SELECT `p`.`id`,`p`.`post_title`,`p`.`post_excerpt`,`p`.`thumbnail`,`p`.`create_time`,`c`.`category_id` FROM `cmf_portal_post` `p` INNER JOIN `cmf_portal_category_post` `c` ON `p`.`id`=`c`.`post_id` WHERE (  `p`.`post_type` = '8' ) AND `p`.`delete_time` = '0' ORDER BY `c`.`list_order` ASC,`p`.`create_time` DESC [ RunTime:0.000755s ]
[2026-05-25T18:30:01+08:00][sql] SELECT `id`,`post_title`,`post_excerpt`,`more` FROM `cmf_portal_post` WHERE (  `post_type` = 3 ) AND `cmf_portal_post`.`delete_time` = '0' ORDER BY `create_time` DESC [ RunTime:0.000354s ]
[2026-05-25T18:30:01+08:00][sql] SHOW FULL COLUMNS FROM `cmf_theme_file` [ RunTime:0.001100s ]
[2026-05-25T18:30:01+08:00][sql] SELECT `more`,`file`,`id` FROM `cmf_theme_file` WHERE  `theme` = 'simpleboot3_mobile'  AND (  `is_public` = 1 OR `file` = 'portal/index' ) ORDER BY `is_public` DESC [ RunTime:0.000352s ]
[2026-05-25T18:30:01+08:00][sql] SELECT `option_value` FROM `cmf_option` WHERE  `option_name` = 'storage' LIMIT 1 [ RunTime:0.000393s ]
[2026-05-25T18:30:17+08:00][sql] CONNECT:[ UseTime:0.000701s ] mysql:host=127.0.0.1;port=3306;dbname=nucleon;charset=utf8mb4
[2026-05-25T18:30:17+08:00][sql] SHOW FULL COLUMNS FROM `cmf_option` [ RunTime:0.001367s ]
[2026-05-25T18:30:17+08:00][sql] SELECT `option_value` FROM `cmf_option` WHERE  `option_name` = 'cdn_settings' LIMIT 1 [ RunTime:0.000257s ]
[2026-05-25T18:30:17+08:00][sql] SELECT `option_value` FROM `cmf_option` WHERE  `option_name` = 'cdn_settings' LIMIT 1 [ RunTime:0.000224s ]
[2026-05-25T18:30:17+08:00][sql] SHOW FULL COLUMNS FROM `cmf_product_category` [ RunTime:0.000942s ]
[2026-05-25T18:30:17+08:00][sql] SELECT * FROM `cmf_product_category` WHERE  `parent_id` = 0 ORDER BY `list_order` ASC,`create_time` DESC [ RunTime:0.000952s ]
[2026-05-25T18:30:17+08:00][sql] SELECT * FROM `cmf_product_category` WHERE  `parent_id` IN (28,19,22,23,25,30,27) [ RunTime:0.000375s ]
[2026-05-25T18:30:17+08:00][sql] SHOW FULL COLUMNS FROM `cmf_portal_category` [ RunTime:0.001702s ]
[2026-05-25T18:30:17+08:00][sql] SELECT * FROM `cmf_portal_category` WHERE (  `type` = 8 ) AND `cmf_portal_category`.`delete_time` = '0' ORDER BY `list_order` ASC [ RunTime:0.000656s ]
[2026-05-25T18:30:17+08:00][sql] SHOW FULL COLUMNS FROM `cmf_slide_item` [ RunTime:0.001188s ]
[2026-05-25T18:30:17+08:00][sql] SELECT `title`,`description`,`image`,`url`,`target`,`content` FROM `cmf_slide_item` WHERE  `slide_id` = 1 ORDER BY `list_order` ASC [ RunTime:0.000437s ]
[2026-05-25T18:30:17+08:00][sql] SHOW FULL COLUMNS FROM `cmf_slide` [ RunTime:0.000890s ]
[2026-05-25T18:30:17+08:00][sql] SELECT * FROM `cmf_slide` WHERE  `name` LIKE '%choose%' OR `name` LIKE '%选择%' LIMIT 1 [ RunTime:0.000317s ]
[2026-05-25T18:30:17+08:00][sql] SELECT `title`,`description`,`image`,`url`,`target`,`content` FROM `cmf_slide_item` WHERE  `slide_id` = 14  AND `status` = 1 ORDER BY `list_order` ASC [ RunTime:0.000316s ]
[2026-05-25T18:30:17+08:00][sql] SELECT * FROM `cmf_product_category` WHERE  `parent_id` = 0  AND `recommend` = 1 ORDER BY `list_order` ASC,`create_time` DESC [ RunTime:0.000269s ]
[2026-05-25T18:30:17+08:00][sql] SHOW FULL COLUMNS FROM `cmf_product` [ RunTime:0.000949s ]
[2026-05-25T18:30:17+08:00][sql] SELECT `id`,`title`,`thumbnail`,`industry` FROM `cmf_product` WHERE  `is_recommended` = 1  AND `category_id` = 28 ORDER BY `list_order` ASC LIMIT 6 [ RunTime:0.000433s ]
[2026-05-25T18:30:17+08:00][sql] SELECT `id`,`title`,`thumbnail`,`industry` FROM `cmf_product` WHERE  `is_recommended` = 1  AND `category_id` = 19 ORDER BY `list_order` ASC LIMIT 6 [ RunTime:0.000394s ]
[2026-05-25T18:30:17+08:00][sql] SELECT `id`,`title`,`thumbnail`,`industry` FROM `cmf_product` WHERE  `is_recommended` = 1  AND `category_id` = 23 ORDER BY `list_order` ASC LIMIT 6 [ RunTime:0.000566s ]
[2026-05-25T18:30:17+08:00][sql] SELECT `id`,`title`,`thumbnail`,`industry` FROM `cmf_product` WHERE  `is_recommended` = 1  AND `category_id` = 25 ORDER BY `list_order` ASC LIMIT 6 [ RunTime:0.000292s ]
[2026-05-25T18:30:17+08:00][sql] SELECT `id`,`title`,`thumbnail`,`industry` FROM `cmf_product` WHERE  `is_recommended` = 1  AND `category_id` = 30 ORDER BY `list_order` ASC LIMIT 6 [ RunTime:0.000240s ]
[2026-05-25T18:30:17+08:00][sql] SHOW FULL COLUMNS FROM `cmf_portal_post` [ RunTime:0.000933s ]
[2026-05-25T18:30:17+08:00][sql] SELECT `p`.`id`,`p`.`post_title`,`p`.`post_excerpt`,`p`.`thumbnail`,`p`.`create_time`,`c`.`category_id` FROM `cmf_portal_post` `p` INNER JOIN `cmf_portal_category_post` `c` ON `p`.`id`=`c`.`post_id` WHERE (  `p`.`post_type` = '8' ) AND `p`.`delete_time` = '0' ORDER BY `c`.`list_order` ASC,`p`.`create_time` DESC [ RunTime:0.001178s ]
[2026-05-25T18:30:17+08:00][sql] SELECT `id`,`post_title`,`post_excerpt`,`more` FROM `cmf_portal_post` WHERE (  `post_type` = 3 ) AND `cmf_portal_post`.`delete_time` = '0' ORDER BY `create_time` DESC [ RunTime:0.000463s ]
[2026-05-25T18:30:17+08:00][sql] SHOW FULL COLUMNS FROM `cmf_theme_file` [ RunTime:0.001453s ]
[2026-05-25T18:30:17+08:00][sql] SELECT `more`,`file`,`id` FROM `cmf_theme_file` WHERE  `theme` = 'simpleboot3_mobile'  AND (  `is_public` = 1 OR `file` = 'portal/index' ) ORDER BY `is_public` DESC [ RunTime:0.000477s ]
[2026-05-25T18:30:17+08:00][sql] SELECT `option_value` FROM `cmf_option` WHERE  `option_name` = 'storage' LIMIT 1 [ RunTime:0.000239s ]
[2026-05-25T18:31:35+08:00][sql] CONNECT:[ UseTime:0.001308s ] mysql:host=127.0.0.1;port=3306;dbname=nucleon;charset=utf8mb4
[2026-05-25T18:31:35+08:00][sql] SHOW FULL COLUMNS FROM `cmf_option` [ RunTime:0.001752s ]
[2026-05-25T18:31:35+08:00][sql] SELECT `option_value` FROM `cmf_option` WHERE  `option_name` = 'cdn_settings' LIMIT 1 [ RunTime:0.000311s ]
[2026-05-25T18:31:35+08:00][sql] SELECT `option_value` FROM `cmf_option` WHERE  `option_name` = 'cdn_settings' LIMIT 1 [ RunTime:0.000262s ]
[2026-05-25T18:31:35+08:00][sql] SHOW FULL COLUMNS FROM `cmf_product_category` [ RunTime:0.001040s ]
[2026-05-25T18:31:35+08:00][sql] SELECT * FROM `cmf_product_category` WHERE  `parent_id` = 0 ORDER BY `list_order` ASC,`create_time` DESC [ RunTime:0.000418s ]
[2026-05-25T18:31:35+08:00][sql] SELECT * FROM `cmf_product_category` WHERE  `parent_id` IN (28,19,22,23,25,30,27) [ RunTime:0.000310s ]
[2026-05-25T18:31:35+08:00][sql] SHOW FULL COLUMNS FROM `cmf_portal_category` [ RunTime:0.001207s ]
[2026-05-25T18:31:35+08:00][sql] SELECT * FROM `cmf_portal_category` WHERE (  `type` = 8 ) AND `cmf_portal_category`.`delete_time` = '0' ORDER BY `list_order` ASC [ RunTime:0.000960s ]
[2026-05-25T18:31:35+08:00][sql] SHOW FULL COLUMNS FROM `cmf_slide_item` [ RunTime:0.001250s ]
[2026-05-25T18:31:35+08:00][sql] SELECT `title`,`description`,`image`,`url`,`target`,`content` FROM `cmf_slide_item` WHERE  `slide_id` = 1 ORDER BY `list_order` ASC [ RunTime:0.000406s ]
[2026-05-25T18:31:35+08:00][sql] SHOW FULL COLUMNS FROM `cmf_slide` [ RunTime:0.000998s ]
[2026-05-25T18:31:35+08:00][sql] SELECT * FROM `cmf_slide` WHERE  `name` LIKE '%choose%' OR `name` LIKE '%选择%' LIMIT 1 [ RunTime:0.000513s ]
[2026-05-25T18:31:35+08:00][sql] SELECT `title`,`description`,`image`,`url`,`target`,`content` FROM `cmf_slide_item` WHERE  `slide_id` = 14  AND `status` = 1 ORDER BY `list_order` ASC [ RunTime:0.000383s ]
[2026-05-25T18:31:35+08:00][sql] SELECT * FROM `cmf_product_category` WHERE  `parent_id` = 0  AND `recommend` = 1 ORDER BY `list_order` ASC,`create_time` DESC [ RunTime:0.000501s ]
[2026-05-25T18:31:35+08:00][sql] SHOW FULL COLUMNS FROM `cmf_product` [ RunTime:0.001244s ]
[2026-05-25T18:31:35+08:00][sql] SELECT `id`,`title`,`thumbnail`,`industry` FROM `cmf_product` WHERE  `is_recommended` = 1  AND `category_id` = 28 ORDER BY `list_order` ASC LIMIT 6 [ RunTime:0.000673s ]
[2026-05-25T18:31:35+08:00][sql] SELECT `id`,`title`,`thumbnail`,`industry` FROM `cmf_product` WHERE  `is_recommended` = 1  AND `category_id` = 19 ORDER BY `list_order` ASC LIMIT 6 [ RunTime:0.000381s ]
[2026-05-25T18:31:35+08:00][sql] SELECT `id`,`title`,`thumbnail`,`industry` FROM `cmf_product` WHERE  `is_recommended` = 1  AND `category_id` = 23 ORDER BY `list_order` ASC LIMIT 6 [ RunTime:0.000336s ]
[2026-05-25T18:31:35+08:00][sql] SELECT `id`,`title`,`thumbnail`,`industry` FROM `cmf_product` WHERE  `is_recommended` = 1  AND `category_id` = 25 ORDER BY `list_order` ASC LIMIT 6 [ RunTime:0.000293s ]
[2026-05-25T18:31:35+08:00][sql] SELECT `id`,`title`,`thumbnail`,`industry` FROM `cmf_product` WHERE  `is_recommended` = 1  AND `category_id` = 30 ORDER BY `list_order` ASC LIMIT 6 [ RunTime:0.000307s ]
[2026-05-25T18:31:35+08:00][sql] SHOW FULL COLUMNS FROM `cmf_portal_post` [ RunTime:0.001536s ]
[2026-05-25T18:31:35+08:00][sql] SELECT `p`.`id`,`p`.`post_title`,`p`.`post_excerpt`,`p`.`thumbnail`,`p`.`create_time`,`c`.`category_id` FROM `cmf_portal_post` `p` INNER JOIN `cmf_portal_category_post` `c` ON `p`.`id`=`c`.`post_id` WHERE (  `p`.`post_type` = '8' ) AND `p`.`delete_time` = '0' ORDER BY `c`.`list_order` ASC,`p`.`create_time` DESC [ RunTime:0.001340s ]
[2026-05-25T18:31:35+08:00][sql] SELECT `id`,`post_title`,`post_excerpt`,`more` FROM `cmf_portal_post` WHERE (  `post_type` = 3 ) AND `cmf_portal_post`.`delete_time` = '0' ORDER BY `create_time` DESC [ RunTime:0.000697s ]
[2026-05-25T18:31:35+08:00][sql] SHOW FULL COLUMNS FROM `cmf_theme_file` [ RunTime:0.001593s ]
[2026-05-25T18:31:35+08:00][sql] SELECT `more`,`file`,`id` FROM `cmf_theme_file` WHERE  `theme` = 'simpleboot3_mobile'  AND (  `is_public` = 1 OR `file` = 'portal/index' ) ORDER BY `is_public` DESC [ RunTime:0.000586s ]
[2026-05-25T18:31:35+08:00][sql] SELECT `option_value` FROM `cmf_option` WHERE  `option_name` = 'storage' LIMIT 1 [ RunTime:0.000295s ]
[2026-05-25T18:31:37+08:00][sql] CONNECT:[ UseTime:0.000726s ] mysql:host=127.0.0.1;port=3306;dbname=nucleon;charset=utf8mb4
[2026-05-25T18:31:37+08:00][sql] SHOW FULL COLUMNS FROM `cmf_option` [ RunTime:0.001297s ]
[2026-05-25T18:31:37+08:00][sql] SELECT `option_value` FROM `cmf_option` WHERE  `option_name` = 'cdn_settings' LIMIT 1 [ RunTime:0.000257s ]
[2026-05-25T18:31:37+08:00][sql] SELECT `option_value` FROM `cmf_option` WHERE  `option_name` = 'cdn_settings' LIMIT 1 [ RunTime:0.000325s ]
[2026-05-25T18:31:37+08:00][sql] SHOW FULL COLUMNS FROM `cmf_product_category` [ RunTime:0.000944s ]
[2026-05-25T18:31:37+08:00][sql] SELECT * FROM `cmf_product_category` WHERE  `parent_id` = 0 ORDER BY `list_order` ASC,`create_time` DESC [ RunTime:0.000509s ]
[2026-05-25T18:31:37+08:00][sql] SELECT * FROM `cmf_product_category` WHERE  `parent_id` IN (28,19,22,23,25,30,27) [ RunTime:0.000303s ]
[2026-05-25T18:31:37+08:00][sql] SHOW FULL COLUMNS FROM `cmf_portal_category` [ RunTime:0.000859s ]
[2026-05-25T18:31:37+08:00][sql] SELECT * FROM `cmf_portal_category` WHERE (  `type` = 8 ) AND `cmf_portal_category`.`delete_time` = '0' ORDER BY `list_order` ASC [ RunTime:0.000547s ]
[2026-05-25T18:31:37+08:00][sql] SHOW FULL COLUMNS FROM `cmf_slide_item` [ RunTime:0.000998s ]
[2026-05-25T18:31:37+08:00][sql] SELECT `title`,`description`,`image`,`url`,`target`,`content` FROM `cmf_slide_item` WHERE  `slide_id` = 1 ORDER BY `list_order` ASC [ RunTime:0.000462s ]
[2026-05-25T18:31:37+08:00][sql] SHOW FULL COLUMNS FROM `cmf_slide` [ RunTime:0.000758s ]
[2026-05-25T18:31:37+08:00][sql] SELECT * FROM `cmf_slide` WHERE  `name` LIKE '%choose%' OR `name` LIKE '%选择%' LIMIT 1 [ RunTime:0.000355s ]
[2026-05-25T18:31:37+08:00][sql] SELECT `title`,`description`,`image`,`url`,`target`,`content` FROM `cmf_slide_item` WHERE  `slide_id` = 14  AND `status` = 1 ORDER BY `list_order` ASC [ RunTime:0.000266s ]
[2026-05-25T18:31:37+08:00][sql] SELECT * FROM `cmf_product_category` WHERE  `parent_id` = 0  AND `recommend` = 1 ORDER BY `list_order` ASC,`create_time` DESC [ RunTime:0.000263s ]
[2026-05-25T18:31:37+08:00][sql] SHOW FULL COLUMNS FROM `cmf_product` [ RunTime:0.001262s ]
[2026-05-25T18:31:37+08:00][sql] SELECT `id`,`title`,`thumbnail`,`industry` FROM `cmf_product` WHERE  `is_recommended` = 1  AND `category_id` = 28 ORDER BY `list_order` ASC LIMIT 6 [ RunTime:0.000790s ]
[2026-05-25T18:31:37+08:00][sql] SELECT `id`,`title`,`thumbnail`,`industry` FROM `cmf_product` WHERE  `is_recommended` = 1  AND `category_id` = 19 ORDER BY `list_order` ASC LIMIT 6 [ RunTime:0.000440s ]
[2026-05-25T18:31:37+08:00][sql] SELECT `id`,`title`,`thumbnail`,`industry` FROM `cmf_product` WHERE  `is_recommended` = 1  AND `category_id` = 23 ORDER BY `list_order` ASC LIMIT 6 [ RunTime:0.000278s ]
[2026-05-25T18:31:37+08:00][sql] SELECT `id`,`title`,`thumbnail`,`industry` FROM `cmf_product` WHERE  `is_recommended` = 1  AND `category_id` = 25 ORDER BY `list_order` ASC LIMIT 6 [ RunTime:0.000222s ]
[2026-05-25T18:31:37+08:00][sql] SELECT `id`,`title`,`thumbnail`,`industry` FROM `cmf_product` WHERE  `is_recommended` = 1  AND `category_id` = 30 ORDER BY `list_order` ASC LIMIT 6 [ RunTime:0.000193s ]
[2026-05-25T18:31:37+08:00][sql] SHOW FULL COLUMNS FROM `cmf_portal_post` [ RunTime:0.000958s ]
[2026-05-25T18:31:37+08:00][sql] SELECT `p`.`id`,`p`.`post_title`,`p`.`post_excerpt`,`p`.`thumbnail`,`p`.`create_time`,`c`.`category_id` FROM `cmf_portal_post` `p` INNER JOIN `cmf_portal_category_post` `c` ON `p`.`id`=`c`.`post_id` WHERE (  `p`.`post_type` = '8' ) AND `p`.`delete_time` = '0' ORDER BY `c`.`list_order` ASC,`p`.`create_time` DESC [ RunTime:0.000578s ]
[2026-05-25T18:31:37+08:00][sql] SELECT `id`,`post_title`,`post_excerpt`,`more` FROM `cmf_portal_post` WHERE (  `post_type` = 3 ) AND `cmf_portal_post`.`delete_time` = '0' ORDER BY `create_time` DESC [ RunTime:0.000327s ]
[2026-05-25T18:31:37+08:00][sql] SHOW FULL COLUMNS FROM `cmf_theme_file` [ RunTime:0.001482s ]
[2026-05-25T18:31:37+08:00][sql] SELECT `more`,`file`,`id` FROM `cmf_theme_file` WHERE  `theme` = 'simpleboot3_mobile'  AND (  `is_public` = 1 OR `file` = 'portal/index' ) ORDER BY `is_public` DESC [ RunTime:0.000830s ]
[2026-05-25T18:31:37+08:00][sql] SELECT `option_value` FROM `cmf_option` WHERE  `option_name` = 'storage' LIMIT 1 [ RunTime:0.000302s ]
[2026-05-25T18:40:07+08:00][sql] CONNECT:[ UseTime:0.001588s ] mysql:host=127.0.0.1;port=3306;dbname=nucleon;charset=utf8mb4
[2026-05-25T18:40:07+08:00][sql] SHOW FULL COLUMNS FROM `cmf_option` [ RunTime:0.002278s ]
[2026-05-25T18:40:07+08:00][sql] SELECT `option_value` FROM `cmf_option` WHERE  `option_name` = 'cdn_settings' LIMIT 1 [ RunTime:0.000438s ]
[2026-05-25T18:40:07+08:00][sql] SELECT `option_value` FROM `cmf_option` WHERE  `option_name` = 'cdn_settings' LIMIT 1 [ RunTime:0.000581s ]
[2026-05-25T18:40:07+08:00][sql] SHOW FULL COLUMNS FROM `cmf_product_category` [ RunTime:0.001576s ]
[2026-05-25T18:40:07+08:00][sql] SELECT * FROM `cmf_product_category` WHERE  `parent_id` = 0 ORDER BY `list_order` ASC,`create_time` DESC [ RunTime:0.000361s ]
[2026-05-25T18:40:07+08:00][sql] SELECT * FROM `cmf_product_category` WHERE  `parent_id` IN (28,19,22,23,25,30,27) [ RunTime:0.000358s ]
[2026-05-25T18:40:07+08:00][sql] SHOW FULL COLUMNS FROM `cmf_portal_category` [ RunTime:0.001214s ]
[2026-05-25T18:40:07+08:00][sql] SELECT * FROM `cmf_portal_category` WHERE (  `type` = 8 ) AND `cmf_portal_category`.`delete_time` = '0' ORDER BY `list_order` ASC [ RunTime:0.000449s ]
[2026-05-25T18:40:07+08:00][sql] SHOW FULL COLUMNS FROM `cmf_slide_item` [ RunTime:0.002250s ]
[2026-05-25T18:40:07+08:00][sql] SELECT `title`,`description`,`image`,`url`,`target`,`content` FROM `cmf_slide_item` WHERE  `slide_id` = 1 ORDER BY `list_order` ASC [ RunTime:0.000507s ]
[2026-05-25T18:40:07+08:00][sql] SHOW FULL COLUMNS FROM `cmf_slide` [ RunTime:0.001077s ]
[2026-05-25T18:40:07+08:00][sql] SELECT * FROM `cmf_slide` WHERE  `name` LIKE '%choose%' OR `name` LIKE '%选择%' LIMIT 1 [ RunTime:0.000560s ]
[2026-05-25T18:40:07+08:00][sql] SELECT `title`,`description`,`image`,`url`,`target`,`content` FROM `cmf_slide_item` WHERE  `slide_id` = 14  AND `status` = 1 ORDER BY `list_order` ASC [ RunTime:0.000366s ]
[2026-05-25T18:40:07+08:00][sql] SELECT * FROM `cmf_product_category` WHERE  `parent_id` = 0  AND `recommend` = 1 ORDER BY `list_order` ASC,`create_time` DESC [ RunTime:0.000328s ]
[2026-05-25T18:40:07+08:00][sql] SHOW FULL COLUMNS FROM `cmf_product` [ RunTime:0.001274s ]
[2026-05-25T18:40:07+08:00][sql] SELECT `id`,`title`,`thumbnail`,`industry` FROM `cmf_product` WHERE  `is_recommended` = 1  AND `category_id` = 28 ORDER BY `list_order` ASC LIMIT 6 [ RunTime:0.000524s ]
[2026-05-25T18:40:07+08:00][sql] SELECT `id`,`title`,`thumbnail`,`industry` FROM `cmf_product` WHERE  `is_recommended` = 1  AND `category_id` = 19 ORDER BY `list_order` ASC LIMIT 6 [ RunTime:0.000356s ]
[2026-05-25T18:40:07+08:00][sql] SELECT `id`,`title`,`thumbnail`,`industry` FROM `cmf_product` WHERE  `is_recommended` = 1  AND `category_id` = 23 ORDER BY `list_order` ASC LIMIT 6 [ RunTime:0.000391s ]
[2026-05-25T18:40:07+08:00][sql] SELECT `id`,`title`,`thumbnail`,`industry` FROM `cmf_product` WHERE  `is_recommended` = 1  AND `category_id` = 25 ORDER BY `list_order` ASC LIMIT 6 [ RunTime:0.000472s ]
[2026-05-25T18:40:07+08:00][sql] SELECT `id`,`title`,`thumbnail`,`industry` FROM `cmf_product` WHERE  `is_recommended` = 1  AND `category_id` = 30 ORDER BY `list_order` ASC LIMIT 6 [ RunTime:0.000453s ]
[2026-05-25T18:40:07+08:00][sql] SHOW FULL COLUMNS FROM `cmf_portal_post` [ RunTime:0.001313s ]
[2026-05-25T18:40:07+08:00][sql] SELECT `p`.`id`,`p`.`post_title`,`p`.`post_excerpt`,`p`.`thumbnail`,`p`.`create_time`,`c`.`category_id` FROM `cmf_portal_post` `p` INNER JOIN `cmf_portal_category_post` `c` ON `p`.`id`=`c`.`post_id` WHERE (  `p`.`post_type` = '8' ) AND `p`.`delete_time` = '0' ORDER BY `c`.`list_order` ASC,`p`.`create_time` DESC [ RunTime:0.000879s ]
[2026-05-25T18:40:07+08:00][sql] SELECT `id`,`post_title`,`post_excerpt`,`more` FROM `cmf_portal_post` WHERE (  `post_type` = 3 ) AND `cmf_portal_post`.`delete_time` = '0' ORDER BY `create_time` DESC [ RunTime:0.000465s ]
[2026-05-25T18:40:07+08:00][sql] SHOW FULL COLUMNS FROM `cmf_theme_file` [ RunTime:0.001920s ]
[2026-05-25T18:40:07+08:00][sql] SELECT `more`,`file`,`id` FROM `cmf_theme_file` WHERE  `theme` = 'simpleboot3_mobile'  AND (  `is_public` = 1 OR `file` = 'portal/index' ) ORDER BY `is_public` DESC [ RunTime:0.000626s ]
[2026-05-25T18:40:07+08:00][sql] SELECT `option_value` FROM `cmf_option` WHERE  `option_name` = 'storage' LIMIT 1 [ RunTime:0.000331s ]
[2026-05-25T18:40:21+08:00][sql] CONNECT:[ UseTime:0.001223s ] mysql:host=127.0.0.1;port=3306;dbname=nucleon;charset=utf8mb4
[2026-05-25T18:40:21+08:00][sql] SHOW FULL COLUMNS FROM `cmf_option` [ RunTime:0.001112s ]
[2026-05-25T18:40:21+08:00][sql] SELECT `option_value` FROM `cmf_option` WHERE  `option_name` = 'cdn_settings' LIMIT 1 [ RunTime:0.000307s ]
[2026-05-25T18:40:21+08:00][sql] SELECT `option_value` FROM `cmf_option` WHERE  `option_name` = 'cdn_settings' LIMIT 1 [ RunTime:0.000234s ]
[2026-05-25T18:40:21+08:00][sql] SHOW FULL COLUMNS FROM `cmf_product_category` [ RunTime:0.001093s ]
[2026-05-25T18:40:21+08:00][sql] SELECT * FROM `cmf_product_category` WHERE  `parent_id` = 0 ORDER BY `list_order` ASC,`create_time` DESC [ RunTime:0.000570s ]
[2026-05-25T18:40:21+08:00][sql] SELECT * FROM `cmf_product_category` WHERE  `parent_id` IN (28,19,22,23,25,30,27) [ RunTime:0.000274s ]
[2026-05-25T18:40:21+08:00][sql] SHOW FULL COLUMNS FROM `cmf_portal_category` [ RunTime:0.001098s ]
[2026-05-25T18:40:21+08:00][sql] SELECT * FROM `cmf_portal_category` WHERE (  `type` = 8 ) AND `cmf_portal_category`.`delete_time` = '0' ORDER BY `list_order` ASC [ RunTime:0.000289s ]
[2026-05-25T18:40:21+08:00][sql] SHOW FULL COLUMNS FROM `cmf_slide_item` [ RunTime:0.001062s ]
[2026-05-25T18:40:21+08:00][sql] SELECT `title`,`description`,`image`,`url`,`target`,`content` FROM `cmf_slide_item` WHERE  `slide_id` = 1 ORDER BY `list_order` ASC [ RunTime:0.000310s ]
[2026-05-25T18:40:21+08:00][sql] SHOW FULL COLUMNS FROM `cmf_slide` [ RunTime:0.000705s ]
[2026-05-25T18:40:21+08:00][sql] SELECT * FROM `cmf_slide` WHERE  `name` LIKE '%choose%' OR `name` LIKE '%选择%' LIMIT 1 [ RunTime:0.000263s ]
[2026-05-25T18:40:21+08:00][sql] SELECT `title`,`description`,`image`,`url`,`target`,`content` FROM `cmf_slide_item` WHERE  `slide_id` = 14  AND `status` = 1 ORDER BY `list_order` ASC [ RunTime:0.000310s ]
[2026-05-25T18:40:21+08:00][sql] SELECT * FROM `cmf_product_category` WHERE  `parent_id` = 0  AND `recommend` = 1 ORDER BY `list_order` ASC,`create_time` DESC [ RunTime:0.000277s ]
[2026-05-25T18:40:21+08:00][sql] SHOW FULL COLUMNS FROM `cmf_product` [ RunTime:0.000891s ]
[2026-05-25T18:40:21+08:00][sql] SELECT `id`,`title`,`thumbnail`,`industry` FROM `cmf_product` WHERE  `is_recommended` = 1  AND `category_id` = 28 ORDER BY `list_order` ASC LIMIT 6 [ RunTime:0.000370s ]
[2026-05-25T18:40:21+08:00][sql] SELECT `id`,`title`,`thumbnail`,`industry` FROM `cmf_product` WHERE  `is_recommended` = 1  AND `category_id` = 19 ORDER BY `list_order` ASC LIMIT 6 [ RunTime:0.000292s ]
[2026-05-25T18:40:21+08:00][sql] SELECT `id`,`title`,`thumbnail`,`industry` FROM `cmf_product` WHERE  `is_recommended` = 1  AND `category_id` = 23 ORDER BY `list_order` ASC LIMIT 6 [ RunTime:0.000251s ]
[2026-05-25T18:40:21+08:00][sql] SELECT `id`,`title`,`thumbnail`,`industry` FROM `cmf_product` WHERE  `is_recommended` = 1  AND `category_id` = 25 ORDER BY `list_order` ASC LIMIT 6 [ RunTime:0.000256s ]
[2026-05-25T18:40:21+08:00][sql] SELECT `id`,`title`,`thumbnail`,`industry` FROM `cmf_product` WHERE  `is_recommended` = 1  AND `category_id` = 30 ORDER BY `list_order` ASC LIMIT 6 [ RunTime:0.000316s ]
[2026-05-25T18:40:21+08:00][sql] SHOW FULL COLUMNS FROM `cmf_portal_post` [ RunTime:0.001474s ]
[2026-05-25T18:40:21+08:00][sql] SELECT `p`.`id`,`p`.`post_title`,`p`.`post_excerpt`,`p`.`thumbnail`,`p`.`create_time`,`c`.`category_id` FROM `cmf_portal_post` `p` INNER JOIN `cmf_portal_category_post` `c` ON `p`.`id`=`c`.`post_id` WHERE (  `p`.`post_type` = '8' ) AND `p`.`delete_time` = '0' ORDER BY `c`.`list_order` ASC,`p`.`create_time` DESC [ RunTime:0.000468s ]
[2026-05-25T18:40:21+08:00][sql] SELECT `id`,`post_title`,`post_excerpt`,`more` FROM `cmf_portal_post` WHERE (  `post_type` = 3 ) AND `cmf_portal_post`.`delete_time` = '0' ORDER BY `create_time` DESC [ RunTime:0.000331s ]
[2026-05-25T18:40:21+08:00][sql] SHOW FULL COLUMNS FROM `cmf_theme_file` [ RunTime:0.000853s ]
[2026-05-25T18:40:21+08:00][sql] SELECT `more`,`file`,`id` FROM `cmf_theme_file` WHERE  `theme` = 'simpleboot3'  AND (  `is_public` = 1 OR `file` = 'portal/index' ) ORDER BY `is_public` DESC [ RunTime:0.000316s ]
[2026-05-25T18:40:21+08:00][sql] SELECT `option_value` FROM `cmf_option` WHERE  `option_name` = 'storage' LIMIT 1 [ RunTime:0.000376s ]
[2026-05-25T18:40:31+08:00][sql] CONNECT:[ UseTime:0.001336s ] mysql:host=127.0.0.1;port=3306;dbname=nucleon;charset=utf8mb4
[2026-05-25T18:40:31+08:00][sql] SHOW FULL COLUMNS FROM `cmf_option` [ RunTime:0.001773s ]
[2026-05-25T18:40:31+08:00][sql] SELECT `option_value` FROM `cmf_option` WHERE  `option_name` = 'cdn_settings' LIMIT 1 [ RunTime:0.000326s ]
[2026-05-25T18:40:31+08:00][sql] SELECT `option_value` FROM `cmf_option` WHERE  `option_name` = 'cdn_settings' LIMIT 1 [ RunTime:0.000559s ]
[2026-05-25T18:40:31+08:00][sql] SHOW FULL COLUMNS FROM `cmf_product_category` [ RunTime:0.001299s ]
[2026-05-25T18:40:31+08:00][sql] SELECT * FROM `cmf_product_category` WHERE  `parent_id` = 0 ORDER BY `list_order` ASC,`create_time` DESC [ RunTime:0.000393s ]
[2026-05-25T18:40:31+08:00][sql] SELECT * FROM `cmf_product_category` WHERE  `parent_id` IN (28,19,22,23,25,30,27) [ RunTime:0.000450s ]
[2026-05-25T18:40:31+08:00][sql] SHOW FULL COLUMNS FROM `cmf_portal_category` [ RunTime:0.001373s ]
[2026-05-25T18:40:31+08:00][sql] SELECT * FROM `cmf_portal_category` WHERE (  `type` = 8 ) AND `cmf_portal_category`.`delete_time` = '0' ORDER BY `list_order` ASC [ RunTime:0.000335s ]
[2026-05-25T18:40:31+08:00][sql] SHOW FULL COLUMNS FROM `cmf_slide_item` [ RunTime:0.001012s ]
[2026-05-25T18:40:31+08:00][sql] SELECT `title`,`description`,`image`,`url`,`target`,`content` FROM `cmf_slide_item` WHERE  `slide_id` = 1 ORDER BY `list_order` ASC [ RunTime:0.000299s ]
[2026-05-25T18:40:31+08:00][sql] SHOW FULL COLUMNS FROM `cmf_slide` [ RunTime:0.000872s ]
[2026-05-25T18:40:31+08:00][sql] SELECT * FROM `cmf_slide` WHERE  `name` LIKE '%choose%' OR `name` LIKE '%选择%' LIMIT 1 [ RunTime:0.000427s ]
[2026-05-25T18:40:31+08:00][sql] SELECT `title`,`description`,`image`,`url`,`target`,`content` FROM `cmf_slide_item` WHERE  `slide_id` = 14  AND `status` = 1 ORDER BY `list_order` ASC [ RunTime:0.000516s ]
[2026-05-25T18:40:31+08:00][sql] SELECT * FROM `cmf_product_category` WHERE  `parent_id` = 0  AND `recommend` = 1 ORDER BY `list_order` ASC,`create_time` DESC [ RunTime:0.000309s ]
[2026-05-25T18:40:31+08:00][sql] SHOW FULL COLUMNS FROM `cmf_product` [ RunTime:0.001198s ]
[2026-05-25T18:40:31+08:00][sql] SELECT `id`,`title`,`thumbnail`,`industry` FROM `cmf_product` WHERE  `is_recommended` = 1  AND `category_id` = 28 ORDER BY `list_order` ASC LIMIT 6 [ RunTime:0.000467s ]
[2026-05-25T18:40:31+08:00][sql] SELECT `id`,`title`,`thumbnail`,`industry` FROM `cmf_product` WHERE  `is_recommended` = 1  AND `category_id` = 19 ORDER BY `list_order` ASC LIMIT 6 [ RunTime:0.000374s ]
[2026-05-25T18:40:31+08:00][sql] SELECT `id`,`title`,`thumbnail`,`industry` FROM `cmf_product` WHERE  `is_recommended` = 1  AND `category_id` = 23 ORDER BY `list_order` ASC LIMIT 6 [ RunTime:0.000250s ]
[2026-05-25T18:40:31+08:00][sql] SELECT `id`,`title`,`thumbnail`,`industry` FROM `cmf_product` WHERE  `is_recommended` = 1  AND `category_id` = 25 ORDER BY `list_order` ASC LIMIT 6 [ RunTime:0.000286s ]
[2026-05-25T18:40:31+08:00][sql] SELECT `id`,`title`,`thumbnail`,`industry` FROM `cmf_product` WHERE  `is_recommended` = 1  AND `category_id` = 30 ORDER BY `list_order` ASC LIMIT 6 [ RunTime:0.000241s ]
[2026-05-25T18:40:31+08:00][sql] SHOW FULL COLUMNS FROM `cmf_portal_post` [ RunTime:0.001396s ]
[2026-05-25T18:40:31+08:00][sql] SELECT `p`.`id`,`p`.`post_title`,`p`.`post_excerpt`,`p`.`thumbnail`,`p`.`create_time`,`c`.`category_id` FROM `cmf_portal_post` `p` INNER JOIN `cmf_portal_category_post` `c` ON `p`.`id`=`c`.`post_id` WHERE (  `p`.`post_type` = '8' ) AND `p`.`delete_time` = '0' ORDER BY `c`.`list_order` ASC,`p`.`create_time` DESC [ RunTime:0.000521s ]
[2026-05-25T18:40:31+08:00][sql] SELECT `id`,`post_title`,`post_excerpt`,`more` FROM `cmf_portal_post` WHERE (  `post_type` = 3 ) AND `cmf_portal_post`.`delete_time` = '0' ORDER BY `create_time` DESC [ RunTime:0.000366s ]
[2026-05-25T18:40:31+08:00][sql] SHOW FULL COLUMNS FROM `cmf_theme_file` [ RunTime:0.001128s ]
[2026-05-25T18:40:31+08:00][sql] SELECT `more`,`file`,`id` FROM `cmf_theme_file` WHERE  `theme` = 'simpleboot3'  AND (  `is_public` = 1 OR `file` = 'portal/index' ) ORDER BY `is_public` DESC [ RunTime:0.000395s ]
[2026-05-25T18:40:31+08:00][sql] SELECT `option_value` FROM `cmf_option` WHERE  `option_name` = 'storage' LIMIT 1 [ RunTime:0.000620s ]
[2026-05-25T18:40:36+08:00][sql] CONNECT:[ UseTime:0.000680s ] mysql:host=127.0.0.1;port=3306;dbname=nucleon;charset=utf8mb4
[2026-05-25T18:40:36+08:00][sql] SHOW FULL COLUMNS FROM `cmf_option` [ RunTime:0.001144s ]
[2026-05-25T18:40:36+08:00][sql] SELECT `option_value` FROM `cmf_option` WHERE  `option_name` = 'cdn_settings' LIMIT 1 [ RunTime:0.000229s ]
[2026-05-25T18:40:36+08:00][sql] SELECT `option_value` FROM `cmf_option` WHERE  `option_name` = 'cdn_settings' LIMIT 1 [ RunTime:0.000269s ]
[2026-05-25T18:40:36+08:00][sql] SHOW FULL COLUMNS FROM `cmf_product_category` [ RunTime:0.000857s ]
[2026-05-25T18:40:36+08:00][sql] SELECT * FROM `cmf_product_category` WHERE  `parent_id` = 0 ORDER BY `list_order` ASC,`create_time` DESC [ RunTime:0.000285s ]
[2026-05-25T18:40:36+08:00][sql] SELECT * FROM `cmf_product_category` WHERE  `parent_id` IN (28,19,22,23,25,30,27) [ RunTime:0.000297s ]
[2026-05-25T18:40:36+08:00][sql] SHOW FULL COLUMNS FROM `cmf_portal_category` [ RunTime:0.000921s ]
[2026-05-25T18:40:36+08:00][sql] SELECT * FROM `cmf_portal_category` WHERE (  `type` = 8 ) AND `cmf_portal_category`.`delete_time` = '0' ORDER BY `list_order` ASC [ RunTime:0.000637s ]
[2026-05-25T18:40:36+08:00][sql] SHOW FULL COLUMNS FROM `cmf_slide_item` [ RunTime:0.000939s ]
[2026-05-25T18:40:36+08:00][sql] SELECT `title`,`description`,`image`,`url`,`target`,`content` FROM `cmf_slide_item` WHERE  `slide_id` = 1 ORDER BY `list_order` ASC [ RunTime:0.000375s ]
[2026-05-25T18:40:36+08:00][sql] SHOW FULL COLUMNS FROM `cmf_slide` [ RunTime:0.000748s ]
[2026-05-25T18:40:36+08:00][sql] SELECT * FROM `cmf_slide` WHERE  `name` LIKE '%choose%' OR `name` LIKE '%选择%' LIMIT 1 [ RunTime:0.000317s ]
[2026-05-25T18:40:36+08:00][sql] SELECT `title`,`description`,`image`,`url`,`target`,`content` FROM `cmf_slide_item` WHERE  `slide_id` = 14  AND `status` = 1 ORDER BY `list_order` ASC [ RunTime:0.000292s ]
[2026-05-25T18:40:36+08:00][sql] SELECT * FROM `cmf_product_category` WHERE  `parent_id` = 0  AND `recommend` = 1 ORDER BY `list_order` ASC,`create_time` DESC [ RunTime:0.000339s ]
[2026-05-25T18:40:36+08:00][sql] SHOW FULL COLUMNS FROM `cmf_product` [ RunTime:0.001319s ]
[2026-05-25T18:40:36+08:00][sql] SELECT `id`,`title`,`thumbnail`,`industry` FROM `cmf_product` WHERE  `is_recommended` = 1  AND `category_id` = 28 ORDER BY `list_order` ASC LIMIT 6 [ RunTime:0.000415s ]
[2026-05-25T18:40:36+08:00][sql] SELECT `id`,`title`,`thumbnail`,`industry` FROM `cmf_product` WHERE  `is_recommended` = 1  AND `category_id` = 19 ORDER BY `list_order` ASC LIMIT 6 [ RunTime:0.000341s ]
[2026-05-25T18:40:36+08:00][sql] SELECT `id`,`title`,`thumbnail`,`industry` FROM `cmf_product` WHERE  `is_recommended` = 1  AND `category_id` = 23 ORDER BY `list_order` ASC LIMIT 6 [ RunTime:0.000275s ]
[2026-05-25T18:40:36+08:00][sql] SELECT `id`,`title`,`thumbnail`,`industry` FROM `cmf_product` WHERE  `is_recommended` = 1  AND `category_id` = 25 ORDER BY `list_order` ASC LIMIT 6 [ RunTime:0.000253s ]
[2026-05-25T18:40:36+08:00][sql] SELECT `id`,`title`,`thumbnail`,`industry` FROM `cmf_product` WHERE  `is_recommended` = 1  AND `category_id` = 30 ORDER BY `list_order` ASC LIMIT 6 [ RunTime:0.000261s ]
[2026-05-25T18:40:36+08:00][sql] SHOW FULL COLUMNS FROM `cmf_portal_post` [ RunTime:0.001010s ]
[2026-05-25T18:40:36+08:00][sql] SELECT `p`.`id`,`p`.`post_title`,`p`.`post_excerpt`,`p`.`thumbnail`,`p`.`create_time`,`c`.`category_id` FROM `cmf_portal_post` `p` INNER JOIN `cmf_portal_category_post` `c` ON `p`.`id`=`c`.`post_id` WHERE (  `p`.`post_type` = '8' ) AND `p`.`delete_time` = '0' ORDER BY `c`.`list_order` ASC,`p`.`create_time` DESC [ RunTime:0.000422s ]
[2026-05-25T18:40:36+08:00][sql] SELECT `id`,`post_title`,`post_excerpt`,`more` FROM `cmf_portal_post` WHERE (  `post_type` = 3 ) AND `cmf_portal_post`.`delete_time` = '0' ORDER BY `create_time` DESC [ RunTime:0.000301s ]
[2026-05-25T18:40:36+08:00][sql] SHOW FULL COLUMNS FROM `cmf_theme_file` [ RunTime:0.000822s ]
[2026-05-25T18:40:36+08:00][sql] SELECT `more`,`file`,`id` FROM `cmf_theme_file` WHERE  `theme` = 'simpleboot3_mobile'  AND (  `is_public` = 1 OR `file` = 'portal/index' ) ORDER BY `is_public` DESC [ RunTime:0.000348s ]
[2026-05-25T18:40:36+08:00][sql] SELECT `option_value` FROM `cmf_option` WHERE  `option_name` = 'storage' LIMIT 1 [ RunTime:0.000299s ]
[2026-05-25T18:48:28+08:00][sql] CONNECT:[ UseTime:0.001593s ] mysql:host=127.0.0.1;port=3306;dbname=nucleon;charset=utf8mb4
[2026-05-25T18:48:28+08:00][sql] SHOW FULL COLUMNS FROM `cmf_option` [ RunTime:0.001467s ]
[2026-05-25T18:48:28+08:00][sql] SELECT `option_value` FROM `cmf_option` WHERE  `option_name` = 'cdn_settings' LIMIT 1 [ RunTime:0.000295s ]
[2026-05-25T18:48:28+08:00][sql] SELECT `option_value` FROM `cmf_option` WHERE  `option_name` = 'cdn_settings' LIMIT 1 [ RunTime:0.000290s ]
[2026-05-25T18:48:28+08:00][sql] SHOW FULL COLUMNS FROM `cmf_product_category` [ RunTime:0.001157s ]
[2026-05-25T18:48:28+08:00][sql] SELECT * FROM `cmf_product_category` WHERE  `parent_id` = 0 ORDER BY `list_order` ASC,`create_time` DESC [ RunTime:0.000354s ]
[2026-05-25T18:48:28+08:00][sql] SELECT * FROM `cmf_product_category` WHERE  `parent_id` IN (28,19,22,23,25,30,27) [ RunTime:0.000429s ]
[2026-05-25T18:48:28+08:00][sql] SHOW FULL COLUMNS FROM `cmf_portal_category` [ RunTime:0.001732s ]
[2026-05-25T18:48:28+08:00][sql] SELECT * FROM `cmf_portal_category` WHERE (  `type` = 8 ) AND `cmf_portal_category`.`delete_time` = '0' ORDER BY `list_order` ASC [ RunTime:0.000564s ]
[2026-05-25T18:48:28+08:00][sql] SHOW FULL COLUMNS FROM `cmf_slide_item` [ RunTime:0.001029s ]
[2026-05-25T18:48:28+08:00][sql] SELECT `title`,`description`,`image`,`url`,`target`,`content` FROM `cmf_slide_item` WHERE  `slide_id` = 1 ORDER BY `list_order` ASC [ RunTime:0.000378s ]
[2026-05-25T18:48:28+08:00][sql] SHOW FULL COLUMNS FROM `cmf_slide` [ RunTime:0.000965s ]
[2026-05-25T18:48:28+08:00][sql] SELECT * FROM `cmf_slide` WHERE  `name` LIKE '%choose%' OR `name` LIKE '%选择%' LIMIT 1 [ RunTime:0.000317s ]
[2026-05-25T18:48:28+08:00][sql] SELECT `title`,`description`,`image`,`url`,`target`,`content` FROM `cmf_slide_item` WHERE  `slide_id` = 14  AND `status` = 1 ORDER BY `list_order` ASC [ RunTime:0.000389s ]
[2026-05-25T18:48:28+08:00][sql] SELECT * FROM `cmf_product_category` WHERE  `parent_id` = 0  AND `recommend` = 1 ORDER BY `list_order` ASC,`create_time` DESC [ RunTime:0.000352s ]
[2026-05-25T18:48:28+08:00][sql] SHOW FULL COLUMNS FROM `cmf_product` [ RunTime:0.001254s ]
[2026-05-25T18:48:28+08:00][sql] SELECT `id`,`title`,`thumbnail`,`industry` FROM `cmf_product` WHERE  `is_recommended` = 1  AND `category_id` = 28 ORDER BY `list_order` ASC LIMIT 6 [ RunTime:0.000789s ]
[2026-05-25T18:48:28+08:00][sql] SELECT `id`,`title`,`thumbnail`,`industry` FROM `cmf_product` WHERE  `is_recommended` = 1  AND `category_id` = 19 ORDER BY `list_order` ASC LIMIT 6 [ RunTime:0.000416s ]
[2026-05-25T18:48:28+08:00][sql] SELECT `id`,`title`,`thumbnail`,`industry` FROM `cmf_product` WHERE  `is_recommended` = 1  AND `category_id` = 23 ORDER BY `list_order` ASC LIMIT 6 [ RunTime:0.000302s ]
[2026-05-25T18:48:28+08:00][sql] SELECT `id`,`title`,`thumbnail`,`industry` FROM `cmf_product` WHERE  `is_recommended` = 1  AND `category_id` = 25 ORDER BY `list_order` ASC LIMIT 6 [ RunTime:0.000375s ]
[2026-05-25T18:48:28+08:00][sql] SELECT `id`,`title`,`thumbnail`,`industry` FROM `cmf_product` WHERE  `is_recommended` = 1  AND `category_id` = 30 ORDER BY `list_order` ASC LIMIT 6 [ RunTime:0.000493s ]
[2026-05-25T18:48:28+08:00][sql] SHOW FULL COLUMNS FROM `cmf_portal_post` [ RunTime:0.002012s ]
[2026-05-25T18:48:28+08:00][sql] SELECT `p`.`id`,`p`.`post_title`,`p`.`post_excerpt`,`p`.`thumbnail`,`p`.`create_time`,`c`.`category_id` FROM `cmf_portal_post` `p` INNER JOIN `cmf_portal_category_post` `c` ON `p`.`id`=`c`.`post_id` WHERE (  `p`.`post_type` = '8' ) AND `p`.`delete_time` = '0' ORDER BY `c`.`list_order` ASC,`p`.`create_time` DESC [ RunTime:0.000890s ]
[2026-05-25T18:48:28+08:00][sql] SELECT `id`,`post_title`,`post_excerpt`,`more` FROM `cmf_portal_post` WHERE (  `post_type` = 3 ) AND `cmf_portal_post`.`delete_time` = '0' ORDER BY `create_time` DESC [ RunTime:0.000439s ]
[2026-05-25T18:48:28+08:00][sql] SHOW FULL COLUMNS FROM `cmf_theme_file` [ RunTime:0.001206s ]
[2026-05-25T18:48:28+08:00][sql] SELECT `more`,`file`,`id` FROM `cmf_theme_file` WHERE  `theme` = 'simpleboot3'  AND (  `is_public` = 1 OR `file` = 'portal/index' ) ORDER BY `is_public` DESC [ RunTime:0.000502s ]
[2026-05-25T18:48:28+08:00][sql] SELECT `option_value` FROM `cmf_option` WHERE  `option_name` = 'storage' LIMIT 1 [ RunTime:0.000672s ]
[2026-05-25T18:48:44+08:00][sql] CONNECT:[ UseTime:0.000964s ] mysql:host=127.0.0.1;port=3306;dbname=nucleon;charset=utf8mb4
[2026-05-25T18:48:44+08:00][sql] SHOW FULL COLUMNS FROM `cmf_option` [ RunTime:0.002101s ]
[2026-05-25T18:48:44+08:00][sql] SELECT `option_value` FROM `cmf_option` WHERE  `option_name` = 'cdn_settings' LIMIT 1 [ RunTime:0.000389s ]
[2026-05-25T18:48:44+08:00][sql] SELECT `option_value` FROM `cmf_option` WHERE  `option_name` = 'cdn_settings' LIMIT 1 [ RunTime:0.000599s ]
[2026-05-25T18:48:44+08:00][sql] SHOW FULL COLUMNS FROM `cmf_product_category` [ RunTime:0.001730s ]
[2026-05-25T18:48:44+08:00][sql] SELECT * FROM `cmf_product_category` WHERE  `parent_id` = 0 ORDER BY `list_order` ASC,`create_time` DESC [ RunTime:0.000413s ]
[2026-05-25T18:48:44+08:00][sql] SELECT * FROM `cmf_product_category` WHERE  `parent_id` IN (28,19,22,23,25,30,27) [ RunTime:0.000375s ]
[2026-05-25T18:48:44+08:00][sql] SHOW FULL COLUMNS FROM `cmf_portal_category` [ RunTime:0.001269s ]
[2026-05-25T18:48:44+08:00][sql] SELECT * FROM `cmf_portal_category` WHERE (  `type` = 8 ) AND `cmf_portal_category`.`delete_time` = '0' ORDER BY `list_order` ASC [ RunTime:0.000360s ]
[2026-05-25T18:48:44+08:00][sql] SHOW FULL COLUMNS FROM `cmf_slide_item` [ RunTime:0.001091s ]
[2026-05-25T18:48:44+08:00][sql] SELECT `title`,`description`,`image`,`url`,`target`,`content` FROM `cmf_slide_item` WHERE  `slide_id` = 1 ORDER BY `list_order` ASC [ RunTime:0.000335s ]
[2026-05-25T18:48:44+08:00][sql] SHOW FULL COLUMNS FROM `cmf_slide` [ RunTime:0.001203s ]
[2026-05-25T18:48:44+08:00][sql] SELECT * FROM `cmf_slide` WHERE  `name` LIKE '%choose%' OR `name` LIKE '%选择%' LIMIT 1 [ RunTime:0.000297s ]
[2026-05-25T18:48:44+08:00][sql] SELECT `title`,`description`,`image`,`url`,`target`,`content` FROM `cmf_slide_item` WHERE  `slide_id` = 14  AND `status` = 1 ORDER BY `list_order` ASC [ RunTime:0.000517s ]
[2026-05-25T18:48:44+08:00][sql] SELECT * FROM `cmf_product_category` WHERE  `parent_id` = 0  AND `recommend` = 1 ORDER BY `list_order` ASC,`create_time` DESC [ RunTime:0.000404s ]
[2026-05-25T18:48:44+08:00][sql] SHOW FULL COLUMNS FROM `cmf_product` [ RunTime:0.001349s ]
[2026-05-25T18:48:44+08:00][sql] SELECT `id`,`title`,`thumbnail`,`industry` FROM `cmf_product` WHERE  `is_recommended` = 1  AND `category_id` = 28 ORDER BY `list_order` ASC LIMIT 6 [ RunTime:0.000467s ]
[2026-05-25T18:48:44+08:00][sql] SELECT `id`,`title`,`thumbnail`,`industry` FROM `cmf_product` WHERE  `is_recommended` = 1  AND `category_id` = 19 ORDER BY `list_order` ASC LIMIT 6 [ RunTime:0.000352s ]
[2026-05-25T18:48:44+08:00][sql] SELECT `id`,`title`,`thumbnail`,`industry` FROM `cmf_product` WHERE  `is_recommended` = 1  AND `category_id` = 23 ORDER BY `list_order` ASC LIMIT 6 [ RunTime:0.000326s ]
[2026-05-25T18:48:44+08:00][sql] SELECT `id`,`title`,`thumbnail`,`industry` FROM `cmf_product` WHERE  `is_recommended` = 1  AND `category_id` = 25 ORDER BY `list_order` ASC LIMIT 6 [ RunTime:0.000282s ]
[2026-05-25T18:48:44+08:00][sql] SELECT `id`,`title`,`thumbnail`,`industry` FROM `cmf_product` WHERE  `is_recommended` = 1  AND `category_id` = 30 ORDER BY `list_order` ASC LIMIT 6 [ RunTime:0.000294s ]
[2026-05-25T18:48:44+08:00][sql] SHOW FULL COLUMNS FROM `cmf_portal_post` [ RunTime:0.001084s ]
[2026-05-25T18:48:44+08:00][sql] SELECT `p`.`id`,`p`.`post_title`,`p`.`post_excerpt`,`p`.`thumbnail`,`p`.`create_time`,`c`.`category_id` FROM `cmf_portal_post` `p` INNER JOIN `cmf_portal_category_post` `c` ON `p`.`id`=`c`.`post_id` WHERE (  `p`.`post_type` = '8' ) AND `p`.`delete_time` = '0' ORDER BY `c`.`list_order` ASC,`p`.`create_time` DESC [ RunTime:0.000541s ]
[2026-05-25T18:48:44+08:00][sql] SELECT `id`,`post_title`,`post_excerpt`,`more` FROM `cmf_portal_post` WHERE (  `post_type` = 3 ) AND `cmf_portal_post`.`delete_time` = '0' ORDER BY `create_time` DESC [ RunTime:0.000367s ]
[2026-05-25T18:48:44+08:00][sql] SHOW FULL COLUMNS FROM `cmf_theme_file` [ RunTime:0.000942s ]
[2026-05-25T18:48:44+08:00][sql] SELECT `more`,`file`,`id` FROM `cmf_theme_file` WHERE  `theme` = 'simpleboot3'  AND (  `is_public` = 1 OR `file` = 'portal/index' ) ORDER BY `is_public` DESC [ RunTime:0.000291s ]
[2026-05-25T18:48:44+08:00][sql] SELECT `option_value` FROM `cmf_option` WHERE  `option_name` = 'storage' LIMIT 1 [ RunTime:0.000486s ]
[2026-05-25T18:52:17+08:00][sql] CONNECT:[ UseTime:0.000881s ] mysql:host=127.0.0.1;port=3306;dbname=nucleon;charset=utf8mb4
[2026-05-25T18:52:17+08:00][sql] SHOW FULL COLUMNS FROM `cmf_option` [ RunTime:0.002078s ]
[2026-05-25T18:52:17+08:00][sql] SELECT `option_value` FROM `cmf_option` WHERE  `option_name` = 'cdn_settings' LIMIT 1 [ RunTime:0.000294s ]
[2026-05-25T18:52:17+08:00][sql] SELECT `option_value` FROM `cmf_option` WHERE  `option_name` = 'cdn_settings' LIMIT 1 [ RunTime:0.000332s ]
[2026-05-25T18:52:17+08:00][sql] SHOW FULL COLUMNS FROM `cmf_product_category` [ RunTime:0.000982s ]
[2026-05-25T18:52:17+08:00][sql] SELECT * FROM `cmf_product_category` WHERE  `parent_id` = 0 ORDER BY `list_order` ASC,`create_time` DESC [ RunTime:0.000281s ]
[2026-05-25T18:52:17+08:00][sql] SELECT * FROM `cmf_product_category` WHERE  `parent_id` IN (28,19,22,23,25,30,27) [ RunTime:0.000296s ]
[2026-05-25T18:52:17+08:00][sql] SHOW FULL COLUMNS FROM `cmf_portal_category` [ RunTime:0.000840s ]
[2026-05-25T18:52:17+08:00][sql] SELECT * FROM `cmf_portal_category` WHERE (  `type` = 8 ) AND `cmf_portal_category`.`delete_time` = '0' ORDER BY `list_order` ASC [ RunTime:0.000278s ]
[2026-05-25T18:52:17+08:00][sql] SHOW FULL COLUMNS FROM `cmf_slide_item` [ RunTime:0.000780s ]
[2026-05-25T18:52:17+08:00][sql] SELECT `title`,`description`,`image`,`url`,`target`,`content` FROM `cmf_slide_item` WHERE  `slide_id` = 1 ORDER BY `list_order` ASC [ RunTime:0.000282s ]
[2026-05-25T18:52:17+08:00][sql] SHOW FULL COLUMNS FROM `cmf_slide` [ RunTime:0.000753s ]
[2026-05-25T18:52:17+08:00][sql] SELECT * FROM `cmf_slide` WHERE  `name` LIKE '%choose%' OR `name` LIKE '%选择%' LIMIT 1 [ RunTime:0.000481s ]
[2026-05-25T18:52:17+08:00][sql] SELECT `title`,`description`,`image`,`url`,`target`,`content` FROM `cmf_slide_item` WHERE  `slide_id` = 14  AND `status` = 1 ORDER BY `list_order` ASC [ RunTime:0.000604s ]
[2026-05-25T18:52:17+08:00][sql] SELECT * FROM `cmf_product_category` WHERE  `parent_id` = 0  AND `recommend` = 1 ORDER BY `list_order` ASC,`create_time` DESC [ RunTime:0.000649s ]
[2026-05-25T18:52:17+08:00][sql] SHOW FULL COLUMNS FROM `cmf_product` [ RunTime:0.001007s ]
[2026-05-25T18:52:17+08:00][sql] SELECT `id`,`title`,`thumbnail`,`industry` FROM `cmf_product` WHERE  `is_recommended` = 1  AND `category_id` = 28 ORDER BY `list_order` ASC LIMIT 6 [ RunTime:0.000416s ]
[2026-05-25T18:52:17+08:00][sql] SELECT `id`,`title`,`thumbnail`,`industry` FROM `cmf_product` WHERE  `is_recommended` = 1  AND `category_id` = 19 ORDER BY `list_order` ASC LIMIT 6 [ RunTime:0.000332s ]
[2026-05-25T18:52:17+08:00][sql] SELECT `id`,`title`,`thumbnail`,`industry` FROM `cmf_product` WHERE  `is_recommended` = 1  AND `category_id` = 23 ORDER BY `list_order` ASC LIMIT 6 [ RunTime:0.000333s ]
[2026-05-25T18:52:17+08:00][sql] SELECT `id`,`title`,`thumbnail`,`industry` FROM `cmf_product` WHERE  `is_recommended` = 1  AND `category_id` = 25 ORDER BY `list_order` ASC LIMIT 6 [ RunTime:0.000299s ]
[2026-05-25T18:52:17+08:00][sql] SELECT `id`,`title`,`thumbnail`,`industry` FROM `cmf_product` WHERE  `is_recommended` = 1  AND `category_id` = 30 ORDER BY `list_order` ASC LIMIT 6 [ RunTime:0.000421s ]
[2026-05-25T18:52:17+08:00][sql] SHOW FULL COLUMNS FROM `cmf_portal_post` [ RunTime:0.001117s ]
[2026-05-25T18:52:17+08:00][sql] SELECT `p`.`id`,`p`.`post_title`,`p`.`post_excerpt`,`p`.`thumbnail`,`p`.`create_time`,`c`.`category_id` FROM `cmf_portal_post` `p` INNER JOIN `cmf_portal_category_post` `c` ON `p`.`id`=`c`.`post_id` WHERE (  `p`.`post_type` = '8' ) AND `p`.`delete_time` = '0' ORDER BY `c`.`list_order` ASC,`p`.`create_time` DESC [ RunTime:0.000568s ]
[2026-05-25T18:52:17+08:00][sql] SELECT `id`,`post_title`,`post_excerpt`,`more` FROM `cmf_portal_post` WHERE (  `post_type` = 3 ) AND `cmf_portal_post`.`delete_time` = '0' ORDER BY `create_time` DESC [ RunTime:0.000386s ]
[2026-05-25T18:52:17+08:00][sql] SHOW FULL COLUMNS FROM `cmf_theme_file` [ RunTime:0.001254s ]
[2026-05-25T18:52:17+08:00][sql] SELECT `more`,`file`,`id` FROM `cmf_theme_file` WHERE  `theme` = 'simpleboot3'  AND (  `is_public` = 1 OR `file` = 'portal/index' ) ORDER BY `is_public` DESC [ RunTime:0.000447s ]
[2026-05-25T18:52:17+08:00][sql] SELECT `option_value` FROM `cmf_option` WHERE  `option_name` = 'storage' LIMIT 1 [ RunTime:0.000411s ]
[2026-05-25T18:52:41+08:00][sql] CONNECT:[ UseTime:0.000791s ] mysql:host=127.0.0.1;port=3306;dbname=nucleon;charset=utf8mb4
[2026-05-25T18:52:41+08:00][sql] SHOW FULL COLUMNS FROM `cmf_option` [ RunTime:0.001344s ]
[2026-05-25T18:52:41+08:00][sql] SELECT `option_value` FROM `cmf_option` WHERE  `option_name` = 'cdn_settings' LIMIT 1 [ RunTime:0.000265s ]
[2026-05-25T18:52:41+08:00][sql] SELECT `option_value` FROM `cmf_option` WHERE  `option_name` = 'cdn_settings' LIMIT 1 [ RunTime:0.000461s ]
[2026-05-25T18:52:41+08:00][sql] SHOW FULL COLUMNS FROM `cmf_product_category` [ RunTime:0.001269s ]
[2026-05-25T18:52:41+08:00][sql] SELECT * FROM `cmf_product_category` WHERE  `parent_id` = 0 ORDER BY `list_order` ASC,`create_time` DESC [ RunTime:0.000363s ]
[2026-05-25T18:52:41+08:00][sql] SELECT * FROM `cmf_product_category` WHERE  `parent_id` IN (28,19,22,23,25,30,27) [ RunTime:0.000355s ]
[2026-05-25T18:52:41+08:00][sql] SHOW FULL COLUMNS FROM `cmf_portal_category` [ RunTime:0.001220s ]
[2026-05-25T18:52:41+08:00][sql] SELECT * FROM `cmf_portal_category` WHERE (  `type` = 8 ) AND `cmf_portal_category`.`delete_time` = '0' ORDER BY `list_order` ASC [ RunTime:0.000342s ]
[2026-05-25T18:52:41+08:00][sql] SHOW FULL COLUMNS FROM `cmf_slide_item` [ RunTime:0.001038s ]
[2026-05-25T18:52:41+08:00][sql] SELECT `title`,`description`,`image`,`url`,`target`,`content` FROM `cmf_slide_item` WHERE  `slide_id` = 1 ORDER BY `list_order` ASC [ RunTime:0.000323s ]
[2026-05-25T18:52:41+08:00][sql] SHOW FULL COLUMNS FROM `cmf_slide` [ RunTime:0.001682s ]
[2026-05-25T18:52:41+08:00][sql] SELECT * FROM `cmf_slide` WHERE  `name` LIKE '%choose%' OR `name` LIKE '%选择%' LIMIT 1 [ RunTime:0.000597s ]
[2026-05-25T18:52:41+08:00][sql] SELECT `title`,`description`,`image`,`url`,`target`,`content` FROM `cmf_slide_item` WHERE  `slide_id` = 14  AND `status` = 1 ORDER BY `list_order` ASC [ RunTime:0.000720s ]
[2026-05-25T18:52:41+08:00][sql] SELECT * FROM `cmf_product_category` WHERE  `parent_id` = 0  AND `recommend` = 1 ORDER BY `list_order` ASC,`create_time` DESC [ RunTime:0.000659s ]
[2026-05-25T18:52:41+08:00][sql] SHOW FULL COLUMNS FROM `cmf_product` [ RunTime:0.001417s ]
[2026-05-25T18:52:41+08:00][sql] SELECT `id`,`title`,`thumbnail`,`industry` FROM `cmf_product` WHERE  `is_recommended` = 1  AND `category_id` = 28 ORDER BY `list_order` ASC LIMIT 6 [ RunTime:0.000752s ]
[2026-05-25T18:52:41+08:00][sql] SELECT `id`,`title`,`thumbnail`,`industry` FROM `cmf_product` WHERE  `is_recommended` = 1  AND `category_id` = 19 ORDER BY `list_order` ASC LIMIT 6 [ RunTime:0.000422s ]
[2026-05-25T18:52:41+08:00][sql] SELECT `id`,`title`,`thumbnail`,`industry` FROM `cmf_product` WHERE  `is_recommended` = 1  AND `category_id` = 23 ORDER BY `list_order` ASC LIMIT 6 [ RunTime:0.000329s ]
[2026-05-25T18:52:41+08:00][sql] SELECT `id`,`title`,`thumbnail`,`industry` FROM `cmf_product` WHERE  `is_recommended` = 1  AND `category_id` = 25 ORDER BY `list_order` ASC LIMIT 6 [ RunTime:0.000352s ]
[2026-05-25T18:52:41+08:00][sql] SELECT `id`,`title`,`thumbnail`,`industry` FROM `cmf_product` WHERE  `is_recommended` = 1  AND `category_id` = 30 ORDER BY `list_order` ASC LIMIT 6 [ RunTime:0.000325s ]
[2026-05-25T18:52:41+08:00][sql] SHOW FULL COLUMNS FROM `cmf_portal_post` [ RunTime:0.001165s ]
[2026-05-25T18:52:41+08:00][sql] SELECT `p`.`id`,`p`.`post_title`,`p`.`post_excerpt`,`p`.`thumbnail`,`p`.`create_time`,`c`.`category_id` FROM `cmf_portal_post` `p` INNER JOIN `cmf_portal_category_post` `c` ON `p`.`id`=`c`.`post_id` WHERE (  `p`.`post_type` = '8' ) AND `p`.`delete_time` = '0' ORDER BY `c`.`list_order` ASC,`p`.`create_time` DESC [ RunTime:0.000576s ]
[2026-05-25T18:52:41+08:00][sql] SELECT `id`,`post_title`,`post_excerpt`,`more` FROM `cmf_portal_post` WHERE (  `post_type` = 3 ) AND `cmf_portal_post`.`delete_time` = '0' ORDER BY `create_time` DESC [ RunTime:0.000424s ]
[2026-05-25T18:52:41+08:00][sql] SHOW FULL COLUMNS FROM `cmf_theme_file` [ RunTime:0.001498s ]
[2026-05-25T18:52:41+08:00][sql] SELECT `more`,`file`,`id` FROM `cmf_theme_file` WHERE  `theme` = 'simpleboot3'  AND (  `is_public` = 1 OR `file` = 'portal/index' ) ORDER BY `is_public` DESC [ RunTime:0.000740s ]
[2026-05-25T18:52:41+08:00][sql] SELECT `option_value` FROM `cmf_option` WHERE  `option_name` = 'storage' LIMIT 1 [ RunTime:0.000525s ]
