[2026-05-27T08:43:47+08:00][sql] CONNECT:[ UseTime:0.001011s ] mysql:host=127.0.0.1;port=3306;dbname=nucleon;charset=utf8mb4
[2026-05-27T08:43:47+08:00][sql] SHOW FULL COLUMNS FROM `cmf_plugin` [ RunTime:0.002201s ]
[2026-05-27T08:43:47+08:00][sql] SELECT `config` FROM `cmf_plugin` WHERE  `name` = 'SwitchTheme' LIMIT 1 [ RunTime:0.000734s ]
[2026-05-27T08:43:47+08:00][sql] SHOW FULL COLUMNS FROM `cmf_option` [ RunTime:0.001966s ]
[2026-05-27T08:43:47+08:00][sql] SELECT `option_value` FROM `cmf_option` WHERE  `option_name` = 'cdn_settings' LIMIT 1 [ RunTime:0.000620s ]
[2026-05-27T08:43:47+08:00][sql] SELECT `option_value` FROM `cmf_option` WHERE  `option_name` = 'cdn_settings' LIMIT 1 [ RunTime:0.000431s ]
[2026-05-27T08:43:47+08:00][sql] SHOW FULL COLUMNS FROM `cmf_product_category` [ RunTime:0.001397s ]
[2026-05-27T08:43:47+08:00][sql] SELECT * FROM `cmf_product_category` WHERE  `parent_id` = 0 ORDER BY `list_order` ASC,`create_time` DESC [ RunTime:0.000428s ]
[2026-05-27T08:43:47+08:00][sql] SELECT * FROM `cmf_product_category` WHERE  `parent_id` IN (28,19,22,23,25,30,27) [ RunTime:0.000558s ]
[2026-05-27T08:43:47+08:00][sql] SHOW FULL COLUMNS FROM `cmf_portal_category` [ RunTime:0.001454s ]
[2026-05-27T08:43:47+08:00][sql] SELECT * FROM `cmf_portal_category` WHERE (  `type` = 8 ) AND `cmf_portal_category`.`delete_time` = '0' ORDER BY `list_order` ASC [ RunTime:0.000437s ]
[2026-05-27T08:43:47+08:00][sql] SHOW FULL COLUMNS FROM `cmf_product` [ RunTime:0.001506s ]
[2026-05-27T08:43:47+08:00][sql] SELECT COUNT(*) AS think_count FROM `cmf_product` WHERE  `category_id` = 28 LIMIT 1 [ RunTime:0.000411s ]
[2026-05-27T08:43:47+08:00][sql] SELECT COUNT(*) AS think_count FROM `cmf_product` WHERE  `category_id` = 19 LIMIT 1 [ RunTime:0.000245s ]
[2026-05-27T08:43:47+08:00][sql] SELECT COUNT(*) AS think_count FROM `cmf_product` WHERE  `category_id` = 22 LIMIT 1 [ RunTime:0.000254s ]
[2026-05-27T08:43:47+08:00][sql] SELECT COUNT(*) AS think_count FROM `cmf_product` WHERE  `category_id` = 23 LIMIT 1 [ RunTime:0.000256s ]
[2026-05-27T08:43:47+08:00][sql] SELECT COUNT(*) AS think_count FROM `cmf_product` WHERE  `category_id` = 25 LIMIT 1 [ RunTime:0.000267s ]
[2026-05-27T08:43:47+08:00][sql] SELECT COUNT(*) AS think_count FROM `cmf_product` WHERE  `category_id` = 30 LIMIT 1 [ RunTime:0.000262s ]
[2026-05-27T08:43:47+08:00][sql] SELECT COUNT(*) AS think_count FROM `cmf_product` WHERE  `category_id` = 27 LIMIT 1 [ RunTime:0.000237s ]
[2026-05-27T08:43:47+08:00][sql] SELECT COUNT(*) AS think_count FROM `cmf_product` LIMIT 1 [ RunTime:0.000234s ]
[2026-05-27T08:43:47+08:00][sql] SELECT `id`,`category_id`,`title`,`thumbnail`,`industry`,`overview` FROM `cmf_product` ORDER BY `list_order` ASC,`create_time` DESC LIMIT 0,12 [ RunTime:0.000785s ]
[2026-05-27T08:43:47+08:00][sql] SHOW FULL COLUMNS FROM `cmf_slide_item` [ RunTime:0.002161s ]
[2026-05-27T08:43:47+08:00][sql] SELECT `title`,`description`,`image` FROM `cmf_slide_item` WHERE  `slide_id` = 2  AND `status` = 1 ORDER BY `list_order` ASC,`id` DESC LIMIT 1 [ RunTime:0.000477s ]
[2026-05-27T08:43:47+08:00][sql] SELECT `option_value` FROM `cmf_option` WHERE  `option_name` = 'storage' LIMIT 1 [ RunTime:0.000439s ]
[2026-05-27T08:43:47+08:00][sql] SHOW FULL COLUMNS FROM `cmf_portal_post` [ RunTime:0.001257s ]
[2026-05-27T08:43:47+08:00][sql] SELECT `id`,`post_title`,`post_excerpt`,`more` FROM `cmf_portal_post` WHERE (  `post_type` = 3 ) AND `cmf_portal_post`.`delete_time` = '0' ORDER BY `create_time` DESC [ RunTime:0.000448s ]
[2026-05-27T08:43:47+08:00][sql] SHOW FULL COLUMNS FROM `cmf_theme_file` [ RunTime:0.001496s ]
[2026-05-27T08:43:47+08:00][sql] SELECT `more`,`file`,`id` FROM `cmf_theme_file` WHERE  `theme` = 'simpleboot3'  AND (  `is_public` = 1 OR `file` = 'portal/product' ) ORDER BY `is_public` DESC [ RunTime:0.000515s ]
[2026-05-27T08:45:47+08:00][sql] CONNECT:[ UseTime:0.001162s ] mysql:host=127.0.0.1;port=3306;dbname=nucleon;charset=utf8mb4
[2026-05-27T08:45:47+08:00][sql] SHOW FULL COLUMNS FROM `cmf_option` [ RunTime:0.001891s ]
[2026-05-27T08:45:47+08:00][sql] SELECT `option_value` FROM `cmf_option` WHERE  `option_name` = 'cdn_settings' LIMIT 1 [ RunTime:0.000405s ]
[2026-05-27T08:45:47+08:00][sql] SELECT `option_value` FROM `cmf_option` WHERE  `option_name` = 'cdn_settings' LIMIT 1 [ RunTime:0.000452s ]
[2026-05-27T08:45:47+08:00][sql] SHOW FULL COLUMNS FROM `cmf_product_category` [ RunTime:0.001198s ]
[2026-05-27T08:45:47+08:00][sql] SELECT * FROM `cmf_product_category` WHERE  `parent_id` = 0 ORDER BY `list_order` ASC,`create_time` DESC [ RunTime:0.000449s ]
[2026-05-27T08:45:47+08:00][sql] SELECT * FROM `cmf_product_category` WHERE  `parent_id` IN (28,19,22,23,25,30,27) [ RunTime:0.000381s ]
[2026-05-27T08:45:47+08:00][sql] SHOW FULL COLUMNS FROM `cmf_portal_category` [ RunTime:0.002049s ]
[2026-05-27T08:45:47+08:00][sql] SELECT * FROM `cmf_portal_category` WHERE (  `type` = 8 ) AND `cmf_portal_category`.`delete_time` = '0' ORDER BY `list_order` ASC [ RunTime:0.000439s ]
[2026-05-27T08:45:47+08:00][sql] SELECT * FROM `cmf_product_category` WHERE  `id` = 19 LIMIT 1 [ RunTime:0.000306s ]
[2026-05-27T08:45:47+08:00][sql] SHOW FULL COLUMNS FROM `cmf_product` [ RunTime:0.001285s ]
[2026-05-27T08:45:47+08:00][sql] SELECT COUNT(*) AS think_count FROM `cmf_product` WHERE  `category_id` = 28 LIMIT 1 [ RunTime:0.000585s ]
[2026-05-27T08:45:47+08:00][sql] SELECT COUNT(*) AS think_count FROM `cmf_product` WHERE  `category_id` = 19 LIMIT 1 [ RunTime:0.000336s ]
[2026-05-27T08:45:47+08:00][sql] SELECT COUNT(*) AS think_count FROM `cmf_product` WHERE  `category_id` = 22 LIMIT 1 [ RunTime:0.000298s ]
[2026-05-27T08:45:47+08:00][sql] SELECT COUNT(*) AS think_count FROM `cmf_product` WHERE  `category_id` = 23 LIMIT 1 [ RunTime:0.000279s ]
[2026-05-27T08:45:47+08:00][sql] SELECT COUNT(*) AS think_count FROM `cmf_product` WHERE  `category_id` = 25 LIMIT 1 [ RunTime:0.000240s ]
[2026-05-27T08:45:47+08:00][sql] SELECT COUNT(*) AS think_count FROM `cmf_product` WHERE  `category_id` = 30 LIMIT 1 [ RunTime:0.000237s ]
[2026-05-27T08:45:47+08:00][sql] SELECT COUNT(*) AS think_count FROM `cmf_product` WHERE  `category_id` = 27 LIMIT 1 [ RunTime:0.000229s ]
[2026-05-27T08:45:47+08:00][sql] SELECT COUNT(*) AS think_count FROM `cmf_product` WHERE  `category_id` = 19 LIMIT 1 [ RunTime:0.000234s ]
[2026-05-27T08:45:47+08:00][sql] SELECT `id`,`category_id`,`title`,`thumbnail`,`industry`,`overview` FROM `cmf_product` WHERE  `category_id` = 19 ORDER BY `list_order` ASC,`create_time` DESC LIMIT 0,12 [ RunTime:0.000516s ]
[2026-05-27T08:45:47+08:00][sql] SHOW FULL COLUMNS FROM `cmf_slide_item` [ RunTime:0.001181s ]
[2026-05-27T08:45:47+08:00][sql] SELECT `title`,`description`,`image` FROM `cmf_slide_item` WHERE  `slide_id` = 2  AND `status` = 1 ORDER BY `list_order` ASC,`id` DESC LIMIT 1 [ RunTime:0.000371s ]
[2026-05-27T08:45:47+08:00][sql] SELECT `option_value` FROM `cmf_option` WHERE  `option_name` = 'storage' LIMIT 1 [ RunTime:0.000219s ]
[2026-05-27T08:45:47+08:00][sql] SHOW FULL COLUMNS FROM `cmf_portal_post` [ RunTime:0.001189s ]
[2026-05-27T08:45:47+08:00][sql] SELECT `id`,`post_title`,`post_excerpt`,`more` FROM `cmf_portal_post` WHERE (  `post_type` = 3 ) AND `cmf_portal_post`.`delete_time` = '0' ORDER BY `create_time` DESC [ RunTime:0.000458s ]
[2026-05-27T08:45:47+08:00][sql] SHOW FULL COLUMNS FROM `cmf_theme_file` [ RunTime:0.001216s ]
[2026-05-27T08:45:47+08:00][sql] SELECT `more`,`file`,`id` FROM `cmf_theme_file` WHERE  `theme` = 'simpleboot3'  AND (  `is_public` = 1 OR `file` = 'portal/product' ) ORDER BY `is_public` DESC [ RunTime:0.000378s ]
[2026-05-27T08:45:49+08:00][sql] CONNECT:[ UseTime:0.000854s ] mysql:host=127.0.0.1;port=3306;dbname=nucleon;charset=utf8mb4
[2026-05-27T08:45:49+08:00][sql] SHOW FULL COLUMNS FROM `cmf_option` [ RunTime:0.002206s ]
[2026-05-27T08:45:49+08:00][sql] SELECT `option_value` FROM `cmf_option` WHERE  `option_name` = 'cdn_settings' LIMIT 1 [ RunTime:0.000300s ]
[2026-05-27T08:45:49+08:00][sql] SELECT `option_value` FROM `cmf_option` WHERE  `option_name` = 'cdn_settings' LIMIT 1 [ RunTime:0.000307s ]
[2026-05-27T08:45:49+08:00][sql] SHOW FULL COLUMNS FROM `cmf_product_category` [ RunTime:0.001089s ]
[2026-05-27T08:45:49+08:00][sql] SELECT * FROM `cmf_product_category` WHERE  `parent_id` = 0 ORDER BY `list_order` ASC,`create_time` DESC [ RunTime:0.000377s ]
[2026-05-27T08:45:49+08:00][sql] SELECT * FROM `cmf_product_category` WHERE  `parent_id` IN (28,19,22,23,25,30,27) [ RunTime:0.000467s ]
[2026-05-27T08:45:49+08:00][sql] SHOW FULL COLUMNS FROM `cmf_portal_category` [ RunTime:0.001343s ]
[2026-05-27T08:45:49+08:00][sql] SELECT * FROM `cmf_portal_category` WHERE (  `type` = 8 ) AND `cmf_portal_category`.`delete_time` = '0' ORDER BY `list_order` ASC [ RunTime:0.000654s ]
[2026-05-27T08:45:49+08:00][sql] SELECT * FROM `cmf_product_category` WHERE  `id` = 22 LIMIT 1 [ RunTime:0.000514s ]
[2026-05-27T08:45:49+08:00][sql] SHOW FULL COLUMNS FROM `cmf_product` [ RunTime:0.001967s ]
[2026-05-27T08:45:49+08:00][sql] SELECT COUNT(*) AS think_count FROM `cmf_product` WHERE  `category_id` = 28 LIMIT 1 [ RunTime:0.000466s ]
[2026-05-27T08:45:49+08:00][sql] SELECT COUNT(*) AS think_count FROM `cmf_product` WHERE  `category_id` = 19 LIMIT 1 [ RunTime:0.000494s ]
[2026-05-27T08:45:49+08:00][sql] SELECT COUNT(*) AS think_count FROM `cmf_product` WHERE  `category_id` = 22 LIMIT 1 [ RunTime:0.000358s ]
[2026-05-27T08:45:49+08:00][sql] SELECT COUNT(*) AS think_count FROM `cmf_product` WHERE  `category_id` = 23 LIMIT 1 [ RunTime:0.000299s ]
[2026-05-27T08:45:49+08:00][sql] SELECT COUNT(*) AS think_count FROM `cmf_product` WHERE  `category_id` = 25 LIMIT 1 [ RunTime:0.000342s ]
[2026-05-27T08:45:49+08:00][sql] SELECT COUNT(*) AS think_count FROM `cmf_product` WHERE  `category_id` = 30 LIMIT 1 [ RunTime:0.000282s ]
[2026-05-27T08:45:49+08:00][sql] SELECT COUNT(*) AS think_count FROM `cmf_product` WHERE  `category_id` = 27 LIMIT 1 [ RunTime:0.000356s ]
[2026-05-27T08:45:49+08:00][sql] SELECT COUNT(*) AS think_count FROM `cmf_product` WHERE  `category_id` = 22 LIMIT 1 [ RunTime:0.000472s ]
[2026-05-27T08:45:49+08:00][sql] SELECT `id`,`category_id`,`title`,`thumbnail`,`industry`,`overview` FROM `cmf_product` WHERE  `category_id` = 22 ORDER BY `list_order` ASC,`create_time` DESC LIMIT 0,12 [ RunTime:0.000751s ]
[2026-05-27T08:45:49+08:00][sql] SHOW FULL COLUMNS FROM `cmf_slide_item` [ RunTime:0.001684s ]
[2026-05-27T08:45:49+08:00][sql] SELECT `title`,`description`,`image` FROM `cmf_slide_item` WHERE  `slide_id` = 2  AND `status` = 1 ORDER BY `list_order` ASC,`id` DESC LIMIT 1 [ RunTime:0.000546s ]
[2026-05-27T08:45:49+08:00][sql] SELECT `option_value` FROM `cmf_option` WHERE  `option_name` = 'storage' LIMIT 1 [ RunTime:0.000344s ]
[2026-05-27T08:45:49+08:00][sql] SHOW FULL COLUMNS FROM `cmf_portal_post` [ RunTime:0.001409s ]
[2026-05-27T08:45:49+08:00][sql] SELECT `id`,`post_title`,`post_excerpt`,`more` FROM `cmf_portal_post` WHERE (  `post_type` = 3 ) AND `cmf_portal_post`.`delete_time` = '0' ORDER BY `create_time` DESC [ RunTime:0.000435s ]
[2026-05-27T08:45:49+08:00][sql] SHOW FULL COLUMNS FROM `cmf_theme_file` [ RunTime:0.001126s ]
[2026-05-27T08:45:49+08:00][sql] SELECT `more`,`file`,`id` FROM `cmf_theme_file` WHERE  `theme` = 'simpleboot3'  AND (  `is_public` = 1 OR `file` = 'portal/product' ) ORDER BY `is_public` DESC [ RunTime:0.000336s ]
[2026-05-27T08:45:50+08:00][sql] CONNECT:[ UseTime:0.001370s ] mysql:host=127.0.0.1;port=3306;dbname=nucleon;charset=utf8mb4
[2026-05-27T08:45:50+08:00][sql] SHOW FULL COLUMNS FROM `cmf_option` [ RunTime:0.001123s ]
[2026-05-27T08:45:50+08:00][sql] SELECT `option_value` FROM `cmf_option` WHERE  `option_name` = 'cdn_settings' LIMIT 1 [ RunTime:0.000206s ]
[2026-05-27T08:45:50+08:00][sql] SELECT `option_value` FROM `cmf_option` WHERE  `option_name` = 'cdn_settings' LIMIT 1 [ RunTime:0.000340s ]
[2026-05-27T08:45:50+08:00][sql] SHOW FULL COLUMNS FROM `cmf_product_category` [ RunTime:0.001350s ]
[2026-05-27T08:45:50+08:00][sql] SELECT * FROM `cmf_product_category` WHERE  `parent_id` = 0 ORDER BY `list_order` ASC,`create_time` DESC [ RunTime:0.000267s ]
[2026-05-27T08:45:50+08:00][sql] SELECT * FROM `cmf_product_category` WHERE  `parent_id` IN (28,19,22,23,25,30,27) [ RunTime:0.000291s ]
[2026-05-27T08:45:50+08:00][sql] SHOW FULL COLUMNS FROM `cmf_portal_category` [ RunTime:0.001037s ]
[2026-05-27T08:45:50+08:00][sql] SELECT * FROM `cmf_portal_category` WHERE (  `type` = 8 ) AND `cmf_portal_category`.`delete_time` = '0' ORDER BY `list_order` ASC [ RunTime:0.000328s ]
[2026-05-27T08:45:50+08:00][sql] SELECT * FROM `cmf_product_category` WHERE  `id` = 23 LIMIT 1 [ RunTime:0.000232s ]
[2026-05-27T08:45:50+08:00][sql] SHOW FULL COLUMNS FROM `cmf_product` [ RunTime:0.000898s ]
[2026-05-27T08:45:50+08:00][sql] SELECT COUNT(*) AS think_count FROM `cmf_product` WHERE  `category_id` = 28 LIMIT 1 [ RunTime:0.000240s ]
[2026-05-27T08:45:50+08:00][sql] SELECT COUNT(*) AS think_count FROM `cmf_product` WHERE  `category_id` = 19 LIMIT 1 [ RunTime:0.000200s ]
[2026-05-27T08:45:50+08:00][sql] SELECT COUNT(*) AS think_count FROM `cmf_product` WHERE  `category_id` = 22 LIMIT 1 [ RunTime:0.000179s ]
[2026-05-27T08:45:50+08:00][sql] SELECT COUNT(*) AS think_count FROM `cmf_product` WHERE  `category_id` = 23 LIMIT 1 [ RunTime:0.000178s ]
[2026-05-27T08:45:50+08:00][sql] SELECT COUNT(*) AS think_count FROM `cmf_product` WHERE  `category_id` = 25 LIMIT 1 [ RunTime:0.000168s ]
[2026-05-27T08:45:50+08:00][sql] SELECT COUNT(*) AS think_count FROM `cmf_product` WHERE  `category_id` = 30 LIMIT 1 [ RunTime:0.000172s ]
[2026-05-27T08:45:50+08:00][sql] SELECT COUNT(*) AS think_count FROM `cmf_product` WHERE  `category_id` = 27 LIMIT 1 [ RunTime:0.000167s ]
[2026-05-27T08:45:50+08:00][sql] SELECT COUNT(*) AS think_count FROM `cmf_product` WHERE  `category_id` = 23 LIMIT 1 [ RunTime:0.000171s ]
[2026-05-27T08:45:50+08:00][sql] SELECT `id`,`category_id`,`title`,`thumbnail`,`industry`,`overview` FROM `cmf_product` WHERE  `category_id` = 23 ORDER BY `list_order` ASC,`create_time` DESC LIMIT 0,12 [ RunTime:0.000274s ]
[2026-05-27T08:45:50+08:00][sql] SHOW FULL COLUMNS FROM `cmf_slide_item` [ RunTime:0.000795s ]
[2026-05-27T08:45:50+08:00][sql] SELECT `title`,`description`,`image` FROM `cmf_slide_item` WHERE  `slide_id` = 2  AND `status` = 1 ORDER BY `list_order` ASC,`id` DESC LIMIT 1 [ RunTime:0.000497s ]
[2026-05-27T08:45:50+08:00][sql] SELECT `option_value` FROM `cmf_option` WHERE  `option_name` = 'storage' LIMIT 1 [ RunTime:0.000260s ]
[2026-05-27T08:45:50+08:00][sql] SHOW FULL COLUMNS FROM `cmf_portal_post` [ RunTime:0.001472s ]
[2026-05-27T08:45:50+08:00][sql] SELECT `id`,`post_title`,`post_excerpt`,`more` FROM `cmf_portal_post` WHERE (  `post_type` = 3 ) AND `cmf_portal_post`.`delete_time` = '0' ORDER BY `create_time` DESC [ RunTime:0.000364s ]
[2026-05-27T08:45:50+08:00][sql] SHOW FULL COLUMNS FROM `cmf_theme_file` [ RunTime:0.000829s ]
[2026-05-27T08:45:50+08:00][sql] SELECT `more`,`file`,`id` FROM `cmf_theme_file` WHERE  `theme` = 'simpleboot3'  AND (  `is_public` = 1 OR `file` = 'portal/product' ) ORDER BY `is_public` DESC [ RunTime:0.000261s ]
[2026-05-27T08:45:51+08:00][sql] CONNECT:[ UseTime:0.001152s ] mysql:host=127.0.0.1;port=3306;dbname=nucleon;charset=utf8mb4
[2026-05-27T08:45:51+08:00][sql] SHOW FULL COLUMNS FROM `cmf_option` [ RunTime:0.002689s ]
[2026-05-27T08:45:51+08:00][sql] SELECT `option_value` FROM `cmf_option` WHERE  `option_name` = 'cdn_settings' LIMIT 1 [ RunTime:0.000660s ]
[2026-05-27T08:45:51+08:00][sql] SELECT `option_value` FROM `cmf_option` WHERE  `option_name` = 'cdn_settings' LIMIT 1 [ RunTime:0.000509s ]
[2026-05-27T08:45:51+08:00][sql] SHOW FULL COLUMNS FROM `cmf_product_category` [ RunTime:0.001331s ]
[2026-05-27T08:45:51+08:00][sql] SELECT * FROM `cmf_product_category` WHERE  `parent_id` = 0 ORDER BY `list_order` ASC,`create_time` DESC [ RunTime:0.000355s ]
[2026-05-27T08:45:51+08:00][sql] SELECT * FROM `cmf_product_category` WHERE  `parent_id` IN (28,19,22,23,25,30,27) [ RunTime:0.000509s ]
[2026-05-27T08:45:51+08:00][sql] SHOW FULL COLUMNS FROM `cmf_portal_category` [ RunTime:0.001303s ]
[2026-05-27T08:45:51+08:00][sql] SELECT * FROM `cmf_portal_category` WHERE (  `type` = 8 ) AND `cmf_portal_category`.`delete_time` = '0' ORDER BY `list_order` ASC [ RunTime:0.000647s ]
[2026-05-27T08:45:51+08:00][sql] SELECT * FROM `cmf_product_category` WHERE  `id` = 25 LIMIT 1 [ RunTime:0.000650s ]
[2026-05-27T08:45:51+08:00][sql] SHOW FULL COLUMNS FROM `cmf_product` [ RunTime:0.001622s ]
[2026-05-27T08:45:51+08:00][sql] SELECT COUNT(*) AS think_count FROM `cmf_product` WHERE  `category_id` = 28 LIMIT 1 [ RunTime:0.000366s ]
[2026-05-27T08:45:51+08:00][sql] SELECT COUNT(*) AS think_count FROM `cmf_product` WHERE  `category_id` = 19 LIMIT 1 [ RunTime:0.000268s ]
[2026-05-27T08:45:51+08:00][sql] SELECT COUNT(*) AS think_count FROM `cmf_product` WHERE  `category_id` = 22 LIMIT 1 [ RunTime:0.000277s ]
[2026-05-27T08:45:51+08:00][sql] SELECT COUNT(*) AS think_count FROM `cmf_product` WHERE  `category_id` = 23 LIMIT 1 [ RunTime:0.000268s ]
[2026-05-27T08:45:51+08:00][sql] SELECT COUNT(*) AS think_count FROM `cmf_product` WHERE  `category_id` = 25 LIMIT 1 [ RunTime:0.000258s ]
[2026-05-27T08:45:51+08:00][sql] SELECT COUNT(*) AS think_count FROM `cmf_product` WHERE  `category_id` = 30 LIMIT 1 [ RunTime:0.000241s ]
[2026-05-27T08:45:51+08:00][sql] SELECT COUNT(*) AS think_count FROM `cmf_product` WHERE  `category_id` = 27 LIMIT 1 [ RunTime:0.000262s ]
[2026-05-27T08:45:51+08:00][sql] SELECT COUNT(*) AS think_count FROM `cmf_product` WHERE  `category_id` = 25 LIMIT 1 [ RunTime:0.000256s ]
[2026-05-27T08:45:51+08:00][sql] SELECT `id`,`category_id`,`title`,`thumbnail`,`industry`,`overview` FROM `cmf_product` WHERE  `category_id` = 25 ORDER BY `list_order` ASC,`create_time` DESC LIMIT 0,12 [ RunTime:0.000400s ]
[2026-05-27T08:45:51+08:00][sql] SHOW FULL COLUMNS FROM `cmf_slide_item` [ RunTime:0.001197s ]
[2026-05-27T08:45:51+08:00][sql] SELECT `title`,`description`,`image` FROM `cmf_slide_item` WHERE  `slide_id` = 2  AND `status` = 1 ORDER BY `list_order` ASC,`id` DESC LIMIT 1 [ RunTime:0.000382s ]
[2026-05-27T08:45:51+08:00][sql] SELECT `option_value` FROM `cmf_option` WHERE  `option_name` = 'storage' LIMIT 1 [ RunTime:0.000242s ]
[2026-05-27T08:45:51+08:00][sql] SHOW FULL COLUMNS FROM `cmf_portal_post` [ RunTime:0.001277s ]
[2026-05-27T08:45:51+08:00][sql] SELECT `id`,`post_title`,`post_excerpt`,`more` FROM `cmf_portal_post` WHERE (  `post_type` = 3 ) AND `cmf_portal_post`.`delete_time` = '0' ORDER BY `create_time` DESC [ RunTime:0.000687s ]
[2026-05-27T08:45:51+08:00][sql] SHOW FULL COLUMNS FROM `cmf_theme_file` [ RunTime:0.001667s ]
[2026-05-27T08:45:51+08:00][sql] SELECT `more`,`file`,`id` FROM `cmf_theme_file` WHERE  `theme` = 'simpleboot3'  AND (  `is_public` = 1 OR `file` = 'portal/product' ) ORDER BY `is_public` DESC [ RunTime:0.000636s ]
[2026-05-27T08:45:51+08:00][sql] CONNECT:[ UseTime:0.000763s ] mysql:host=127.0.0.1;port=3306;dbname=nucleon;charset=utf8mb4
[2026-05-27T08:45:51+08:00][sql] SHOW FULL COLUMNS FROM `cmf_option` [ RunTime:0.001316s ]
[2026-05-27T08:45:51+08:00][sql] SELECT `option_value` FROM `cmf_option` WHERE  `option_name` = 'cdn_settings' LIMIT 1 [ RunTime:0.000279s ]
[2026-05-27T08:45:51+08:00][sql] SELECT `option_value` FROM `cmf_option` WHERE  `option_name` = 'cdn_settings' LIMIT 1 [ RunTime:0.000273s ]
[2026-05-27T08:45:51+08:00][sql] SHOW FULL COLUMNS FROM `cmf_product_category` [ RunTime:0.001094s ]
[2026-05-27T08:45:51+08:00][sql] SELECT * FROM `cmf_product_category` WHERE  `parent_id` = 0 ORDER BY `list_order` ASC,`create_time` DESC [ RunTime:0.000322s ]
[2026-05-27T08:45:51+08:00][sql] SELECT * FROM `cmf_product_category` WHERE  `parent_id` IN (28,19,22,23,25,30,27) [ RunTime:0.000308s ]
[2026-05-27T08:45:51+08:00][sql] SHOW FULL COLUMNS FROM `cmf_portal_category` [ RunTime:0.001801s ]
[2026-05-27T08:45:51+08:00][sql] SELECT * FROM `cmf_portal_category` WHERE (  `type` = 8 ) AND `cmf_portal_category`.`delete_time` = '0' ORDER BY `list_order` ASC [ RunTime:0.000516s ]
[2026-05-27T08:45:51+08:00][sql] SELECT * FROM `cmf_product_category` WHERE  `id` = 30 LIMIT 1 [ RunTime:0.000323s ]
[2026-05-27T08:45:51+08:00][sql] SHOW FULL COLUMNS FROM `cmf_product` [ RunTime:0.001139s ]
[2026-05-27T08:45:51+08:00][sql] SELECT COUNT(*) AS think_count FROM `cmf_product` WHERE  `category_id` = 28 LIMIT 1 [ RunTime:0.000335s ]
[2026-05-27T08:45:51+08:00][sql] SELECT COUNT(*) AS think_count FROM `cmf_product` WHERE  `category_id` = 19 LIMIT 1 [ RunTime:0.000256s ]
[2026-05-27T08:45:51+08:00][sql] SELECT COUNT(*) AS think_count FROM `cmf_product` WHERE  `category_id` = 22 LIMIT 1 [ RunTime:0.000244s ]
[2026-05-27T08:45:51+08:00][sql] SELECT COUNT(*) AS think_count FROM `cmf_product` WHERE  `category_id` = 23 LIMIT 1 [ RunTime:0.000261s ]
[2026-05-27T08:45:51+08:00][sql] SELECT COUNT(*) AS think_count FROM `cmf_product` WHERE  `category_id` = 25 LIMIT 1 [ RunTime:0.000311s ]
[2026-05-27T08:45:51+08:00][sql] SELECT COUNT(*) AS think_count FROM `cmf_product` WHERE  `category_id` = 30 LIMIT 1 [ RunTime:0.000247s ]
[2026-05-27T08:45:51+08:00][sql] SELECT COUNT(*) AS think_count FROM `cmf_product` WHERE  `category_id` = 27 LIMIT 1 [ RunTime:0.000253s ]
[2026-05-27T08:45:51+08:00][sql] SELECT COUNT(*) AS think_count FROM `cmf_product` WHERE  `category_id` = 30 LIMIT 1 [ RunTime:0.000237s ]
[2026-05-27T08:45:51+08:00][sql] SELECT `id`,`category_id`,`title`,`thumbnail`,`industry`,`overview` FROM `cmf_product` WHERE  `category_id` = 30 ORDER BY `list_order` ASC,`create_time` DESC LIMIT 0,12 [ RunTime:0.000337s ]
[2026-05-27T08:45:51+08:00][sql] SHOW FULL COLUMNS FROM `cmf_slide_item` [ RunTime:0.000981s ]
[2026-05-27T08:45:51+08:00][sql] SELECT `title`,`description`,`image` FROM `cmf_slide_item` WHERE  `slide_id` = 2  AND `status` = 1 ORDER BY `list_order` ASC,`id` DESC LIMIT 1 [ RunTime:0.000354s ]
[2026-05-27T08:45:51+08:00][sql] SELECT `option_value` FROM `cmf_option` WHERE  `option_name` = 'storage' LIMIT 1 [ RunTime:0.000234s ]
[2026-05-27T08:45:51+08:00][sql] SHOW FULL COLUMNS FROM `cmf_portal_post` [ RunTime:0.001259s ]
[2026-05-27T08:45:51+08:00][sql] SELECT `id`,`post_title`,`post_excerpt`,`more` FROM `cmf_portal_post` WHERE (  `post_type` = 3 ) AND `cmf_portal_post`.`delete_time` = '0' ORDER BY `create_time` DESC [ RunTime:0.000494s ]
[2026-05-27T08:45:51+08:00][sql] SHOW FULL COLUMNS FROM `cmf_theme_file` [ RunTime:0.001449s ]
[2026-05-27T08:45:51+08:00][sql] SELECT `more`,`file`,`id` FROM `cmf_theme_file` WHERE  `theme` = 'simpleboot3'  AND (  `is_public` = 1 OR `file` = 'portal/product' ) ORDER BY `is_public` DESC [ RunTime:0.000357s ]
[2026-05-27T08:45:52+08:00][sql] CONNECT:[ UseTime:0.000818s ] mysql:host=127.0.0.1;port=3306;dbname=nucleon;charset=utf8mb4
[2026-05-27T08:45:52+08:00][sql] SHOW FULL COLUMNS FROM `cmf_option` [ RunTime:0.001371s ]
[2026-05-27T08:45:52+08:00][sql] SELECT `option_value` FROM `cmf_option` WHERE  `option_name` = 'cdn_settings' LIMIT 1 [ RunTime:0.000273s ]
[2026-05-27T08:45:52+08:00][sql] SELECT `option_value` FROM `cmf_option` WHERE  `option_name` = 'cdn_settings' LIMIT 1 [ RunTime:0.000754s ]
[2026-05-27T08:45:52+08:00][sql] SHOW FULL COLUMNS FROM `cmf_product_category` [ RunTime:0.001610s ]
[2026-05-27T08:45:52+08:00][sql] SELECT * FROM `cmf_product_category` WHERE  `parent_id` = 0 ORDER BY `list_order` ASC,`create_time` DESC [ RunTime:0.000542s ]
[2026-05-27T08:45:52+08:00][sql] SELECT * FROM `cmf_product_category` WHERE  `parent_id` IN (28,19,22,23,25,30,27) [ RunTime:0.000594s ]
[2026-05-27T08:45:52+08:00][sql] SHOW FULL COLUMNS FROM `cmf_portal_category` [ RunTime:0.001575s ]
[2026-05-27T08:45:52+08:00][sql] SELECT * FROM `cmf_portal_category` WHERE (  `type` = 8 ) AND `cmf_portal_category`.`delete_time` = '0' ORDER BY `list_order` ASC [ RunTime:0.000569s ]
[2026-05-27T08:45:52+08:00][sql] SELECT * FROM `cmf_product_category` WHERE  `id` = 27 LIMIT 1 [ RunTime:0.000710s ]
[2026-05-27T08:45:52+08:00][sql] SHOW FULL COLUMNS FROM `cmf_product` [ RunTime:0.002324s ]
[2026-05-27T08:45:52+08:00][sql] SELECT COUNT(*) AS think_count FROM `cmf_product` WHERE  `category_id` = 28 LIMIT 1 [ RunTime:0.000376s ]
[2026-05-27T08:45:52+08:00][sql] SELECT COUNT(*) AS think_count FROM `cmf_product` WHERE  `category_id` = 19 LIMIT 1 [ RunTime:0.000300s ]
[2026-05-27T08:45:52+08:00][sql] SELECT COUNT(*) AS think_count FROM `cmf_product` WHERE  `category_id` = 22 LIMIT 1 [ RunTime:0.000244s ]
[2026-05-27T08:45:52+08:00][sql] SELECT COUNT(*) AS think_count FROM `cmf_product` WHERE  `category_id` = 23 LIMIT 1 [ RunTime:0.000253s ]
[2026-05-27T08:45:52+08:00][sql] SELECT COUNT(*) AS think_count FROM `cmf_product` WHERE  `category_id` = 25 LIMIT 1 [ RunTime:0.000256s ]
[2026-05-27T08:45:52+08:00][sql] SELECT COUNT(*) AS think_count FROM `cmf_product` WHERE  `category_id` = 30 LIMIT 1 [ RunTime:0.000288s ]
[2026-05-27T08:45:52+08:00][sql] SELECT COUNT(*) AS think_count FROM `cmf_product` WHERE  `category_id` = 27 LIMIT 1 [ RunTime:0.000238s ]
[2026-05-27T08:45:52+08:00][sql] SELECT COUNT(*) AS think_count FROM `cmf_product` WHERE  `category_id` = 27 LIMIT 1 [ RunTime:0.000253s ]
[2026-05-27T08:45:52+08:00][sql] SELECT `id`,`category_id`,`title`,`thumbnail`,`industry`,`overview` FROM `cmf_product` WHERE  `category_id` = 27 ORDER BY `list_order` ASC,`create_time` DESC LIMIT 0,12 [ RunTime:0.000446s ]
[2026-05-27T08:45:52+08:00][sql] SHOW FULL COLUMNS FROM `cmf_slide_item` [ RunTime:0.001326s ]
[2026-05-27T08:45:52+08:00][sql] SELECT `title`,`description`,`image` FROM `cmf_slide_item` WHERE  `slide_id` = 2  AND `status` = 1 ORDER BY `list_order` ASC,`id` DESC LIMIT 1 [ RunTime:0.000424s ]
[2026-05-27T08:45:52+08:00][sql] SELECT `option_value` FROM `cmf_option` WHERE  `option_name` = 'storage' LIMIT 1 [ RunTime:0.000419s ]
[2026-05-27T08:45:52+08:00][sql] SHOW FULL COLUMNS FROM `cmf_portal_post` [ RunTime:0.001671s ]
[2026-05-27T08:45:52+08:00][sql] SELECT `id`,`post_title`,`post_excerpt`,`more` FROM `cmf_portal_post` WHERE (  `post_type` = 3 ) AND `cmf_portal_post`.`delete_time` = '0' ORDER BY `create_time` DESC [ RunTime:0.000770s ]
[2026-05-27T08:45:52+08:00][sql] SHOW FULL COLUMNS FROM `cmf_theme_file` [ RunTime:0.001457s ]
[2026-05-27T08:45:52+08:00][sql] SELECT `more`,`file`,`id` FROM `cmf_theme_file` WHERE  `theme` = 'simpleboot3'  AND (  `is_public` = 1 OR `file` = 'portal/product' ) ORDER BY `is_public` DESC [ RunTime:0.000469s ]
[2026-05-27T08:46:38+08:00][sql] CONNECT:[ UseTime:0.000897s ] mysql:host=127.0.0.1;port=3306;dbname=nucleon;charset=utf8mb4
[2026-05-27T08:46:38+08:00][sql] SHOW FULL COLUMNS FROM `cmf_option` [ RunTime:0.001398s ]
[2026-05-27T08:46:38+08:00][sql] SELECT `option_value` FROM `cmf_option` WHERE  `option_name` = 'cdn_settings' LIMIT 1 [ RunTime:0.000272s ]
[2026-05-27T08:46:38+08:00][sql] SELECT `option_value` FROM `cmf_option` WHERE  `option_name` = 'cdn_settings' LIMIT 1 [ RunTime:0.000315s ]
[2026-05-27T08:46:38+08:00][sql] SHOW FULL COLUMNS FROM `cmf_product_category` [ RunTime:0.001111s ]
[2026-05-27T08:46:38+08:00][sql] SELECT * FROM `cmf_product_category` WHERE  `parent_id` = 0 ORDER BY `list_order` ASC,`create_time` DESC [ RunTime:0.000356s ]
[2026-05-27T08:46:38+08:00][sql] SELECT * FROM `cmf_product_category` WHERE  `parent_id` IN (28,19,22,23,25,30,27) [ RunTime:0.000353s ]
[2026-05-27T08:46:38+08:00][sql] SHOW FULL COLUMNS FROM `cmf_portal_category` [ RunTime:0.001285s ]
[2026-05-27T08:46:38+08:00][sql] SELECT * FROM `cmf_portal_category` WHERE (  `type` = 8 ) AND `cmf_portal_category`.`delete_time` = '0' ORDER BY `list_order` ASC [ RunTime:0.000374s ]
[2026-05-27T08:46:38+08:00][sql] SELECT * FROM `cmf_product_category` WHERE  `id` = 22 LIMIT 1 [ RunTime:0.000289s ]
[2026-05-27T08:46:38+08:00][sql] SHOW FULL COLUMNS FROM `cmf_product` [ RunTime:0.001479s ]
[2026-05-27T08:46:38+08:00][sql] SELECT COUNT(*) AS think_count FROM `cmf_product` WHERE  `category_id` = 28 LIMIT 1 [ RunTime:0.000305s ]
[2026-05-27T08:46:38+08:00][sql] SELECT COUNT(*) AS think_count FROM `cmf_product` WHERE  `category_id` = 19 LIMIT 1 [ RunTime:0.000246s ]
[2026-05-27T08:46:38+08:00][sql] SELECT COUNT(*) AS think_count FROM `cmf_product` WHERE  `category_id` = 22 LIMIT 1 [ RunTime:0.000238s ]
[2026-05-27T08:46:38+08:00][sql] SELECT COUNT(*) AS think_count FROM `cmf_product` WHERE  `category_id` = 23 LIMIT 1 [ RunTime:0.000219s ]
[2026-05-27T08:46:38+08:00][sql] SELECT COUNT(*) AS think_count FROM `cmf_product` WHERE  `category_id` = 25 LIMIT 1 [ RunTime:0.000342s ]
[2026-05-27T08:46:38+08:00][sql] SELECT COUNT(*) AS think_count FROM `cmf_product` WHERE  `category_id` = 30 LIMIT 1 [ RunTime:0.000270s ]
[2026-05-27T08:46:38+08:00][sql] SELECT COUNT(*) AS think_count FROM `cmf_product` WHERE  `category_id` = 27 LIMIT 1 [ RunTime:0.000285s ]
[2026-05-27T08:46:38+08:00][sql] SELECT COUNT(*) AS think_count FROM `cmf_product` WHERE  `category_id` = 22 LIMIT 1 [ RunTime:0.000252s ]
[2026-05-27T08:46:38+08:00][sql] SELECT `id`,`category_id`,`title`,`thumbnail`,`industry`,`overview` FROM `cmf_product` WHERE  `category_id` = 22 ORDER BY `list_order` ASC,`create_time` DESC LIMIT 0,12 [ RunTime:0.000402s ]
[2026-05-27T08:46:38+08:00][sql] SHOW FULL COLUMNS FROM `cmf_slide_item` [ RunTime:0.001085s ]
[2026-05-27T08:46:38+08:00][sql] SELECT `title`,`description`,`image` FROM `cmf_slide_item` WHERE  `slide_id` = 2  AND `status` = 1 ORDER BY `list_order` ASC,`id` DESC LIMIT 1 [ RunTime:0.000400s ]
[2026-05-27T08:46:38+08:00][sql] SELECT `option_value` FROM `cmf_option` WHERE  `option_name` = 'storage' LIMIT 1 [ RunTime:0.000250s ]
[2026-05-27T08:46:38+08:00][sql] SHOW FULL COLUMNS FROM `cmf_portal_post` [ RunTime:0.001223s ]
[2026-05-27T08:46:38+08:00][sql] SELECT `id`,`post_title`,`post_excerpt`,`more` FROM `cmf_portal_post` WHERE (  `post_type` = 3 ) AND `cmf_portal_post`.`delete_time` = '0' ORDER BY `create_time` DESC [ RunTime:0.000536s ]
[2026-05-27T08:46:38+08:00][sql] SHOW FULL COLUMNS FROM `cmf_theme_file` [ RunTime:0.001101s ]
[2026-05-27T08:46:38+08:00][sql] SELECT `more`,`file`,`id` FROM `cmf_theme_file` WHERE  `theme` = 'simpleboot3'  AND (  `is_public` = 1 OR `file` = 'portal/product' ) ORDER BY `is_public` DESC [ RunTime:0.000324s ]
[2026-05-27T08:46:39+08:00][sql] CONNECT:[ UseTime:0.000719s ] mysql:host=127.0.0.1;port=3306;dbname=nucleon;charset=utf8mb4
[2026-05-27T08:46:39+08:00][sql] SHOW FULL COLUMNS FROM `cmf_option` [ RunTime:0.001150s ]
[2026-05-27T08:46:39+08:00][sql] SELECT `option_value` FROM `cmf_option` WHERE  `option_name` = 'cdn_settings' LIMIT 1 [ RunTime:0.000235s ]
[2026-05-27T08:46:39+08:00][sql] SELECT `option_value` FROM `cmf_option` WHERE  `option_name` = 'cdn_settings' LIMIT 1 [ RunTime:0.000221s ]
[2026-05-27T08:46:39+08:00][sql] SHOW FULL COLUMNS FROM `cmf_product_category` [ RunTime:0.000831s ]
[2026-05-27T08:46:39+08:00][sql] SELECT * FROM `cmf_product_category` WHERE  `parent_id` = 0 ORDER BY `list_order` ASC,`create_time` DESC [ RunTime:0.000279s ]
[2026-05-27T08:46:39+08:00][sql] SELECT * FROM `cmf_product_category` WHERE  `parent_id` IN (28,19,22,23,25,30,27) [ RunTime:0.000353s ]
[2026-05-27T08:46:39+08:00][sql] SHOW FULL COLUMNS FROM `cmf_portal_category` [ RunTime:0.000918s ]
[2026-05-27T08:46:39+08:00][sql] SELECT * FROM `cmf_portal_category` WHERE (  `type` = 8 ) AND `cmf_portal_category`.`delete_time` = '0' ORDER BY `list_order` ASC [ RunTime:0.000291s ]
[2026-05-27T08:46:39+08:00][sql] SELECT * FROM `cmf_product_category` WHERE  `id` = 23 LIMIT 1 [ RunTime:0.000360s ]
[2026-05-27T08:46:39+08:00][sql] SHOW FULL COLUMNS FROM `cmf_product` [ RunTime:0.001227s ]
[2026-05-27T08:46:39+08:00][sql] SELECT COUNT(*) AS think_count FROM `cmf_product` WHERE  `category_id` = 28 LIMIT 1 [ RunTime:0.000285s ]
[2026-05-27T08:46:39+08:00][sql] SELECT COUNT(*) AS think_count FROM `cmf_product` WHERE  `category_id` = 19 LIMIT 1 [ RunTime:0.000215s ]
[2026-05-27T08:46:39+08:00][sql] SELECT COUNT(*) AS think_count FROM `cmf_product` WHERE  `category_id` = 22 LIMIT 1 [ RunTime:0.000203s ]
[2026-05-27T08:46:39+08:00][sql] SELECT COUNT(*) AS think_count FROM `cmf_product` WHERE  `category_id` = 23 LIMIT 1 [ RunTime:0.000194s ]
[2026-05-27T08:46:39+08:00][sql] SELECT COUNT(*) AS think_count FROM `cmf_product` WHERE  `category_id` = 25 LIMIT 1 [ RunTime:0.000247s ]
[2026-05-27T08:46:39+08:00][sql] SELECT COUNT(*) AS think_count FROM `cmf_product` WHERE  `category_id` = 30 LIMIT 1 [ RunTime:0.000202s ]
[2026-05-27T08:46:39+08:00][sql] SELECT COUNT(*) AS think_count FROM `cmf_product` WHERE  `category_id` = 27 LIMIT 1 [ RunTime:0.000192s ]
[2026-05-27T08:46:39+08:00][sql] SELECT COUNT(*) AS think_count FROM `cmf_product` WHERE  `category_id` = 23 LIMIT 1 [ RunTime:0.000197s ]
[2026-05-27T08:46:39+08:00][sql] SELECT `id`,`category_id`,`title`,`thumbnail`,`industry`,`overview` FROM `cmf_product` WHERE  `category_id` = 23 ORDER BY `list_order` ASC,`create_time` DESC LIMIT 0,12 [ RunTime:0.000335s ]
[2026-05-27T08:46:39+08:00][sql] SHOW FULL COLUMNS FROM `cmf_slide_item` [ RunTime:0.000832s ]
[2026-05-27T08:46:39+08:00][sql] SELECT `title`,`description`,`image` FROM `cmf_slide_item` WHERE  `slide_id` = 2  AND `status` = 1 ORDER BY `list_order` ASC,`id` DESC LIMIT 1 [ RunTime:0.000349s ]
[2026-05-27T08:46:39+08:00][sql] SELECT `option_value` FROM `cmf_option` WHERE  `option_name` = 'storage' LIMIT 1 [ RunTime:0.000400s ]
[2026-05-27T08:46:39+08:00][sql] SHOW FULL COLUMNS FROM `cmf_portal_post` [ RunTime:0.000943s ]
[2026-05-27T08:46:39+08:00][sql] SELECT `id`,`post_title`,`post_excerpt`,`more` FROM `cmf_portal_post` WHERE (  `post_type` = 3 ) AND `cmf_portal_post`.`delete_time` = '0' ORDER BY `create_time` DESC [ RunTime:0.000347s ]
[2026-05-27T08:46:39+08:00][sql] SHOW FULL COLUMNS FROM `cmf_theme_file` [ RunTime:0.000815s ]
[2026-05-27T08:46:39+08:00][sql] SELECT `more`,`file`,`id` FROM `cmf_theme_file` WHERE  `theme` = 'simpleboot3'  AND (  `is_public` = 1 OR `file` = 'portal/product' ) ORDER BY `is_public` DESC [ RunTime:0.000275s ]
[2026-05-27T08:46:40+08:00][sql] CONNECT:[ UseTime:0.000907s ] mysql:host=127.0.0.1;port=3306;dbname=nucleon;charset=utf8mb4
[2026-05-27T08:46:40+08:00][sql] SHOW FULL COLUMNS FROM `cmf_option` [ RunTime:0.001473s ]
[2026-05-27T08:46:40+08:00][sql] SELECT `option_value` FROM `cmf_option` WHERE  `option_name` = 'cdn_settings' LIMIT 1 [ RunTime:0.000328s ]
[2026-05-27T08:46:40+08:00][sql] SELECT `option_value` FROM `cmf_option` WHERE  `option_name` = 'cdn_settings' LIMIT 1 [ RunTime:0.000379s ]
[2026-05-27T08:46:40+08:00][sql] SHOW FULL COLUMNS FROM `cmf_product_category` [ RunTime:0.002117s ]
[2026-05-27T08:46:40+08:00][sql] SELECT * FROM `cmf_product_category` WHERE  `parent_id` = 0 ORDER BY `list_order` ASC,`create_time` DESC [ RunTime:0.000692s ]
[2026-05-27T08:46:40+08:00][sql] SELECT * FROM `cmf_product_category` WHERE  `parent_id` IN (28,19,22,23,25,30,27) [ RunTime:0.000571s ]
[2026-05-27T08:46:40+08:00][sql] SHOW FULL COLUMNS FROM `cmf_portal_category` [ RunTime:0.001704s ]
[2026-05-27T08:46:40+08:00][sql] SELECT * FROM `cmf_portal_category` WHERE (  `type` = 8 ) AND `cmf_portal_category`.`delete_time` = '0' ORDER BY `list_order` ASC [ RunTime:0.000375s ]
[2026-05-27T08:46:40+08:00][sql] SELECT * FROM `cmf_product_category` WHERE  `id` = 25 LIMIT 1 [ RunTime:0.000435s ]
[2026-05-27T08:46:40+08:00][sql] SHOW FULL COLUMNS FROM `cmf_product` [ RunTime:0.001226s ]
[2026-05-27T08:46:40+08:00][sql] SELECT COUNT(*) AS think_count FROM `cmf_product` WHERE  `category_id` = 28 LIMIT 1 [ RunTime:0.000297s ]
[2026-05-27T08:46:40+08:00][sql] SELECT COUNT(*) AS think_count FROM `cmf_product` WHERE  `category_id` = 19 LIMIT 1 [ RunTime:0.000305s ]
[2026-05-27T08:46:40+08:00][sql] SELECT COUNT(*) AS think_count FROM `cmf_product` WHERE  `category_id` = 22 LIMIT 1 [ RunTime:0.000342s ]
[2026-05-27T08:46:40+08:00][sql] SELECT COUNT(*) AS think_count FROM `cmf_product` WHERE  `category_id` = 23 LIMIT 1 [ RunTime:0.000338s ]
[2026-05-27T08:46:40+08:00][sql] SELECT COUNT(*) AS think_count FROM `cmf_product` WHERE  `category_id` = 25 LIMIT 1 [ RunTime:0.000278s ]
[2026-05-27T08:46:40+08:00][sql] SELECT COUNT(*) AS think_count FROM `cmf_product` WHERE  `category_id` = 30 LIMIT 1 [ RunTime:0.000311s ]
[2026-05-27T08:46:40+08:00][sql] SELECT COUNT(*) AS think_count FROM `cmf_product` WHERE  `category_id` = 27 LIMIT 1 [ RunTime:0.000297s ]
[2026-05-27T08:46:40+08:00][sql] SELECT COUNT(*) AS think_count FROM `cmf_product` WHERE  `category_id` = 25 LIMIT 1 [ RunTime:0.000424s ]
[2026-05-27T08:46:40+08:00][sql] SELECT `id`,`category_id`,`title`,`thumbnail`,`industry`,`overview` FROM `cmf_product` WHERE  `category_id` = 25 ORDER BY `list_order` ASC,`create_time` DESC LIMIT 0,12 [ RunTime:0.000565s ]
[2026-05-27T08:46:40+08:00][sql] SHOW FULL COLUMNS FROM `cmf_slide_item` [ RunTime:0.001173s ]
[2026-05-27T08:46:40+08:00][sql] SELECT `title`,`description`,`image` FROM `cmf_slide_item` WHERE  `slide_id` = 2  AND `status` = 1 ORDER BY `list_order` ASC,`id` DESC LIMIT 1 [ RunTime:0.000376s ]
[2026-05-27T08:46:40+08:00][sql] SELECT `option_value` FROM `cmf_option` WHERE  `option_name` = 'storage' LIMIT 1 [ RunTime:0.000269s ]
[2026-05-27T08:46:40+08:00][sql] SHOW FULL COLUMNS FROM `cmf_portal_post` [ RunTime:0.001395s ]
[2026-05-27T08:46:40+08:00][sql] SELECT `id`,`post_title`,`post_excerpt`,`more` FROM `cmf_portal_post` WHERE (  `post_type` = 3 ) AND `cmf_portal_post`.`delete_time` = '0' ORDER BY `create_time` DESC [ RunTime:0.000384s ]
[2026-05-27T08:46:40+08:00][sql] SHOW FULL COLUMNS FROM `cmf_theme_file` [ RunTime:0.001022s ]
[2026-05-27T08:46:40+08:00][sql] SELECT `more`,`file`,`id` FROM `cmf_theme_file` WHERE  `theme` = 'simpleboot3'  AND (  `is_public` = 1 OR `file` = 'portal/product' ) ORDER BY `is_public` DESC [ RunTime:0.000316s ]
[2026-05-27T08:46:41+08:00][sql] CONNECT:[ UseTime:0.000857s ] mysql:host=127.0.0.1;port=3306;dbname=nucleon;charset=utf8mb4
[2026-05-27T08:46:41+08:00][sql] SHOW FULL COLUMNS FROM `cmf_option` [ RunTime:0.001321s ]
[2026-05-27T08:46:41+08:00][sql] SELECT `option_value` FROM `cmf_option` WHERE  `option_name` = 'cdn_settings' LIMIT 1 [ RunTime:0.000368s ]
[2026-05-27T08:46:41+08:00][sql] SELECT `option_value` FROM `cmf_option` WHERE  `option_name` = 'cdn_settings' LIMIT 1 [ RunTime:0.000448s ]
[2026-05-27T08:46:41+08:00][sql] SHOW FULL COLUMNS FROM `cmf_product_category` [ RunTime:0.001200s ]
[2026-05-27T08:46:41+08:00][sql] SELECT * FROM `cmf_product_category` WHERE  `parent_id` = 0 ORDER BY `list_order` ASC,`create_time` DESC [ RunTime:0.000357s ]
[2026-05-27T08:46:41+08:00][sql] SELECT * FROM `cmf_product_category` WHERE  `parent_id` IN (28,19,22,23,25,30,27) [ RunTime:0.000320s ]
[2026-05-27T08:46:41+08:00][sql] SHOW FULL COLUMNS FROM `cmf_portal_category` [ RunTime:0.001165s ]
[2026-05-27T08:46:41+08:00][sql] SELECT * FROM `cmf_portal_category` WHERE (  `type` = 8 ) AND `cmf_portal_category`.`delete_time` = '0' ORDER BY `list_order` ASC [ RunTime:0.000319s ]
[2026-05-27T08:46:41+08:00][sql] SELECT * FROM `cmf_product_category` WHERE  `id` = 19 LIMIT 1 [ RunTime:0.000315s ]
[2026-05-27T08:46:41+08:00][sql] SHOW FULL COLUMNS FROM `cmf_product` [ RunTime:0.001166s ]
[2026-05-27T08:46:41+08:00][sql] SELECT COUNT(*) AS think_count FROM `cmf_product` WHERE  `category_id` = 28 LIMIT 1 [ RunTime:0.000366s ]
[2026-05-27T08:46:41+08:00][sql] SELECT COUNT(*) AS think_count FROM `cmf_product` WHERE  `category_id` = 19 LIMIT 1 [ RunTime:0.000320s ]
[2026-05-27T08:46:41+08:00][sql] SELECT COUNT(*) AS think_count FROM `cmf_product` WHERE  `category_id` = 22 LIMIT 1 [ RunTime:0.000287s ]
[2026-05-27T08:46:41+08:00][sql] SELECT COUNT(*) AS think_count FROM `cmf_product` WHERE  `category_id` = 23 LIMIT 1 [ RunTime:0.000271s ]
[2026-05-27T08:46:41+08:00][sql] SELECT COUNT(*) AS think_count FROM `cmf_product` WHERE  `category_id` = 25 LIMIT 1 [ RunTime:0.000284s ]
[2026-05-27T08:46:41+08:00][sql] SELECT COUNT(*) AS think_count FROM `cmf_product` WHERE  `category_id` = 30 LIMIT 1 [ RunTime:0.000278s ]
[2026-05-27T08:46:41+08:00][sql] SELECT COUNT(*) AS think_count FROM `cmf_product` WHERE  `category_id` = 27 LIMIT 1 [ RunTime:0.000245s ]
[2026-05-27T08:46:41+08:00][sql] SELECT COUNT(*) AS think_count FROM `cmf_product` WHERE  `category_id` = 19 LIMIT 1 [ RunTime:0.000265s ]
[2026-05-27T08:46:41+08:00][sql] SELECT `id`,`category_id`,`title`,`thumbnail`,`industry`,`overview` FROM `cmf_product` WHERE  `category_id` = 19 ORDER BY `list_order` ASC,`create_time` DESC LIMIT 0,12 [ RunTime:0.001822s ]
[2026-05-27T08:46:41+08:00][sql] SHOW FULL COLUMNS FROM `cmf_slide_item` [ RunTime:0.001356s ]
[2026-05-27T08:46:41+08:00][sql] SELECT `title`,`description`,`image` FROM `cmf_slide_item` WHERE  `slide_id` = 2  AND `status` = 1 ORDER BY `list_order` ASC,`id` DESC LIMIT 1 [ RunTime:0.000425s ]
[2026-05-27T08:46:41+08:00][sql] SELECT `option_value` FROM `cmf_option` WHERE  `option_name` = 'storage' LIMIT 1 [ RunTime:0.000295s ]
[2026-05-27T08:46:41+08:00][sql] SHOW FULL COLUMNS FROM `cmf_portal_post` [ RunTime:0.001448s ]
[2026-05-27T08:46:41+08:00][sql] SELECT `id`,`post_title`,`post_excerpt`,`more` FROM `cmf_portal_post` WHERE (  `post_type` = 3 ) AND `cmf_portal_post`.`delete_time` = '0' ORDER BY `create_time` DESC [ RunTime:0.000577s ]
[2026-05-27T08:46:41+08:00][sql] SHOW FULL COLUMNS FROM `cmf_theme_file` [ RunTime:0.001010s ]
[2026-05-27T08:46:41+08:00][sql] SELECT `more`,`file`,`id` FROM `cmf_theme_file` WHERE  `theme` = 'simpleboot3'  AND (  `is_public` = 1 OR `file` = 'portal/product' ) ORDER BY `is_public` DESC [ RunTime:0.000339s ]
[2026-05-27T08:46:41+08:00][sql] CONNECT:[ UseTime:0.000824s ] mysql:host=127.0.0.1;port=3306;dbname=nucleon;charset=utf8mb4
[2026-05-27T08:46:41+08:00][sql] SHOW FULL COLUMNS FROM `cmf_option` [ RunTime:0.001380s ]
[2026-05-27T08:46:41+08:00][sql] SELECT `option_value` FROM `cmf_option` WHERE  `option_name` = 'cdn_settings' LIMIT 1 [ RunTime:0.000280s ]
[2026-05-27T08:46:41+08:00][sql] SELECT `option_value` FROM `cmf_option` WHERE  `option_name` = 'cdn_settings' LIMIT 1 [ RunTime:0.000606s ]
[2026-05-27T08:46:41+08:00][sql] SHOW FULL COLUMNS FROM `cmf_product_category` [ RunTime:0.001239s ]
[2026-05-27T08:46:41+08:00][sql] SELECT * FROM `cmf_product_category` WHERE  `parent_id` = 0 ORDER BY `list_order` ASC,`create_time` DESC [ RunTime:0.000363s ]
[2026-05-27T08:46:41+08:00][sql] SELECT * FROM `cmf_product_category` WHERE  `parent_id` IN (28,19,22,23,25,30,27) [ RunTime:0.000301s ]
[2026-05-27T08:46:41+08:00][sql] SHOW FULL COLUMNS FROM `cmf_portal_category` [ RunTime:0.001124s ]
[2026-05-27T08:46:41+08:00][sql] SELECT * FROM `cmf_portal_category` WHERE (  `type` = 8 ) AND `cmf_portal_category`.`delete_time` = '0' ORDER BY `list_order` ASC [ RunTime:0.000321s ]
[2026-05-27T08:46:41+08:00][sql] SELECT * FROM `cmf_product_category` WHERE  `id` = 28 LIMIT 1 [ RunTime:0.000329s ]
[2026-05-27T08:46:41+08:00][sql] SHOW FULL COLUMNS FROM `cmf_product` [ RunTime:0.001254s ]
[2026-05-27T08:46:41+08:00][sql] SELECT COUNT(*) AS think_count FROM `cmf_product` WHERE  `category_id` = 28 LIMIT 1 [ RunTime:0.000393s ]
[2026-05-27T08:46:41+08:00][sql] SELECT COUNT(*) AS think_count FROM `cmf_product` WHERE  `category_id` = 19 LIMIT 1 [ RunTime:0.000266s ]
[2026-05-27T08:46:41+08:00][sql] SELECT COUNT(*) AS think_count FROM `cmf_product` WHERE  `category_id` = 22 LIMIT 1 [ RunTime:0.000254s ]
[2026-05-27T08:46:41+08:00][sql] SELECT COUNT(*) AS think_count FROM `cmf_product` WHERE  `category_id` = 23 LIMIT 1 [ RunTime:0.000238s ]
[2026-05-27T08:46:41+08:00][sql] SELECT COUNT(*) AS think_count FROM `cmf_product` WHERE  `category_id` = 25 LIMIT 1 [ RunTime:0.000232s ]
[2026-05-27T08:46:41+08:00][sql] SELECT COUNT(*) AS think_count FROM `cmf_product` WHERE  `category_id` = 30 LIMIT 1 [ RunTime:0.000244s ]
[2026-05-27T08:46:41+08:00][sql] SELECT COUNT(*) AS think_count FROM `cmf_product` WHERE  `category_id` = 27 LIMIT 1 [ RunTime:0.000215s ]
[2026-05-27T08:46:41+08:00][sql] SELECT COUNT(*) AS think_count FROM `cmf_product` WHERE  `category_id` = 28 LIMIT 1 [ RunTime:0.000303s ]
[2026-05-27T08:46:41+08:00][sql] SELECT `id`,`category_id`,`title`,`thumbnail`,`industry`,`overview` FROM `cmf_product` WHERE  `category_id` = 28 ORDER BY `list_order` ASC,`create_time` DESC LIMIT 0,12 [ RunTime:0.001320s ]
[2026-05-27T08:46:41+08:00][sql] SHOW FULL COLUMNS FROM `cmf_slide_item` [ RunTime:0.001444s ]
[2026-05-27T08:46:41+08:00][sql] SELECT `title`,`description`,`image` FROM `cmf_slide_item` WHERE  `slide_id` = 2  AND `status` = 1 ORDER BY `list_order` ASC,`id` DESC LIMIT 1 [ RunTime:0.000464s ]
[2026-05-27T08:46:41+08:00][sql] SELECT `option_value` FROM `cmf_option` WHERE  `option_name` = 'storage' LIMIT 1 [ RunTime:0.000284s ]
[2026-05-27T08:46:41+08:00][sql] SHOW FULL COLUMNS FROM `cmf_portal_post` [ RunTime:0.001629s ]
[2026-05-27T08:46:41+08:00][sql] SELECT `id`,`post_title`,`post_excerpt`,`more` FROM `cmf_portal_post` WHERE (  `post_type` = 3 ) AND `cmf_portal_post`.`delete_time` = '0' ORDER BY `create_time` DESC [ RunTime:0.000598s ]
[2026-05-27T08:46:41+08:00][sql] SHOW FULL COLUMNS FROM `cmf_theme_file` [ RunTime:0.001098s ]
[2026-05-27T08:46:41+08:00][sql] SELECT `more`,`file`,`id` FROM `cmf_theme_file` WHERE  `theme` = 'simpleboot3'  AND (  `is_public` = 1 OR `file` = 'portal/product' ) ORDER BY `is_public` DESC [ RunTime:0.000330s ]
[2026-05-27T08:46:42+08:00][sql] CONNECT:[ UseTime:0.001432s ] mysql:host=127.0.0.1;port=3306;dbname=nucleon;charset=utf8mb4
[2026-05-27T08:46:42+08:00][sql] SHOW FULL COLUMNS FROM `cmf_option` [ RunTime:0.001363s ]
[2026-05-27T08:46:42+08:00][sql] SELECT `option_value` FROM `cmf_option` WHERE  `option_name` = 'cdn_settings' LIMIT 1 [ RunTime:0.000274s ]
[2026-05-27T08:46:42+08:00][sql] SELECT `option_value` FROM `cmf_option` WHERE  `option_name` = 'cdn_settings' LIMIT 1 [ RunTime:0.000386s ]
[2026-05-27T08:46:42+08:00][sql] SHOW FULL COLUMNS FROM `cmf_product_category` [ RunTime:0.001141s ]
[2026-05-27T08:46:42+08:00][sql] SELECT * FROM `cmf_product_category` WHERE  `parent_id` = 0 ORDER BY `list_order` ASC,`create_time` DESC [ RunTime:0.000347s ]
[2026-05-27T08:46:42+08:00][sql] SELECT * FROM `cmf_product_category` WHERE  `parent_id` IN (28,19,22,23,25,30,27) [ RunTime:0.000339s ]
[2026-05-27T08:46:42+08:00][sql] SHOW FULL COLUMNS FROM `cmf_portal_category` [ RunTime:0.001096s ]
[2026-05-27T08:46:42+08:00][sql] SELECT * FROM `cmf_portal_category` WHERE (  `type` = 8 ) AND `cmf_portal_category`.`delete_time` = '0' ORDER BY `list_order` ASC [ RunTime:0.000324s ]
[2026-05-27T08:46:42+08:00][sql] SELECT * FROM `cmf_product_category` WHERE  `id` = 22 LIMIT 1 [ RunTime:0.000304s ]
[2026-05-27T08:46:42+08:00][sql] SHOW FULL COLUMNS FROM `cmf_product` [ RunTime:0.001268s ]
[2026-05-27T08:46:42+08:00][sql] SELECT COUNT(*) AS think_count FROM `cmf_product` WHERE  `category_id` = 28 LIMIT 1 [ RunTime:0.000350s ]
[2026-05-27T08:46:42+08:00][sql] SELECT COUNT(*) AS think_count FROM `cmf_product` WHERE  `category_id` = 19 LIMIT 1 [ RunTime:0.000268s ]
[2026-05-27T08:46:42+08:00][sql] SELECT COUNT(*) AS think_count FROM `cmf_product` WHERE  `category_id` = 22 LIMIT 1 [ RunTime:0.000260s ]
[2026-05-27T08:46:42+08:00][sql] SELECT COUNT(*) AS think_count FROM `cmf_product` WHERE  `category_id` = 23 LIMIT 1 [ RunTime:0.000227s ]
[2026-05-27T08:46:42+08:00][sql] SELECT COUNT(*) AS think_count FROM `cmf_product` WHERE  `category_id` = 25 LIMIT 1 [ RunTime:0.000256s ]
[2026-05-27T08:46:42+08:00][sql] SELECT COUNT(*) AS think_count FROM `cmf_product` WHERE  `category_id` = 30 LIMIT 1 [ RunTime:0.000236s ]
[2026-05-27T08:46:42+08:00][sql] SELECT COUNT(*) AS think_count FROM `cmf_product` WHERE  `category_id` = 27 LIMIT 1 [ RunTime:0.000282s ]
[2026-05-27T08:46:42+08:00][sql] SELECT COUNT(*) AS think_count FROM `cmf_product` WHERE  `category_id` = 22 LIMIT 1 [ RunTime:0.000287s ]
[2026-05-27T08:46:42+08:00][sql] SELECT `id`,`category_id`,`title`,`thumbnail`,`industry`,`overview` FROM `cmf_product` WHERE  `category_id` = 22 ORDER BY `list_order` ASC,`create_time` DESC LIMIT 0,12 [ RunTime:0.000764s ]
[2026-05-27T08:46:42+08:00][sql] SHOW FULL COLUMNS FROM `cmf_slide_item` [ RunTime:0.001155s ]
[2026-05-27T08:46:42+08:00][sql] SELECT `title`,`description`,`image` FROM `cmf_slide_item` WHERE  `slide_id` = 2  AND `status` = 1 ORDER BY `list_order` ASC,`id` DESC LIMIT 1 [ RunTime:0.000512s ]
[2026-05-27T08:46:42+08:00][sql] SELECT `option_value` FROM `cmf_option` WHERE  `option_name` = 'storage' LIMIT 1 [ RunTime:0.000279s ]
[2026-05-27T08:46:42+08:00][sql] SHOW FULL COLUMNS FROM `cmf_portal_post` [ RunTime:0.001244s ]
[2026-05-27T08:46:42+08:00][sql] SELECT `id`,`post_title`,`post_excerpt`,`more` FROM `cmf_portal_post` WHERE (  `post_type` = 3 ) AND `cmf_portal_post`.`delete_time` = '0' ORDER BY `create_time` DESC [ RunTime:0.000381s ]
[2026-05-27T08:46:42+08:00][sql] SHOW FULL COLUMNS FROM `cmf_theme_file` [ RunTime:0.000923s ]
[2026-05-27T08:46:42+08:00][sql] SELECT `more`,`file`,`id` FROM `cmf_theme_file` WHERE  `theme` = 'simpleboot3'  AND (  `is_public` = 1 OR `file` = 'portal/product' ) ORDER BY `is_public` DESC [ RunTime:0.000322s ]
[2026-05-27T08:46:43+08:00][sql] CONNECT:[ UseTime:0.000719s ] mysql:host=127.0.0.1;port=3306;dbname=nucleon;charset=utf8mb4
[2026-05-27T08:46:43+08:00][sql] SHOW FULL COLUMNS FROM `cmf_option` [ RunTime:0.001169s ]
[2026-05-27T08:46:43+08:00][sql] SELECT `option_value` FROM `cmf_option` WHERE  `option_name` = 'cdn_settings' LIMIT 1 [ RunTime:0.000267s ]
[2026-05-27T08:46:43+08:00][sql] SELECT `option_value` FROM `cmf_option` WHERE  `option_name` = 'cdn_settings' LIMIT 1 [ RunTime:0.000223s ]
[2026-05-27T08:46:43+08:00][sql] SHOW FULL COLUMNS FROM `cmf_product_category` [ RunTime:0.000924s ]
[2026-05-27T08:46:43+08:00][sql] SELECT * FROM `cmf_product_category` WHERE  `parent_id` = 0 ORDER BY `list_order` ASC,`create_time` DESC [ RunTime:0.000310s ]
[2026-05-27T08:46:43+08:00][sql] SELECT * FROM `cmf_product_category` WHERE  `parent_id` IN (28,19,22,23,25,30,27) [ RunTime:0.000284s ]
[2026-05-27T08:46:43+08:00][sql] SHOW FULL COLUMNS FROM `cmf_portal_category` [ RunTime:0.000824s ]
[2026-05-27T08:46:43+08:00][sql] SELECT * FROM `cmf_portal_category` WHERE (  `type` = 8 ) AND `cmf_portal_category`.`delete_time` = '0' ORDER BY `list_order` ASC [ RunTime:0.000263s ]
[2026-05-27T08:46:43+08:00][sql] SELECT * FROM `cmf_product_category` WHERE  `id` = 23 LIMIT 1 [ RunTime:0.000326s ]
[2026-05-27T08:46:43+08:00][sql] SHOW FULL COLUMNS FROM `cmf_product` [ RunTime:0.002369s ]
[2026-05-27T08:46:43+08:00][sql] SELECT COUNT(*) AS think_count FROM `cmf_product` WHERE  `category_id` = 28 LIMIT 1 [ RunTime:0.000547s ]
[2026-05-27T08:46:43+08:00][sql] SELECT COUNT(*) AS think_count FROM `cmf_product` WHERE  `category_id` = 19 LIMIT 1 [ RunTime:0.000322s ]
[2026-05-27T08:46:43+08:00][sql] SELECT COUNT(*) AS think_count FROM `cmf_product` WHERE  `category_id` = 22 LIMIT 1 [ RunTime:0.000391s ]
[2026-05-27T08:46:43+08:00][sql] SELECT COUNT(*) AS think_count FROM `cmf_product` WHERE  `category_id` = 23 LIMIT 1 [ RunTime:0.000378s ]
[2026-05-27T08:46:43+08:00][sql] SELECT COUNT(*) AS think_count FROM `cmf_product` WHERE  `category_id` = 25 LIMIT 1 [ RunTime:0.000486s ]
[2026-05-27T08:46:43+08:00][sql] SELECT COUNT(*) AS think_count FROM `cmf_product` WHERE  `category_id` = 30 LIMIT 1 [ RunTime:0.000391s ]
[2026-05-27T08:46:43+08:00][sql] SELECT COUNT(*) AS think_count FROM `cmf_product` WHERE  `category_id` = 27 LIMIT 1 [ RunTime:0.000248s ]
[2026-05-27T08:46:43+08:00][sql] SELECT COUNT(*) AS think_count FROM `cmf_product` WHERE  `category_id` = 23 LIMIT 1 [ RunTime:0.000237s ]
[2026-05-27T08:46:43+08:00][sql] SELECT `id`,`category_id`,`title`,`thumbnail`,`industry`,`overview` FROM `cmf_product` WHERE  `category_id` = 23 ORDER BY `list_order` ASC,`create_time` DESC LIMIT 0,12 [ RunTime:0.000345s ]
[2026-05-27T08:46:43+08:00][sql] SHOW FULL COLUMNS FROM `cmf_slide_item` [ RunTime:0.000868s ]
[2026-05-27T08:46:43+08:00][sql] SELECT `title`,`description`,`image` FROM `cmf_slide_item` WHERE  `slide_id` = 2  AND `status` = 1 ORDER BY `list_order` ASC,`id` DESC LIMIT 1 [ RunTime:0.000284s ]
[2026-05-27T08:46:43+08:00][sql] SELECT `option_value` FROM `cmf_option` WHERE  `option_name` = 'storage' LIMIT 1 [ RunTime:0.000195s ]
[2026-05-27T08:46:43+08:00][sql] SHOW FULL COLUMNS FROM `cmf_portal_post` [ RunTime:0.000860s ]
[2026-05-27T08:46:43+08:00][sql] SELECT `id`,`post_title`,`post_excerpt`,`more` FROM `cmf_portal_post` WHERE (  `post_type` = 3 ) AND `cmf_portal_post`.`delete_time` = '0' ORDER BY `create_time` DESC [ RunTime:0.000334s ]
[2026-05-27T08:46:43+08:00][sql] SHOW FULL COLUMNS FROM `cmf_theme_file` [ RunTime:0.000745s ]
[2026-05-27T08:46:43+08:00][sql] SELECT `more`,`file`,`id` FROM `cmf_theme_file` WHERE  `theme` = 'simpleboot3'  AND (  `is_public` = 1 OR `file` = 'portal/product' ) ORDER BY `is_public` DESC [ RunTime:0.000254s ]
[2026-05-27T08:46:44+08:00][sql] CONNECT:[ UseTime:0.000919s ] mysql:host=127.0.0.1;port=3306;dbname=nucleon;charset=utf8mb4
[2026-05-27T08:46:44+08:00][sql] SHOW FULL COLUMNS FROM `cmf_option` [ RunTime:0.001168s ]
[2026-05-27T08:46:44+08:00][sql] SELECT `option_value` FROM `cmf_option` WHERE  `option_name` = 'cdn_settings' LIMIT 1 [ RunTime:0.000347s ]
[2026-05-27T08:46:44+08:00][sql] SELECT `option_value` FROM `cmf_option` WHERE  `option_name` = 'cdn_settings' LIMIT 1 [ RunTime:0.000214s ]
[2026-05-27T08:46:44+08:00][sql] SHOW FULL COLUMNS FROM `cmf_product_category` [ RunTime:0.000840s ]
[2026-05-27T08:46:44+08:00][sql] SELECT * FROM `cmf_product_category` WHERE  `parent_id` = 0 ORDER BY `list_order` ASC,`create_time` DESC [ RunTime:0.000374s ]
[2026-05-27T08:46:44+08:00][sql] SELECT * FROM `cmf_product_category` WHERE  `parent_id` IN (28,19,22,23,25,30,27) [ RunTime:0.000269s ]
[2026-05-27T08:46:44+08:00][sql] SHOW FULL COLUMNS FROM `cmf_portal_category` [ RunTime:0.000815s ]
[2026-05-27T08:46:44+08:00][sql] SELECT * FROM `cmf_portal_category` WHERE (  `type` = 8 ) AND `cmf_portal_category`.`delete_time` = '0' ORDER BY `list_order` ASC [ RunTime:0.000357s ]
[2026-05-27T08:46:44+08:00][sql] SELECT * FROM `cmf_product_category` WHERE  `id` = 25 LIMIT 1 [ RunTime:0.000395s ]
[2026-05-27T08:46:44+08:00][sql] SHOW FULL COLUMNS FROM `cmf_product` [ RunTime:0.001687s ]
[2026-05-27T08:46:44+08:00][sql] SELECT COUNT(*) AS think_count FROM `cmf_product` WHERE  `category_id` = 28 LIMIT 1 [ RunTime:0.000412s ]
[2026-05-27T08:46:44+08:00][sql] SELECT COUNT(*) AS think_count FROM `cmf_product` WHERE  `category_id` = 19 LIMIT 1 [ RunTime:0.000218s ]
[2026-05-27T08:46:44+08:00][sql] SELECT COUNT(*) AS think_count FROM `cmf_product` WHERE  `category_id` = 22 LIMIT 1 [ RunTime:0.000186s ]
[2026-05-27T08:46:44+08:00][sql] SELECT COUNT(*) AS think_count FROM `cmf_product` WHERE  `category_id` = 23 LIMIT 1 [ RunTime:0.000178s ]
[2026-05-27T08:46:44+08:00][sql] SELECT COUNT(*) AS think_count FROM `cmf_product` WHERE  `category_id` = 25 LIMIT 1 [ RunTime:0.000179s ]
[2026-05-27T08:46:44+08:00][sql] SELECT COUNT(*) AS think_count FROM `cmf_product` WHERE  `category_id` = 30 LIMIT 1 [ RunTime:0.000184s ]
[2026-05-27T08:46:44+08:00][sql] SELECT COUNT(*) AS think_count FROM `cmf_product` WHERE  `category_id` = 27 LIMIT 1 [ RunTime:0.000172s ]
[2026-05-27T08:46:44+08:00][sql] SELECT COUNT(*) AS think_count FROM `cmf_product` WHERE  `category_id` = 25 LIMIT 1 [ RunTime:0.000175s ]
[2026-05-27T08:46:44+08:00][sql] SELECT `id`,`category_id`,`title`,`thumbnail`,`industry`,`overview` FROM `cmf_product` WHERE  `category_id` = 25 ORDER BY `list_order` ASC,`create_time` DESC LIMIT 0,12 [ RunTime:0.000302s ]
[2026-05-27T08:46:44+08:00][sql] SHOW FULL COLUMNS FROM `cmf_slide_item` [ RunTime:0.000863s ]
[2026-05-27T08:46:44+08:00][sql] SELECT `title`,`description`,`image` FROM `cmf_slide_item` WHERE  `slide_id` = 2  AND `status` = 1 ORDER BY `list_order` ASC,`id` DESC LIMIT 1 [ RunTime:0.000424s ]
[2026-05-27T08:46:44+08:00][sql] SELECT `option_value` FROM `cmf_option` WHERE  `option_name` = 'storage' LIMIT 1 [ RunTime:0.000199s ]
[2026-05-27T08:46:44+08:00][sql] SHOW FULL COLUMNS FROM `cmf_portal_post` [ RunTime:0.000877s ]
[2026-05-27T08:46:44+08:00][sql] SELECT `id`,`post_title`,`post_excerpt`,`more` FROM `cmf_portal_post` WHERE (  `post_type` = 3 ) AND `cmf_portal_post`.`delete_time` = '0' ORDER BY `create_time` DESC [ RunTime:0.000443s ]
[2026-05-27T08:46:44+08:00][sql] SHOW FULL COLUMNS FROM `cmf_theme_file` [ RunTime:0.000783s ]
[2026-05-27T08:46:44+08:00][sql] SELECT `more`,`file`,`id` FROM `cmf_theme_file` WHERE  `theme` = 'simpleboot3'  AND (  `is_public` = 1 OR `file` = 'portal/product' ) ORDER BY `is_public` DESC [ RunTime:0.000360s ]
[2026-05-27T08:46:45+08:00][sql] CONNECT:[ UseTime:0.000744s ] mysql:host=127.0.0.1;port=3306;dbname=nucleon;charset=utf8mb4
[2026-05-27T08:46:45+08:00][sql] SHOW FULL COLUMNS FROM `cmf_option` [ RunTime:0.002435s ]
[2026-05-27T08:46:45+08:00][sql] SELECT `option_value` FROM `cmf_option` WHERE  `option_name` = 'cdn_settings' LIMIT 1 [ RunTime:0.000406s ]
[2026-05-27T08:46:45+08:00][sql] SELECT `option_value` FROM `cmf_option` WHERE  `option_name` = 'cdn_settings' LIMIT 1 [ RunTime:0.000259s ]
[2026-05-27T08:46:45+08:00][sql] SHOW FULL COLUMNS FROM `cmf_product_category` [ RunTime:0.001616s ]
[2026-05-27T08:46:45+08:00][sql] SELECT * FROM `cmf_product_category` WHERE  `parent_id` = 0 ORDER BY `list_order` ASC,`create_time` DESC [ RunTime:0.000449s ]
[2026-05-27T08:46:45+08:00][sql] SELECT * FROM `cmf_product_category` WHERE  `parent_id` IN (28,19,22,23,25,30,27) [ RunTime:0.000309s ]
[2026-05-27T08:46:45+08:00][sql] SHOW FULL COLUMNS FROM `cmf_portal_category` [ RunTime:0.000874s ]
[2026-05-27T08:46:45+08:00][sql] SELECT * FROM `cmf_portal_category` WHERE (  `type` = 8 ) AND `cmf_portal_category`.`delete_time` = '0' ORDER BY `list_order` ASC [ RunTime:0.000370s ]
[2026-05-27T08:46:45+08:00][sql] SELECT * FROM `cmf_product_category` WHERE  `id` = 30 LIMIT 1 [ RunTime:0.000238s ]
[2026-05-27T08:46:45+08:00][sql] SHOW FULL COLUMNS FROM `cmf_product` [ RunTime:0.001118s ]
[2026-05-27T08:46:45+08:00][sql] SELECT COUNT(*) AS think_count FROM `cmf_product` WHERE  `category_id` = 28 LIMIT 1 [ RunTime:0.000488s ]
[2026-05-27T08:46:45+08:00][sql] SELECT COUNT(*) AS think_count FROM `cmf_product` WHERE  `category_id` = 19 LIMIT 1 [ RunTime:0.000247s ]
[2026-05-27T08:46:45+08:00][sql] SELECT COUNT(*) AS think_count FROM `cmf_product` WHERE  `category_id` = 22 LIMIT 1 [ RunTime:0.000203s ]
[2026-05-27T08:46:45+08:00][sql] SELECT COUNT(*) AS think_count FROM `cmf_product` WHERE  `category_id` = 23 LIMIT 1 [ RunTime:0.000189s ]
[2026-05-27T08:46:45+08:00][sql] SELECT COUNT(*) AS think_count FROM `cmf_product` WHERE  `category_id` = 25 LIMIT 1 [ RunTime:0.000206s ]
[2026-05-27T08:46:45+08:00][sql] SELECT COUNT(*) AS think_count FROM `cmf_product` WHERE  `category_id` = 30 LIMIT 1 [ RunTime:0.000197s ]
[2026-05-27T08:46:45+08:00][sql] SELECT COUNT(*) AS think_count FROM `cmf_product` WHERE  `category_id` = 27 LIMIT 1 [ RunTime:0.000184s ]
[2026-05-27T08:46:45+08:00][sql] SELECT COUNT(*) AS think_count FROM `cmf_product` WHERE  `category_id` = 30 LIMIT 1 [ RunTime:0.000208s ]
[2026-05-27T08:46:45+08:00][sql] SELECT `id`,`category_id`,`title`,`thumbnail`,`industry`,`overview` FROM `cmf_product` WHERE  `category_id` = 30 ORDER BY `list_order` ASC,`create_time` DESC LIMIT 0,12 [ RunTime:0.000286s ]
[2026-05-27T08:46:45+08:00][sql] SHOW FULL COLUMNS FROM `cmf_slide_item` [ RunTime:0.000857s ]
[2026-05-27T08:46:45+08:00][sql] SELECT `title`,`description`,`image` FROM `cmf_slide_item` WHERE  `slide_id` = 2  AND `status` = 1 ORDER BY `list_order` ASC,`id` DESC LIMIT 1 [ RunTime:0.000393s ]
[2026-05-27T08:46:45+08:00][sql] SELECT `option_value` FROM `cmf_option` WHERE  `option_name` = 'storage' LIMIT 1 [ RunTime:0.000227s ]
[2026-05-27T08:46:45+08:00][sql] SHOW FULL COLUMNS FROM `cmf_portal_post` [ RunTime:0.001395s ]
[2026-05-27T08:46:45+08:00][sql] SELECT `id`,`post_title`,`post_excerpt`,`more` FROM `cmf_portal_post` WHERE (  `post_type` = 3 ) AND `cmf_portal_post`.`delete_time` = '0' ORDER BY `create_time` DESC [ RunTime:0.000571s ]
[2026-05-27T08:46:45+08:00][sql] SHOW FULL COLUMNS FROM `cmf_theme_file` [ RunTime:0.000854s ]
[2026-05-27T08:46:45+08:00][sql] SELECT `more`,`file`,`id` FROM `cmf_theme_file` WHERE  `theme` = 'simpleboot3'  AND (  `is_public` = 1 OR `file` = 'portal/product' ) ORDER BY `is_public` DESC [ RunTime:0.000367s ]
[2026-05-27T08:46:45+08:00][sql] CONNECT:[ UseTime:0.000714s ] mysql:host=127.0.0.1;port=3306;dbname=nucleon;charset=utf8mb4
[2026-05-27T08:46:45+08:00][sql] SHOW FULL COLUMNS FROM `cmf_option` [ RunTime:0.001104s ]
[2026-05-27T08:46:45+08:00][sql] SELECT `option_value` FROM `cmf_option` WHERE  `option_name` = 'cdn_settings' LIMIT 1 [ RunTime:0.000239s ]
[2026-05-27T08:46:45+08:00][sql] SELECT `option_value` FROM `cmf_option` WHERE  `option_name` = 'cdn_settings' LIMIT 1 [ RunTime:0.000210s ]
[2026-05-27T08:46:45+08:00][sql] SHOW FULL COLUMNS FROM `cmf_product_category` [ RunTime:0.000780s ]
[2026-05-27T08:46:45+08:00][sql] SELECT * FROM `cmf_product_category` WHERE  `parent_id` = 0 ORDER BY `list_order` ASC,`create_time` DESC [ RunTime:0.000260s ]
[2026-05-27T08:46:45+08:00][sql] SELECT * FROM `cmf_product_category` WHERE  `parent_id` IN (28,19,22,23,25,30,27) [ RunTime:0.000262s ]
[2026-05-27T08:46:45+08:00][sql] SHOW FULL COLUMNS FROM `cmf_portal_category` [ RunTime:0.000982s ]
[2026-05-27T08:46:45+08:00][sql] SELECT * FROM `cmf_portal_category` WHERE (  `type` = 8 ) AND `cmf_portal_category`.`delete_time` = '0' ORDER BY `list_order` ASC [ RunTime:0.000273s ]
[2026-05-27T08:46:45+08:00][sql] SELECT * FROM `cmf_product_category` WHERE  `id` = 30 LIMIT 1 [ RunTime:0.000434s ]
[2026-05-27T08:46:45+08:00][sql] SHOW FULL COLUMNS FROM `cmf_product` [ RunTime:0.001075s ]
[2026-05-27T08:46:45+08:00][sql] SELECT COUNT(*) AS think_count FROM `cmf_product` WHERE  `category_id` = 28 LIMIT 1 [ RunTime:0.000232s ]
[2026-05-27T08:46:45+08:00][sql] SELECT COUNT(*) AS think_count FROM `cmf_product` WHERE  `category_id` = 19 LIMIT 1 [ RunTime:0.000186s ]
[2026-05-27T08:46:45+08:00][sql] SELECT COUNT(*) AS think_count FROM `cmf_product` WHERE  `category_id` = 22 LIMIT 1 [ RunTime:0.000166s ]
[2026-05-27T08:46:45+08:00][sql] SELECT COUNT(*) AS think_count FROM `cmf_product` WHERE  `category_id` = 23 LIMIT 1 [ RunTime:0.000238s ]
[2026-05-27T08:46:45+08:00][sql] SELECT COUNT(*) AS think_count FROM `cmf_product` WHERE  `category_id` = 25 LIMIT 1 [ RunTime:0.000175s ]
[2026-05-27T08:46:45+08:00][sql] SELECT COUNT(*) AS think_count FROM `cmf_product` WHERE  `category_id` = 30 LIMIT 1 [ RunTime:0.000171s ]
[2026-05-27T08:46:45+08:00][sql] SELECT COUNT(*) AS think_count FROM `cmf_product` WHERE  `category_id` = 27 LIMIT 1 [ RunTime:0.000173s ]
[2026-05-27T08:46:45+08:00][sql] SELECT COUNT(*) AS think_count FROM `cmf_product` WHERE  `category_id` = 30 LIMIT 1 [ RunTime:0.000204s ]
[2026-05-27T08:46:45+08:00][sql] SELECT `id`,`category_id`,`title`,`thumbnail`,`industry`,`overview` FROM `cmf_product` WHERE  `category_id` = 30 ORDER BY `list_order` ASC,`create_time` DESC LIMIT 0,12 [ RunTime:0.000289s ]
[2026-05-27T08:46:45+08:00][sql] SHOW FULL COLUMNS FROM `cmf_slide_item` [ RunTime:0.000846s ]
[2026-05-27T08:46:45+08:00][sql] SELECT `title`,`description`,`image` FROM `cmf_slide_item` WHERE  `slide_id` = 2  AND `status` = 1 ORDER BY `list_order` ASC,`id` DESC LIMIT 1 [ RunTime:0.000278s ]
[2026-05-27T08:46:45+08:00][sql] SELECT `option_value` FROM `cmf_option` WHERE  `option_name` = 'storage' LIMIT 1 [ RunTime:0.000187s ]
[2026-05-27T08:46:45+08:00][sql] SHOW FULL COLUMNS FROM `cmf_portal_post` [ RunTime:0.000853s ]
[2026-05-27T08:46:45+08:00][sql] SELECT `id`,`post_title`,`post_excerpt`,`more` FROM `cmf_portal_post` WHERE (  `post_type` = 3 ) AND `cmf_portal_post`.`delete_time` = '0' ORDER BY `create_time` DESC [ RunTime:0.000296s ]
[2026-05-27T08:46:45+08:00][sql] SHOW FULL COLUMNS FROM `cmf_theme_file` [ RunTime:0.000730s ]
[2026-05-27T08:46:45+08:00][sql] SELECT `more`,`file`,`id` FROM `cmf_theme_file` WHERE  `theme` = 'simpleboot3'  AND (  `is_public` = 1 OR `file` = 'portal/product' ) ORDER BY `is_public` DESC [ RunTime:0.000244s ]
[2026-05-27T08:46:46+08:00][sql] CONNECT:[ UseTime:0.000707s ] mysql:host=127.0.0.1;port=3306;dbname=nucleon;charset=utf8mb4
[2026-05-27T08:46:46+08:00][sql] SHOW FULL COLUMNS FROM `cmf_option` [ RunTime:0.001095s ]
[2026-05-27T08:46:46+08:00][sql] SELECT `option_value` FROM `cmf_option` WHERE  `option_name` = 'cdn_settings' LIMIT 1 [ RunTime:0.000234s ]
[2026-05-27T08:46:46+08:00][sql] SELECT `option_value` FROM `cmf_option` WHERE  `option_name` = 'cdn_settings' LIMIT 1 [ RunTime:0.000225s ]
[2026-05-27T08:46:46+08:00][sql] SHOW FULL COLUMNS FROM `cmf_product_category` [ RunTime:0.001232s ]
[2026-05-27T08:46:46+08:00][sql] SELECT * FROM `cmf_product_category` WHERE  `parent_id` = 0 ORDER BY `list_order` ASC,`create_time` DESC [ RunTime:0.000303s ]
[2026-05-27T08:46:46+08:00][sql] SELECT * FROM `cmf_product_category` WHERE  `parent_id` IN (28,19,22,23,25,30,27) [ RunTime:0.000329s ]
[2026-05-27T08:46:46+08:00][sql] SHOW FULL COLUMNS FROM `cmf_portal_category` [ RunTime:0.001170s ]
[2026-05-27T08:46:46+08:00][sql] SELECT * FROM `cmf_portal_category` WHERE (  `type` = 8 ) AND `cmf_portal_category`.`delete_time` = '0' ORDER BY `list_order` ASC [ RunTime:0.000429s ]
[2026-05-27T08:46:46+08:00][sql] SELECT * FROM `cmf_product_category` WHERE  `id` = 27 LIMIT 1 [ RunTime:0.000627s ]
[2026-05-27T08:46:46+08:00][sql] SHOW FULL COLUMNS FROM `cmf_product` [ RunTime:0.001509s ]
[2026-05-27T08:46:46+08:00][sql] SELECT COUNT(*) AS think_count FROM `cmf_product` WHERE  `category_id` = 28 LIMIT 1 [ RunTime:0.000280s ]
[2026-05-27T08:46:46+08:00][sql] SELECT COUNT(*) AS think_count FROM `cmf_product` WHERE  `category_id` = 19 LIMIT 1 [ RunTime:0.000247s ]
[2026-05-27T08:46:46+08:00][sql] SELECT COUNT(*) AS think_count FROM `cmf_product` WHERE  `category_id` = 22 LIMIT 1 [ RunTime:0.000197s ]
[2026-05-27T08:46:46+08:00][sql] SELECT COUNT(*) AS think_count FROM `cmf_product` WHERE  `category_id` = 23 LIMIT 1 [ RunTime:0.000189s ]
[2026-05-27T08:46:46+08:00][sql] SELECT COUNT(*) AS think_count FROM `cmf_product` WHERE  `category_id` = 25 LIMIT 1 [ RunTime:0.000265s ]
[2026-05-27T08:46:46+08:00][sql] SELECT COUNT(*) AS think_count FROM `cmf_product` WHERE  `category_id` = 30 LIMIT 1 [ RunTime:0.000191s ]
[2026-05-27T08:46:46+08:00][sql] SELECT COUNT(*) AS think_count FROM `cmf_product` WHERE  `category_id` = 27 LIMIT 1 [ RunTime:0.000207s ]
[2026-05-27T08:46:46+08:00][sql] SELECT COUNT(*) AS think_count FROM `cmf_product` WHERE  `category_id` = 27 LIMIT 1 [ RunTime:0.000192s ]
[2026-05-27T08:46:46+08:00][sql] SELECT `id`,`category_id`,`title`,`thumbnail`,`industry`,`overview` FROM `cmf_product` WHERE  `category_id` = 27 ORDER BY `list_order` ASC,`create_time` DESC LIMIT 0,12 [ RunTime:0.000253s ]
[2026-05-27T08:46:46+08:00][sql] SHOW FULL COLUMNS FROM `cmf_slide_item` [ RunTime:0.001023s ]
[2026-05-27T08:46:46+08:00][sql] SELECT `title`,`description`,`image` FROM `cmf_slide_item` WHERE  `slide_id` = 2  AND `status` = 1 ORDER BY `list_order` ASC,`id` DESC LIMIT 1 [ RunTime:0.000304s ]
[2026-05-27T08:46:46+08:00][sql] SELECT `option_value` FROM `cmf_option` WHERE  `option_name` = 'storage' LIMIT 1 [ RunTime:0.000208s ]
[2026-05-27T08:46:46+08:00][sql] SHOW FULL COLUMNS FROM `cmf_portal_post` [ RunTime:0.000910s ]
[2026-05-27T08:46:46+08:00][sql] SELECT `id`,`post_title`,`post_excerpt`,`more` FROM `cmf_portal_post` WHERE (  `post_type` = 3 ) AND `cmf_portal_post`.`delete_time` = '0' ORDER BY `create_time` DESC [ RunTime:0.000319s ]
[2026-05-27T08:46:46+08:00][sql] SHOW FULL COLUMNS FROM `cmf_theme_file` [ RunTime:0.001062s ]
[2026-05-27T08:46:46+08:00][sql] SELECT `more`,`file`,`id` FROM `cmf_theme_file` WHERE  `theme` = 'simpleboot3'  AND (  `is_public` = 1 OR `file` = 'portal/product' ) ORDER BY `is_public` DESC [ RunTime:0.000273s ]
[2026-05-27T08:46:48+08:00][sql] CONNECT:[ UseTime:0.000863s ] mysql:host=127.0.0.1;port=3306;dbname=nucleon;charset=utf8mb4
[2026-05-27T08:46:48+08:00][sql] SHOW FULL COLUMNS FROM `cmf_option` [ RunTime:0.001244s ]
[2026-05-27T08:46:48+08:00][sql] SELECT `option_value` FROM `cmf_option` WHERE  `option_name` = 'cdn_settings' LIMIT 1 [ RunTime:0.000282s ]
[2026-05-27T08:46:48+08:00][sql] SELECT `option_value` FROM `cmf_option` WHERE  `option_name` = 'cdn_settings' LIMIT 1 [ RunTime:0.000405s ]
[2026-05-27T08:46:48+08:00][sql] SHOW FULL COLUMNS FROM `cmf_product_category` [ RunTime:0.001400s ]
[2026-05-27T08:46:48+08:00][sql] SELECT * FROM `cmf_product_category` WHERE  `parent_id` = 0 ORDER BY `list_order` ASC,`create_time` DESC [ RunTime:0.000499s ]
[2026-05-27T08:46:48+08:00][sql] SELECT * FROM `cmf_product_category` WHERE  `parent_id` IN (28,19,22,23,25,30,27) [ RunTime:0.000373s ]
[2026-05-27T08:46:48+08:00][sql] SHOW FULL COLUMNS FROM `cmf_portal_category` [ RunTime:0.001335s ]
[2026-05-27T08:46:48+08:00][sql] SELECT * FROM `cmf_portal_category` WHERE (  `type` = 8 ) AND `cmf_portal_category`.`delete_time` = '0' ORDER BY `list_order` ASC [ RunTime:0.000411s ]
[2026-05-27T08:46:48+08:00][sql] SELECT * FROM `cmf_product_category` WHERE  `id` = 27 LIMIT 1 [ RunTime:0.000308s ]
[2026-05-27T08:46:48+08:00][sql] SHOW FULL COLUMNS FROM `cmf_product` [ RunTime:0.001229s ]
[2026-05-27T08:46:48+08:00][sql] SELECT COUNT(*) AS think_count FROM `cmf_product` WHERE  `category_id` = 28 LIMIT 1 [ RunTime:0.000405s ]
[2026-05-27T08:46:48+08:00][sql] SELECT COUNT(*) AS think_count FROM `cmf_product` WHERE  `category_id` = 19 LIMIT 1 [ RunTime:0.000300s ]
[2026-05-27T08:46:48+08:00][sql] SELECT COUNT(*) AS think_count FROM `cmf_product` WHERE  `category_id` = 22 LIMIT 1 [ RunTime:0.000270s ]
[2026-05-27T08:46:48+08:00][sql] SELECT COUNT(*) AS think_count FROM `cmf_product` WHERE  `category_id` = 23 LIMIT 1 [ RunTime:0.000277s ]
[2026-05-27T08:46:48+08:00][sql] SELECT COUNT(*) AS think_count FROM `cmf_product` WHERE  `category_id` = 25 LIMIT 1 [ RunTime:0.000282s ]
[2026-05-27T08:46:48+08:00][sql] SELECT COUNT(*) AS think_count FROM `cmf_product` WHERE  `category_id` = 30 LIMIT 1 [ RunTime:0.000261s ]
[2026-05-27T08:46:48+08:00][sql] SELECT COUNT(*) AS think_count FROM `cmf_product` WHERE  `category_id` = 27 LIMIT 1 [ RunTime:0.000246s ]
[2026-05-27T08:46:48+08:00][sql] SELECT COUNT(*) AS think_count FROM `cmf_product` WHERE  `category_id` = 27 LIMIT 1 [ RunTime:0.000257s ]
[2026-05-27T08:46:48+08:00][sql] SELECT `id`,`category_id`,`title`,`thumbnail`,`industry`,`overview` FROM `cmf_product` WHERE  `category_id` = 27 ORDER BY `list_order` ASC,`create_time` DESC LIMIT 0,12 [ RunTime:0.000301s ]
[2026-05-27T08:46:48+08:00][sql] SHOW FULL COLUMNS FROM `cmf_slide_item` [ RunTime:0.001037s ]
[2026-05-27T08:46:48+08:00][sql] SELECT `title`,`description`,`image` FROM `cmf_slide_item` WHERE  `slide_id` = 2  AND `status` = 1 ORDER BY `list_order` ASC,`id` DESC LIMIT 1 [ RunTime:0.000374s ]
[2026-05-27T08:46:48+08:00][sql] SELECT `option_value` FROM `cmf_option` WHERE  `option_name` = 'storage' LIMIT 1 [ RunTime:0.000353s ]
[2026-05-27T08:46:48+08:00][sql] SHOW FULL COLUMNS FROM `cmf_portal_post` [ RunTime:0.001380s ]
[2026-05-27T08:46:48+08:00][sql] SELECT `id`,`post_title`,`post_excerpt`,`more` FROM `cmf_portal_post` WHERE (  `post_type` = 3 ) AND `cmf_portal_post`.`delete_time` = '0' ORDER BY `create_time` DESC [ RunTime:0.000420s ]
[2026-05-27T08:46:48+08:00][sql] SHOW FULL COLUMNS FROM `cmf_theme_file` [ RunTime:0.001047s ]
[2026-05-27T08:46:48+08:00][sql] SELECT `more`,`file`,`id` FROM `cmf_theme_file` WHERE  `theme` = 'simpleboot3'  AND (  `is_public` = 1 OR `file` = 'portal/product' ) ORDER BY `is_public` DESC [ RunTime:0.000294s ]
[2026-05-27T08:46:48+08:00][sql] CONNECT:[ UseTime:0.000898s ] mysql:host=127.0.0.1;port=3306;dbname=nucleon;charset=utf8mb4
[2026-05-27T08:46:48+08:00][sql] SHOW FULL COLUMNS FROM `cmf_option` [ RunTime:0.001928s ]
[2026-05-27T08:46:48+08:00][sql] SELECT `option_value` FROM `cmf_option` WHERE  `option_name` = 'cdn_settings' LIMIT 1 [ RunTime:0.000492s ]
[2026-05-27T08:46:48+08:00][sql] SELECT `option_value` FROM `cmf_option` WHERE  `option_name` = 'cdn_settings' LIMIT 1 [ RunTime:0.000724s ]
[2026-05-27T08:46:48+08:00][sql] SHOW FULL COLUMNS FROM `cmf_product_category` [ RunTime:0.001484s ]
[2026-05-27T08:46:48+08:00][sql] SELECT * FROM `cmf_product_category` WHERE  `parent_id` = 0 ORDER BY `list_order` ASC,`create_time` DESC [ RunTime:0.000410s ]
[2026-05-27T08:46:48+08:00][sql] SELECT * FROM `cmf_product_category` WHERE  `parent_id` IN (28,19,22,23,25,30,27) [ RunTime:0.000350s ]
[2026-05-27T08:46:48+08:00][sql] SHOW FULL COLUMNS FROM `cmf_portal_category` [ RunTime:0.003073s ]
[2026-05-27T08:46:48+08:00][sql] SELECT * FROM `cmf_portal_category` WHERE (  `type` = 8 ) AND `cmf_portal_category`.`delete_time` = '0' ORDER BY `list_order` ASC [ RunTime:0.000564s ]
[2026-05-27T08:46:48+08:00][sql] SELECT * FROM `cmf_product_category` WHERE  `id` = 30 LIMIT 1 [ RunTime:0.000453s ]
[2026-05-27T08:46:48+08:00][sql] SHOW FULL COLUMNS FROM `cmf_product` [ RunTime:0.001571s ]
[2026-05-27T08:46:48+08:00][sql] SELECT COUNT(*) AS think_count FROM `cmf_product` WHERE  `category_id` = 28 LIMIT 1 [ RunTime:0.000368s ]
[2026-05-27T08:46:48+08:00][sql] SELECT COUNT(*) AS think_count FROM `cmf_product` WHERE  `category_id` = 19 LIMIT 1 [ RunTime:0.000244s ]
[2026-05-27T08:46:48+08:00][sql] SELECT COUNT(*) AS think_count FROM `cmf_product` WHERE  `category_id` = 22 LIMIT 1 [ RunTime:0.000212s ]
[2026-05-27T08:46:48+08:00][sql] SELECT COUNT(*) AS think_count FROM `cmf_product` WHERE  `category_id` = 23 LIMIT 1 [ RunTime:0.000192s ]
[2026-05-27T08:46:48+08:00][sql] SELECT COUNT(*) AS think_count FROM `cmf_product` WHERE  `category_id` = 25 LIMIT 1 [ RunTime:0.000227s ]
[2026-05-27T08:46:48+08:00][sql] SELECT COUNT(*) AS think_count FROM `cmf_product` WHERE  `category_id` = 30 LIMIT 1 [ RunTime:0.000187s ]
[2026-05-27T08:46:48+08:00][sql] SELECT COUNT(*) AS think_count FROM `cmf_product` WHERE  `category_id` = 27 LIMIT 1 [ RunTime:0.000216s ]
[2026-05-27T08:46:48+08:00][sql] SELECT COUNT(*) AS think_count FROM `cmf_product` WHERE  `category_id` = 30 LIMIT 1 [ RunTime:0.000189s ]
[2026-05-27T08:46:48+08:00][sql] SELECT `id`,`category_id`,`title`,`thumbnail`,`industry`,`overview` FROM `cmf_product` WHERE  `category_id` = 30 ORDER BY `list_order` ASC,`create_time` DESC LIMIT 0,12 [ RunTime:0.000645s ]
[2026-05-27T08:46:48+08:00][sql] SHOW FULL COLUMNS FROM `cmf_slide_item` [ RunTime:0.001179s ]
[2026-05-27T08:46:48+08:00][sql] SELECT `title`,`description`,`image` FROM `cmf_slide_item` WHERE  `slide_id` = 2  AND `status` = 1 ORDER BY `list_order` ASC,`id` DESC LIMIT 1 [ RunTime:0.000416s ]
[2026-05-27T08:46:48+08:00][sql] SELECT `option_value` FROM `cmf_option` WHERE  `option_name` = 'storage' LIMIT 1 [ RunTime:0.000256s ]
[2026-05-27T08:46:48+08:00][sql] SHOW FULL COLUMNS FROM `cmf_portal_post` [ RunTime:0.002754s ]
[2026-05-27T08:46:48+08:00][sql] SELECT `id`,`post_title`,`post_excerpt`,`more` FROM `cmf_portal_post` WHERE (  `post_type` = 3 ) AND `cmf_portal_post`.`delete_time` = '0' ORDER BY `create_time` DESC [ RunTime:0.000869s ]
[2026-05-27T08:46:48+08:00][sql] SHOW FULL COLUMNS FROM `cmf_theme_file` [ RunTime:0.002228s ]
[2026-05-27T08:46:48+08:00][sql] SELECT `more`,`file`,`id` FROM `cmf_theme_file` WHERE  `theme` = 'simpleboot3'  AND (  `is_public` = 1 OR `file` = 'portal/product' ) ORDER BY `is_public` DESC [ RunTime:0.000408s ]
[2026-05-27T08:46:49+08:00][sql] CONNECT:[ UseTime:0.000649s ] mysql:host=127.0.0.1;port=3306;dbname=nucleon;charset=utf8mb4
[2026-05-27T08:46:49+08:00][sql] SHOW FULL COLUMNS FROM `cmf_option` [ RunTime:0.001020s ]
[2026-05-27T08:46:49+08:00][sql] SELECT `option_value` FROM `cmf_option` WHERE  `option_name` = 'cdn_settings' LIMIT 1 [ RunTime:0.000219s ]
[2026-05-27T08:46:49+08:00][sql] SELECT `option_value` FROM `cmf_option` WHERE  `option_name` = 'cdn_settings' LIMIT 1 [ RunTime:0.000266s ]
[2026-05-27T08:46:49+08:00][sql] SHOW FULL COLUMNS FROM `cmf_product_category` [ RunTime:0.001765s ]
[2026-05-27T08:46:49+08:00][sql] SELECT * FROM `cmf_product_category` WHERE  `parent_id` = 0 ORDER BY `list_order` ASC,`create_time` DESC [ RunTime:0.000699s ]
[2026-05-27T08:46:49+08:00][sql] SELECT * FROM `cmf_product_category` WHERE  `parent_id` IN (28,19,22,23,25,30,27) [ RunTime:0.000497s ]
[2026-05-27T08:46:49+08:00][sql] SHOW FULL COLUMNS FROM `cmf_portal_category` [ RunTime:0.001394s ]
[2026-05-27T08:46:49+08:00][sql] SELECT * FROM `cmf_portal_category` WHERE (  `type` = 8 ) AND `cmf_portal_category`.`delete_time` = '0' ORDER BY `list_order` ASC [ RunTime:0.000469s ]
[2026-05-27T08:46:49+08:00][sql] SELECT * FROM `cmf_product_category` WHERE  `id` = 25 LIMIT 1 [ RunTime:0.000328s ]
[2026-05-27T08:46:49+08:00][sql] SHOW FULL COLUMNS FROM `cmf_product` [ RunTime:0.001153s ]
[2026-05-27T08:46:49+08:00][sql] SELECT COUNT(*) AS think_count FROM `cmf_product` WHERE  `category_id` = 28 LIMIT 1 [ RunTime:0.000255s ]
[2026-05-27T08:46:49+08:00][sql] SELECT COUNT(*) AS think_count FROM `cmf_product` WHERE  `category_id` = 19 LIMIT 1 [ RunTime:0.000172s ]
[2026-05-27T08:46:49+08:00][sql] SELECT COUNT(*) AS think_count FROM `cmf_product` WHERE  `category_id` = 22 LIMIT 1 [ RunTime:0.000204s ]
[2026-05-27T08:46:49+08:00][sql] SELECT COUNT(*) AS think_count FROM `cmf_product` WHERE  `category_id` = 23 LIMIT 1 [ RunTime:0.000198s ]
[2026-05-27T08:46:49+08:00][sql] SELECT COUNT(*) AS think_count FROM `cmf_product` WHERE  `category_id` = 25 LIMIT 1 [ RunTime:0.000178s ]
[2026-05-27T08:46:49+08:00][sql] SELECT COUNT(*) AS think_count FROM `cmf_product` WHERE  `category_id` = 30 LIMIT 1 [ RunTime:0.000181s ]
[2026-05-27T08:46:49+08:00][sql] SELECT COUNT(*) AS think_count FROM `cmf_product` WHERE  `category_id` = 27 LIMIT 1 [ RunTime:0.000176s ]
[2026-05-27T08:46:49+08:00][sql] SELECT COUNT(*) AS think_count FROM `cmf_product` WHERE  `category_id` = 25 LIMIT 1 [ RunTime:0.000205s ]
[2026-05-27T08:46:49+08:00][sql] SELECT `id`,`category_id`,`title`,`thumbnail`,`industry`,`overview` FROM `cmf_product` WHERE  `category_id` = 25 ORDER BY `list_order` ASC,`create_time` DESC LIMIT 0,12 [ RunTime:0.000274s ]
[2026-05-27T08:46:49+08:00][sql] SHOW FULL COLUMNS FROM `cmf_slide_item` [ RunTime:0.001420s ]
[2026-05-27T08:46:49+08:00][sql] SELECT `title`,`description`,`image` FROM `cmf_slide_item` WHERE  `slide_id` = 2  AND `status` = 1 ORDER BY `list_order` ASC,`id` DESC LIMIT 1 [ RunTime:0.000447s ]
[2026-05-27T08:46:49+08:00][sql] SELECT `option_value` FROM `cmf_option` WHERE  `option_name` = 'storage' LIMIT 1 [ RunTime:0.000229s ]
[2026-05-27T08:46:49+08:00][sql] SHOW FULL COLUMNS FROM `cmf_portal_post` [ RunTime:0.000965s ]
[2026-05-27T08:46:49+08:00][sql] SELECT `id`,`post_title`,`post_excerpt`,`more` FROM `cmf_portal_post` WHERE (  `post_type` = 3 ) AND `cmf_portal_post`.`delete_time` = '0' ORDER BY `create_time` DESC [ RunTime:0.000338s ]
[2026-05-27T08:46:49+08:00][sql] SHOW FULL COLUMNS FROM `cmf_theme_file` [ RunTime:0.001178s ]
[2026-05-27T08:46:49+08:00][sql] SELECT `more`,`file`,`id` FROM `cmf_theme_file` WHERE  `theme` = 'simpleboot3'  AND (  `is_public` = 1 OR `file` = 'portal/product' ) ORDER BY `is_public` DESC [ RunTime:0.000288s ]
[2026-05-27T08:46:49+08:00][sql] CONNECT:[ UseTime:0.001009s ] mysql:host=127.0.0.1;port=3306;dbname=nucleon;charset=utf8mb4
[2026-05-27T08:46:49+08:00][sql] SHOW FULL COLUMNS FROM `cmf_option` [ RunTime:0.001350s ]
[2026-05-27T08:46:49+08:00][sql] SELECT `option_value` FROM `cmf_option` WHERE  `option_name` = 'cdn_settings' LIMIT 1 [ RunTime:0.000295s ]
[2026-05-27T08:46:49+08:00][sql] SELECT `option_value` FROM `cmf_option` WHERE  `option_name` = 'cdn_settings' LIMIT 1 [ RunTime:0.000867s ]
[2026-05-27T08:46:49+08:00][sql] SHOW FULL COLUMNS FROM `cmf_product_category` [ RunTime:0.002718s ]
[2026-05-27T08:46:49+08:00][sql] SELECT * FROM `cmf_product_category` WHERE  `parent_id` = 0 ORDER BY `list_order` ASC,`create_time` DESC [ RunTime:0.000434s ]
[2026-05-27T08:46:49+08:00][sql] SELECT * FROM `cmf_product_category` WHERE  `parent_id` IN (28,19,22,23,25,30,27) [ RunTime:0.000482s ]
[2026-05-27T08:46:49+08:00][sql] SHOW FULL COLUMNS FROM `cmf_portal_category` [ RunTime:0.001492s ]
[2026-05-27T08:46:49+08:00][sql] SELECT * FROM `cmf_portal_category` WHERE (  `type` = 8 ) AND `cmf_portal_category`.`delete_time` = '0' ORDER BY `list_order` ASC [ RunTime:0.000395s ]
[2026-05-27T08:46:49+08:00][sql] SELECT * FROM `cmf_product_category` WHERE  `id` = 23 LIMIT 1 [ RunTime:0.000359s ]
[2026-05-27T08:46:49+08:00][sql] SHOW FULL COLUMNS FROM `cmf_product` [ RunTime:0.001523s ]
[2026-05-27T08:46:49+08:00][sql] SELECT COUNT(*) AS think_count FROM `cmf_product` WHERE  `category_id` = 28 LIMIT 1 [ RunTime:0.000538s ]
[2026-05-27T08:46:49+08:00][sql] SELECT COUNT(*) AS think_count FROM `cmf_product` WHERE  `category_id` = 19 LIMIT 1 [ RunTime:0.000288s ]
[2026-05-27T08:46:49+08:00][sql] SELECT COUNT(*) AS think_count FROM `cmf_product` WHERE  `category_id` = 22 LIMIT 1 [ RunTime:0.000274s ]
[2026-05-27T08:46:49+08:00][sql] SELECT COUNT(*) AS think_count FROM `cmf_product` WHERE  `category_id` = 23 LIMIT 1 [ RunTime:0.000310s ]
[2026-05-27T08:46:49+08:00][sql] SELECT COUNT(*) AS think_count FROM `cmf_product` WHERE  `category_id` = 25 LIMIT 1 [ RunTime:0.000366s ]
[2026-05-27T08:46:49+08:00][sql] SELECT COUNT(*) AS think_count FROM `cmf_product` WHERE  `category_id` = 30 LIMIT 1 [ RunTime:0.000294s ]
[2026-05-27T08:46:49+08:00][sql] SELECT COUNT(*) AS think_count FROM `cmf_product` WHERE  `category_id` = 27 LIMIT 1 [ RunTime:0.000227s ]
[2026-05-27T08:46:49+08:00][sql] SELECT COUNT(*) AS think_count FROM `cmf_product` WHERE  `category_id` = 23 LIMIT 1 [ RunTime:0.000316s ]
[2026-05-27T08:46:49+08:00][sql] SELECT `id`,`category_id`,`title`,`thumbnail`,`industry`,`overview` FROM `cmf_product` WHERE  `category_id` = 23 ORDER BY `list_order` ASC,`create_time` DESC LIMIT 0,12 [ RunTime:0.000657s ]
[2026-05-27T08:46:49+08:00][sql] SHOW FULL COLUMNS FROM `cmf_slide_item` [ RunTime:0.001376s ]
[2026-05-27T08:46:49+08:00][sql] SELECT `title`,`description`,`image` FROM `cmf_slide_item` WHERE  `slide_id` = 2  AND `status` = 1 ORDER BY `list_order` ASC,`id` DESC LIMIT 1 [ RunTime:0.000390s ]
[2026-05-27T08:46:49+08:00][sql] SELECT `option_value` FROM `cmf_option` WHERE  `option_name` = 'storage' LIMIT 1 [ RunTime:0.000223s ]
[2026-05-27T08:46:49+08:00][sql] SHOW FULL COLUMNS FROM `cmf_portal_post` [ RunTime:0.001496s ]
[2026-05-27T08:46:49+08:00][sql] SELECT `id`,`post_title`,`post_excerpt`,`more` FROM `cmf_portal_post` WHERE (  `post_type` = 3 ) AND `cmf_portal_post`.`delete_time` = '0' ORDER BY `create_time` DESC [ RunTime:0.000423s ]
[2026-05-27T08:46:49+08:00][sql] SHOW FULL COLUMNS FROM `cmf_theme_file` [ RunTime:0.001446s ]
[2026-05-27T08:46:49+08:00][sql] SELECT `more`,`file`,`id` FROM `cmf_theme_file` WHERE  `theme` = 'simpleboot3'  AND (  `is_public` = 1 OR `file` = 'portal/product' ) ORDER BY `is_public` DESC [ RunTime:0.000454s ]
[2026-05-27T08:46:50+08:00][sql] CONNECT:[ UseTime:0.000683s ] mysql:host=127.0.0.1;port=3306;dbname=nucleon;charset=utf8mb4
[2026-05-27T08:46:50+08:00][sql] SHOW FULL COLUMNS FROM `cmf_option` [ RunTime:0.001022s ]
[2026-05-27T08:46:50+08:00][sql] SELECT `option_value` FROM `cmf_option` WHERE  `option_name` = 'cdn_settings' LIMIT 1 [ RunTime:0.000219s ]
[2026-05-27T08:46:50+08:00][sql] SELECT `option_value` FROM `cmf_option` WHERE  `option_name` = 'cdn_settings' LIMIT 1 [ RunTime:0.000309s ]
[2026-05-27T08:46:50+08:00][sql] SHOW FULL COLUMNS FROM `cmf_product_category` [ RunTime:0.000997s ]
[2026-05-27T08:46:50+08:00][sql] SELECT * FROM `cmf_product_category` WHERE  `parent_id` = 0 ORDER BY `list_order` ASC,`create_time` DESC [ RunTime:0.000472s ]
[2026-05-27T08:46:50+08:00][sql] SELECT * FROM `cmf_product_category` WHERE  `parent_id` IN (28,19,22,23,25,30,27) [ RunTime:0.000280s ]
[2026-05-27T08:46:50+08:00][sql] SHOW FULL COLUMNS FROM `cmf_portal_category` [ RunTime:0.000880s ]
[2026-05-27T08:46:50+08:00][sql] SELECT * FROM `cmf_portal_category` WHERE (  `type` = 8 ) AND `cmf_portal_category`.`delete_time` = '0' ORDER BY `list_order` ASC [ RunTime:0.000278s ]
[2026-05-27T08:46:50+08:00][sql] SELECT * FROM `cmf_product_category` WHERE  `id` = 23 LIMIT 1 [ RunTime:0.000249s ]
[2026-05-27T08:46:50+08:00][sql] SHOW FULL COLUMNS FROM `cmf_product` [ RunTime:0.000945s ]
[2026-05-27T08:46:50+08:00][sql] SELECT COUNT(*) AS think_count FROM `cmf_product` WHERE  `category_id` = 28 LIMIT 1 [ RunTime:0.000279s ]
[2026-05-27T08:46:50+08:00][sql] SELECT COUNT(*) AS think_count FROM `cmf_product` WHERE  `category_id` = 19 LIMIT 1 [ RunTime:0.000205s ]
[2026-05-27T08:46:50+08:00][sql] SELECT COUNT(*) AS think_count FROM `cmf_product` WHERE  `category_id` = 22 LIMIT 1 [ RunTime:0.000214s ]
[2026-05-27T08:46:50+08:00][sql] SELECT COUNT(*) AS think_count FROM `cmf_product` WHERE  `category_id` = 23 LIMIT 1 [ RunTime:0.000301s ]
[2026-05-27T08:46:50+08:00][sql] SELECT COUNT(*) AS think_count FROM `cmf_product` WHERE  `category_id` = 25 LIMIT 1 [ RunTime:0.000341s ]
[2026-05-27T08:46:50+08:00][sql] SELECT COUNT(*) AS think_count FROM `cmf_product` WHERE  `category_id` = 30 LIMIT 1 [ RunTime:0.000289s ]
[2026-05-27T08:46:50+08:00][sql] SELECT COUNT(*) AS think_count FROM `cmf_product` WHERE  `category_id` = 27 LIMIT 1 [ RunTime:0.000235s ]
[2026-05-27T08:46:50+08:00][sql] SELECT COUNT(*) AS think_count FROM `cmf_product` WHERE  `category_id` = 23 LIMIT 1 [ RunTime:0.000186s ]
[2026-05-27T08:46:50+08:00][sql] SELECT `id`,`category_id`,`title`,`thumbnail`,`industry`,`overview` FROM `cmf_product` WHERE  `category_id` = 23 ORDER BY `list_order` ASC,`create_time` DESC LIMIT 0,12 [ RunTime:0.000333s ]
[2026-05-27T08:46:50+08:00][sql] SHOW FULL COLUMNS FROM `cmf_slide_item` [ RunTime:0.000743s ]
[2026-05-27T08:46:50+08:00][sql] SELECT `title`,`description`,`image` FROM `cmf_slide_item` WHERE  `slide_id` = 2  AND `status` = 1 ORDER BY `list_order` ASC,`id` DESC LIMIT 1 [ RunTime:0.000276s ]
[2026-05-27T08:46:50+08:00][sql] SELECT `option_value` FROM `cmf_option` WHERE  `option_name` = 'storage' LIMIT 1 [ RunTime:0.000186s ]
[2026-05-27T08:46:50+08:00][sql] SHOW FULL COLUMNS FROM `cmf_portal_post` [ RunTime:0.001667s ]
[2026-05-27T08:46:50+08:00][sql] SELECT `id`,`post_title`,`post_excerpt`,`more` FROM `cmf_portal_post` WHERE (  `post_type` = 3 ) AND `cmf_portal_post`.`delete_time` = '0' ORDER BY `create_time` DESC [ RunTime:0.000447s ]
[2026-05-27T08:46:50+08:00][sql] SHOW FULL COLUMNS FROM `cmf_theme_file` [ RunTime:0.000927s ]
[2026-05-27T08:46:50+08:00][sql] SELECT `more`,`file`,`id` FROM `cmf_theme_file` WHERE  `theme` = 'simpleboot3'  AND (  `is_public` = 1 OR `file` = 'portal/product' ) ORDER BY `is_public` DESC [ RunTime:0.000300s ]
[2026-05-27T08:46:50+08:00][sql] CONNECT:[ UseTime:0.000950s ] mysql:host=127.0.0.1;port=3306;dbname=nucleon;charset=utf8mb4
[2026-05-27T08:46:50+08:00][sql] SHOW FULL COLUMNS FROM `cmf_option` [ RunTime:0.002622s ]
[2026-05-27T08:46:50+08:00][sql] SELECT `option_value` FROM `cmf_option` WHERE  `option_name` = 'cdn_settings' LIMIT 1 [ RunTime:0.000514s ]
[2026-05-27T08:46:50+08:00][sql] SELECT `option_value` FROM `cmf_option` WHERE  `option_name` = 'cdn_settings' LIMIT 1 [ RunTime:0.000810s ]
[2026-05-27T08:46:50+08:00][sql] SHOW FULL COLUMNS FROM `cmf_product_category` [ RunTime:0.002116s ]
[2026-05-27T08:46:50+08:00][sql] SELECT * FROM `cmf_product_category` WHERE  `parent_id` = 0 ORDER BY `list_order` ASC,`create_time` DESC [ RunTime:0.000634s ]
[2026-05-27T08:46:50+08:00][sql] SELECT * FROM `cmf_product_category` WHERE  `parent_id` IN (28,19,22,23,25,30,27) [ RunTime:0.001205s ]
[2026-05-27T08:46:50+08:00][sql] SHOW FULL COLUMNS FROM `cmf_portal_category` [ RunTime:0.002497s ]
[2026-05-27T08:46:50+08:00][sql] SELECT * FROM `cmf_portal_category` WHERE (  `type` = 8 ) AND `cmf_portal_category`.`delete_time` = '0' ORDER BY `list_order` ASC [ RunTime:0.000536s ]
[2026-05-27T08:46:50+08:00][sql] SELECT * FROM `cmf_product_category` WHERE  `id` = 22 LIMIT 1 [ RunTime:0.000447s ]
[2026-05-27T08:46:50+08:00][sql] SHOW FULL COLUMNS FROM `cmf_product` [ RunTime:0.001919s ]
[2026-05-27T08:46:50+08:00][sql] SELECT COUNT(*) AS think_count FROM `cmf_product` WHERE  `category_id` = 28 LIMIT 1 [ RunTime:0.000378s ]
[2026-05-27T08:46:50+08:00][sql] SELECT COUNT(*) AS think_count FROM `cmf_product` WHERE  `category_id` = 19 LIMIT 1 [ RunTime:0.000268s ]
[2026-05-27T08:46:50+08:00][sql] SELECT COUNT(*) AS think_count FROM `cmf_product` WHERE  `category_id` = 22 LIMIT 1 [ RunTime:0.000248s ]
[2026-05-27T08:46:50+08:00][sql] SELECT COUNT(*) AS think_count FROM `cmf_product` WHERE  `category_id` = 23 LIMIT 1 [ RunTime:0.000248s ]
[2026-05-27T08:46:50+08:00][sql] SELECT COUNT(*) AS think_count FROM `cmf_product` WHERE  `category_id` = 25 LIMIT 1 [ RunTime:0.000255s ]
[2026-05-27T08:46:50+08:00][sql] SELECT COUNT(*) AS think_count FROM `cmf_product` WHERE  `category_id` = 30 LIMIT 1 [ RunTime:0.000242s ]
[2026-05-27T08:46:50+08:00][sql] SELECT COUNT(*) AS think_count FROM `cmf_product` WHERE  `category_id` = 27 LIMIT 1 [ RunTime:0.000292s ]
[2026-05-27T08:46:50+08:00][sql] SELECT COUNT(*) AS think_count FROM `cmf_product` WHERE  `category_id` = 22 LIMIT 1 [ RunTime:0.000285s ]
[2026-05-27T08:46:50+08:00][sql] SELECT `id`,`category_id`,`title`,`thumbnail`,`industry`,`overview` FROM `cmf_product` WHERE  `category_id` = 22 ORDER BY `list_order` ASC,`create_time` DESC LIMIT 0,12 [ RunTime:0.000513s ]
[2026-05-27T08:46:50+08:00][sql] SHOW FULL COLUMNS FROM `cmf_slide_item` [ RunTime:0.002219s ]
[2026-05-27T08:46:50+08:00][sql] SELECT `title`,`description`,`image` FROM `cmf_slide_item` WHERE  `slide_id` = 2  AND `status` = 1 ORDER BY `list_order` ASC,`id` DESC LIMIT 1 [ RunTime:0.000481s ]
[2026-05-27T08:46:50+08:00][sql] SELECT `option_value` FROM `cmf_option` WHERE  `option_name` = 'storage' LIMIT 1 [ RunTime:0.000326s ]
[2026-05-27T08:46:50+08:00][sql] SHOW FULL COLUMNS FROM `cmf_portal_post` [ RunTime:0.001401s ]
[2026-05-27T08:46:50+08:00][sql] SELECT `id`,`post_title`,`post_excerpt`,`more` FROM `cmf_portal_post` WHERE (  `post_type` = 3 ) AND `cmf_portal_post`.`delete_time` = '0' ORDER BY `create_time` DESC [ RunTime:0.000476s ]
[2026-05-27T08:46:50+08:00][sql] SHOW FULL COLUMNS FROM `cmf_theme_file` [ RunTime:0.001272s ]
[2026-05-27T08:46:50+08:00][sql] SELECT `more`,`file`,`id` FROM `cmf_theme_file` WHERE  `theme` = 'simpleboot3'  AND (  `is_public` = 1 OR `file` = 'portal/product' ) ORDER BY `is_public` DESC [ RunTime:0.000415s ]
[2026-05-27T08:56:48+08:00][sql] CONNECT:[ UseTime:0.001086s ] mysql:host=127.0.0.1;port=3306;dbname=nucleon;charset=utf8mb4
[2026-05-27T08:56:48+08:00][sql] SHOW FULL COLUMNS FROM `cmf_option` [ RunTime:0.001465s ]
[2026-05-27T08:56:48+08:00][sql] SELECT `option_value` FROM `cmf_option` WHERE  `option_name` = 'cdn_settings' LIMIT 1 [ RunTime:0.000264s ]
[2026-05-27T08:56:48+08:00][sql] SELECT `option_value` FROM `cmf_option` WHERE  `option_name` = 'cdn_settings' LIMIT 1 [ RunTime:0.000426s ]
[2026-05-27T08:56:48+08:00][sql] SHOW FULL COLUMNS FROM `cmf_product_category` [ RunTime:0.001534s ]
[2026-05-27T08:56:48+08:00][sql] SELECT * FROM `cmf_product_category` WHERE  `parent_id` = 0 ORDER BY `list_order` ASC,`create_time` DESC [ RunTime:0.000346s ]
[2026-05-27T08:56:48+08:00][sql] SELECT * FROM `cmf_product_category` WHERE  `parent_id` IN (28,19,22,23,25,30,27) [ RunTime:0.000277s ]
[2026-05-27T08:56:48+08:00][sql] SHOW FULL COLUMNS FROM `cmf_portal_category` [ RunTime:0.000911s ]
[2026-05-27T08:56:48+08:00][sql] SELECT * FROM `cmf_portal_category` WHERE (  `type` = 8 ) AND `cmf_portal_category`.`delete_time` = '0' ORDER BY `list_order` ASC [ RunTime:0.000274s ]
[2026-05-27T08:56:48+08:00][sql] SELECT * FROM `cmf_product_category` WHERE  `id` = 19 LIMIT 1 [ RunTime:0.000256s ]
[2026-05-27T08:56:48+08:00][sql] SHOW FULL COLUMNS FROM `cmf_product` [ RunTime:0.000928s ]
[2026-05-27T08:56:48+08:00][sql] SELECT COUNT(*) AS think_count FROM `cmf_product` WHERE  `category_id` = 28 LIMIT 1 [ RunTime:0.000288s ]
[2026-05-27T08:56:48+08:00][sql] SELECT COUNT(*) AS think_count FROM `cmf_product` WHERE  `category_id` = 19 LIMIT 1 [ RunTime:0.000202s ]
[2026-05-27T08:56:48+08:00][sql] SELECT COUNT(*) AS think_count FROM `cmf_product` WHERE  `category_id` = 22 LIMIT 1 [ RunTime:0.000206s ]
[2026-05-27T08:56:48+08:00][sql] SELECT COUNT(*) AS think_count FROM `cmf_product` WHERE  `category_id` = 23 LIMIT 1 [ RunTime:0.000187s ]
[2026-05-27T08:56:48+08:00][sql] SELECT COUNT(*) AS think_count FROM `cmf_product` WHERE  `category_id` = 25 LIMIT 1 [ RunTime:0.000204s ]
[2026-05-27T08:56:48+08:00][sql] SELECT COUNT(*) AS think_count FROM `cmf_product` WHERE  `category_id` = 30 LIMIT 1 [ RunTime:0.000189s ]
[2026-05-27T08:56:48+08:00][sql] SELECT COUNT(*) AS think_count FROM `cmf_product` WHERE  `category_id` = 27 LIMIT 1 [ RunTime:0.000200s ]
[2026-05-27T08:56:48+08:00][sql] SELECT COUNT(*) AS think_count FROM `cmf_product` WHERE  `category_id` = 19 LIMIT 1 [ RunTime:0.000182s ]
[2026-05-27T08:56:48+08:00][sql] SELECT `id`,`category_id`,`title`,`thumbnail`,`industry`,`overview` FROM `cmf_product` WHERE  `category_id` = 19 ORDER BY `list_order` ASC,`create_time` DESC LIMIT 0,12 [ RunTime:0.000431s ]
[2026-05-27T08:56:48+08:00][sql] SHOW FULL COLUMNS FROM `cmf_slide_item` [ RunTime:0.000796s ]
[2026-05-27T08:56:48+08:00][sql] SELECT `title`,`description`,`image` FROM `cmf_slide_item` WHERE  `slide_id` = 2  AND `status` = 1 ORDER BY `list_order` ASC,`id` DESC LIMIT 1 [ RunTime:0.000328s ]
[2026-05-27T08:56:48+08:00][sql] SELECT `option_value` FROM `cmf_option` WHERE  `option_name` = 'storage' LIMIT 1 [ RunTime:0.000232s ]
[2026-05-27T08:56:48+08:00][sql] SHOW FULL COLUMNS FROM `cmf_portal_post` [ RunTime:0.001395s ]
[2026-05-27T08:56:48+08:00][sql] SELECT `id`,`post_title`,`post_excerpt`,`more` FROM `cmf_portal_post` WHERE (  `post_type` = 3 ) AND `cmf_portal_post`.`delete_time` = '0' ORDER BY `create_time` DESC [ RunTime:0.000514s ]
[2026-05-27T08:56:48+08:00][sql] SHOW FULL COLUMNS FROM `cmf_theme_file` [ RunTime:0.001012s ]
[2026-05-27T08:56:48+08:00][sql] SELECT `more`,`file`,`id` FROM `cmf_theme_file` WHERE  `theme` = 'simpleboot3'  AND (  `is_public` = 1 OR `file` = 'portal/product' ) ORDER BY `is_public` DESC [ RunTime:0.000383s ]
[2026-05-27T08:56:49+08:00][sql] CONNECT:[ UseTime:0.001295s ] mysql:host=127.0.0.1;port=3306;dbname=nucleon;charset=utf8mb4
[2026-05-27T08:56:49+08:00][sql] SHOW FULL COLUMNS FROM `cmf_option` [ RunTime:0.001577s ]
[2026-05-27T08:56:49+08:00][sql] SELECT `option_value` FROM `cmf_option` WHERE  `option_name` = 'cdn_settings' LIMIT 1 [ RunTime:0.000309s ]
[2026-05-27T08:56:49+08:00][sql] SELECT `option_value` FROM `cmf_option` WHERE  `option_name` = 'cdn_settings' LIMIT 1 [ RunTime:0.000379s ]
[2026-05-27T08:56:49+08:00][sql] SHOW FULL COLUMNS FROM `cmf_product_category` [ RunTime:0.001143s ]
[2026-05-27T08:56:49+08:00][sql] SELECT * FROM `cmf_product_category` WHERE  `parent_id` = 0 ORDER BY `list_order` ASC,`create_time` DESC [ RunTime:0.000368s ]
[2026-05-27T08:56:49+08:00][sql] SELECT * FROM `cmf_product_category` WHERE  `parent_id` IN (28,19,22,23,25,30,27) [ RunTime:0.000312s ]
[2026-05-27T08:56:49+08:00][sql] SHOW FULL COLUMNS FROM `cmf_portal_category` [ RunTime:0.001541s ]
[2026-05-27T08:56:49+08:00][sql] SELECT * FROM `cmf_portal_category` WHERE (  `type` = 8 ) AND `cmf_portal_category`.`delete_time` = '0' ORDER BY `list_order` ASC [ RunTime:0.000370s ]
[2026-05-27T08:56:49+08:00][sql] SELECT * FROM `cmf_product_category` WHERE  `id` = 28 LIMIT 1 [ RunTime:0.000334s ]
[2026-05-27T08:56:49+08:00][sql] SHOW FULL COLUMNS FROM `cmf_product` [ RunTime:0.001366s ]
[2026-05-27T08:56:49+08:00][sql] SELECT COUNT(*) AS think_count FROM `cmf_product` WHERE  `category_id` = 28 LIMIT 1 [ RunTime:0.000317s ]
[2026-05-27T08:56:49+08:00][sql] SELECT COUNT(*) AS think_count FROM `cmf_product` WHERE  `category_id` = 19 LIMIT 1 [ RunTime:0.000301s ]
[2026-05-27T08:56:49+08:00][sql] SELECT COUNT(*) AS think_count FROM `cmf_product` WHERE  `category_id` = 22 LIMIT 1 [ RunTime:0.000243s ]
[2026-05-27T08:56:49+08:00][sql] SELECT COUNT(*) AS think_count FROM `cmf_product` WHERE  `category_id` = 23 LIMIT 1 [ RunTime:0.000283s ]
[2026-05-27T08:56:49+08:00][sql] SELECT COUNT(*) AS think_count FROM `cmf_product` WHERE  `category_id` = 25 LIMIT 1 [ RunTime:0.000279s ]
[2026-05-27T08:56:49+08:00][sql] SELECT COUNT(*) AS think_count FROM `cmf_product` WHERE  `category_id` = 30 LIMIT 1 [ RunTime:0.000319s ]
[2026-05-27T08:56:49+08:00][sql] SELECT COUNT(*) AS think_count FROM `cmf_product` WHERE  `category_id` = 27 LIMIT 1 [ RunTime:0.000285s ]
[2026-05-27T08:56:49+08:00][sql] SELECT COUNT(*) AS think_count FROM `cmf_product` WHERE  `category_id` = 28 LIMIT 1 [ RunTime:0.000298s ]
[2026-05-27T08:56:49+08:00][sql] SELECT `id`,`category_id`,`title`,`thumbnail`,`industry`,`overview` FROM `cmf_product` WHERE  `category_id` = 28 ORDER BY `list_order` ASC,`create_time` DESC LIMIT 0,12 [ RunTime:0.000722s ]
[2026-05-27T08:56:49+08:00][sql] SHOW FULL COLUMNS FROM `cmf_slide_item` [ RunTime:0.001189s ]
[2026-05-27T08:56:49+08:00][sql] SELECT `title`,`description`,`image` FROM `cmf_slide_item` WHERE  `slide_id` = 2  AND `status` = 1 ORDER BY `list_order` ASC,`id` DESC LIMIT 1 [ RunTime:0.000384s ]
[2026-05-27T08:56:49+08:00][sql] SELECT `option_value` FROM `cmf_option` WHERE  `option_name` = 'storage' LIMIT 1 [ RunTime:0.000262s ]
[2026-05-27T08:56:49+08:00][sql] SHOW FULL COLUMNS FROM `cmf_portal_post` [ RunTime:0.001344s ]
[2026-05-27T08:56:49+08:00][sql] SELECT `id`,`post_title`,`post_excerpt`,`more` FROM `cmf_portal_post` WHERE (  `post_type` = 3 ) AND `cmf_portal_post`.`delete_time` = '0' ORDER BY `create_time` DESC [ RunTime:0.000509s ]
[2026-05-27T08:56:49+08:00][sql] SHOW FULL COLUMNS FROM `cmf_theme_file` [ RunTime:0.001067s ]
[2026-05-27T08:56:49+08:00][sql] SELECT `more`,`file`,`id` FROM `cmf_theme_file` WHERE  `theme` = 'simpleboot3'  AND (  `is_public` = 1 OR `file` = 'portal/product' ) ORDER BY `is_public` DESC [ RunTime:0.000330s ]
[2026-05-27T08:56:50+08:00][sql] CONNECT:[ UseTime:0.000842s ] mysql:host=127.0.0.1;port=3306;dbname=nucleon;charset=utf8mb4
[2026-05-27T08:56:50+08:00][sql] SHOW FULL COLUMNS FROM `cmf_option` [ RunTime:0.001705s ]
[2026-05-27T08:56:50+08:00][sql] SELECT `option_value` FROM `cmf_option` WHERE  `option_name` = 'cdn_settings' LIMIT 1 [ RunTime:0.000378s ]
[2026-05-27T08:56:50+08:00][sql] SELECT `option_value` FROM `cmf_option` WHERE  `option_name` = 'cdn_settings' LIMIT 1 [ RunTime:0.000518s ]
[2026-05-27T08:56:50+08:00][sql] SHOW FULL COLUMNS FROM `cmf_product_category` [ RunTime:0.001296s ]
[2026-05-27T08:56:50+08:00][sql] SELECT * FROM `cmf_product_category` WHERE  `parent_id` = 0 ORDER BY `list_order` ASC,`create_time` DESC [ RunTime:0.000368s ]
[2026-05-27T08:56:50+08:00][sql] SELECT * FROM `cmf_product_category` WHERE  `parent_id` IN (28,19,22,23,25,30,27) [ RunTime:0.000344s ]
[2026-05-27T08:56:50+08:00][sql] SHOW FULL COLUMNS FROM `cmf_portal_category` [ RunTime:0.001204s ]
[2026-05-27T08:56:50+08:00][sql] SELECT * FROM `cmf_portal_category` WHERE (  `type` = 8 ) AND `cmf_portal_category`.`delete_time` = '0' ORDER BY `list_order` ASC [ RunTime:0.000470s ]
[2026-05-27T08:56:50+08:00][sql] SELECT * FROM `cmf_product_category` WHERE  `id` = 19 LIMIT 1 [ RunTime:0.000339s ]
[2026-05-27T08:56:50+08:00][sql] SHOW FULL COLUMNS FROM `cmf_product` [ RunTime:0.001444s ]
[2026-05-27T08:56:50+08:00][sql] SELECT COUNT(*) AS think_count FROM `cmf_product` WHERE  `category_id` = 28 LIMIT 1 [ RunTime:0.000430s ]
[2026-05-27T08:56:50+08:00][sql] SELECT COUNT(*) AS think_count FROM `cmf_product` WHERE  `category_id` = 19 LIMIT 1 [ RunTime:0.000330s ]
[2026-05-27T08:56:50+08:00][sql] SELECT COUNT(*) AS think_count FROM `cmf_product` WHERE  `category_id` = 22 LIMIT 1 [ RunTime:0.000302s ]
[2026-05-27T08:56:50+08:00][sql] SELECT COUNT(*) AS think_count FROM `cmf_product` WHERE  `category_id` = 23 LIMIT 1 [ RunTime:0.000328s ]
[2026-05-27T08:56:50+08:00][sql] SELECT COUNT(*) AS think_count FROM `cmf_product` WHERE  `category_id` = 25 LIMIT 1 [ RunTime:0.000305s ]
[2026-05-27T08:56:50+08:00][sql] SELECT COUNT(*) AS think_count FROM `cmf_product` WHERE  `category_id` = 30 LIMIT 1 [ RunTime:0.000265s ]
[2026-05-27T08:56:50+08:00][sql] SELECT COUNT(*) AS think_count FROM `cmf_product` WHERE  `category_id` = 27 LIMIT 1 [ RunTime:0.000267s ]
[2026-05-27T08:56:50+08:00][sql] SELECT COUNT(*) AS think_count FROM `cmf_product` WHERE  `category_id` = 19 LIMIT 1 [ RunTime:0.000265s ]
[2026-05-27T08:56:50+08:00][sql] SELECT `id`,`category_id`,`title`,`thumbnail`,`industry`,`overview` FROM `cmf_product` WHERE  `category_id` = 19 ORDER BY `list_order` ASC,`create_time` DESC LIMIT 0,12 [ RunTime:0.000501s ]
[2026-05-27T08:56:50+08:00][sql] SHOW FULL COLUMNS FROM `cmf_slide_item` [ RunTime:0.001067s ]
[2026-05-27T08:56:50+08:00][sql] SELECT `title`,`description`,`image` FROM `cmf_slide_item` WHERE  `slide_id` = 2  AND `status` = 1 ORDER BY `list_order` ASC,`id` DESC LIMIT 1 [ RunTime:0.000386s ]
[2026-05-27T08:56:50+08:00][sql] SELECT `option_value` FROM `cmf_option` WHERE  `option_name` = 'storage' LIMIT 1 [ RunTime:0.000222s ]
[2026-05-27T08:56:50+08:00][sql] SHOW FULL COLUMNS FROM `cmf_portal_post` [ RunTime:0.001207s ]
[2026-05-27T08:56:50+08:00][sql] SELECT `id`,`post_title`,`post_excerpt`,`more` FROM `cmf_portal_post` WHERE (  `post_type` = 3 ) AND `cmf_portal_post`.`delete_time` = '0' ORDER BY `create_time` DESC [ RunTime:0.000448s ]
[2026-05-27T08:56:50+08:00][sql] SHOW FULL COLUMNS FROM `cmf_theme_file` [ RunTime:0.001019s ]
[2026-05-27T08:56:50+08:00][sql] SELECT `more`,`file`,`id` FROM `cmf_theme_file` WHERE  `theme` = 'simpleboot3'  AND (  `is_public` = 1 OR `file` = 'portal/product' ) ORDER BY `is_public` DESC [ RunTime:0.000307s ]
[2026-05-27T08:56:51+08:00][sql] CONNECT:[ UseTime:0.000688s ] mysql:host=127.0.0.1;port=3306;dbname=nucleon;charset=utf8mb4
[2026-05-27T08:56:51+08:00][sql] SHOW FULL COLUMNS FROM `cmf_option` [ RunTime:0.001058s ]
[2026-05-27T08:56:51+08:00][sql] SELECT `option_value` FROM `cmf_option` WHERE  `option_name` = 'cdn_settings' LIMIT 1 [ RunTime:0.000227s ]
[2026-05-27T08:56:51+08:00][sql] SELECT `option_value` FROM `cmf_option` WHERE  `option_name` = 'cdn_settings' LIMIT 1 [ RunTime:0.000230s ]
[2026-05-27T08:56:51+08:00][sql] SHOW FULL COLUMNS FROM `cmf_product_category` [ RunTime:0.000756s ]
[2026-05-27T08:56:51+08:00][sql] SELECT * FROM `cmf_product_category` WHERE  `parent_id` = 0 ORDER BY `list_order` ASC,`create_time` DESC [ RunTime:0.000267s ]
[2026-05-27T08:56:51+08:00][sql] SELECT * FROM `cmf_product_category` WHERE  `parent_id` IN (28,19,22,23,25,30,27) [ RunTime:0.000263s ]
[2026-05-27T08:56:51+08:00][sql] SHOW FULL COLUMNS FROM `cmf_portal_category` [ RunTime:0.002060s ]
[2026-05-27T08:56:51+08:00][sql] SELECT * FROM `cmf_portal_category` WHERE (  `type` = 8 ) AND `cmf_portal_category`.`delete_time` = '0' ORDER BY `list_order` ASC [ RunTime:0.000327s ]
[2026-05-27T08:56:51+08:00][sql] SELECT * FROM `cmf_product_category` WHERE  `id` = 22 LIMIT 1 [ RunTime:0.000314s ]
[2026-05-27T08:56:51+08:00][sql] SHOW FULL COLUMNS FROM `cmf_product` [ RunTime:0.001021s ]
[2026-05-27T08:56:51+08:00][sql] SELECT COUNT(*) AS think_count FROM `cmf_product` WHERE  `category_id` = 28 LIMIT 1 [ RunTime:0.000279s ]
[2026-05-27T08:56:51+08:00][sql] SELECT COUNT(*) AS think_count FROM `cmf_product` WHERE  `category_id` = 19 LIMIT 1 [ RunTime:0.000203s ]
[2026-05-27T08:56:51+08:00][sql] SELECT COUNT(*) AS think_count FROM `cmf_product` WHERE  `category_id` = 22 LIMIT 1 [ RunTime:0.000203s ]
[2026-05-27T08:56:51+08:00][sql] SELECT COUNT(*) AS think_count FROM `cmf_product` WHERE  `category_id` = 23 LIMIT 1 [ RunTime:0.000179s ]
[2026-05-27T08:56:51+08:00][sql] SELECT COUNT(*) AS think_count FROM `cmf_product` WHERE  `category_id` = 25 LIMIT 1 [ RunTime:0.000210s ]
[2026-05-27T08:56:51+08:00][sql] SELECT COUNT(*) AS think_count FROM `cmf_product` WHERE  `category_id` = 30 LIMIT 1 [ RunTime:0.000181s ]
[2026-05-27T08:56:51+08:00][sql] SELECT COUNT(*) AS think_count FROM `cmf_product` WHERE  `category_id` = 27 LIMIT 1 [ RunTime:0.000224s ]
[2026-05-27T08:56:51+08:00][sql] SELECT COUNT(*) AS think_count FROM `cmf_product` WHERE  `category_id` = 22 LIMIT 1 [ RunTime:0.000191s ]
[2026-05-27T08:56:51+08:00][sql] SELECT `id`,`category_id`,`title`,`thumbnail`,`industry`,`overview` FROM `cmf_product` WHERE  `category_id` = 22 ORDER BY `list_order` ASC,`create_time` DESC LIMIT 0,12 [ RunTime:0.000317s ]
[2026-05-27T08:56:51+08:00][sql] SHOW FULL COLUMNS FROM `cmf_slide_item` [ RunTime:0.000769s ]
[2026-05-27T08:56:51+08:00][sql] SELECT `title`,`description`,`image` FROM `cmf_slide_item` WHERE  `slide_id` = 2  AND `status` = 1 ORDER BY `list_order` ASC,`id` DESC LIMIT 1 [ RunTime:0.000285s ]
[2026-05-27T08:56:51+08:00][sql] SELECT `option_value` FROM `cmf_option` WHERE  `option_name` = 'storage' LIMIT 1 [ RunTime:0.000185s ]
[2026-05-27T08:56:51+08:00][sql] SHOW FULL COLUMNS FROM `cmf_portal_post` [ RunTime:0.001072s ]
[2026-05-27T08:56:51+08:00][sql] SELECT `id`,`post_title`,`post_excerpt`,`more` FROM `cmf_portal_post` WHERE (  `post_type` = 3 ) AND `cmf_portal_post`.`delete_time` = '0' ORDER BY `create_time` DESC [ RunTime:0.000294s ]
[2026-05-27T08:56:51+08:00][sql] SHOW FULL COLUMNS FROM `cmf_theme_file` [ RunTime:0.000872s ]
[2026-05-27T08:56:51+08:00][sql] SELECT `more`,`file`,`id` FROM `cmf_theme_file` WHERE  `theme` = 'simpleboot3'  AND (  `is_public` = 1 OR `file` = 'portal/product' ) ORDER BY `is_public` DESC [ RunTime:0.000271s ]
[2026-05-27T08:56:54+08:00][sql] CONNECT:[ UseTime:0.000891s ] mysql:host=127.0.0.1;port=3306;dbname=nucleon;charset=utf8mb4
[2026-05-27T08:56:54+08:00][sql] SHOW FULL COLUMNS FROM `cmf_option` [ RunTime:0.001372s ]
[2026-05-27T08:56:54+08:00][sql] SELECT `option_value` FROM `cmf_option` WHERE  `option_name` = 'cdn_settings' LIMIT 1 [ RunTime:0.000279s ]
[2026-05-27T08:56:54+08:00][sql] SELECT `option_value` FROM `cmf_option` WHERE  `option_name` = 'cdn_settings' LIMIT 1 [ RunTime:0.000339s ]
[2026-05-27T08:56:54+08:00][sql] SHOW FULL COLUMNS FROM `cmf_product_category` [ RunTime:0.001096s ]
[2026-05-27T08:56:54+08:00][sql] SELECT * FROM `cmf_product_category` WHERE  `parent_id` = 0 ORDER BY `list_order` ASC,`create_time` DESC [ RunTime:0.000342s ]
[2026-05-27T08:56:54+08:00][sql] SELECT * FROM `cmf_product_category` WHERE  `parent_id` IN (28,19,22,23,25,30,27) [ RunTime:0.000519s ]
[2026-05-27T08:56:54+08:00][sql] SHOW FULL COLUMNS FROM `cmf_portal_category` [ RunTime:0.001044s ]
[2026-05-27T08:56:54+08:00][sql] SELECT * FROM `cmf_portal_category` WHERE (  `type` = 8 ) AND `cmf_portal_category`.`delete_time` = '0' ORDER BY `list_order` ASC [ RunTime:0.000312s ]
[2026-05-27T08:56:54+08:00][sql] SHOW FULL COLUMNS FROM `cmf_slide_item` [ RunTime:0.000960s ]
[2026-05-27T08:56:54+08:00][sql] SELECT `title`,`description`,`image`,`url`,`target`,`content` FROM `cmf_slide_item` WHERE  `slide_id` = 1 ORDER BY `list_order` ASC [ RunTime:0.000327s ]
[2026-05-27T08:56:54+08:00][sql] SHOW FULL COLUMNS FROM `cmf_slide` [ RunTime:0.000856s ]
[2026-05-27T08:56:54+08:00][sql] SELECT * FROM `cmf_slide` WHERE  `name` LIKE '%choose%' OR `name` LIKE '%选择%' LIMIT 1 [ RunTime:0.000331s ]
[2026-05-27T08:56:54+08:00][sql] SELECT `title`,`description`,`image`,`url`,`target`,`content` FROM `cmf_slide_item` WHERE  `slide_id` = 14  AND `status` = 1 ORDER BY `list_order` ASC [ RunTime:0.000318s ]
[2026-05-27T08:56:54+08:00][sql] SELECT * FROM `cmf_product_category` WHERE  `parent_id` = 0  AND `recommend` = 1 ORDER BY `list_order` ASC,`create_time` DESC [ RunTime:0.000303s ]
[2026-05-27T08:56:54+08:00][sql] SHOW FULL COLUMNS FROM `cmf_product` [ RunTime:0.001118s ]
[2026-05-27T08:56:54+08:00][sql] SELECT `id`,`title`,`thumbnail`,`industry` FROM `cmf_product` WHERE  `is_recommended` = 1  AND `category_id` = 28 ORDER BY `list_order` ASC LIMIT 6 [ RunTime:0.000490s ]
[2026-05-27T08:56:54+08:00][sql] SELECT `id`,`title`,`thumbnail`,`industry` FROM `cmf_product` WHERE  `is_recommended` = 1  AND `category_id` = 19 ORDER BY `list_order` ASC LIMIT 6 [ RunTime:0.000423s ]
[2026-05-27T08:56:54+08:00][sql] SELECT `id`,`title`,`thumbnail`,`industry` FROM `cmf_product` WHERE  `is_recommended` = 1  AND `category_id` = 23 ORDER BY `list_order` ASC LIMIT 6 [ RunTime:0.000468s ]
[2026-05-27T08:56:54+08:00][sql] SELECT `id`,`title`,`thumbnail`,`industry` FROM `cmf_product` WHERE  `is_recommended` = 1  AND `category_id` = 25 ORDER BY `list_order` ASC LIMIT 6 [ RunTime:0.000316s ]
[2026-05-27T08:56:54+08:00][sql] SELECT `id`,`title`,`thumbnail`,`industry` FROM `cmf_product` WHERE  `is_recommended` = 1  AND `category_id` = 30 ORDER BY `list_order` ASC LIMIT 6 [ RunTime:0.000294s ]
[2026-05-27T08:56:54+08:00][sql] SHOW FULL COLUMNS FROM `cmf_portal_post` [ RunTime:0.001936s ]
[2026-05-27T08:56:54+08:00][sql] SELECT `p`.`id`,`p`.`post_title`,`p`.`post_excerpt`,`p`.`thumbnail`,`p`.`create_time`,`c`.`category_id` FROM `cmf_portal_post` `p` INNER JOIN `cmf_portal_category_post` `c` ON `p`.`id`=`c`.`post_id` WHERE (  `p`.`post_type` = '8' ) AND `p`.`delete_time` = '0' ORDER BY `c`.`list_order` ASC,`p`.`create_time` DESC [ RunTime:0.000605s ]
[2026-05-27T08:56:54+08:00][sql] SELECT `id`,`post_title`,`post_excerpt`,`more` FROM `cmf_portal_post` WHERE (  `post_type` = 3 ) AND `cmf_portal_post`.`delete_time` = '0' ORDER BY `create_time` DESC [ RunTime:0.000340s ]
[2026-05-27T08:56:54+08:00][sql] SHOW FULL COLUMNS FROM `cmf_theme_file` [ RunTime:0.001422s ]
[2026-05-27T08:56:54+08:00][sql] SELECT `more`,`file`,`id` FROM `cmf_theme_file` WHERE  `theme` = 'simpleboot3'  AND (  `is_public` = 1 OR `file` = 'portal/index' ) ORDER BY `is_public` DESC [ RunTime:0.000386s ]
[2026-05-27T08:56:54+08:00][sql] SELECT `option_value` FROM `cmf_option` WHERE  `option_name` = 'storage' LIMIT 1 [ RunTime:0.000678s ]
[2026-05-27T08:57:46+08:00][sql] CONNECT:[ UseTime:0.001311s ] mysql:host=127.0.0.1;port=3306;dbname=nucleon;charset=utf8mb4
[2026-05-27T08:57:46+08:00][sql] SHOW FULL COLUMNS FROM `cmf_option` [ RunTime:0.001428s ]
[2026-05-27T08:57:46+08:00][sql] SELECT `option_value` FROM `cmf_option` WHERE  `option_name` = 'cdn_settings' LIMIT 1 [ RunTime:0.000293s ]
[2026-05-27T08:57:46+08:00][sql] SELECT `option_value` FROM `cmf_option` WHERE  `option_name` = 'cdn_settings' LIMIT 1 [ RunTime:0.001107s ]
[2026-05-27T08:57:46+08:00][sql] SHOW FULL COLUMNS FROM `cmf_product_category` [ RunTime:0.001441s ]
[2026-05-27T08:57:46+08:00][sql] SELECT * FROM `cmf_product_category` WHERE  `parent_id` = 0 ORDER BY `list_order` ASC,`create_time` DESC [ RunTime:0.000424s ]
[2026-05-27T08:57:46+08:00][sql] SELECT * FROM `cmf_product_category` WHERE  `parent_id` IN (28,19,22,23,25,30,27) [ RunTime:0.000342s ]
[2026-05-27T08:57:46+08:00][sql] SHOW FULL COLUMNS FROM `cmf_portal_category` [ RunTime:0.001344s ]
[2026-05-27T08:57:46+08:00][sql] SELECT * FROM `cmf_portal_category` WHERE (  `type` = 8 ) AND `cmf_portal_category`.`delete_time` = '0' ORDER BY `list_order` ASC [ RunTime:0.000366s ]
[2026-05-27T08:57:46+08:00][sql] SHOW FULL COLUMNS FROM `cmf_slide_item` [ RunTime:0.001146s ]
[2026-05-27T08:57:46+08:00][sql] SELECT `title`,`description`,`image`,`url`,`target`,`content` FROM `cmf_slide_item` WHERE  `slide_id` = 1 ORDER BY `list_order` ASC [ RunTime:0.000341s ]
[2026-05-27T08:57:46+08:00][sql] SHOW FULL COLUMNS FROM `cmf_slide` [ RunTime:0.001037s ]
[2026-05-27T08:57:46+08:00][sql] SELECT * FROM `cmf_slide` WHERE  `name` LIKE '%choose%' OR `name` LIKE '%选择%' LIMIT 1 [ RunTime:0.000381s ]
[2026-05-27T08:57:46+08:00][sql] SELECT `title`,`description`,`image`,`url`,`target`,`content` FROM `cmf_slide_item` WHERE  `slide_id` = 14  AND `status` = 1 ORDER BY `list_order` ASC [ RunTime:0.000429s ]
[2026-05-27T08:57:46+08:00][sql] SELECT * FROM `cmf_product_category` WHERE  `parent_id` = 0  AND `recommend` = 1 ORDER BY `list_order` ASC,`create_time` DESC [ RunTime:0.000686s ]
[2026-05-27T08:57:46+08:00][sql] SHOW FULL COLUMNS FROM `cmf_product` [ RunTime:0.001739s ]
[2026-05-27T08:57:46+08:00][sql] SELECT `id`,`title`,`thumbnail`,`industry` FROM `cmf_product` WHERE  `is_recommended` = 1  AND `category_id` = 28 ORDER BY `list_order` ASC LIMIT 6 [ RunTime:0.000567s ]
[2026-05-27T08:57:46+08:00][sql] SELECT `id`,`title`,`thumbnail`,`industry` FROM `cmf_product` WHERE  `is_recommended` = 1  AND `category_id` = 19 ORDER BY `list_order` ASC LIMIT 6 [ RunTime:0.000432s ]
[2026-05-27T08:57:46+08:00][sql] SELECT `id`,`title`,`thumbnail`,`industry` FROM `cmf_product` WHERE  `is_recommended` = 1  AND `category_id` = 23 ORDER BY `list_order` ASC LIMIT 6 [ RunTime:0.000413s ]
[2026-05-27T08:57:46+08:00][sql] SELECT `id`,`title`,`thumbnail`,`industry` FROM `cmf_product` WHERE  `is_recommended` = 1  AND `category_id` = 25 ORDER BY `list_order` ASC LIMIT 6 [ RunTime:0.000324s ]
[2026-05-27T08:57:46+08:00][sql] SELECT `id`,`title`,`thumbnail`,`industry` FROM `cmf_product` WHERE  `is_recommended` = 1  AND `category_id` = 30 ORDER BY `list_order` ASC LIMIT 6 [ RunTime:0.000359s ]
[2026-05-27T08:57:46+08:00][sql] SHOW FULL COLUMNS FROM `cmf_portal_post` [ RunTime:0.001412s ]
[2026-05-27T08:57:46+08:00][sql] SELECT `p`.`id`,`p`.`post_title`,`p`.`post_excerpt`,`p`.`thumbnail`,`p`.`create_time`,`c`.`category_id` FROM `cmf_portal_post` `p` INNER JOIN `cmf_portal_category_post` `c` ON `p`.`id`=`c`.`post_id` WHERE (  `p`.`post_type` = '8' ) AND `p`.`delete_time` = '0' ORDER BY `c`.`list_order` ASC,`p`.`create_time` DESC [ RunTime:0.000623s ]
[2026-05-27T08:57:46+08:00][sql] SELECT `id`,`post_title`,`post_excerpt`,`more` FROM `cmf_portal_post` WHERE (  `post_type` = 3 ) AND `cmf_portal_post`.`delete_time` = '0' ORDER BY `create_time` DESC [ RunTime:0.000404s ]
[2026-05-27T08:57:46+08:00][sql] SHOW FULL COLUMNS FROM `cmf_theme_file` [ RunTime:0.001610s ]
[2026-05-27T08:57:46+08:00][sql] SELECT `more`,`file`,`id` FROM `cmf_theme_file` WHERE  `theme` = 'simpleboot3'  AND (  `is_public` = 1 OR `file` = 'portal/index' ) ORDER BY `is_public` DESC [ RunTime:0.000597s ]
[2026-05-27T08:57:46+08:00][sql] SELECT `option_value` FROM `cmf_option` WHERE  `option_name` = 'storage' LIMIT 1 [ RunTime:0.000819s ]
[2026-05-27T09:02:55+08:00][sql] CONNECT:[ UseTime:0.001227s ] mysql:host=127.0.0.1;port=3306;dbname=nucleon;charset=utf8mb4
[2026-05-27T09:02:55+08:00][sql] SHOW FULL COLUMNS FROM `cmf_option` [ RunTime:0.001800s ]
[2026-05-27T09:02:55+08:00][sql] SELECT `option_value` FROM `cmf_option` WHERE  `option_name` = 'cdn_settings' LIMIT 1 [ RunTime:0.000403s ]
[2026-05-27T09:02:55+08:00][sql] SELECT `option_value` FROM `cmf_option` WHERE  `option_name` = 'cdn_settings' LIMIT 1 [ RunTime:0.000437s ]
[2026-05-27T09:02:55+08:00][sql] SHOW FULL COLUMNS FROM `cmf_product_category` [ RunTime:0.001138s ]
[2026-05-27T09:02:55+08:00][sql] SELECT * FROM `cmf_product_category` WHERE  `parent_id` = 0 ORDER BY `list_order` ASC,`create_time` DESC [ RunTime:0.000372s ]
[2026-05-27T09:02:55+08:00][sql] SELECT * FROM `cmf_product_category` WHERE  `parent_id` IN (28,19,22,23,25,30,27) [ RunTime:0.000301s ]
[2026-05-27T09:02:55+08:00][sql] SHOW FULL COLUMNS FROM `cmf_portal_category` [ RunTime:0.001119s ]
[2026-05-27T09:02:55+08:00][sql] SELECT * FROM `cmf_portal_category` WHERE (  `type` = 8 ) AND `cmf_portal_category`.`delete_time` = '0' ORDER BY `list_order` ASC [ RunTime:0.000334s ]
[2026-05-27T09:02:55+08:00][sql] SHOW FULL COLUMNS FROM `cmf_product` [ RunTime:0.001374s ]
[2026-05-27T09:02:55+08:00][sql] SELECT COUNT(*) AS think_count FROM `cmf_product` WHERE  `category_id` = 28 LIMIT 1 [ RunTime:0.000519s ]
[2026-05-27T09:02:55+08:00][sql] SELECT COUNT(*) AS think_count FROM `cmf_product` WHERE  `category_id` = 19 LIMIT 1 [ RunTime:0.000308s ]
[2026-05-27T09:02:55+08:00][sql] SELECT COUNT(*) AS think_count FROM `cmf_product` WHERE  `category_id` = 22 LIMIT 1 [ RunTime:0.000287s ]
[2026-05-27T09:02:55+08:00][sql] SELECT COUNT(*) AS think_count FROM `cmf_product` WHERE  `category_id` = 23 LIMIT 1 [ RunTime:0.000243s ]
[2026-05-27T09:02:55+08:00][sql] SELECT COUNT(*) AS think_count FROM `cmf_product` WHERE  `category_id` = 25 LIMIT 1 [ RunTime:0.000267s ]
[2026-05-27T09:02:55+08:00][sql] SELECT COUNT(*) AS think_count FROM `cmf_product` WHERE  `category_id` = 30 LIMIT 1 [ RunTime:0.000251s ]
[2026-05-27T09:02:55+08:00][sql] SELECT COUNT(*) AS think_count FROM `cmf_product` WHERE  `category_id` = 27 LIMIT 1 [ RunTime:0.000240s ]
[2026-05-27T09:02:55+08:00][sql] SELECT COUNT(*) AS think_count FROM `cmf_product` LIMIT 1 [ RunTime:0.000244s ]
[2026-05-27T09:02:55+08:00][sql] SELECT `id`,`category_id`,`title`,`thumbnail`,`industry`,`overview` FROM `cmf_product` ORDER BY `list_order` ASC,`create_time` DESC LIMIT 0,12 [ RunTime:0.000903s ]
[2026-05-27T09:02:55+08:00][sql] SHOW FULL COLUMNS FROM `cmf_slide_item` [ RunTime:0.001183s ]
[2026-05-27T09:02:55+08:00][sql] SELECT `title`,`description`,`image` FROM `cmf_slide_item` WHERE  `slide_id` = 2  AND `status` = 1 ORDER BY `list_order` ASC,`id` DESC LIMIT 1 [ RunTime:0.000384s ]
[2026-05-27T09:02:55+08:00][sql] SELECT `option_value` FROM `cmf_option` WHERE  `option_name` = 'storage' LIMIT 1 [ RunTime:0.000238s ]
[2026-05-27T09:02:55+08:00][sql] SHOW FULL COLUMNS FROM `cmf_portal_post` [ RunTime:0.001199s ]
[2026-05-27T09:02:55+08:00][sql] SELECT `id`,`post_title`,`post_excerpt`,`more` FROM `cmf_portal_post` WHERE (  `post_type` = 3 ) AND `cmf_portal_post`.`delete_time` = '0' ORDER BY `create_time` DESC [ RunTime:0.000427s ]
[2026-05-27T09:02:55+08:00][sql] SHOW FULL COLUMNS FROM `cmf_theme_file` [ RunTime:0.001068s ]
[2026-05-27T09:02:55+08:00][sql] SELECT `more`,`file`,`id` FROM `cmf_theme_file` WHERE  `theme` = 'simpleboot3'  AND (  `is_public` = 1 OR `file` = 'portal/product' ) ORDER BY `is_public` DESC [ RunTime:0.000298s ]
[2026-05-27T09:04:29+08:00][sql] CONNECT:[ UseTime:0.000884s ] mysql:host=127.0.0.1;port=3306;dbname=nucleon;charset=utf8mb4
[2026-05-27T09:04:29+08:00][sql] SHOW FULL COLUMNS FROM `cmf_option` [ RunTime:0.001263s ]
[2026-05-27T09:04:29+08:00][sql] SELECT `option_value` FROM `cmf_option` WHERE  `option_name` = 'cdn_settings' LIMIT 1 [ RunTime:0.000259s ]
[2026-05-27T09:04:29+08:00][sql] SELECT `option_value` FROM `cmf_option` WHERE  `option_name` = 'cdn_settings' LIMIT 1 [ RunTime:0.000338s ]
[2026-05-27T09:04:29+08:00][sql] SHOW FULL COLUMNS FROM `cmf_product_category` [ RunTime:0.001203s ]
[2026-05-27T09:04:29+08:00][sql] SELECT * FROM `cmf_product_category` WHERE  `parent_id` = 0 ORDER BY `list_order` ASC,`create_time` DESC [ RunTime:0.000365s ]
[2026-05-27T09:04:29+08:00][sql] SELECT * FROM `cmf_product_category` WHERE  `parent_id` IN (28,19,22,23,25,30,27) [ RunTime:0.000277s ]
[2026-05-27T09:04:29+08:00][sql] SHOW FULL COLUMNS FROM `cmf_portal_category` [ RunTime:0.001256s ]
[2026-05-27T09:04:29+08:00][sql] SELECT * FROM `cmf_portal_category` WHERE (  `type` = 8 ) AND `cmf_portal_category`.`delete_time` = '0' ORDER BY `list_order` ASC [ RunTime:0.000320s ]
[2026-05-27T09:04:29+08:00][sql] SHOW FULL COLUMNS FROM `cmf_slide_item` [ RunTime:0.001002s ]
[2026-05-27T09:04:29+08:00][sql] SELECT `title`,`description`,`image`,`url`,`target`,`content` FROM `cmf_slide_item` WHERE  `slide_id` = 1 ORDER BY `list_order` ASC [ RunTime:0.000300s ]
[2026-05-27T09:04:29+08:00][sql] SHOW FULL COLUMNS FROM `cmf_slide` [ RunTime:0.000815s ]
[2026-05-27T09:04:29+08:00][sql] SELECT * FROM `cmf_slide` WHERE  `name` LIKE '%choose%' OR `name` LIKE '%选择%' LIMIT 1 [ RunTime:0.000412s ]
[2026-05-27T09:04:29+08:00][sql] SELECT `title`,`description`,`image`,`url`,`target`,`content` FROM `cmf_slide_item` WHERE  `slide_id` = 14  AND `status` = 1 ORDER BY `list_order` ASC [ RunTime:0.000329s ]
[2026-05-27T09:04:29+08:00][sql] SELECT * FROM `cmf_product_category` WHERE  `parent_id` = 0  AND `recommend` = 1 ORDER BY `list_order` ASC,`create_time` DESC [ RunTime:0.000280s ]
[2026-05-27T09:04:29+08:00][sql] SHOW FULL COLUMNS FROM `cmf_product` [ RunTime:0.001136s ]
[2026-05-27T09:04:29+08:00][sql] SELECT `id`,`title`,`thumbnail`,`industry` FROM `cmf_product` WHERE  `is_recommended` = 1  AND `category_id` = 28 ORDER BY `list_order` ASC LIMIT 6 [ RunTime:0.000475s ]
[2026-05-27T09:04:29+08:00][sql] SELECT `id`,`title`,`thumbnail`,`industry` FROM `cmf_product` WHERE  `is_recommended` = 1  AND `category_id` = 19 ORDER BY `list_order` ASC LIMIT 6 [ RunTime:0.000388s ]
[2026-05-27T09:04:29+08:00][sql] SELECT `id`,`title`,`thumbnail`,`industry` FROM `cmf_product` WHERE  `is_recommended` = 1  AND `category_id` = 23 ORDER BY `list_order` ASC LIMIT 6 [ RunTime:0.000832s ]
[2026-05-27T09:04:29+08:00][sql] SELECT `id`,`title`,`thumbnail`,`industry` FROM `cmf_product` WHERE  `is_recommended` = 1  AND `category_id` = 25 ORDER BY `list_order` ASC LIMIT 6 [ RunTime:0.000356s ]
[2026-05-27T09:04:29+08:00][sql] SELECT `id`,`title`,`thumbnail`,`industry` FROM `cmf_product` WHERE  `is_recommended` = 1  AND `category_id` = 30 ORDER BY `list_order` ASC LIMIT 6 [ RunTime:0.000364s ]
[2026-05-27T09:04:29+08:00][sql] SHOW FULL COLUMNS FROM `cmf_portal_post` [ RunTime:0.001273s ]
[2026-05-27T09:04:29+08:00][sql] SELECT `p`.`id`,`p`.`post_title`,`p`.`post_excerpt`,`p`.`thumbnail`,`p`.`create_time`,`c`.`category_id` FROM `cmf_portal_post` `p` INNER JOIN `cmf_portal_category_post` `c` ON `p`.`id`=`c`.`post_id` WHERE (  `p`.`post_type` = '8' ) AND `p`.`delete_time` = '0' ORDER BY `c`.`list_order` ASC,`p`.`create_time` DESC [ RunTime:0.000605s ]
[2026-05-27T09:04:29+08:00][sql] SELECT `id`,`post_title`,`post_excerpt`,`more` FROM `cmf_portal_post` WHERE (  `post_type` = 3 ) AND `cmf_portal_post`.`delete_time` = '0' ORDER BY `create_time` DESC [ RunTime:0.000310s ]
[2026-05-27T09:04:29+08:00][sql] SHOW FULL COLUMNS FROM `cmf_theme_file` [ RunTime:0.001085s ]
[2026-05-27T09:04:29+08:00][sql] SELECT `more`,`file`,`id` FROM `cmf_theme_file` WHERE  `theme` = 'simpleboot3'  AND (  `is_public` = 1 OR `file` = 'portal/index' ) ORDER BY `is_public` DESC [ RunTime:0.000330s ]
[2026-05-27T09:04:29+08:00][sql] SELECT `option_value` FROM `cmf_option` WHERE  `option_name` = 'storage' LIMIT 1 [ RunTime:0.000286s ]
[2026-05-27T09:07:17+08:00][sql] CONNECT:[ UseTime:0.001016s ] mysql:host=127.0.0.1;port=3306;dbname=nucleon;charset=utf8mb4
[2026-05-27T09:07:17+08:00][sql] SHOW FULL COLUMNS FROM `cmf_option` [ RunTime:0.002137s ]
[2026-05-27T09:07:17+08:00][sql] SELECT `option_value` FROM `cmf_option` WHERE  `option_name` = 'cdn_settings' LIMIT 1 [ RunTime:0.000330s ]
[2026-05-27T09:07:17+08:00][sql] CONNECT:[ UseTime:0.000897s ] mysql:host=127.0.0.1;port=3306;dbname=nucleon;charset=utf8mb4
[2026-05-27T09:07:17+08:00][sql] SHOW FULL COLUMNS FROM `cmf_option` [ RunTime:0.001138s ]
[2026-05-27T09:07:17+08:00][sql] SELECT `option_value` FROM `cmf_option` WHERE  `option_name` = 'cdn_settings' LIMIT 1 [ RunTime:0.000246s ]
[2026-05-27T09:07:17+08:00][sql] CONNECT:[ UseTime:0.016119s ] mysql:host=127.0.0.1;port=3306;dbname=nucleon;charset=utf8mb4
[2026-05-27T09:07:17+08:00][sql] SHOW FULL COLUMNS FROM `cmf_option` [ RunTime:0.003150s ]
[2026-05-27T09:07:17+08:00][sql] SELECT `option_value` FROM `cmf_option` WHERE  `option_name` = 'cdn_settings' LIMIT 1 [ RunTime:0.000339s ]
[2026-05-27T09:07:17+08:00][sql] SELECT `option_value` FROM `cmf_option` WHERE  `option_name` = 'cdn_settings' LIMIT 1 [ RunTime:0.000438s ]
[2026-05-27T09:07:17+08:00][sql] SHOW FULL COLUMNS FROM `cmf_product_category` [ RunTime:0.001526s ]
[2026-05-27T09:07:17+08:00][sql] SELECT * FROM `cmf_product_category` WHERE  `parent_id` = 0 ORDER BY `list_order` ASC,`create_time` DESC [ RunTime:0.000590s ]
[2026-05-27T09:07:17+08:00][sql] SELECT * FROM `cmf_product_category` WHERE  `parent_id` IN (28,19,22,23,25,30,27) [ RunTime:0.001160s ]
[2026-05-27T09:07:17+08:00][sql] SHOW FULL COLUMNS FROM `cmf_portal_category` [ RunTime:0.001955s ]
[2026-05-27T09:07:17+08:00][sql] SELECT * FROM `cmf_portal_category` WHERE (  `type` = 8 ) AND `cmf_portal_category`.`delete_time` = '0' ORDER BY `list_order` ASC [ RunTime:0.000452s ]
[2026-05-27T09:07:17+08:00][sql] SHOW FULL COLUMNS FROM `cmf_slide_item` [ RunTime:0.001915s ]
[2026-05-27T09:07:17+08:00][sql] SELECT `title`,`description`,`image`,`url`,`target`,`content` FROM `cmf_slide_item` WHERE  `slide_id` = 1 ORDER BY `list_order` ASC [ RunTime:0.000560s ]
[2026-05-27T09:07:17+08:00][sql] SHOW FULL COLUMNS FROM `cmf_slide` [ RunTime:0.001548s ]
[2026-05-27T09:07:17+08:00][sql] SELECT * FROM `cmf_slide` WHERE  `name` LIKE '%choose%' OR `name` LIKE '%选择%' LIMIT 1 [ RunTime:0.001692s ]
[2026-05-27T09:07:17+08:00][sql] SELECT `title`,`description`,`image`,`url`,`target`,`content` FROM `cmf_slide_item` WHERE  `slide_id` = 14  AND `status` = 1 ORDER BY `list_order` ASC [ RunTime:0.000642s ]
[2026-05-27T09:07:17+08:00][sql] SELECT * FROM `cmf_product_category` WHERE  `parent_id` = 0  AND `recommend` = 1 ORDER BY `list_order` ASC,`create_time` DESC [ RunTime:0.000700s ]
[2026-05-27T09:07:17+08:00][sql] SHOW FULL COLUMNS FROM `cmf_product` [ RunTime:0.002076s ]
[2026-05-27T09:07:17+08:00][sql] SELECT `id`,`title`,`thumbnail`,`industry` FROM `cmf_product` WHERE  `is_recommended` = 1  AND `category_id` = 28 ORDER BY `list_order` ASC LIMIT 6 [ RunTime:0.000657s ]
[2026-05-27T09:07:17+08:00][sql] SELECT `id`,`title`,`thumbnail`,`industry` FROM `cmf_product` WHERE  `is_recommended` = 1  AND `category_id` = 19 ORDER BY `list_order` ASC LIMIT 6 [ RunTime:0.000478s ]
[2026-05-27T09:07:17+08:00][sql] SELECT `id`,`title`,`thumbnail`,`industry` FROM `cmf_product` WHERE  `is_recommended` = 1  AND `category_id` = 23 ORDER BY `list_order` ASC LIMIT 6 [ RunTime:0.000459s ]
[2026-05-27T09:07:17+08:00][sql] SELECT `id`,`title`,`thumbnail`,`industry` FROM `cmf_product` WHERE  `is_recommended` = 1  AND `category_id` = 25 ORDER BY `list_order` ASC LIMIT 6 [ RunTime:0.000373s ]
[2026-05-27T09:07:17+08:00][sql] SELECT `id`,`title`,`thumbnail`,`industry` FROM `cmf_product` WHERE  `is_recommended` = 1  AND `category_id` = 30 ORDER BY `list_order` ASC LIMIT 6 [ RunTime:0.000291s ]
[2026-05-27T09:07:17+08:00][sql] SHOW FULL COLUMNS FROM `cmf_portal_post` [ RunTime:0.001812s ]
[2026-05-27T09:07:17+08:00][sql] SELECT `p`.`id`,`p`.`post_title`,`p`.`post_excerpt`,`p`.`thumbnail`,`p`.`create_time`,`c`.`category_id` FROM `cmf_portal_post` `p` INNER JOIN `cmf_portal_category_post` `c` ON `p`.`id`=`c`.`post_id` WHERE (  `p`.`post_type` = '8' ) AND `p`.`delete_time` = '0' ORDER BY `c`.`list_order` ASC,`p`.`create_time` DESC [ RunTime:0.002896s ]
[2026-05-27T09:07:17+08:00][sql] SELECT `id`,`post_title`,`post_excerpt`,`more` FROM `cmf_portal_post` WHERE (  `post_type` = 3 ) AND `cmf_portal_post`.`delete_time` = '0' ORDER BY `create_time` DESC [ RunTime:0.000867s ]
[2026-05-27T09:07:17+08:00][sql] SHOW FULL COLUMNS FROM `cmf_theme_file` [ RunTime:0.002362s ]
[2026-05-27T09:07:17+08:00][sql] SELECT `more`,`file`,`id` FROM `cmf_theme_file` WHERE  `theme` = 'simpleboot3'  AND (  `is_public` = 1 OR `file` = 'portal/index' ) ORDER BY `is_public` DESC [ RunTime:0.000518s ]
[2026-05-27T09:07:17+08:00][sql] SELECT `option_value` FROM `cmf_option` WHERE  `option_name` = 'storage' LIMIT 1 [ RunTime:0.001414s ]
[2026-05-27T09:07:18+08:00][sql] CONNECT:[ UseTime:0.000806s ] mysql:host=127.0.0.1;port=3306;dbname=nucleon;charset=utf8mb4
[2026-05-27T09:07:18+08:00][sql] SHOW FULL COLUMNS FROM `cmf_option` [ RunTime:0.001325s ]
[2026-05-27T09:07:18+08:00][sql] SELECT `option_value` FROM `cmf_option` WHERE  `option_name` = 'cdn_settings' LIMIT 1 [ RunTime:0.000267s ]
[2026-05-27T09:07:18+08:00][sql] CONNECT:[ UseTime:0.025083s ] mysql:host=127.0.0.1;port=3306;dbname=nucleon;charset=utf8mb4
[2026-05-27T09:07:18+08:00][sql] SHOW FULL COLUMNS FROM `cmf_option` [ RunTime:0.001947s ]
[2026-05-27T09:07:18+08:00][sql] SELECT `option_value` FROM `cmf_option` WHERE  `option_name` = 'cdn_settings' LIMIT 1 [ RunTime:0.000296s ]
[2026-05-27T09:07:22+08:00][sql] CONNECT:[ UseTime:0.000895s ] mysql:host=127.0.0.1;port=3306;dbname=nucleon;charset=utf8mb4
[2026-05-27T09:07:22+08:00][sql] SHOW FULL COLUMNS FROM `cmf_option` [ RunTime:0.002180s ]
[2026-05-27T09:07:22+08:00][sql] SELECT `option_value` FROM `cmf_option` WHERE  `option_name` = 'cdn_settings' LIMIT 1 [ RunTime:0.000399s ]
[2026-05-27T09:07:22+08:00][sql] SELECT `option_value` FROM `cmf_option` WHERE  `option_name` = 'cdn_settings' LIMIT 1 [ RunTime:0.000444s ]
[2026-05-27T09:07:22+08:00][sql] SHOW FULL COLUMNS FROM `cmf_product_category` [ RunTime:0.001672s ]
[2026-05-27T09:07:22+08:00][sql] SELECT * FROM `cmf_product_category` WHERE  `parent_id` = 0 ORDER BY `list_order` ASC,`create_time` DESC [ RunTime:0.000377s ]
[2026-05-27T09:07:22+08:00][sql] SELECT * FROM `cmf_product_category` WHERE  `parent_id` IN (28,19,22,23,25,30,27) [ RunTime:0.000441s ]
[2026-05-27T09:07:22+08:00][sql] SHOW FULL COLUMNS FROM `cmf_portal_category` [ RunTime:0.001239s ]
[2026-05-27T09:07:22+08:00][sql] SELECT * FROM `cmf_portal_category` WHERE (  `type` = 8 ) AND `cmf_portal_category`.`delete_time` = '0' ORDER BY `list_order` ASC [ RunTime:0.000401s ]
[2026-05-27T09:07:22+08:00][sql] SHOW FULL COLUMNS FROM `cmf_slide_item` [ RunTime:0.001016s ]
[2026-05-27T09:07:22+08:00][sql] SELECT `title`,`description`,`image` FROM `cmf_slide_item` WHERE  `slide_id` = 3  AND `status` = 1 ORDER BY `list_order` ASC,`id` DESC LIMIT 1 [ RunTime:0.000334s ]
[2026-05-27T09:07:22+08:00][sql] SHOW FULL COLUMNS FROM `cmf_portal_post` [ RunTime:0.001128s ]
[2026-05-27T09:07:22+08:00][sql] SELECT COUNT(*) AS think_count FROM `cmf_portal_post` WHERE (  `post_type` = 3 ) AND `cmf_portal_post`.`delete_time` = '0' LIMIT 1 [ RunTime:0.000713s ]
[2026-05-27T09:07:22+08:00][sql] SELECT `id`,`more`,`post_title`,`post_excerpt` FROM `cmf_portal_post` WHERE (  `post_type` = 3 ) AND `cmf_portal_post`.`delete_time` = '0' ORDER BY `create_time` DESC LIMIT 0,9 [ RunTime:0.000371s ]
[2026-05-27T09:07:22+08:00][sql] SHOW FULL COLUMNS FROM `cmf_theme_file` [ RunTime:0.000997s ]
[2026-05-27T09:07:22+08:00][sql] SELECT `more`,`file`,`id` FROM `cmf_theme_file` WHERE  `theme` = 'simpleboot3'  AND (  `is_public` = 1 OR `file` = 'portal/industries' ) ORDER BY `is_public` DESC [ RunTime:0.000509s ]
[2026-05-27T09:07:22+08:00][sql] SELECT `option_value` FROM `cmf_option` WHERE  `option_name` = 'storage' LIMIT 1 [ RunTime:0.000930s ]
[2026-05-27T09:07:36+08:00][sql] CONNECT:[ UseTime:0.024712s ] mysql:host=127.0.0.1;port=3306;dbname=nucleon;charset=utf8mb4
[2026-05-27T09:07:36+08:00][sql] SHOW FULL COLUMNS FROM `cmf_option` [ RunTime:0.001182s ]
[2026-05-27T09:07:36+08:00][sql] SELECT `option_value` FROM `cmf_option` WHERE  `option_name` = 'cdn_settings' LIMIT 1 [ RunTime:0.000237s ]
[2026-05-27T09:07:36+08:00][sql] SELECT `option_value` FROM `cmf_option` WHERE  `option_name` = 'cdn_settings' LIMIT 1 [ RunTime:0.000219s ]
[2026-05-27T09:07:36+08:00][sql] SHOW FULL COLUMNS FROM `cmf_product_category` [ RunTime:0.001065s ]
[2026-05-27T09:07:36+08:00][sql] SELECT * FROM `cmf_product_category` WHERE  `parent_id` = 0 ORDER BY `list_order` ASC,`create_time` DESC [ RunTime:0.000286s ]
[2026-05-27T09:07:36+08:00][sql] SELECT * FROM `cmf_product_category` WHERE  `parent_id` IN (28,19,22,23,25,30,27) [ RunTime:0.000308s ]
[2026-05-27T09:07:36+08:00][sql] SHOW FULL COLUMNS FROM `cmf_portal_category` [ RunTime:0.001178s ]
[2026-05-27T09:07:36+08:00][sql] SELECT * FROM `cmf_portal_category` WHERE (  `type` = 8 ) AND `cmf_portal_category`.`delete_time` = '0' ORDER BY `list_order` ASC [ RunTime:0.000280s ]
[2026-05-27T09:07:36+08:00][sql] SHOW FULL COLUMNS FROM `cmf_slide_item` [ RunTime:0.001405s ]
[2026-05-27T09:07:36+08:00][sql] SELECT `title`,`description`,`image`,`url`,`target`,`content` FROM `cmf_slide_item` WHERE  `slide_id` = 1 ORDER BY `list_order` ASC [ RunTime:0.000281s ]
[2026-05-27T09:07:36+08:00][sql] SHOW FULL COLUMNS FROM `cmf_slide` [ RunTime:0.001067s ]
[2026-05-27T09:07:36+08:00][sql] SELECT * FROM `cmf_slide` WHERE  `name` LIKE '%choose%' OR `name` LIKE '%选择%' LIMIT 1 [ RunTime:0.000377s ]
[2026-05-27T09:07:36+08:00][sql] SELECT `title`,`description`,`image`,`url`,`target`,`content` FROM `cmf_slide_item` WHERE  `slide_id` = 14  AND `status` = 1 ORDER BY `list_order` ASC [ RunTime:0.000293s ]
[2026-05-27T09:07:36+08:00][sql] SELECT * FROM `cmf_product_category` WHERE  `parent_id` = 0  AND `recommend` = 1 ORDER BY `list_order` ASC,`create_time` DESC [ RunTime:0.000327s ]
[2026-05-27T09:07:36+08:00][sql] SHOW FULL COLUMNS FROM `cmf_product` [ RunTime:0.001176s ]
[2026-05-27T09:07:36+08:00][sql] SELECT `id`,`title`,`thumbnail`,`industry` FROM `cmf_product` WHERE  `is_recommended` = 1  AND `category_id` = 28 ORDER BY `list_order` ASC LIMIT 6 [ RunTime:0.000506s ]
[2026-05-27T09:07:36+08:00][sql] SELECT `id`,`title`,`thumbnail`,`industry` FROM `cmf_product` WHERE  `is_recommended` = 1  AND `category_id` = 19 ORDER BY `list_order` ASC LIMIT 6 [ RunTime:0.000434s ]
[2026-05-27T09:07:36+08:00][sql] SELECT `id`,`title`,`thumbnail`,`industry` FROM `cmf_product` WHERE  `is_recommended` = 1  AND `category_id` = 23 ORDER BY `list_order` ASC LIMIT 6 [ RunTime:0.000418s ]
[2026-05-27T09:07:36+08:00][sql] SELECT `id`,`title`,`thumbnail`,`industry` FROM `cmf_product` WHERE  `is_recommended` = 1  AND `category_id` = 25 ORDER BY `list_order` ASC LIMIT 6 [ RunTime:0.000367s ]
[2026-05-27T09:07:36+08:00][sql] SELECT `id`,`title`,`thumbnail`,`industry` FROM `cmf_product` WHERE  `is_recommended` = 1  AND `category_id` = 30 ORDER BY `list_order` ASC LIMIT 6 [ RunTime:0.000344s ]
[2026-05-27T09:07:36+08:00][sql] SHOW FULL COLUMNS FROM `cmf_portal_post` [ RunTime:0.001992s ]
[2026-05-27T09:07:36+08:00][sql] SELECT `p`.`id`,`p`.`post_title`,`p`.`post_excerpt`,`p`.`thumbnail`,`p`.`create_time`,`c`.`category_id` FROM `cmf_portal_post` `p` INNER JOIN `cmf_portal_category_post` `c` ON `p`.`id`=`c`.`post_id` WHERE (  `p`.`post_type` = '8' ) AND `p`.`delete_time` = '0' ORDER BY `c`.`list_order` ASC,`p`.`create_time` DESC [ RunTime:0.000559s ]
[2026-05-27T09:07:36+08:00][sql] SELECT `id`,`post_title`,`post_excerpt`,`more` FROM `cmf_portal_post` WHERE (  `post_type` = 3 ) AND `cmf_portal_post`.`delete_time` = '0' ORDER BY `create_time` DESC [ RunTime:0.000300s ]
[2026-05-27T09:07:36+08:00][sql] SHOW FULL COLUMNS FROM `cmf_theme_file` [ RunTime:0.002537s ]
[2026-05-27T09:07:36+08:00][sql] SELECT `more`,`file`,`id` FROM `cmf_theme_file` WHERE  `theme` = 'simpleboot3'  AND (  `is_public` = 1 OR `file` = 'portal/index' ) ORDER BY `is_public` DESC [ RunTime:0.000285s ]
[2026-05-27T09:07:36+08:00][sql] SELECT `option_value` FROM `cmf_option` WHERE  `option_name` = 'storage' LIMIT 1 [ RunTime:0.000241s ]
[2026-05-27T10:24:14+08:00][sql] CONNECT:[ UseTime:0.002154s ] mysql:host=127.0.0.1;port=3306;dbname=nucleon;charset=utf8mb4
[2026-05-27T10:24:14+08:00][sql] SHOW FULL COLUMNS FROM `cmf_plugin` [ RunTime:0.003590s ]
[2026-05-27T10:24:14+08:00][sql] SELECT `config` FROM `cmf_plugin` WHERE  `name` = 'SwitchTheme' LIMIT 1 [ RunTime:0.005151s ]
[2026-05-27T10:24:14+08:00][sql] SHOW FULL COLUMNS FROM `cmf_option` [ RunTime:0.001826s ]
[2026-05-27T10:24:14+08:00][sql] SELECT `option_value` FROM `cmf_option` WHERE  `option_name` = 'cdn_settings' LIMIT 1 [ RunTime:0.000674s ]
[2026-05-27T10:24:14+08:00][sql] SELECT `option_value` FROM `cmf_option` WHERE  `option_name` = 'cdn_settings' LIMIT 1 [ RunTime:0.000539s ]
[2026-05-27T10:24:14+08:00][sql] SHOW FULL COLUMNS FROM `cmf_product_category` [ RunTime:0.001435s ]
[2026-05-27T10:24:14+08:00][sql] SELECT * FROM `cmf_product_category` WHERE  `parent_id` = 0 ORDER BY `list_order` ASC,`create_time` DESC [ RunTime:0.000696s ]
[2026-05-27T10:24:14+08:00][sql] SELECT * FROM `cmf_product_category` WHERE  `parent_id` IN (28,19,22,23,25,30,27) [ RunTime:0.000430s ]
[2026-05-27T10:24:14+08:00][sql] SHOW FULL COLUMNS FROM `cmf_portal_category` [ RunTime:0.001426s ]
[2026-05-27T10:24:14+08:00][sql] SELECT * FROM `cmf_portal_category` WHERE (  `type` = 8 ) AND `cmf_portal_category`.`delete_time` = '0' ORDER BY `list_order` ASC [ RunTime:0.000583s ]
[2026-05-27T10:24:14+08:00][sql] SHOW FULL COLUMNS FROM `cmf_slide_item` [ RunTime:0.001387s ]
[2026-05-27T10:24:14+08:00][sql] SELECT `title`,`description`,`image`,`url`,`target`,`content` FROM `cmf_slide_item` WHERE  `slide_id` = 1 ORDER BY `list_order` ASC [ RunTime:0.000578s ]
[2026-05-27T10:24:14+08:00][sql] SHOW FULL COLUMNS FROM `cmf_slide` [ RunTime:0.000946s ]
[2026-05-27T10:24:14+08:00][sql] SELECT * FROM `cmf_slide` WHERE  `name` LIKE '%choose%' OR `name` LIKE '%选择%' LIMIT 1 [ RunTime:0.002998s ]
[2026-05-27T10:24:14+08:00][sql] SELECT `title`,`description`,`image`,`url`,`target`,`content` FROM `cmf_slide_item` WHERE  `slide_id` = 14  AND `status` = 1 ORDER BY `list_order` ASC [ RunTime:0.000345s ]
[2026-05-27T10:24:14+08:00][sql] SELECT * FROM `cmf_product_category` WHERE  `parent_id` = 0  AND `recommend` = 1 ORDER BY `list_order` ASC,`create_time` DESC [ RunTime:0.000387s ]
[2026-05-27T10:24:14+08:00][sql] SHOW FULL COLUMNS FROM `cmf_product` [ RunTime:0.001609s ]
[2026-05-27T10:24:14+08:00][sql] SELECT `id`,`title`,`thumbnail`,`industry` FROM `cmf_product` WHERE  `is_recommended` = 1  AND `category_id` = 28 ORDER BY `list_order` ASC LIMIT 6 [ RunTime:0.001385s ]
[2026-05-27T10:24:14+08:00][sql] SELECT `id`,`title`,`thumbnail`,`industry` FROM `cmf_product` WHERE  `is_recommended` = 1  AND `category_id` = 19 ORDER BY `list_order` ASC LIMIT 6 [ RunTime:0.000868s ]
[2026-05-27T10:24:14+08:00][sql] SELECT `id`,`title`,`thumbnail`,`industry` FROM `cmf_product` WHERE  `is_recommended` = 1  AND `category_id` = 23 ORDER BY `list_order` ASC LIMIT 6 [ RunTime:0.001044s ]
[2026-05-27T10:24:14+08:00][sql] SELECT `id`,`title`,`thumbnail`,`industry` FROM `cmf_product` WHERE  `is_recommended` = 1  AND `category_id` = 25 ORDER BY `list_order` ASC LIMIT 6 [ RunTime:0.000506s ]
[2026-05-27T10:24:14+08:00][sql] SELECT `id`,`title`,`thumbnail`,`industry` FROM `cmf_product` WHERE  `is_recommended` = 1  AND `category_id` = 30 ORDER BY `list_order` ASC LIMIT 6 [ RunTime:0.000400s ]
[2026-05-27T10:24:14+08:00][sql] SHOW FULL COLUMNS FROM `cmf_portal_post` [ RunTime:0.001452s ]
[2026-05-27T10:24:14+08:00][sql] SELECT `p`.`id`,`p`.`post_title`,`p`.`post_excerpt`,`p`.`thumbnail`,`p`.`create_time`,`c`.`category_id` FROM `cmf_portal_post` `p` INNER JOIN `cmf_portal_category_post` `c` ON `p`.`id`=`c`.`post_id` WHERE (  `p`.`post_type` = '8' ) AND `p`.`delete_time` = '0' ORDER BY `c`.`list_order` ASC,`p`.`create_time` DESC [ RunTime:0.003299s ]
[2026-05-27T10:24:14+08:00][sql] SELECT `id`,`post_title`,`post_excerpt`,`more` FROM `cmf_portal_post` WHERE (  `post_type` = 3 ) AND `cmf_portal_post`.`delete_time` = '0' ORDER BY `create_time` DESC [ RunTime:0.000471s ]
[2026-05-27T10:24:14+08:00][sql] SHOW FULL COLUMNS FROM `cmf_theme_file` [ RunTime:0.001346s ]
[2026-05-27T10:24:14+08:00][sql] SELECT `more`,`file`,`id` FROM `cmf_theme_file` WHERE  `theme` = 'simpleboot3'  AND (  `is_public` = 1 OR `file` = 'portal/index' ) ORDER BY `is_public` DESC [ RunTime:0.000501s ]
[2026-05-27T10:24:14+08:00][sql] SELECT `option_value` FROM `cmf_option` WHERE  `option_name` = 'storage' LIMIT 1 [ RunTime:0.000443s ]
[2026-05-27T14:59:51+08:00][sql] CONNECT:[ UseTime:0.001977s ] mysql:host=127.0.0.1;port=3306;dbname=nucleon;charset=utf8mb4
[2026-05-27T14:59:51+08:00][sql] SHOW FULL COLUMNS FROM `cmf_plugin` [ RunTime:0.004004s ]
[2026-05-27T14:59:51+08:00][sql] SELECT `config` FROM `cmf_plugin` WHERE  `name` = 'SwitchTheme' LIMIT 1 [ RunTime:0.002235s ]
[2026-05-27T14:59:51+08:00][sql] SHOW FULL COLUMNS FROM `cmf_option` [ RunTime:0.001814s ]
[2026-05-27T14:59:51+08:00][sql] SELECT `option_value` FROM `cmf_option` WHERE  `option_name` = 'cdn_settings' LIMIT 1 [ RunTime:0.003260s ]
[2026-05-27T14:59:51+08:00][sql] SELECT `option_value` FROM `cmf_option` WHERE  `option_name` = 'cdn_settings' LIMIT 1 [ RunTime:0.000505s ]
[2026-05-27T14:59:51+08:00][sql] SHOW FULL COLUMNS FROM `cmf_product_category` [ RunTime:0.001698s ]
[2026-05-27T14:59:51+08:00][sql] SELECT * FROM `cmf_product_category` WHERE  `parent_id` = 0 ORDER BY `list_order` ASC,`create_time` DESC [ RunTime:0.001484s ]
[2026-05-27T14:59:51+08:00][sql] SELECT * FROM `cmf_product_category` WHERE  `parent_id` IN (28,19,22,23,25,30,27) [ RunTime:0.001141s ]
[2026-05-27T14:59:51+08:00][sql] SHOW FULL COLUMNS FROM `cmf_portal_category` [ RunTime:0.002031s ]
[2026-05-27T14:59:51+08:00][sql] SELECT * FROM `cmf_portal_category` WHERE (  `type` = 8 ) AND `cmf_portal_category`.`delete_time` = '0' ORDER BY `list_order` ASC [ RunTime:0.001950s ]
[2026-05-27T14:59:51+08:00][sql] SHOW FULL COLUMNS FROM `cmf_slide_item` [ RunTime:0.001605s ]
[2026-05-27T14:59:51+08:00][sql] SELECT `title`,`description`,`image`,`url`,`target`,`content` FROM `cmf_slide_item` WHERE  `slide_id` = 1 ORDER BY `list_order` ASC [ RunTime:0.001074s ]
[2026-05-27T14:59:51+08:00][sql] SHOW FULL COLUMNS FROM `cmf_slide` [ RunTime:0.000959s ]
[2026-05-27T14:59:51+08:00][sql] SELECT * FROM `cmf_slide` WHERE  `name` LIKE '%choose%' OR `name` LIKE '%选择%' LIMIT 1 [ RunTime:0.001142s ]
[2026-05-27T14:59:51+08:00][sql] SELECT `title`,`description`,`image`,`url`,`target`,`content` FROM `cmf_slide_item` WHERE  `slide_id` = 14  AND `status` = 1 ORDER BY `list_order` ASC [ RunTime:0.000344s ]
[2026-05-27T14:59:51+08:00][sql] SELECT * FROM `cmf_product_category` WHERE  `parent_id` = 0  AND `recommend` = 1 ORDER BY `list_order` ASC,`create_time` DESC [ RunTime:0.000743s ]
[2026-05-27T14:59:51+08:00][sql] SHOW FULL COLUMNS FROM `cmf_product` [ RunTime:0.001477s ]
[2026-05-27T14:59:51+08:00][sql] SELECT `id`,`title`,`thumbnail`,`industry` FROM `cmf_product` WHERE  `is_recommended` = 1  AND `category_id` = 28 ORDER BY `list_order` ASC LIMIT 6 [ RunTime:0.001373s ]
[2026-05-27T14:59:51+08:00][sql] SELECT `id`,`title`,`thumbnail`,`industry` FROM `cmf_product` WHERE  `is_recommended` = 1  AND `category_id` = 19 ORDER BY `list_order` ASC LIMIT 6 [ RunTime:0.000472s ]
[2026-05-27T14:59:51+08:00][sql] SELECT `id`,`title`,`thumbnail`,`industry` FROM `cmf_product` WHERE  `is_recommended` = 1  AND `category_id` = 23 ORDER BY `list_order` ASC LIMIT 6 [ RunTime:0.000957s ]
[2026-05-27T14:59:51+08:00][sql] SELECT `id`,`title`,`thumbnail`,`industry` FROM `cmf_product` WHERE  `is_recommended` = 1  AND `category_id` = 25 ORDER BY `list_order` ASC LIMIT 6 [ RunTime:0.000346s ]
[2026-05-27T14:59:51+08:00][sql] SELECT `id`,`title`,`thumbnail`,`industry` FROM `cmf_product` WHERE  `is_recommended` = 1  AND `category_id` = 30 ORDER BY `list_order` ASC LIMIT 6 [ RunTime:0.000300s ]
[2026-05-27T14:59:51+08:00][sql] SHOW FULL COLUMNS FROM `cmf_portal_post` [ RunTime:0.002938s ]
[2026-05-27T14:59:51+08:00][sql] SELECT `p`.`id`,`p`.`post_title`,`p`.`post_excerpt`,`p`.`thumbnail`,`p`.`create_time`,`c`.`category_id` FROM `cmf_portal_post` `p` INNER JOIN `cmf_portal_category_post` `c` ON `p`.`id`=`c`.`post_id` WHERE (  `p`.`post_type` = '8' ) AND `p`.`delete_time` = '0' ORDER BY `c`.`list_order` ASC,`p`.`create_time` DESC [ RunTime:0.003042s ]
[2026-05-27T14:59:51+08:00][sql] SELECT `id`,`post_title`,`post_excerpt`,`more` FROM `cmf_portal_post` WHERE (  `post_type` = 3 ) AND `cmf_portal_post`.`delete_time` = '0' ORDER BY `create_time` DESC [ RunTime:0.000558s ]
[2026-05-27T14:59:51+08:00][sql] SHOW FULL COLUMNS FROM `cmf_theme_file` [ RunTime:0.002307s ]
[2026-05-27T14:59:51+08:00][sql] SELECT `more`,`file`,`id` FROM `cmf_theme_file` WHERE  `theme` = 'simpleboot3'  AND (  `is_public` = 1 OR `file` = 'portal/index' ) ORDER BY `is_public` DESC [ RunTime:0.002286s ]
[2026-05-27T14:59:51+08:00][sql] SELECT `option_value` FROM `cmf_option` WHERE  `option_name` = 'storage' LIMIT 1 [ RunTime:0.000477s ]
[2026-05-27T15:00:23+08:00][sql] CONNECT:[ UseTime:0.001544s ] mysql:host=127.0.0.1;port=3306;dbname=nucleon;charset=utf8mb4
[2026-05-27T15:00:23+08:00][sql] SHOW FULL COLUMNS FROM `cmf_option` [ RunTime:0.004304s ]
[2026-05-27T15:00:23+08:00][sql] SELECT `option_value` FROM `cmf_option` WHERE  `option_name` = 'cdn_settings' LIMIT 1 [ RunTime:0.000414s ]
[2026-05-27T15:00:23+08:00][sql] SELECT `option_value` FROM `cmf_option` WHERE  `option_name` = 'cdn_settings' LIMIT 1 [ RunTime:0.000266s ]
[2026-05-27T15:00:23+08:00][sql] SHOW FULL COLUMNS FROM `cmf_product_category` [ RunTime:0.001165s ]
[2026-05-27T15:00:23+08:00][sql] SELECT * FROM `cmf_product_category` WHERE  `parent_id` = 0 ORDER BY `list_order` ASC,`create_time` DESC [ RunTime:0.001485s ]
[2026-05-27T15:00:23+08:00][sql] SELECT * FROM `cmf_product_category` WHERE  `parent_id` IN (28,19,22,23,25,30,27) [ RunTime:0.000519s ]
[2026-05-27T15:00:23+08:00][sql] SHOW FULL COLUMNS FROM `cmf_portal_category` [ RunTime:0.001302s ]
[2026-05-27T15:00:23+08:00][sql] SELECT * FROM `cmf_portal_category` WHERE (  `type` = 8 ) AND `cmf_portal_category`.`delete_time` = '0' ORDER BY `list_order` ASC [ RunTime:0.000500s ]
[2026-05-27T15:00:23+08:00][sql] SELECT * FROM `cmf_product_category` WHERE  `id` = 28 LIMIT 1 [ RunTime:0.000289s ]
[2026-05-27T15:00:23+08:00][sql] SHOW FULL COLUMNS FROM `cmf_product` [ RunTime:0.001072s ]
[2026-05-27T15:00:23+08:00][sql] SELECT COUNT(*) AS think_count FROM `cmf_product` WHERE  `category_id` = 28 LIMIT 1 [ RunTime:0.001509s ]
[2026-05-27T15:00:23+08:00][sql] SELECT COUNT(*) AS think_count FROM `cmf_product` WHERE  `category_id` = 19 LIMIT 1 [ RunTime:0.000691s ]
[2026-05-27T15:00:23+08:00][sql] SELECT COUNT(*) AS think_count FROM `cmf_product` WHERE  `category_id` = 22 LIMIT 1 [ RunTime:0.000210s ]
[2026-05-27T15:00:23+08:00][sql] SELECT COUNT(*) AS think_count FROM `cmf_product` WHERE  `category_id` = 23 LIMIT 1 [ RunTime:0.000194s ]
[2026-05-27T15:00:23+08:00][sql] SELECT COUNT(*) AS think_count FROM `cmf_product` WHERE  `category_id` = 25 LIMIT 1 [ RunTime:0.000191s ]
[2026-05-27T15:00:23+08:00][sql] SELECT COUNT(*) AS think_count FROM `cmf_product` WHERE  `category_id` = 30 LIMIT 1 [ RunTime:0.000174s ]
[2026-05-27T15:00:23+08:00][sql] SELECT COUNT(*) AS think_count FROM `cmf_product` WHERE  `category_id` = 27 LIMIT 1 [ RunTime:0.000190s ]
[2026-05-27T15:00:23+08:00][sql] SELECT COUNT(*) AS think_count FROM `cmf_product` WHERE  `category_id` = 28 LIMIT 1 [ RunTime:0.000212s ]
[2026-05-27T15:00:23+08:00][sql] SELECT `id`,`category_id`,`title`,`thumbnail`,`industry`,`overview` FROM `cmf_product` WHERE  `category_id` = 28 ORDER BY `list_order` ASC,`create_time` DESC LIMIT 0,12 [ RunTime:0.000632s ]
[2026-05-27T15:00:23+08:00][sql] SHOW FULL COLUMNS FROM `cmf_slide_item` [ RunTime:0.001621s ]
[2026-05-27T15:00:23+08:00][sql] SELECT `title`,`description`,`image` FROM `cmf_slide_item` WHERE  `slide_id` = 2  AND `status` = 1 ORDER BY `list_order` ASC,`id` DESC LIMIT 1 [ RunTime:0.001073s ]
[2026-05-27T15:00:23+08:00][sql] SELECT `option_value` FROM `cmf_option` WHERE  `option_name` = 'storage' LIMIT 1 [ RunTime:0.000256s ]
[2026-05-27T15:00:23+08:00][sql] SHOW FULL COLUMNS FROM `cmf_portal_post` [ RunTime:0.001980s ]
[2026-05-27T15:00:23+08:00][sql] SELECT `id`,`post_title`,`post_excerpt`,`more` FROM `cmf_portal_post` WHERE (  `post_type` = 3 ) AND `cmf_portal_post`.`delete_time` = '0' ORDER BY `create_time` DESC [ RunTime:0.002862s ]
[2026-05-27T15:00:23+08:00][sql] SHOW FULL COLUMNS FROM `cmf_theme_file` [ RunTime:0.002671s ]
[2026-05-27T15:00:23+08:00][sql] SELECT `more`,`file`,`id` FROM `cmf_theme_file` WHERE  `theme` = 'simpleboot3'  AND (  `is_public` = 1 OR `file` = 'portal/product' ) ORDER BY `is_public` DESC [ RunTime:0.001545s ]
[2026-05-27T15:01:04+08:00][sql] CONNECT:[ UseTime:0.018715s ] mysql:host=127.0.0.1;port=3306;dbname=nucleon;charset=utf8mb4
[2026-05-27T15:01:04+08:00][sql] SHOW FULL COLUMNS FROM `cmf_option` [ RunTime:0.003134s ]
[2026-05-27T15:01:04+08:00][sql] SELECT `option_value` FROM `cmf_option` WHERE  `option_name` = 'cdn_settings' LIMIT 1 [ RunTime:0.000383s ]
[2026-05-27T15:01:04+08:00][sql] SELECT `option_value` FROM `cmf_option` WHERE  `option_name` = 'cdn_settings' LIMIT 1 [ RunTime:0.000286s ]
[2026-05-27T15:01:04+08:00][sql] SHOW FULL COLUMNS FROM `cmf_product_category` [ RunTime:0.001028s ]
[2026-05-27T15:01:04+08:00][sql] SELECT * FROM `cmf_product_category` WHERE  `parent_id` = 0 ORDER BY `list_order` ASC,`create_time` DESC [ RunTime:0.000751s ]
[2026-05-27T15:01:04+08:00][sql] SELECT * FROM `cmf_product_category` WHERE  `parent_id` IN (28,19,22,23,25,30,27) [ RunTime:0.000429s ]
[2026-05-27T15:01:04+08:00][sql] SHOW FULL COLUMNS FROM `cmf_portal_category` [ RunTime:0.001951s ]
[2026-05-27T15:01:04+08:00][sql] SELECT * FROM `cmf_portal_category` WHERE (  `type` = 8 ) AND `cmf_portal_category`.`delete_time` = '0' ORDER BY `list_order` ASC [ RunTime:0.002217s ]
[2026-05-27T15:01:04+08:00][sql] SHOW FULL COLUMNS FROM `cmf_slide_item` [ RunTime:0.001491s ]
[2026-05-27T15:01:04+08:00][sql] SELECT `title`,`description`,`image`,`url`,`target`,`content` FROM `cmf_slide_item` WHERE  `slide_id` = 1 ORDER BY `list_order` ASC [ RunTime:0.000675s ]
[2026-05-27T15:01:04+08:00][sql] SHOW FULL COLUMNS FROM `cmf_slide` [ RunTime:0.001449s ]
[2026-05-27T15:01:04+08:00][sql] SELECT * FROM `cmf_slide` WHERE  `name` LIKE '%choose%' OR `name` LIKE '%选择%' LIMIT 1 [ RunTime:0.002000s ]
[2026-05-27T15:01:04+08:00][sql] SELECT `title`,`description`,`image`,`url`,`target`,`content` FROM `cmf_slide_item` WHERE  `slide_id` = 14  AND `status` = 1 ORDER BY `list_order` ASC [ RunTime:0.000454s ]
[2026-05-27T15:01:04+08:00][sql] SELECT * FROM `cmf_product_category` WHERE  `parent_id` = 0  AND `recommend` = 1 ORDER BY `list_order` ASC,`create_time` DESC [ RunTime:0.000380s ]
[2026-05-27T15:01:04+08:00][sql] SHOW FULL COLUMNS FROM `cmf_product` [ RunTime:0.001978s ]
[2026-05-27T15:01:04+08:00][sql] SELECT `id`,`title`,`thumbnail`,`industry` FROM `cmf_product` WHERE  `is_recommended` = 1  AND `category_id` = 28 ORDER BY `list_order` ASC LIMIT 6 [ RunTime:0.000758s ]
[2026-05-27T15:01:04+08:00][sql] SELECT `id`,`title`,`thumbnail`,`industry` FROM `cmf_product` WHERE  `is_recommended` = 1  AND `category_id` = 19 ORDER BY `list_order` ASC LIMIT 6 [ RunTime:0.000446s ]
[2026-05-27T15:01:04+08:00][sql] SELECT `id`,`title`,`thumbnail`,`industry` FROM `cmf_product` WHERE  `is_recommended` = 1  AND `category_id` = 23 ORDER BY `list_order` ASC LIMIT 6 [ RunTime:0.000314s ]
[2026-05-27T15:01:04+08:00][sql] SELECT `id`,`title`,`thumbnail`,`industry` FROM `cmf_product` WHERE  `is_recommended` = 1  AND `category_id` = 25 ORDER BY `list_order` ASC LIMIT 6 [ RunTime:0.000325s ]
[2026-05-27T15:01:04+08:00][sql] SELECT `id`,`title`,`thumbnail`,`industry` FROM `cmf_product` WHERE  `is_recommended` = 1  AND `category_id` = 30 ORDER BY `list_order` ASC LIMIT 6 [ RunTime:0.000333s ]
[2026-05-27T15:01:04+08:00][sql] SHOW FULL COLUMNS FROM `cmf_portal_post` [ RunTime:0.000961s ]
[2026-05-27T15:01:04+08:00][sql] SELECT `p`.`id`,`p`.`post_title`,`p`.`post_excerpt`,`p`.`thumbnail`,`p`.`create_time`,`c`.`category_id` FROM `cmf_portal_post` `p` INNER JOIN `cmf_portal_category_post` `c` ON `p`.`id`=`c`.`post_id` WHERE (  `p`.`post_type` = '8' ) AND `p`.`delete_time` = '0' ORDER BY `c`.`list_order` ASC,`p`.`create_time` DESC [ RunTime:0.000854s ]
[2026-05-27T15:01:04+08:00][sql] SELECT `id`,`post_title`,`post_excerpt`,`more` FROM `cmf_portal_post` WHERE (  `post_type` = 3 ) AND `cmf_portal_post`.`delete_time` = '0' ORDER BY `create_time` DESC [ RunTime:0.000339s ]
[2026-05-27T15:01:04+08:00][sql] SHOW FULL COLUMNS FROM `cmf_theme_file` [ RunTime:0.001221s ]
[2026-05-27T15:01:04+08:00][sql] SELECT `more`,`file`,`id` FROM `cmf_theme_file` WHERE  `theme` = 'simpleboot3'  AND (  `is_public` = 1 OR `file` = 'portal/index' ) ORDER BY `is_public` DESC [ RunTime:0.000437s ]
[2026-05-27T15:01:04+08:00][sql] SELECT `option_value` FROM `cmf_option` WHERE  `option_name` = 'storage' LIMIT 1 [ RunTime:0.000446s ]
[2026-05-27T15:06:15+08:00][sql] CONNECT:[ UseTime:0.001576s ] mysql:host=127.0.0.1;port=3306;dbname=nucleon;charset=utf8mb4
[2026-05-27T15:06:15+08:00][sql] SHOW FULL COLUMNS FROM `cmf_option` [ RunTime:0.003167s ]
[2026-05-27T15:06:15+08:00][sql] SELECT `option_value` FROM `cmf_option` WHERE  `option_name` = 'cdn_settings' LIMIT 1 [ RunTime:0.001765s ]
[2026-05-27T15:06:15+08:00][sql] SELECT `option_value` FROM `cmf_option` WHERE  `option_name` = 'cdn_settings' LIMIT 1 [ RunTime:0.000508s ]
[2026-05-27T15:06:15+08:00][sql] SHOW FULL COLUMNS FROM `cmf_product_category` [ RunTime:0.001184s ]
[2026-05-27T15:06:15+08:00][sql] SELECT * FROM `cmf_product_category` WHERE  `parent_id` = 0 ORDER BY `list_order` ASC,`create_time` DESC [ RunTime:0.001104s ]
[2026-05-27T15:06:15+08:00][sql] SELECT * FROM `cmf_product_category` WHERE  `parent_id` IN (28,19,22,23,25,30,27) [ RunTime:0.000347s ]
[2026-05-27T15:06:15+08:00][sql] SHOW FULL COLUMNS FROM `cmf_portal_category` [ RunTime:0.001459s ]
[2026-05-27T15:06:15+08:00][sql] SELECT * FROM `cmf_portal_category` WHERE (  `type` = 8 ) AND `cmf_portal_category`.`delete_time` = '0' ORDER BY `list_order` ASC [ RunTime:0.001091s ]
[2026-05-27T15:06:15+08:00][sql] SHOW FULL COLUMNS FROM `cmf_slide_item` [ RunTime:0.001671s ]
[2026-05-27T15:06:15+08:00][sql] SELECT `title`,`description`,`image`,`url`,`target`,`content` FROM `cmf_slide_item` WHERE  `slide_id` = 1 ORDER BY `list_order` ASC [ RunTime:0.001181s ]
[2026-05-27T15:06:15+08:00][sql] SHOW FULL COLUMNS FROM `cmf_slide` [ RunTime:0.002030s ]
[2026-05-27T15:06:15+08:00][sql] SELECT * FROM `cmf_slide` WHERE  `name` LIKE '%choose%' OR `name` LIKE '%选择%' LIMIT 1 [ RunTime:0.001186s ]
[2026-05-27T15:06:15+08:00][sql] SELECT `title`,`description`,`image`,`url`,`target`,`content` FROM `cmf_slide_item` WHERE  `slide_id` = 14  AND `status` = 1 ORDER BY `list_order` ASC [ RunTime:0.000450s ]
[2026-05-27T15:06:15+08:00][sql] SELECT * FROM `cmf_product_category` WHERE  `parent_id` = 0  AND `recommend` = 1 ORDER BY `list_order` ASC,`create_time` DESC [ RunTime:0.000328s ]
[2026-05-27T15:06:15+08:00][sql] SHOW FULL COLUMNS FROM `cmf_product` [ RunTime:0.001585s ]
[2026-05-27T15:06:15+08:00][sql] SELECT `id`,`title`,`thumbnail`,`industry` FROM `cmf_product` WHERE  `is_recommended` = 1  AND `category_id` = 28 ORDER BY `list_order` ASC LIMIT 6 [ RunTime:0.000817s ]
[2026-05-27T15:06:15+08:00][sql] SELECT `id`,`title`,`thumbnail`,`industry` FROM `cmf_product` WHERE  `is_recommended` = 1  AND `category_id` = 19 ORDER BY `list_order` ASC LIMIT 6 [ RunTime:0.000461s ]
[2026-05-27T15:06:15+08:00][sql] SELECT `id`,`title`,`thumbnail`,`industry` FROM `cmf_product` WHERE  `is_recommended` = 1  AND `category_id` = 23 ORDER BY `list_order` ASC LIMIT 6 [ RunTime:0.000375s ]
[2026-05-27T15:06:15+08:00][sql] SELECT `id`,`title`,`thumbnail`,`industry` FROM `cmf_product` WHERE  `is_recommended` = 1  AND `category_id` = 25 ORDER BY `list_order` ASC LIMIT 6 [ RunTime:0.000343s ]
[2026-05-27T15:06:15+08:00][sql] SELECT `id`,`title`,`thumbnail`,`industry` FROM `cmf_product` WHERE  `is_recommended` = 1  AND `category_id` = 30 ORDER BY `list_order` ASC LIMIT 6 [ RunTime:0.000308s ]
[2026-05-27T15:06:15+08:00][sql] SHOW FULL COLUMNS FROM `cmf_portal_post` [ RunTime:0.001312s ]
[2026-05-27T15:06:15+08:00][sql] SELECT `p`.`id`,`p`.`post_title`,`p`.`post_excerpt`,`p`.`thumbnail`,`p`.`create_time`,`c`.`category_id` FROM `cmf_portal_post` `p` INNER JOIN `cmf_portal_category_post` `c` ON `p`.`id`=`c`.`post_id` WHERE (  `p`.`post_type` = '8' ) AND `p`.`delete_time` = '0' ORDER BY `c`.`list_order` ASC,`p`.`create_time` DESC [ RunTime:0.000936s ]
[2026-05-27T15:06:15+08:00][sql] SELECT `id`,`post_title`,`post_excerpt`,`more` FROM `cmf_portal_post` WHERE (  `post_type` = 3 ) AND `cmf_portal_post`.`delete_time` = '0' ORDER BY `create_time` DESC [ RunTime:0.000537s ]
[2026-05-27T15:06:15+08:00][sql] SHOW FULL COLUMNS FROM `cmf_theme_file` [ RunTime:0.001835s ]
[2026-05-27T15:06:15+08:00][sql] SELECT `more`,`file`,`id` FROM `cmf_theme_file` WHERE  `theme` = 'simpleboot3'  AND (  `is_public` = 1 OR `file` = 'portal/index' ) ORDER BY `is_public` DESC [ RunTime:0.001175s ]
[2026-05-27T15:06:15+08:00][sql] SELECT `option_value` FROM `cmf_option` WHERE  `option_name` = 'storage' LIMIT 1 [ RunTime:0.000482s ]
[2026-05-27T15:06:25+08:00][sql] CONNECT:[ UseTime:0.001124s ] mysql:host=127.0.0.1;port=3306;dbname=nucleon;charset=utf8mb4
[2026-05-27T15:06:25+08:00][sql] SHOW FULL COLUMNS FROM `cmf_option` [ RunTime:0.002793s ]
[2026-05-27T15:06:25+08:00][sql] SELECT `option_value` FROM `cmf_option` WHERE  `option_name` = 'cdn_settings' LIMIT 1 [ RunTime:0.002176s ]
[2026-05-27T15:06:25+08:00][sql] SELECT `option_value` FROM `cmf_option` WHERE  `option_name` = 'cdn_settings' LIMIT 1 [ RunTime:0.000355s ]
[2026-05-27T15:06:25+08:00][sql] SHOW FULL COLUMNS FROM `cmf_product_category` [ RunTime:0.001225s ]
[2026-05-27T15:06:25+08:00][sql] SELECT * FROM `cmf_product_category` WHERE  `parent_id` = 0 ORDER BY `list_order` ASC,`create_time` DESC [ RunTime:0.001380s ]
[2026-05-27T15:06:25+08:00][sql] SELECT * FROM `cmf_product_category` WHERE  `parent_id` IN (28,19,22,23,25,30,27) [ RunTime:0.000384s ]
[2026-05-27T15:06:25+08:00][sql] SHOW FULL COLUMNS FROM `cmf_portal_category` [ RunTime:0.001186s ]
[2026-05-27T15:06:25+08:00][sql] SELECT * FROM `cmf_portal_category` WHERE (  `type` = 8 ) AND `cmf_portal_category`.`delete_time` = '0' ORDER BY `list_order` ASC [ RunTime:0.001126s ]
[2026-05-27T15:06:25+08:00][sql] SHOW FULL COLUMNS FROM `cmf_slide_item` [ RunTime:0.001459s ]
[2026-05-27T15:06:25+08:00][sql] SELECT `title`,`description`,`image` FROM `cmf_slide_item` WHERE  `slide_id` = 4  AND `status` = 1 ORDER BY `list_order` ASC,`id` DESC LIMIT 1 [ RunTime:0.001265s ]
[2026-05-27T15:06:25+08:00][sql] SHOW FULL COLUMNS FROM `cmf_theme_file` [ RunTime:0.001328s ]
[2026-05-27T15:06:25+08:00][sql] SELECT `more`,`file`,`id` FROM `cmf_theme_file` WHERE  `theme` = 'simpleboot3'  AND (  `is_public` = 1 OR `file` = 'portal/about' ) ORDER BY `is_public` DESC [ RunTime:0.000690s ]
[2026-05-27T15:06:25+08:00][sql] SELECT `option_value` FROM `cmf_option` WHERE  `option_name` = 'storage' LIMIT 1 [ RunTime:0.000592s ]
[2026-05-27T15:07:53+08:00][sql] CONNECT:[ UseTime:0.001518s ] mysql:host=127.0.0.1;port=3306;dbname=nucleon;charset=utf8mb4
[2026-05-27T15:07:53+08:00][sql] SHOW FULL COLUMNS FROM `cmf_option` [ RunTime:0.002784s ]
[2026-05-27T15:07:53+08:00][sql] SELECT `option_value` FROM `cmf_option` WHERE  `option_name` = 'cdn_settings' LIMIT 1 [ RunTime:0.001085s ]
[2026-05-27T15:07:53+08:00][sql] SELECT `option_value` FROM `cmf_option` WHERE  `option_name` = 'cdn_settings' LIMIT 1 [ RunTime:0.000395s ]
[2026-05-27T15:07:53+08:00][sql] SHOW FULL COLUMNS FROM `cmf_product_category` [ RunTime:0.001242s ]
[2026-05-27T15:07:53+08:00][sql] SELECT * FROM `cmf_product_category` WHERE  `parent_id` = 0 ORDER BY `list_order` ASC,`create_time` DESC [ RunTime:0.000619s ]
[2026-05-27T15:07:53+08:00][sql] SELECT * FROM `cmf_product_category` WHERE  `parent_id` IN (28,19,22,23,25,30,27) [ RunTime:0.001137s ]
[2026-05-27T15:07:53+08:00][sql] SHOW FULL COLUMNS FROM `cmf_portal_category` [ RunTime:0.001534s ]
[2026-05-27T15:07:53+08:00][sql] SELECT * FROM `cmf_portal_category` WHERE (  `type` = 8 ) AND `cmf_portal_category`.`delete_time` = '0' ORDER BY `list_order` ASC [ RunTime:0.000891s ]
[2026-05-27T15:07:53+08:00][sql] SHOW FULL COLUMNS FROM `cmf_slide_item` [ RunTime:0.001416s ]
[2026-05-27T15:07:53+08:00][sql] SELECT `title`,`description`,`image`,`url`,`target`,`content` FROM `cmf_slide_item` WHERE  `slide_id` = 1 ORDER BY `list_order` ASC [ RunTime:0.001183s ]
[2026-05-27T15:07:53+08:00][sql] SHOW FULL COLUMNS FROM `cmf_slide` [ RunTime:0.000996s ]
[2026-05-27T15:07:53+08:00][sql] SELECT * FROM `cmf_slide` WHERE  `name` LIKE '%choose%' OR `name` LIKE '%选择%' LIMIT 1 [ RunTime:0.000506s ]
[2026-05-27T15:07:53+08:00][sql] SELECT `title`,`description`,`image`,`url`,`target`,`content` FROM `cmf_slide_item` WHERE  `slide_id` = 14  AND `status` = 1 ORDER BY `list_order` ASC [ RunTime:0.000373s ]
[2026-05-27T15:07:53+08:00][sql] SELECT * FROM `cmf_product_category` WHERE  `parent_id` = 0  AND `recommend` = 1 ORDER BY `list_order` ASC,`create_time` DESC [ RunTime:0.000321s ]
[2026-05-27T15:07:53+08:00][sql] SHOW FULL COLUMNS FROM `cmf_product` [ RunTime:0.001335s ]
[2026-05-27T15:07:53+08:00][sql] SELECT `id`,`title`,`thumbnail`,`industry` FROM `cmf_product` WHERE  `is_recommended` = 1  AND `category_id` = 28 ORDER BY `list_order` ASC LIMIT 6 [ RunTime:0.001576s ]
[2026-05-27T15:07:53+08:00][sql] SELECT `id`,`title`,`thumbnail`,`industry` FROM `cmf_product` WHERE  `is_recommended` = 1  AND `category_id` = 19 ORDER BY `list_order` ASC LIMIT 6 [ RunTime:0.001137s ]
[2026-05-27T15:07:53+08:00][sql] SELECT `id`,`title`,`thumbnail`,`industry` FROM `cmf_product` WHERE  `is_recommended` = 1  AND `category_id` = 23 ORDER BY `list_order` ASC LIMIT 6 [ RunTime:0.000453s ]
[2026-05-27T15:07:53+08:00][sql] SELECT `id`,`title`,`thumbnail`,`industry` FROM `cmf_product` WHERE  `is_recommended` = 1  AND `category_id` = 25 ORDER BY `list_order` ASC LIMIT 6 [ RunTime:0.000378s ]
[2026-05-27T15:07:53+08:00][sql] SELECT `id`,`title`,`thumbnail`,`industry` FROM `cmf_product` WHERE  `is_recommended` = 1  AND `category_id` = 30 ORDER BY `list_order` ASC LIMIT 6 [ RunTime:0.000341s ]
[2026-05-27T15:07:53+08:00][sql] SHOW FULL COLUMNS FROM `cmf_portal_post` [ RunTime:0.001410s ]
[2026-05-27T15:07:53+08:00][sql] SELECT `p`.`id`,`p`.`post_title`,`p`.`post_excerpt`,`p`.`thumbnail`,`p`.`create_time`,`c`.`category_id` FROM `cmf_portal_post` `p` INNER JOIN `cmf_portal_category_post` `c` ON `p`.`id`=`c`.`post_id` WHERE (  `p`.`post_type` = '8' ) AND `p`.`delete_time` = '0' ORDER BY `c`.`list_order` ASC,`p`.`create_time` DESC [ RunTime:0.001483s ]
[2026-05-27T15:07:53+08:00][sql] SELECT `id`,`post_title`,`post_excerpt`,`more` FROM `cmf_portal_post` WHERE (  `post_type` = 3 ) AND `cmf_portal_post`.`delete_time` = '0' ORDER BY `create_time` DESC [ RunTime:0.000464s ]
[2026-05-27T15:07:53+08:00][sql] SHOW FULL COLUMNS FROM `cmf_theme_file` [ RunTime:0.001073s ]
[2026-05-27T15:07:53+08:00][sql] SELECT `more`,`file`,`id` FROM `cmf_theme_file` WHERE  `theme` = 'simpleboot3'  AND (  `is_public` = 1 OR `file` = 'portal/index' ) ORDER BY `is_public` DESC [ RunTime:0.001162s ]
[2026-05-27T15:07:53+08:00][sql] SELECT `option_value` FROM `cmf_option` WHERE  `option_name` = 'storage' LIMIT 1 [ RunTime:0.000541s ]
[2026-05-27T15:35:11+08:00][sql] CONNECT:[ UseTime:0.002140s ] mysql:host=127.0.0.1;port=3306;dbname=nucleon;charset=utf8mb4
[2026-05-27T15:35:11+08:00][sql] SHOW FULL COLUMNS FROM `cmf_option` [ RunTime:0.002477s ]
[2026-05-27T15:35:11+08:00][sql] SELECT `option_value` FROM `cmf_option` WHERE  `option_name` = 'cdn_settings' LIMIT 1 [ RunTime:0.000390s ]
[2026-05-27T15:35:11+08:00][sql] SELECT `option_value` FROM `cmf_option` WHERE  `option_name` = 'cdn_settings' LIMIT 1 [ RunTime:0.000309s ]
[2026-05-27T15:35:11+08:00][sql] SHOW FULL COLUMNS FROM `cmf_product_category` [ RunTime:0.001087s ]
[2026-05-27T15:35:11+08:00][sql] SELECT * FROM `cmf_product_category` WHERE  `parent_id` = 0 ORDER BY `list_order` ASC,`create_time` DESC [ RunTime:0.000985s ]
[2026-05-27T15:35:11+08:00][sql] SELECT * FROM `cmf_product_category` WHERE  `parent_id` IN (28,19,22,23,25,30,27) [ RunTime:0.000511s ]
[2026-05-27T15:35:11+08:00][sql] SHOW FULL COLUMNS FROM `cmf_portal_category` [ RunTime:0.001308s ]
[2026-05-27T15:35:11+08:00][sql] SELECT * FROM `cmf_portal_category` WHERE (  `type` = 8 ) AND `cmf_portal_category`.`delete_time` = '0' ORDER BY `list_order` ASC [ RunTime:0.001136s ]
[2026-05-27T15:35:11+08:00][sql] SHOW FULL COLUMNS FROM `cmf_slide_item` [ RunTime:0.001050s ]
[2026-05-27T15:35:11+08:00][sql] SELECT `title`,`description`,`image`,`url`,`target`,`content` FROM `cmf_slide_item` WHERE  `slide_id` = 1 ORDER BY `list_order` ASC [ RunTime:0.001593s ]
[2026-05-27T15:35:11+08:00][sql] SHOW FULL COLUMNS FROM `cmf_slide` [ RunTime:0.001384s ]
[2026-05-27T15:35:11+08:00][sql] SELECT * FROM `cmf_slide` WHERE  `name` LIKE '%choose%' OR `name` LIKE '%选择%' LIMIT 1 [ RunTime:0.000470s ]
[2026-05-27T15:35:11+08:00][sql] SELECT `title`,`description`,`image`,`url`,`target`,`content` FROM `cmf_slide_item` WHERE  `slide_id` = 14  AND `status` = 1 ORDER BY `list_order` ASC [ RunTime:0.000328s ]
[2026-05-27T15:35:11+08:00][sql] SELECT * FROM `cmf_product_category` WHERE  `parent_id` = 0  AND `recommend` = 1 ORDER BY `list_order` ASC,`create_time` DESC [ RunTime:0.000328s ]
[2026-05-27T15:35:11+08:00][sql] SHOW FULL COLUMNS FROM `cmf_product` [ RunTime:0.001247s ]
[2026-05-27T15:35:11+08:00][sql] SELECT `id`,`title`,`thumbnail`,`industry` FROM `cmf_product` WHERE  `is_recommended` = 1  AND `category_id` = 28 ORDER BY `list_order` ASC LIMIT 6 [ RunTime:0.001041s ]
[2026-05-27T15:35:11+08:00][sql] SELECT `id`,`title`,`thumbnail`,`industry` FROM `cmf_product` WHERE  `is_recommended` = 1  AND `category_id` = 19 ORDER BY `list_order` ASC LIMIT 6 [ RunTime:0.000525s ]
[2026-05-27T15:35:11+08:00][sql] SELECT `id`,`title`,`thumbnail`,`industry` FROM `cmf_product` WHERE  `is_recommended` = 1  AND `category_id` = 23 ORDER BY `list_order` ASC LIMIT 6 [ RunTime:0.000476s ]
[2026-05-27T15:35:11+08:00][sql] SELECT `id`,`title`,`thumbnail`,`industry` FROM `cmf_product` WHERE  `is_recommended` = 1  AND `category_id` = 25 ORDER BY `list_order` ASC LIMIT 6 [ RunTime:0.000524s ]
[2026-05-27T15:35:11+08:00][sql] SELECT `id`,`title`,`thumbnail`,`industry` FROM `cmf_product` WHERE  `is_recommended` = 1  AND `category_id` = 30 ORDER BY `list_order` ASC LIMIT 6 [ RunTime:0.000334s ]
[2026-05-27T15:35:11+08:00][sql] SHOW FULL COLUMNS FROM `cmf_portal_post` [ RunTime:0.001346s ]
[2026-05-27T15:35:11+08:00][sql] SELECT `p`.`id`,`p`.`post_title`,`p`.`post_excerpt`,`p`.`thumbnail`,`p`.`create_time`,`c`.`category_id` FROM `cmf_portal_post` `p` INNER JOIN `cmf_portal_category_post` `c` ON `p`.`id`=`c`.`post_id` WHERE (  `p`.`post_type` = '8' ) AND `p`.`delete_time` = '0' ORDER BY `c`.`list_order` ASC,`p`.`create_time` DESC [ RunTime:0.002608s ]
[2026-05-27T15:35:11+08:00][sql] SELECT `id`,`post_title`,`post_excerpt`,`more` FROM `cmf_portal_post` WHERE (  `post_type` = 3 ) AND `cmf_portal_post`.`delete_time` = '0' ORDER BY `create_time` DESC [ RunTime:0.000385s ]
[2026-05-27T15:35:11+08:00][sql] SHOW FULL COLUMNS FROM `cmf_theme_file` [ RunTime:0.001062s ]
[2026-05-27T15:35:11+08:00][sql] SELECT `more`,`file`,`id` FROM `cmf_theme_file` WHERE  `theme` = 'simpleboot3'  AND (  `is_public` = 1 OR `file` = 'portal/index' ) ORDER BY `is_public` DESC [ RunTime:0.000566s ]
[2026-05-27T15:35:11+08:00][sql] SELECT `option_value` FROM `cmf_option` WHERE  `option_name` = 'storage' LIMIT 1 [ RunTime:0.000998s ]
[2026-05-27T15:35:55+08:00][sql] CONNECT:[ UseTime:0.000907s ] mysql:host=127.0.0.1;port=3306;dbname=nucleon;charset=utf8mb4
[2026-05-27T15:35:55+08:00][sql] SHOW FULL COLUMNS FROM `cmf_option` [ RunTime:0.003525s ]
[2026-05-27T15:35:55+08:00][sql] SELECT `option_value` FROM `cmf_option` WHERE  `option_name` = 'cdn_settings' LIMIT 1 [ RunTime:0.000602s ]
[2026-05-27T15:35:55+08:00][sql] CONNECT:[ UseTime:0.024837s ] mysql:host=127.0.0.1;port=3306;dbname=nucleon;charset=utf8mb4
[2026-05-27T15:35:55+08:00][sql] SHOW FULL COLUMNS FROM `cmf_option` [ RunTime:0.002220s ]
[2026-05-27T15:35:55+08:00][sql] SELECT `option_value` FROM `cmf_option` WHERE  `option_name` = 'cdn_settings' LIMIT 1 [ RunTime:0.000873s ]
[2026-05-27T15:36:16+08:00][sql] CONNECT:[ UseTime:0.000908s ] mysql:host=127.0.0.1;port=3306;dbname=nucleon;charset=utf8mb4
[2026-05-27T15:36:16+08:00][sql] SHOW FULL COLUMNS FROM `cmf_option` [ RunTime:0.002077s ]
[2026-05-27T15:36:16+08:00][sql] SELECT `option_value` FROM `cmf_option` WHERE  `option_name` = 'cdn_settings' LIMIT 1 [ RunTime:0.001007s ]
[2026-05-27T15:36:16+08:00][sql] SHOW FULL COLUMNS FROM `cmf_user` [ RunTime:0.001749s ]
[2026-05-27T15:36:16+08:00][sql] SELECT * FROM `cmf_user` WHERE  `user_login` = 'antop002' LIMIT 1 [ RunTime:0.002121s ]
[2026-05-27T15:36:16+08:00][sql] SHOW FULL COLUMNS FROM `cmf_role_user` [ RunTime:0.001649s ]
[2026-05-27T15:36:16+08:00][sql] SELECT `role_id` FROM `cmf_role_user` `a` INNER JOIN `cmf_role` `b` ON `a`.`role_id`=`b`.`id` WHERE  `user_id` = 1  AND `status` = '1' LIMIT 1 [ RunTime:0.002626s ]
[2026-05-27T15:36:16+08:00][sql] SHOW FULL COLUMNS FROM `cmf_user_token` [ RunTime:0.001672s ]
[2026-05-27T15:36:16+08:00][sql] SELECT * FROM `cmf_user_token` WHERE  `user_id` = 1  AND `device_type` = 'web' LIMIT 1 [ RunTime:0.001155s ]
[2026-05-27T15:36:16+08:00][sql] UPDATE `cmf_user`  SET `last_login_ip` = '::1' , `last_login_time` = 1779867376  WHERE  `id` = 1 [ RunTime:0.005100s ]
[2026-05-27T15:36:19+08:00][sql] CONNECT:[ UseTime:0.000813s ] mysql:host=127.0.0.1;port=3306;dbname=nucleon;charset=utf8mb4
[2026-05-27T15:36:19+08:00][sql] SHOW FULL COLUMNS FROM `cmf_option` [ RunTime:0.002597s ]
[2026-05-27T15:36:19+08:00][sql] SELECT `option_value` FROM `cmf_option` WHERE  `option_name` = 'cdn_settings' LIMIT 1 [ RunTime:0.000475s ]
[2026-05-27T15:36:19+08:00][sql] SHOW FULL COLUMNS FROM `cmf_user` [ RunTime:0.001471s ]
[2026-05-27T15:36:19+08:00][sql] SELECT * FROM `cmf_user` WHERE  `id` = 1 LIMIT 1 [ RunTime:0.000609s ]
[2026-05-27T15:36:19+08:00][sql] SHOW FULL COLUMNS FROM `cmf_admin_menu` [ RunTime:0.002190s ]
[2026-05-27T15:36:19+08:00][sql] SELECT * FROM `cmf_admin_menu` ORDER BY `app` ASC,`controller` ASC,`action` ASC [ RunTime:0.002518s ]
[2026-05-27T15:36:19+08:00][sql] CONNECT:[ UseTime:0.001375s ] mysql:host=127.0.0.1;port=3306;dbname=nucleon;charset=utf8mb4
[2026-05-27T15:36:19+08:00][sql] SHOW FULL COLUMNS FROM `cmf_option` [ RunTime:0.001855s ]
[2026-05-27T15:36:19+08:00][sql] SELECT `option_value` FROM `cmf_option` WHERE  `option_name` = 'cdn_settings' LIMIT 1 [ RunTime:0.001093s ]
[2026-05-27T15:36:19+08:00][sql] SHOW FULL COLUMNS FROM `cmf_user` [ RunTime:0.001654s ]
[2026-05-27T15:36:19+08:00][sql] SELECT * FROM `cmf_user` WHERE  `id` = 1 LIMIT 1 [ RunTime:0.000645s ]
[2026-05-27T15:36:19+08:00][sql] SELECT `option_value` FROM `cmf_option` WHERE  `option_name` = 'cdn_settings' LIMIT 1 [ RunTime:0.000254s ]
[2026-05-27T15:36:19+08:00][sql] SELECT `option_value` FROM `cmf_option` WHERE  `option_name` = 'cmf_settings' LIMIT 1 [ RunTime:0.000201s ]
[2026-05-27T15:36:19+08:00][sql] SELECT `option_value` FROM `cmf_option` WHERE  `option_name` = 'storage' LIMIT 1 [ RunTime:0.000627s ]
[2026-05-27T15:36:21+08:00][sql] CONNECT:[ UseTime:0.001296s ] mysql:host=127.0.0.1;port=3306;dbname=nucleon;charset=utf8mb4
[2026-05-27T15:36:21+08:00][sql] SHOW FULL COLUMNS FROM `cmf_option` [ RunTime:0.001743s ]
[2026-05-27T15:36:21+08:00][sql] SELECT `option_value` FROM `cmf_option` WHERE  `option_name` = 'cdn_settings' LIMIT 1 [ RunTime:0.000506s ]
[2026-05-27T15:36:21+08:00][sql] SHOW FULL COLUMNS FROM `cmf_user` [ RunTime:0.001311s ]
[2026-05-27T15:36:21+08:00][sql] SELECT * FROM `cmf_user` WHERE  `id` = 1 LIMIT 1 [ RunTime:0.000790s ]
[2026-05-27T15:36:21+08:00][sql] SELECT `option_value` FROM `cmf_option` WHERE  `option_name` = 'cdn_settings' LIMIT 1 [ RunTime:0.000244s ]
[2026-05-27T15:36:21+08:00][sql] SELECT `option_value` FROM `cmf_option` WHERE  `option_name` = 'cmf_settings' LIMIT 1 [ RunTime:0.000217s ]
[2026-05-27T15:36:21+08:00][sql] SELECT `option_value` FROM `cmf_option` WHERE  `option_name` = 'storage' LIMIT 1 [ RunTime:0.000240s ]
[2026-05-27T15:36:58+08:00][sql] CONNECT:[ UseTime:0.000919s ] mysql:host=127.0.0.1;port=3306;dbname=nucleon;charset=utf8mb4
[2026-05-27T15:36:58+08:00][sql] SHOW FULL COLUMNS FROM `cmf_option` [ RunTime:0.001752s ]
[2026-05-27T15:36:58+08:00][sql] SELECT `option_value` FROM `cmf_option` WHERE  `option_name` = 'cdn_settings' LIMIT 1 [ RunTime:0.000328s ]
[2026-05-27T15:36:58+08:00][sql] SHOW FULL COLUMNS FROM `cmf_user` [ RunTime:0.001105s ]
[2026-05-27T15:36:58+08:00][sql] SELECT * FROM `cmf_user` WHERE  `id` = 1 LIMIT 1 [ RunTime:0.000778s ]
[2026-05-27T15:36:58+08:00][sql] SELECT * FROM `cmf_option` WHERE  `option_name` = 'index_setting' LIMIT 1 [ RunTime:0.000273s ]
[2026-05-27T15:36:58+08:00][sql] UPDATE `cmf_option`  SET `option_value` = '{\"about_description\":\"11111HENAN WEIHUA CO., LTD., founded in 1988, is a large-scale equipment manufacturing enterprise specializing in the development of overhead crane, gantry crane, port container crane, electric hoist, metallurgical crane,multifunctional crane and other products. We has 10 series of more than 200 categories of lifting machinery manufacturing qualifications. The leading products are widely used in machinery, metallurgy, mining, electric power,railway, port, petroleum, chemical and other industries, serving the national key projects such as West-east gas transmission, South-north water Diversion project, Olympic Games project, Hangzhou Bay Cross-sea Bridge and thousands of large enterprises such as china Coal, china shenhua, sinopec, petrochina, Baowu lron and Steel. And exported to Thailand,Malaysia, Australia and other more than 170 countries and regions.\",\"about_img\":\"admin\\/20260514\\/5558cfbf38e09a4e27974655d0044685.webp\",\"choose_description\":\"In modern industrial development worldwide, smooth and efficient material handling and cargo movement play a vital role in daily production operations. A durable and well-built lifting equipment is essential to streamline your workflow. As a professional crane manufacturer based in China, WEIHUA has earned wide recognition and solid trust across the industry. Whether you plan to procure standard lifting machinery or look for tailored lifting solutions, we are fully capable of meeting all your practical demands. We offer customized manufacturing services covering overhead cranes, gantry cranes, container handling cranes, RTG cranes, RMG cranes and various other lifting equipment.\",\"choose\":[{\"choose_name\":\"Direct Deal\",\"choose_desc\":\"Weihua Crane is a real factory to help youeffectively save costs.\",\"choose_image\":\"admin\\/20241227\\/64c9b433b999588924fb5befa6c333b9.png\",\"choose_image_active\":\"admin\\/20241227\\/9eac08b8e263bc41b951db6374925f5c.png\"},{\"choose_name\":\"Complete Certificate\",\"choose_desc\":\"Weihua Crane has obtained ISO and OHSAS certification, products CCS, ABS etc certification, and special QC checks for shipments.\",\"choose_image\":\"admin\\/20241227\\/c7b2db26dd7bceb55294605397d45154.webp\",\"choose_image_active\":\"admin\\/20241227\\/f86758167663bae45d01cf6f12b03275.png\"},{\"choose_name\":\"Professional Technical Support\",\"choose_desc\":\"The technicians have abundant project experience, and will provide you with professional technical support.\",\"choose_image\":\"admin\\/20241227\\/156f6238d94bd6e5049e1ec9b5cdab09.png\",\"choose_image_active\":\"admin\\/20241227\\/ac5f65e9f9faf559d5bdfbbbbb7cda43.png\"},{\"choose_name\":\"Complete Production Equipment\",\"choose_desc\":\"Complete production equipment, reflecting the processing quality and cost advantages.\",\"choose_image\":\"admin\\/20241227\\/6d29b256371f64b842adb13090f00b02.png\",\"choose_image_active\":\"admin\\/20241227\\/323eaf09d62f34d18d6cb23fa5e8793e.png\"},{\"choose_name\":\"Quick Response\",\"choose_desc\":\"Quick response to Pre-sale, in-sale and after-sale problems.\",\"choose_image\":\"admin\\/20241227\\/a13cdd146f86731efc8a584cc60eb738.png\",\"choose_image_active\":\"admin\\/20241227\\/266bc1a20febe7a2f427e5fef6e643c7.png\"},{\"choose_name\":\"Technical Guidance\",\"choose_desc\":\"Provide on-site technical support and follow-up technical guidance.\",\"choose_image\":\"admin\\/20241227\\/a9b3bd90aff4211fd0e2ec27f71c3f96.png\",\"choose_image_active\":\"admin\\/20241227\\/f0da3311946ce71a306869ae320de5b7.png\"}],\"faq_title\":\"FAQ\",\"faq_contact_title\":\"Can not Find Your Question?\",\"faq_contact_desc\":\"If you can not find the answer, contact us and let us know how we can help you.\",\"faq_contact_btn_text\":\"Contact Us\",\"faq\":[{\"question\":\"What factors affect crane prices most, and how can I get a reasonable quotation?\",\"answer\":\"Many customers worry about hidden costs and inconsistent pricing when buying cranes. The actual crane price mainly depends on lifting capacity, span, lifting height, working duty, configuration standards and customized functions. Simple standard models have stable and transparent prices, while special working conditions such as explosion-proof, high-temperature, anti-corrosion and intelligent anti-sway systems will lead to different costs. We provide one-on-one tailored quotes based on your actual site conditions and usage needs, with no hidden charges, and every configuration and cost item is clearly listed for your reference.\"},{\"question\":\"Are your cranes suitable for my local industrial and environmental conditions?\",\"answer\":\"This is the key concern for overseas buyers, as different countries have different weather, site and industry requirements. Our overhead cranes, gantry cranes and port cranes can be fully adapted to various complex environments, including high temperature, heavy rain, coastal humidity, dust and strong wind conditions. We can adjust motor brands, electrical systems, anti-rust painting standards, protection grades and wind-proof devices according to your local climate, site environment and industry standards, ensuring long-term stable operation in your working scenario.\"},{\"question\":\"Do you support customized crane solutions for special working conditions?\",\"answer\":\"Standard cranes cannot meet all project needs, which is why custom solutions are essential for industrial engineering projects. We fully support personalized customization including non-standard span, special lifting height, heavy-duty working level, explosion-proof, insulation, anti-corrosion, intelligent anti-sway, remote control and automatic positioning functions. Whether it is factory indoor handling, outdoor yard operation, port container handling or metallurgy and chemical special scenarios, we can design and produce exclusive crane equipment according to your drawings and technical requirements.\"},{\"question\":\"What certifications do your cranes have for overseas export?\",\"answer\":\"Most overseas projects require official certification for customs clearance and project acceptance, which is a major pain point for many purchasers. All our cranes are manufactured in strict accordance with international standards and have complete export qualifications, including CE, ISO and other mainstream certifications. We can provide complete certification documents, inspection reports and factory qualification materials to ensure smooth customs clearance, local inspection and long-term project use in your country.\"},{\"question\":\"What after-sales support can you provide for overseas clients?\",\"answer\":\"Overseas customers are most worried about no technical support and difficult maintenance after purchasing equipment. We provide full-cycle after-sales service including installation guidance, operation training, remote technical support and lifetime after-sales consultation. We supply original spare parts at factory prices for long-term maintenance. If you encounter operation failure, equipment debugging or daily maintenance problems, our professional technical team can respond quickly to help you solve problems and ensure the cranes run stably for a long time.\"}]}'  WHERE  `option_name` = 'index_setting' [ RunTime:0.004230s ]
[2026-05-27T15:37:01+08:00][sql] CONNECT:[ UseTime:0.001082s ] mysql:host=127.0.0.1;port=3306;dbname=nucleon;charset=utf8mb4
[2026-05-27T15:37:01+08:00][sql] SHOW FULL COLUMNS FROM `cmf_hook` [ RunTime:0.001875s ]
[2026-05-27T15:37:01+08:00][sql] SELECT `hook`,`id` FROM `cmf_hook` WHERE  (  (  `app` = '' OR `app` = 'cmf' )  AND `type` = 3 ) OR `type` = 1 [ RunTime:0.001780s ]
[2026-05-27T15:37:01+08:00][sql] SHOW FULL COLUMNS FROM `cmf_hook_plugin` [ RunTime:0.001350s ]
[2026-05-27T15:37:01+08:00][sql] SELECT `hook`,`plugin` FROM `cmf_hook_plugin` WHERE  `status` = 1  AND `hook` IN ('app_begin','module_init','action_begin','view_filter','app_end','log_write','response_end','admin_init','home_init','send_mobile_verification_code','body_start','before_head_end','footer_start','before_footer','before_footer_end','before_body_end','left_sidebar_start','before_left_sidebar_end','right_sidebar_start','before_right_sidebar_end','comment','guestbook','switch_theme','after_content','before_content','log_write_done','switch_admin_theme','captcha_image','user_login_start') ORDER BY `list_order` ASC [ RunTime:0.000781s ]
[2026-05-27T15:37:01+08:00][sql] SELECT `hook` FROM `cmf_hook` WHERE  `app` = 'portal' [ RunTime:0.000821s ]
[2026-05-27T15:37:01+08:00][sql] SELECT `hook`,`plugin` FROM `cmf_hook_plugin` WHERE  `status` = 1  AND `hook` IN ('portal_before_assign_article','portal_admin_after_save_article','portal_admin_article_index_view','portal_admin_article_add_view','portal_admin_article_edit_view','portal_admin_category_index_view','portal_admin_category_add_view','portal_admin_category_edit_view','portal_admin_page_index_view','portal_admin_page_add_view','portal_admin_page_edit_view','portal_admin_tag_index_view','portal_admin_article_edit_view_right_sidebar','portal_admin_article_edit_view_main') ORDER BY `list_order` ASC [ RunTime:0.000387s ]
[2026-05-27T15:37:01+08:00][sql] SHOW FULL COLUMNS FROM `cmf_plugin` [ RunTime:0.003571s ]
[2026-05-27T15:37:01+08:00][sql] SELECT `config` FROM `cmf_plugin` WHERE  `name` = 'SwitchTheme' LIMIT 1 [ RunTime:0.001653s ]
[2026-05-27T15:37:01+08:00][sql] SHOW FULL COLUMNS FROM `cmf_option` [ RunTime:0.002294s ]
[2026-05-27T15:37:01+08:00][sql] SELECT `option_value` FROM `cmf_option` WHERE  `option_name` = 'cdn_settings' LIMIT 1 [ RunTime:0.000977s ]
[2026-05-27T15:37:01+08:00][sql] SELECT `option_value` FROM `cmf_option` WHERE  `option_name` = 'cdn_settings' LIMIT 1 [ RunTime:0.000956s ]
[2026-05-27T15:37:01+08:00][sql] SHOW FULL COLUMNS FROM `cmf_product_category` [ RunTime:0.001861s ]
[2026-05-27T15:37:01+08:00][sql] SELECT * FROM `cmf_product_category` WHERE  `parent_id` = 0 ORDER BY `list_order` ASC,`create_time` DESC [ RunTime:0.000899s ]
[2026-05-27T15:37:01+08:00][sql] SELECT * FROM `cmf_product_category` WHERE  `parent_id` IN (28,19,22,23,25,30,27) [ RunTime:0.000431s ]
[2026-05-27T15:37:01+08:00][sql] SHOW FULL COLUMNS FROM `cmf_portal_category` [ RunTime:0.001329s ]
[2026-05-27T15:37:01+08:00][sql] SELECT * FROM `cmf_portal_category` WHERE (  `type` = 8 ) AND `cmf_portal_category`.`delete_time` = '0' ORDER BY `list_order` ASC [ RunTime:0.001369s ]
[2026-05-27T15:37:01+08:00][sql] SELECT `option_value` FROM `cmf_option` WHERE  `option_name` = 'site_info' LIMIT 1 [ RunTime:0.001114s ]
[2026-05-27T15:37:01+08:00][sql] SHOW FULL COLUMNS FROM `cmf_slide_item` [ RunTime:0.001663s ]
[2026-05-27T15:37:01+08:00][sql] SELECT `title`,`description`,`image`,`url`,`target`,`content` FROM `cmf_slide_item` WHERE  `slide_id` = 1 ORDER BY `list_order` ASC [ RunTime:0.000733s ]
[2026-05-27T15:37:01+08:00][sql] SHOW FULL COLUMNS FROM `cmf_slide` [ RunTime:0.000957s ]
[2026-05-27T15:37:01+08:00][sql] SELECT * FROM `cmf_slide` WHERE  `name` LIKE '%choose%' OR `name` LIKE '%选择%' LIMIT 1 [ RunTime:0.000453s ]
[2026-05-27T15:37:01+08:00][sql] SELECT `title`,`description`,`image`,`url`,`target`,`content` FROM `cmf_slide_item` WHERE  `slide_id` = 14  AND `status` = 1 ORDER BY `list_order` ASC [ RunTime:0.000347s ]
[2026-05-27T15:37:01+08:00][sql] SELECT * FROM `cmf_product_category` WHERE  `parent_id` = 0  AND `recommend` = 1 ORDER BY `list_order` ASC,`create_time` DESC [ RunTime:0.000321s ]
[2026-05-27T15:37:01+08:00][sql] SHOW FULL COLUMNS FROM `cmf_product` [ RunTime:0.001265s ]
[2026-05-27T15:37:01+08:00][sql] SELECT `id`,`title`,`thumbnail`,`industry` FROM `cmf_product` WHERE  `is_recommended` = 1  AND `category_id` = 28 ORDER BY `list_order` ASC LIMIT 6 [ RunTime:0.000638s ]
[2026-05-27T15:37:01+08:00][sql] SELECT `id`,`title`,`thumbnail`,`industry` FROM `cmf_product` WHERE  `is_recommended` = 1  AND `category_id` = 19 ORDER BY `list_order` ASC LIMIT 6 [ RunTime:0.000401s ]
[2026-05-27T15:37:01+08:00][sql] SELECT `id`,`title`,`thumbnail`,`industry` FROM `cmf_product` WHERE  `is_recommended` = 1  AND `category_id` = 23 ORDER BY `list_order` ASC LIMIT 6 [ RunTime:0.000944s ]
[2026-05-27T15:37:01+08:00][sql] SELECT `id`,`title`,`thumbnail`,`industry` FROM `cmf_product` WHERE  `is_recommended` = 1  AND `category_id` = 25 ORDER BY `list_order` ASC LIMIT 6 [ RunTime:0.000292s ]
[2026-05-27T15:37:01+08:00][sql] SELECT `id`,`title`,`thumbnail`,`industry` FROM `cmf_product` WHERE  `is_recommended` = 1  AND `category_id` = 30 ORDER BY `list_order` ASC LIMIT 6 [ RunTime:0.000339s ]
[2026-05-27T15:37:01+08:00][sql] SELECT `option_value` FROM `cmf_option` WHERE  `option_name` = 'index_setting' LIMIT 1 [ RunTime:0.000264s ]
[2026-05-27T15:37:01+08:00][sql] SELECT `option_value` FROM `cmf_option` WHERE  `option_name` = 'about_site' LIMIT 1 [ RunTime:0.000606s ]
[2026-05-27T15:37:01+08:00][sql] SHOW FULL COLUMNS FROM `cmf_portal_post` [ RunTime:0.002039s ]
[2026-05-27T15:37:01+08:00][sql] SELECT `p`.`id`,`p`.`post_title`,`p`.`post_excerpt`,`p`.`thumbnail`,`p`.`create_time`,`c`.`category_id` FROM `cmf_portal_post` `p` INNER JOIN `cmf_portal_category_post` `c` ON `p`.`id`=`c`.`post_id` WHERE (  `p`.`post_type` = '8' ) AND `p`.`delete_time` = '0' ORDER BY `c`.`list_order` ASC,`p`.`create_time` DESC [ RunTime:0.001062s ]
[2026-05-27T15:37:01+08:00][sql] SELECT `id`,`post_title`,`post_excerpt`,`more` FROM `cmf_portal_post` WHERE (  `post_type` = 3 ) AND `cmf_portal_post`.`delete_time` = '0' ORDER BY `create_time` DESC [ RunTime:0.000420s ]
[2026-05-27T15:37:01+08:00][sql] SELECT `option_value` FROM `cmf_option` WHERE  `option_name` = 'product_category_hero_settings' LIMIT 1 [ RunTime:0.000344s ]
[2026-05-27T15:37:01+08:00][sql] SHOW FULL COLUMNS FROM `cmf_theme_file` [ RunTime:0.003003s ]
[2026-05-27T15:37:01+08:00][sql] SELECT `more`,`file`,`id` FROM `cmf_theme_file` WHERE  `theme` = 'simpleboot3'  AND (  `is_public` = 1 OR `file` = 'portal/index' ) ORDER BY `is_public` DESC [ RunTime:0.002463s ]
[2026-05-27T15:37:01+08:00][sql] SHOW FULL COLUMNS FROM `cmf_route` [ RunTime:0.001370s ]
[2026-05-27T15:37:01+08:00][sql] SELECT * FROM `cmf_route` WHERE  `status` = 1 ORDER BY `list_order` ASC [ RunTime:0.001519s ]
[2026-05-27T15:37:01+08:00][sql] SELECT `option_value` FROM `cmf_option` WHERE  `option_name` = 'storage' LIMIT 1 [ RunTime:0.000483s ]
[2026-05-27T15:37:15+08:00][sql] CONNECT:[ UseTime:0.001189s ] mysql:host=127.0.0.1;port=3306;dbname=nucleon;charset=utf8mb4
[2026-05-27T15:37:15+08:00][sql] SHOW FULL COLUMNS FROM `cmf_hook` [ RunTime:0.002844s ]
[2026-05-27T15:37:15+08:00][sql] SELECT `hook` FROM `cmf_hook` WHERE  `app` = 'admin' [ RunTime:0.000751s ]
[2026-05-27T15:37:15+08:00][sql] SHOW FULL COLUMNS FROM `cmf_hook_plugin` [ RunTime:0.001418s ]
[2026-05-27T15:37:15+08:00][sql] SELECT `hook`,`plugin` FROM `cmf_hook_plugin` WHERE  `status` = 1  AND `hook` IN ('admin_dashboard','admin_login','admin_theme_design_view','admin_setting_site_view','admin_setting_clear_cache_view','admin_nav_index_view','admin_link_index_view','admin_slide_index_view','admin_user_index_view','admin_rbac_index_view','admin_index_index_view','admin_recycle_bin_index_view','admin_menu_index_view','admin_custom_login_open','admin_slide_item_index_view','admin_slide_item_add_view','admin_slide_item_edit_view','admin_user_add_view','admin_user_edit_view','admin_rbac_role_add_view','admin_rbac_role_edit_view','admin_rbac_authorize_view','admin_api_import_view') ORDER BY `list_order` ASC [ RunTime:0.000623s ]
[2026-05-27T15:37:15+08:00][sql] SHOW FULL COLUMNS FROM `cmf_option` [ RunTime:0.001787s ]
[2026-05-27T15:37:15+08:00][sql] SELECT `option_value` FROM `cmf_option` WHERE  `option_name` = 'cdn_settings' LIMIT 1 [ RunTime:0.000843s ]
[2026-05-27T15:37:15+08:00][sql] SHOW FULL COLUMNS FROM `cmf_user` [ RunTime:0.001545s ]
[2026-05-27T15:37:15+08:00][sql] SELECT * FROM `cmf_user` WHERE  `id` = 1 LIMIT 1 [ RunTime:0.000804s ]
[2026-05-27T15:37:15+08:00][sql] SELECT * FROM `cmf_option` WHERE  `option_name` = 'index_setting' LIMIT 1 [ RunTime:0.000312s ]
[2026-05-27T15:37:15+08:00][sql] UPDATE `cmf_option`  SET `option_value` = '{\"about_description\":\"111HENAN WEIHUA CO., LTD., founded in 1988, is a large-scale equipment manufacturing enterprise specializing in the development of overhead crane, gantry crane, port container crane, electric hoist, metallurgical crane,multifunctional crane and other products. We has 10 series of more than 200 categories of lifting machinery manufacturing qualifications. The leading products are widely used in machinery, metallurgy, mining, electric power,railway, port, petroleum, chemical and other industries, serving the national key projects such as West-east gas transmission, South-north water Diversion project, Olympic Games project, Hangzhou Bay Cross-sea Bridge and thousands of large enterprises such as china Coal, china shenhua, sinopec, petrochina, Baowu lron and Steel. And exported to Thailand,Malaysia, Australia and other more than 170 countries and regions.\",\"about_img\":\"admin\\/20260514\\/5558cfbf38e09a4e27974655d0044685.webp\",\"choose_description\":\"In modern industrial development worldwide, smooth and efficient material handling and cargo movement play a vital role in daily production operations. A durable and well-built lifting equipment is essential to streamline your workflow. As a professional crane manufacturer based in China, WEIHUA has earned wide recognition and solid trust across the industry. Whether you plan to procure standard lifting machinery or look for tailored lifting solutions, we are fully capable of meeting all your practical demands. We offer customized manufacturing services covering overhead cranes, gantry cranes, container handling cranes, RTG cranes, RMG cranes and various other lifting equipment.\",\"choose\":[{\"choose_name\":\"Direct Deal\",\"choose_desc\":\"Weihua Crane is a real factory to help youeffectively save costs.\",\"choose_image\":\"admin\\/20241227\\/64c9b433b999588924fb5befa6c333b9.png\",\"choose_image_active\":\"admin\\/20241227\\/9eac08b8e263bc41b951db6374925f5c.png\"},{\"choose_name\":\"Complete Certificate\",\"choose_desc\":\"Weihua Crane has obtained ISO and OHSAS certification, products CCS, ABS etc certification, and special QC checks for shipments.\",\"choose_image\":\"admin\\/20241227\\/c7b2db26dd7bceb55294605397d45154.webp\",\"choose_image_active\":\"admin\\/20241227\\/f86758167663bae45d01cf6f12b03275.png\"},{\"choose_name\":\"Professional Technical Support\",\"choose_desc\":\"The technicians have abundant project experience, and will provide you with professional technical support.\",\"choose_image\":\"admin\\/20241227\\/156f6238d94bd6e5049e1ec9b5cdab09.png\",\"choose_image_active\":\"admin\\/20241227\\/ac5f65e9f9faf559d5bdfbbbbb7cda43.png\"},{\"choose_name\":\"Complete Production Equipment\",\"choose_desc\":\"Complete production equipment, reflecting the processing quality and cost advantages.\",\"choose_image\":\"admin\\/20241227\\/6d29b256371f64b842adb13090f00b02.png\",\"choose_image_active\":\"admin\\/20241227\\/323eaf09d62f34d18d6cb23fa5e8793e.png\"},{\"choose_name\":\"Quick Response\",\"choose_desc\":\"Quick response to Pre-sale, in-sale and after-sale problems.\",\"choose_image\":\"admin\\/20241227\\/a13cdd146f86731efc8a584cc60eb738.png\",\"choose_image_active\":\"admin\\/20241227\\/266bc1a20febe7a2f427e5fef6e643c7.png\"},{\"choose_name\":\"Technical Guidance\",\"choose_desc\":\"Provide on-site technical support and follow-up technical guidance.\",\"choose_image\":\"admin\\/20241227\\/a9b3bd90aff4211fd0e2ec27f71c3f96.png\",\"choose_image_active\":\"admin\\/20241227\\/f0da3311946ce71a306869ae320de5b7.png\"}],\"faq_title\":\"FAQ\",\"faq_contact_title\":\"Can not Find Your Question?\",\"faq_contact_desc\":\"If you can not find the answer, contact us and let us know how we can help you.\",\"faq_contact_btn_text\":\"Contact Us\",\"faq\":[{\"question\":\"What factors affect crane prices most, and how can I get a reasonable quotation?\",\"answer\":\"Many customers worry about hidden costs and inconsistent pricing when buying cranes. The actual crane price mainly depends on lifting capacity, span, lifting height, working duty, configuration standards and customized functions. Simple standard models have stable and transparent prices, while special working conditions such as explosion-proof, high-temperature, anti-corrosion and intelligent anti-sway systems will lead to different costs. We provide one-on-one tailored quotes based on your actual site conditions and usage needs, with no hidden charges, and every configuration and cost item is clearly listed for your reference.\"},{\"question\":\"Are your cranes suitable for my local industrial and environmental conditions?\",\"answer\":\"This is the key concern for overseas buyers, as different countries have different weather, site and industry requirements. Our overhead cranes, gantry cranes and port cranes can be fully adapted to various complex environments, including high temperature, heavy rain, coastal humidity, dust and strong wind conditions. We can adjust motor brands, electrical systems, anti-rust painting standards, protection grades and wind-proof devices according to your local climate, site environment and industry standards, ensuring long-term stable operation in your working scenario.\"},{\"question\":\"Do you support customized crane solutions for special working conditions?\",\"answer\":\"Standard cranes cannot meet all project needs, which is why custom solutions are essential for industrial engineering projects. We fully support personalized customization including non-standard span, special lifting height, heavy-duty working level, explosion-proof, insulation, anti-corrosion, intelligent anti-sway, remote control and automatic positioning functions. Whether it is factory indoor handling, outdoor yard operation, port container handling or metallurgy and chemical special scenarios, we can design and produce exclusive crane equipment according to your drawings and technical requirements.\"},{\"question\":\"What certifications do your cranes have for overseas export?\",\"answer\":\"Most overseas projects require official certification for customs clearance and project acceptance, which is a major pain point for many purchasers. All our cranes are manufactured in strict accordance with international standards and have complete export qualifications, including CE, ISO and other mainstream certifications. We can provide complete certification documents, inspection reports and factory qualification materials to ensure smooth customs clearance, local inspection and long-term project use in your country.\"},{\"question\":\"What after-sales support can you provide for overseas clients?\",\"answer\":\"Overseas customers are most worried about no technical support and difficult maintenance after purchasing equipment. We provide full-cycle after-sales service including installation guidance, operation training, remote technical support and lifetime after-sales consultation. We supply original spare parts at factory prices for long-term maintenance. If you encounter operation failure, equipment debugging or daily maintenance problems, our professional technical team can respond quickly to help you solve problems and ensure the cranes run stably for a long time.\"}]}'  WHERE  `option_name` = 'index_setting' [ RunTime:0.004313s ]
[2026-05-27T15:37:18+08:00][sql] CONNECT:[ UseTime:0.012286s ] mysql:host=127.0.0.1;port=3306;dbname=nucleon;charset=utf8mb4
[2026-05-27T15:37:18+08:00][sql] SHOW FULL COLUMNS FROM `cmf_hook` [ RunTime:0.001651s ]
[2026-05-27T15:37:18+08:00][sql] SELECT `hook`,`id` FROM `cmf_hook` WHERE  (  (  `app` = '' OR `app` = 'cmf' )  AND `type` = 3 ) OR `type` = 1 [ RunTime:0.000676s ]
[2026-05-27T15:37:18+08:00][sql] SHOW FULL COLUMNS FROM `cmf_hook_plugin` [ RunTime:0.001148s ]
[2026-05-27T15:37:18+08:00][sql] SELECT `hook`,`plugin` FROM `cmf_hook_plugin` WHERE  `status` = 1  AND `hook` IN ('app_begin','module_init','action_begin','view_filter','app_end','log_write','response_end','admin_init','home_init','send_mobile_verification_code','body_start','before_head_end','footer_start','before_footer','before_footer_end','before_body_end','left_sidebar_start','before_left_sidebar_end','right_sidebar_start','before_right_sidebar_end','comment','guestbook','switch_theme','after_content','before_content','log_write_done','switch_admin_theme','captcha_image','user_login_start') ORDER BY `list_order` ASC [ RunTime:0.000464s ]
[2026-05-27T15:37:18+08:00][sql] SELECT `hook` FROM `cmf_hook` WHERE  `app` = 'portal' [ RunTime:0.001032s ]
[2026-05-27T15:37:18+08:00][sql] SELECT `hook`,`plugin` FROM `cmf_hook_plugin` WHERE  `status` = 1  AND `hook` IN ('portal_before_assign_article','portal_admin_after_save_article','portal_admin_article_index_view','portal_admin_article_add_view','portal_admin_article_edit_view','portal_admin_category_index_view','portal_admin_category_add_view','portal_admin_category_edit_view','portal_admin_page_index_view','portal_admin_page_add_view','portal_admin_page_edit_view','portal_admin_tag_index_view','portal_admin_article_edit_view_right_sidebar','portal_admin_article_edit_view_main') ORDER BY `list_order` ASC [ RunTime:0.000470s ]
[2026-05-27T15:37:18+08:00][sql] SHOW FULL COLUMNS FROM `cmf_plugin` [ RunTime:0.001416s ]
[2026-05-27T15:37:18+08:00][sql] SELECT `config` FROM `cmf_plugin` WHERE  `name` = 'SwitchTheme' LIMIT 1 [ RunTime:0.000605s ]
[2026-05-27T15:37:18+08:00][sql] SHOW FULL COLUMNS FROM `cmf_option` [ RunTime:0.002023s ]
[2026-05-27T15:37:18+08:00][sql] SELECT `option_value` FROM `cmf_option` WHERE  `option_name` = 'cdn_settings' LIMIT 1 [ RunTime:0.000660s ]
[2026-05-27T15:37:18+08:00][sql] SELECT `option_value` FROM `cmf_option` WHERE  `option_name` = 'cdn_settings' LIMIT 1 [ RunTime:0.000655s ]
[2026-05-27T15:37:18+08:00][sql] SHOW FULL COLUMNS FROM `cmf_product_category` [ RunTime:0.001755s ]
[2026-05-27T15:37:18+08:00][sql] SELECT * FROM `cmf_product_category` WHERE  `parent_id` = 0 ORDER BY `list_order` ASC,`create_time` DESC [ RunTime:0.000401s ]
[2026-05-27T15:37:18+08:00][sql] SELECT * FROM `cmf_product_category` WHERE  `parent_id` IN (28,19,22,23,25,30,27) [ RunTime:0.000512s ]
[2026-05-27T15:37:18+08:00][sql] SHOW FULL COLUMNS FROM `cmf_portal_category` [ RunTime:0.003043s ]
[2026-05-27T15:37:18+08:00][sql] SELECT * FROM `cmf_portal_category` WHERE (  `type` = 8 ) AND `cmf_portal_category`.`delete_time` = '0' ORDER BY `list_order` ASC [ RunTime:0.001177s ]
[2026-05-27T15:37:18+08:00][sql] SELECT `option_value` FROM `cmf_option` WHERE  `option_name` = 'site_info' LIMIT 1 [ RunTime:0.000354s ]
[2026-05-27T15:37:18+08:00][sql] SHOW FULL COLUMNS FROM `cmf_slide_item` [ RunTime:0.001681s ]
[2026-05-27T15:37:18+08:00][sql] SELECT `title`,`description`,`image` FROM `cmf_slide_item` WHERE  `slide_id` = 4  AND `status` = 1 ORDER BY `list_order` ASC,`id` DESC LIMIT 1 [ RunTime:0.000762s ]
[2026-05-27T15:37:18+08:00][sql] SELECT `option_value` FROM `cmf_option` WHERE  `option_name` = 'about_site' LIMIT 1 [ RunTime:0.000336s ]
[2026-05-27T15:37:18+08:00][sql] SHOW FULL COLUMNS FROM `cmf_theme_file` [ RunTime:0.001394s ]
[2026-05-27T15:37:18+08:00][sql] SELECT `more`,`file`,`id` FROM `cmf_theme_file` WHERE  `theme` = 'simpleboot3'  AND (  `is_public` = 1 OR `file` = 'portal/about' ) ORDER BY `is_public` DESC [ RunTime:0.000350s ]
[2026-05-27T15:37:18+08:00][sql] SHOW FULL COLUMNS FROM `cmf_route` [ RunTime:0.001188s ]
[2026-05-27T15:37:18+08:00][sql] SELECT * FROM `cmf_route` WHERE  `status` = 1 ORDER BY `list_order` ASC [ RunTime:0.000571s ]
[2026-05-27T15:37:18+08:00][sql] SELECT `option_value` FROM `cmf_option` WHERE  `option_name` = 'storage' LIMIT 1 [ RunTime:0.000585s ]
[2026-05-27T15:37:21+08:00][sql] CONNECT:[ UseTime:0.000800s ] mysql:host=127.0.0.1;port=3306;dbname=nucleon;charset=utf8mb4
[2026-05-27T15:37:21+08:00][sql] SHOW FULL COLUMNS FROM `cmf_option` [ RunTime:0.001616s ]
[2026-05-27T15:37:21+08:00][sql] SELECT `option_value` FROM `cmf_option` WHERE  `option_name` = 'cdn_settings' LIMIT 1 [ RunTime:0.000264s ]
[2026-05-27T15:37:21+08:00][sql] SELECT `option_value` FROM `cmf_option` WHERE  `option_name` = 'cdn_settings' LIMIT 1 [ RunTime:0.000442s ]
[2026-05-27T15:37:21+08:00][sql] SHOW FULL COLUMNS FROM `cmf_product_category` [ RunTime:0.000880s ]
[2026-05-27T15:37:21+08:00][sql] SELECT * FROM `cmf_product_category` WHERE  `parent_id` = 0 ORDER BY `list_order` ASC,`create_time` DESC [ RunTime:0.000277s ]
[2026-05-27T15:37:21+08:00][sql] SELECT * FROM `cmf_product_category` WHERE  `parent_id` IN (28,19,22,23,25,30,27) [ RunTime:0.000315s ]
[2026-05-27T15:37:21+08:00][sql] SHOW FULL COLUMNS FROM `cmf_portal_category` [ RunTime:0.001076s ]
[2026-05-27T15:37:21+08:00][sql] SELECT * FROM `cmf_portal_category` WHERE (  `type` = 8 ) AND `cmf_portal_category`.`delete_time` = '0' ORDER BY `list_order` ASC [ RunTime:0.000265s ]
[2026-05-27T15:37:21+08:00][sql] SHOW FULL COLUMNS FROM `cmf_slide_item` [ RunTime:0.000957s ]
[2026-05-27T15:37:21+08:00][sql] SELECT `title`,`description`,`image` FROM `cmf_slide_item` WHERE  `slide_id` = 4  AND `status` = 1 ORDER BY `list_order` ASC,`id` DESC LIMIT 1 [ RunTime:0.000309s ]
[2026-05-27T15:37:21+08:00][sql] SHOW FULL COLUMNS FROM `cmf_theme_file` [ RunTime:0.001364s ]
[2026-05-27T15:37:21+08:00][sql] SELECT `more`,`file`,`id` FROM `cmf_theme_file` WHERE  `theme` = 'simpleboot3'  AND (  `is_public` = 1 OR `file` = 'portal/about' ) ORDER BY `is_public` DESC [ RunTime:0.000281s ]
[2026-05-27T15:37:21+08:00][sql] SELECT `option_value` FROM `cmf_option` WHERE  `option_name` = 'storage' LIMIT 1 [ RunTime:0.000257s ]
[2026-05-27T15:37:26+08:00][sql] CONNECT:[ UseTime:0.001086s ] mysql:host=127.0.0.1;port=3306;dbname=nucleon;charset=utf8mb4
[2026-05-27T15:37:26+08:00][sql] SHOW FULL COLUMNS FROM `cmf_option` [ RunTime:0.002311s ]
[2026-05-27T15:37:26+08:00][sql] SELECT `option_value` FROM `cmf_option` WHERE  `option_name` = 'cdn_settings' LIMIT 1 [ RunTime:0.000364s ]
[2026-05-27T15:37:26+08:00][sql] SELECT `option_value` FROM `cmf_option` WHERE  `option_name` = 'cdn_settings' LIMIT 1 [ RunTime:0.000329s ]
[2026-05-27T15:37:26+08:00][sql] SHOW FULL COLUMNS FROM `cmf_product_category` [ RunTime:0.001221s ]
[2026-05-27T15:37:26+08:00][sql] SELECT * FROM `cmf_product_category` WHERE  `parent_id` = 0 ORDER BY `list_order` ASC,`create_time` DESC [ RunTime:0.000398s ]
[2026-05-27T15:37:26+08:00][sql] SELECT * FROM `cmf_product_category` WHERE  `parent_id` IN (28,19,22,23,25,30,27) [ RunTime:0.000324s ]
[2026-05-27T15:37:26+08:00][sql] SHOW FULL COLUMNS FROM `cmf_portal_category` [ RunTime:0.001253s ]
[2026-05-27T15:37:26+08:00][sql] SELECT * FROM `cmf_portal_category` WHERE (  `type` = 8 ) AND `cmf_portal_category`.`delete_time` = '0' ORDER BY `list_order` ASC [ RunTime:0.000882s ]
[2026-05-27T15:37:26+08:00][sql] SHOW FULL COLUMNS FROM `cmf_slide_item` [ RunTime:0.001958s ]
[2026-05-27T15:37:26+08:00][sql] SELECT `title`,`description`,`image`,`url`,`target`,`content` FROM `cmf_slide_item` WHERE  `slide_id` = 1 ORDER BY `list_order` ASC [ RunTime:0.000483s ]
[2026-05-27T15:37:26+08:00][sql] SHOW FULL COLUMNS FROM `cmf_slide` [ RunTime:0.000886s ]
[2026-05-27T15:37:26+08:00][sql] SELECT * FROM `cmf_slide` WHERE  `name` LIKE '%choose%' OR `name` LIKE '%选择%' LIMIT 1 [ RunTime:0.000297s ]
[2026-05-27T15:37:26+08:00][sql] SELECT `title`,`description`,`image`,`url`,`target`,`content` FROM `cmf_slide_item` WHERE  `slide_id` = 14  AND `status` = 1 ORDER BY `list_order` ASC [ RunTime:0.000348s ]
[2026-05-27T15:37:26+08:00][sql] SELECT * FROM `cmf_product_category` WHERE  `parent_id` = 0  AND `recommend` = 1 ORDER BY `list_order` ASC,`create_time` DESC [ RunTime:0.000315s ]
[2026-05-27T15:37:26+08:00][sql] SHOW FULL COLUMNS FROM `cmf_product` [ RunTime:0.001225s ]
[2026-05-27T15:37:26+08:00][sql] SELECT `id`,`title`,`thumbnail`,`industry` FROM `cmf_product` WHERE  `is_recommended` = 1  AND `category_id` = 28 ORDER BY `list_order` ASC LIMIT 6 [ RunTime:0.000427s ]
[2026-05-27T15:37:26+08:00][sql] SELECT `id`,`title`,`thumbnail`,`industry` FROM `cmf_product` WHERE  `is_recommended` = 1  AND `category_id` = 19 ORDER BY `list_order` ASC LIMIT 6 [ RunTime:0.000402s ]
[2026-05-27T15:37:26+08:00][sql] SELECT `id`,`title`,`thumbnail`,`industry` FROM `cmf_product` WHERE  `is_recommended` = 1  AND `category_id` = 23 ORDER BY `list_order` ASC LIMIT 6 [ RunTime:0.000378s ]
[2026-05-27T15:37:26+08:00][sql] SELECT `id`,`title`,`thumbnail`,`industry` FROM `cmf_product` WHERE  `is_recommended` = 1  AND `category_id` = 25 ORDER BY `list_order` ASC LIMIT 6 [ RunTime:0.000306s ]
[2026-05-27T15:37:26+08:00][sql] SELECT `id`,`title`,`thumbnail`,`industry` FROM `cmf_product` WHERE  `is_recommended` = 1  AND `category_id` = 30 ORDER BY `list_order` ASC LIMIT 6 [ RunTime:0.000769s ]
[2026-05-27T15:37:26+08:00][sql] SELECT `option_value` FROM `cmf_option` WHERE  `option_name` = 'index_setting' LIMIT 1 [ RunTime:0.000410s ]
[2026-05-27T15:37:26+08:00][sql] SHOW FULL COLUMNS FROM `cmf_portal_post` [ RunTime:0.001748s ]
[2026-05-27T15:37:26+08:00][sql] SELECT `p`.`id`,`p`.`post_title`,`p`.`post_excerpt`,`p`.`thumbnail`,`p`.`create_time`,`c`.`category_id` FROM `cmf_portal_post` `p` INNER JOIN `cmf_portal_category_post` `c` ON `p`.`id`=`c`.`post_id` WHERE (  `p`.`post_type` = '8' ) AND `p`.`delete_time` = '0' ORDER BY `c`.`list_order` ASC,`p`.`create_time` DESC [ RunTime:0.000994s ]
[2026-05-27T15:37:26+08:00][sql] SELECT `id`,`post_title`,`post_excerpt`,`more` FROM `cmf_portal_post` WHERE (  `post_type` = 3 ) AND `cmf_portal_post`.`delete_time` = '0' ORDER BY `create_time` DESC [ RunTime:0.000601s ]
[2026-05-27T15:37:26+08:00][sql] SELECT `option_value` FROM `cmf_option` WHERE  `option_name` = 'product_category_hero_settings' LIMIT 1 [ RunTime:0.000375s ]
[2026-05-27T15:37:26+08:00][sql] SHOW FULL COLUMNS FROM `cmf_theme_file` [ RunTime:0.001462s ]
[2026-05-27T15:37:26+08:00][sql] SELECT `more`,`file`,`id` FROM `cmf_theme_file` WHERE  `theme` = 'simpleboot3'  AND (  `is_public` = 1 OR `file` = 'portal/index' ) ORDER BY `is_public` DESC [ RunTime:0.000391s ]
[2026-05-27T15:37:26+08:00][sql] SELECT `option_value` FROM `cmf_option` WHERE  `option_name` = 'storage' LIMIT 1 [ RunTime:0.000537s ]
[2026-05-27T15:37:37+08:00][sql] CONNECT:[ UseTime:0.000923s ] mysql:host=127.0.0.1;port=3306;dbname=nucleon;charset=utf8mb4
[2026-05-27T15:37:37+08:00][sql] SHOW FULL COLUMNS FROM `cmf_hook` [ RunTime:0.001445s ]
[2026-05-27T15:37:37+08:00][sql] SELECT `hook` FROM `cmf_hook` WHERE  `app` = 'admin' [ RunTime:0.000490s ]
[2026-05-27T15:37:37+08:00][sql] SHOW FULL COLUMNS FROM `cmf_hook_plugin` [ RunTime:0.000944s ]
[2026-05-27T15:37:37+08:00][sql] SELECT `hook`,`plugin` FROM `cmf_hook_plugin` WHERE  `status` = 1  AND `hook` IN ('admin_dashboard','admin_login','admin_theme_design_view','admin_setting_site_view','admin_setting_clear_cache_view','admin_nav_index_view','admin_link_index_view','admin_slide_index_view','admin_user_index_view','admin_rbac_index_view','admin_index_index_view','admin_recycle_bin_index_view','admin_menu_index_view','admin_custom_login_open','admin_slide_item_index_view','admin_slide_item_add_view','admin_slide_item_edit_view','admin_user_add_view','admin_user_edit_view','admin_rbac_role_add_view','admin_rbac_role_edit_view','admin_rbac_authorize_view','admin_api_import_view') ORDER BY `list_order` ASC [ RunTime:0.001040s ]
[2026-05-27T15:37:37+08:00][sql] SHOW FULL COLUMNS FROM `cmf_option` [ RunTime:0.001345s ]
[2026-05-27T15:37:37+08:00][sql] SELECT `option_value` FROM `cmf_option` WHERE  `option_name` = 'cdn_settings' LIMIT 1 [ RunTime:0.000298s ]
[2026-05-27T15:37:37+08:00][sql] SHOW FULL COLUMNS FROM `cmf_user` [ RunTime:0.001287s ]
[2026-05-27T15:37:37+08:00][sql] SELECT * FROM `cmf_user` WHERE  `id` = 1 LIMIT 1 [ RunTime:0.000558s ]
[2026-05-27T15:37:37+08:00][sql] SELECT * FROM `cmf_option` WHERE  `option_name` = 'index_setting' LIMIT 1 [ RunTime:0.000270s ]
[2026-05-27T15:37:37+08:00][sql] UPDATE `cmf_option`  SET `option_value` = '{\"about_description\":\"HENAN WEIHUA CO., LTD., founded in 1988, is a large-scale equipment manufacturing enterprise specializing in the development of overhead crane, gantry crane, port container crane, electric hoist, metallurgical crane,multifunctional crane and other products. We has 10 series of more than 200 categories of lifting machinery manufacturing qualifications. The leading products are widely used in machinery, metallurgy, mining, electric power,railway, port, petroleum, chemical and other industries, serving the national key projects such as West-east gas transmission, South-north water Diversion project, Olympic Games project, Hangzhou Bay Cross-sea Bridge and thousands of large enterprises such as china Coal, china shenhua, sinopec, petrochina, Baowu lron and Steel. And exported to Thailand,Malaysia, Australia and other more than 170 countries and regions.\",\"about_img\":\"admin\\/20260514\\/5558cfbf38e09a4e27974655d0044685.webp\",\"choose_description\":\"In modern industrial development worldwide, smooth and efficient material handling and cargo movement play a vital role in daily production operations. A durable and well-built lifting equipment is essential to streamline your workflow. As a professional crane manufacturer based in China, WEIHUA has earned wide recognition and solid trust across the industry. Whether you plan to procure standard lifting machinery or look for tailored lifting solutions, we are fully capable of meeting all your practical demands. We offer customized manufacturing services covering overhead cranes, gantry cranes, container handling cranes, RTG cranes, RMG cranes and various other lifting equipment.\",\"choose\":[{\"choose_name\":\"Direct Deal\",\"choose_desc\":\"Weihua Crane is a real factory to help youeffectively save costs.\",\"choose_image\":\"admin\\/20241227\\/64c9b433b999588924fb5befa6c333b9.png\",\"choose_image_active\":\"admin\\/20241227\\/9eac08b8e263bc41b951db6374925f5c.png\"},{\"choose_name\":\"Complete Certificate\",\"choose_desc\":\"Weihua Crane has obtained ISO and OHSAS certification, products CCS, ABS etc certification, and special QC checks for shipments.\",\"choose_image\":\"admin\\/20241227\\/c7b2db26dd7bceb55294605397d45154.webp\",\"choose_image_active\":\"admin\\/20241227\\/f86758167663bae45d01cf6f12b03275.png\"},{\"choose_name\":\"Professional Technical Support\",\"choose_desc\":\"The technicians have abundant project experience, and will provide you with professional technical support.\",\"choose_image\":\"admin\\/20241227\\/156f6238d94bd6e5049e1ec9b5cdab09.png\",\"choose_image_active\":\"admin\\/20241227\\/ac5f65e9f9faf559d5bdfbbbbb7cda43.png\"},{\"choose_name\":\"Complete Production Equipment\",\"choose_desc\":\"Complete production equipment, reflecting the processing quality and cost advantages.\",\"choose_image\":\"admin\\/20241227\\/6d29b256371f64b842adb13090f00b02.png\",\"choose_image_active\":\"admin\\/20241227\\/323eaf09d62f34d18d6cb23fa5e8793e.png\"},{\"choose_name\":\"Quick Response\",\"choose_desc\":\"Quick response to Pre-sale, in-sale and after-sale problems.\",\"choose_image\":\"admin\\/20241227\\/a13cdd146f86731efc8a584cc60eb738.png\",\"choose_image_active\":\"admin\\/20241227\\/266bc1a20febe7a2f427e5fef6e643c7.png\"},{\"choose_name\":\"Technical Guidance\",\"choose_desc\":\"Provide on-site technical support and follow-up technical guidance.\",\"choose_image\":\"admin\\/20241227\\/a9b3bd90aff4211fd0e2ec27f71c3f96.png\",\"choose_image_active\":\"admin\\/20241227\\/f0da3311946ce71a306869ae320de5b7.png\"}],\"faq_title\":\"FAQ\",\"faq_contact_title\":\"Can not Find Your Question?\",\"faq_contact_desc\":\"If you can not find the answer, contact us and let us know how we can help you.\",\"faq_contact_btn_text\":\"Contact Us\",\"faq\":[{\"question\":\"What factors affect crane prices most, and how can I get a reasonable quotation?\",\"answer\":\"Many customers worry about hidden costs and inconsistent pricing when buying cranes. The actual crane price mainly depends on lifting capacity, span, lifting height, working duty, configuration standards and customized functions. Simple standard models have stable and transparent prices, while special working conditions such as explosion-proof, high-temperature, anti-corrosion and intelligent anti-sway systems will lead to different costs. We provide one-on-one tailored quotes based on your actual site conditions and usage needs, with no hidden charges, and every configuration and cost item is clearly listed for your reference.\"},{\"question\":\"Are your cranes suitable for my local industrial and environmental conditions?\",\"answer\":\"This is the key concern for overseas buyers, as different countries have different weather, site and industry requirements. Our overhead cranes, gantry cranes and port cranes can be fully adapted to various complex environments, including high temperature, heavy rain, coastal humidity, dust and strong wind conditions. We can adjust motor brands, electrical systems, anti-rust painting standards, protection grades and wind-proof devices according to your local climate, site environment and industry standards, ensuring long-term stable operation in your working scenario.\"},{\"question\":\"Do you support customized crane solutions for special working conditions?\",\"answer\":\"Standard cranes cannot meet all project needs, which is why custom solutions are essential for industrial engineering projects. We fully support personalized customization including non-standard span, special lifting height, heavy-duty working level, explosion-proof, insulation, anti-corrosion, intelligent anti-sway, remote control and automatic positioning functions. Whether it is factory indoor handling, outdoor yard operation, port container handling or metallurgy and chemical special scenarios, we can design and produce exclusive crane equipment according to your drawings and technical requirements.\"},{\"question\":\"What certifications do your cranes have for overseas export?\",\"answer\":\"Most overseas projects require official certification for customs clearance and project acceptance, which is a major pain point for many purchasers. All our cranes are manufactured in strict accordance with international standards and have complete export qualifications, including CE, ISO and other mainstream certifications. We can provide complete certification documents, inspection reports and factory qualification materials to ensure smooth customs clearance, local inspection and long-term project use in your country.\"},{\"question\":\"What after-sales support can you provide for overseas clients?\",\"answer\":\"Overseas customers are most worried about no technical support and difficult maintenance after purchasing equipment. We provide full-cycle after-sales service including installation guidance, operation training, remote technical support and lifetime after-sales consultation. We supply original spare parts at factory prices for long-term maintenance. If you encounter operation failure, equipment debugging or daily maintenance problems, our professional technical team can respond quickly to help you solve problems and ensure the cranes run stably for a long time.\"}]}'  WHERE  `option_name` = 'index_setting' [ RunTime:0.003660s ]
[2026-05-27T15:38:26+08:00][sql] CONNECT:[ UseTime:0.000749s ] mysql:host=127.0.0.1;port=3306;dbname=nucleon;charset=utf8mb4
[2026-05-27T15:38:26+08:00][sql] SHOW FULL COLUMNS FROM `cmf_hook` [ RunTime:0.001125s ]
[2026-05-27T15:38:26+08:00][sql] SELECT `hook`,`id` FROM `cmf_hook` WHERE  (  (  `app` = '' OR `app` = 'cmf' )  AND `type` = 3 ) OR `type` = 1 [ RunTime:0.000812s ]
[2026-05-27T15:38:26+08:00][sql] SHOW FULL COLUMNS FROM `cmf_hook_plugin` [ RunTime:0.000850s ]
[2026-05-27T15:38:26+08:00][sql] SELECT `hook`,`plugin` FROM `cmf_hook_plugin` WHERE  `status` = 1  AND `hook` IN ('app_begin','module_init','action_begin','view_filter','app_end','log_write','response_end','admin_init','home_init','send_mobile_verification_code','body_start','before_head_end','footer_start','before_footer','before_footer_end','before_body_end','left_sidebar_start','before_left_sidebar_end','right_sidebar_start','before_right_sidebar_end','comment','guestbook','switch_theme','after_content','before_content','log_write_done','switch_admin_theme','captcha_image','user_login_start') ORDER BY `list_order` ASC [ RunTime:0.000437s ]
[2026-05-27T15:38:26+08:00][sql] SELECT `hook` FROM `cmf_hook` WHERE  `app` = 'admin' [ RunTime:0.000408s ]
[2026-05-27T15:38:26+08:00][sql] SELECT `hook`,`plugin` FROM `cmf_hook_plugin` WHERE  `status` = 1  AND `hook` IN ('admin_dashboard','admin_login','admin_theme_design_view','admin_setting_site_view','admin_setting_clear_cache_view','admin_nav_index_view','admin_link_index_view','admin_slide_index_view','admin_user_index_view','admin_rbac_index_view','admin_index_index_view','admin_recycle_bin_index_view','admin_menu_index_view','admin_custom_login_open','admin_slide_item_index_view','admin_slide_item_add_view','admin_slide_item_edit_view','admin_user_add_view','admin_user_edit_view','admin_rbac_role_add_view','admin_rbac_role_edit_view','admin_rbac_authorize_view','admin_api_import_view') ORDER BY `list_order` ASC [ RunTime:0.000317s ]
[2026-05-27T15:38:26+08:00][sql] SHOW FULL COLUMNS FROM `cmf_option` [ RunTime:0.001003s ]
[2026-05-27T15:38:26+08:00][sql] SELECT `option_value` FROM `cmf_option` WHERE  `option_name` = 'cdn_settings' LIMIT 1 [ RunTime:0.000213s ]
[2026-05-27T15:38:26+08:00][sql] SHOW FULL COLUMNS FROM `cmf_user` [ RunTime:0.001078s ]
[2026-05-27T15:38:26+08:00][sql] SELECT * FROM `cmf_user` WHERE  `id` = 1 LIMIT 1 [ RunTime:0.000646s ]
[2026-05-27T15:38:26+08:00][sql] SELECT * FROM `cmf_option` WHERE  `option_name` = 'index_setting' LIMIT 1 [ RunTime:0.000253s ]
[2026-05-27T15:38:26+08:00][sql] UPDATE `cmf_option`  SET `option_value` = '{\"about_description\":\"Founded in 2005 and headquartered in Xinxiang, Henan Province, China, Xinxiang Nucleon (Xinxiang) Crane Co., Ltd. is a leading manufacturer specializing in the research, development, production, and sales of overhead cranes, gantry cranes, electric hoists, jib cranes and port cranes etc.. Nucleon has a registered capital of 80 million US dollars, covering an area of 430000 square meters, and owns more than 1500 employees. The company has equipped over 3000 sets of production and testing equipment, providing support for the research and development of high-quality crane equipment. The leading products have been widely used in pillar industries of the national economy such as metallurgy, energy and power, petrochemicals, railways, and aviation, and exported to various parts of the world.\",\"about_img\":\"admin\\/20260514\\/5558cfbf38e09a4e27974655d0044685.webp\",\"choose_description\":\"In modern industrial development worldwide, smooth and efficient material handling and cargo movement play a vital role in daily production operations. A durable and well-built lifting equipment is essential to streamline your workflow. As a professional crane manufacturer based in China, WEIHUA has earned wide recognition and solid trust across the industry. Whether you plan to procure standard lifting machinery or look for tailored lifting solutions, we are fully capable of meeting all your practical demands. We offer customized manufacturing services covering overhead cranes, gantry cranes, container handling cranes, RTG cranes, RMG cranes and various other lifting equipment.\",\"choose\":[{\"choose_name\":\"Direct Deal\",\"choose_desc\":\"Weihua Crane is a real factory to help youeffectively save costs.\",\"choose_image\":\"admin\\/20241227\\/64c9b433b999588924fb5befa6c333b9.png\",\"choose_image_active\":\"admin\\/20241227\\/9eac08b8e263bc41b951db6374925f5c.png\"},{\"choose_name\":\"Complete Certificate\",\"choose_desc\":\"Weihua Crane has obtained ISO and OHSAS certification, products CCS, ABS etc certification, and special QC checks for shipments.\",\"choose_image\":\"admin\\/20241227\\/c7b2db26dd7bceb55294605397d45154.webp\",\"choose_image_active\":\"admin\\/20241227\\/f86758167663bae45d01cf6f12b03275.png\"},{\"choose_name\":\"Professional Technical Support\",\"choose_desc\":\"The technicians have abundant project experience, and will provide you with professional technical support.\",\"choose_image\":\"admin\\/20241227\\/156f6238d94bd6e5049e1ec9b5cdab09.png\",\"choose_image_active\":\"admin\\/20241227\\/ac5f65e9f9faf559d5bdfbbbbb7cda43.png\"},{\"choose_name\":\"Complete Production Equipment\",\"choose_desc\":\"Complete production equipment, reflecting the processing quality and cost advantages.\",\"choose_image\":\"admin\\/20241227\\/6d29b256371f64b842adb13090f00b02.png\",\"choose_image_active\":\"admin\\/20241227\\/323eaf09d62f34d18d6cb23fa5e8793e.png\"},{\"choose_name\":\"Quick Response\",\"choose_desc\":\"Quick response to Pre-sale, in-sale and after-sale problems.\",\"choose_image\":\"admin\\/20241227\\/a13cdd146f86731efc8a584cc60eb738.png\",\"choose_image_active\":\"admin\\/20241227\\/266bc1a20febe7a2f427e5fef6e643c7.png\"},{\"choose_name\":\"Technical Guidance\",\"choose_desc\":\"Provide on-site technical support and follow-up technical guidance.\",\"choose_image\":\"admin\\/20241227\\/a9b3bd90aff4211fd0e2ec27f71c3f96.png\",\"choose_image_active\":\"admin\\/20241227\\/f0da3311946ce71a306869ae320de5b7.png\"}],\"faq_title\":\"FAQ\",\"faq_contact_title\":\"Can not Find Your Question?\",\"faq_contact_desc\":\"If you can not find the answer, contact us and let us know how we can help you.\",\"faq_contact_btn_text\":\"Contact Us\",\"faq\":[{\"question\":\"What factors affect crane prices most, and how can I get a reasonable quotation?\",\"answer\":\"Many customers worry about hidden costs and inconsistent pricing when buying cranes. The actual crane price mainly depends on lifting capacity, span, lifting height, working duty, configuration standards and customized functions. Simple standard models have stable and transparent prices, while special working conditions such as explosion-proof, high-temperature, anti-corrosion and intelligent anti-sway systems will lead to different costs. We provide one-on-one tailored quotes based on your actual site conditions and usage needs, with no hidden charges, and every configuration and cost item is clearly listed for your reference.\"},{\"question\":\"Are your cranes suitable for my local industrial and environmental conditions?\",\"answer\":\"This is the key concern for overseas buyers, as different countries have different weather, site and industry requirements. Our overhead cranes, gantry cranes and port cranes can be fully adapted to various complex environments, including high temperature, heavy rain, coastal humidity, dust and strong wind conditions. We can adjust motor brands, electrical systems, anti-rust painting standards, protection grades and wind-proof devices according to your local climate, site environment and industry standards, ensuring long-term stable operation in your working scenario.\"},{\"question\":\"Do you support customized crane solutions for special working conditions?\",\"answer\":\"Standard cranes cannot meet all project needs, which is why custom solutions are essential for industrial engineering projects. We fully support personalized customization including non-standard span, special lifting height, heavy-duty working level, explosion-proof, insulation, anti-corrosion, intelligent anti-sway, remote control and automatic positioning functions. Whether it is factory indoor handling, outdoor yard operation, port container handling or metallurgy and chemical special scenarios, we can design and produce exclusive crane equipment according to your drawings and technical requirements.\"},{\"question\":\"What certifications do your cranes have for overseas export?\",\"answer\":\"Most overseas projects require official certification for customs clearance and project acceptance, which is a major pain point for many purchasers. All our cranes are manufactured in strict accordance with international standards and have complete export qualifications, including CE, ISO and other mainstream certifications. We can provide complete certification documents, inspection reports and factory qualification materials to ensure smooth customs clearance, local inspection and long-term project use in your country.\"},{\"question\":\"What after-sales support can you provide for overseas clients?\",\"answer\":\"Overseas customers are most worried about no technical support and difficult maintenance after purchasing equipment. We provide full-cycle after-sales service including installation guidance, operation training, remote technical support and lifetime after-sales consultation. We supply original spare parts at factory prices for long-term maintenance. If you encounter operation failure, equipment debugging or daily maintenance problems, our professional technical team can respond quickly to help you solve problems and ensure the cranes run stably for a long time.\"}]}'  WHERE  `option_name` = 'index_setting' [ RunTime:0.004049s ]
[2026-05-27T15:38:29+08:00][sql] CONNECT:[ UseTime:0.000884s ] mysql:host=127.0.0.1;port=3306;dbname=nucleon;charset=utf8mb4
[2026-05-27T15:38:29+08:00][sql] SHOW FULL COLUMNS FROM `cmf_hook` [ RunTime:0.001438s ]
[2026-05-27T15:38:29+08:00][sql] SELECT `hook`,`id` FROM `cmf_hook` WHERE  (  (  `app` = '' OR `app` = 'cmf' )  AND `type` = 3 ) OR `type` = 1 [ RunTime:0.000609s ]
[2026-05-27T15:38:29+08:00][sql] SHOW FULL COLUMNS FROM `cmf_hook_plugin` [ RunTime:0.000974s ]
[2026-05-27T15:38:29+08:00][sql] SELECT `hook`,`plugin` FROM `cmf_hook_plugin` WHERE  `status` = 1  AND `hook` IN ('app_begin','module_init','action_begin','view_filter','app_end','log_write','response_end','admin_init','home_init','send_mobile_verification_code','body_start','before_head_end','footer_start','before_footer','before_footer_end','before_body_end','left_sidebar_start','before_left_sidebar_end','right_sidebar_start','before_right_sidebar_end','comment','guestbook','switch_theme','after_content','before_content','log_write_done','switch_admin_theme','captcha_image','user_login_start') ORDER BY `list_order` ASC [ RunTime:0.000458s ]
[2026-05-27T15:38:29+08:00][sql] SELECT `hook` FROM `cmf_hook` WHERE  `app` = 'portal' [ RunTime:0.000581s ]
[2026-05-27T15:38:29+08:00][sql] SELECT `hook`,`plugin` FROM `cmf_hook_plugin` WHERE  `status` = 1  AND `hook` IN ('portal_before_assign_article','portal_admin_after_save_article','portal_admin_article_index_view','portal_admin_article_add_view','portal_admin_article_edit_view','portal_admin_category_index_view','portal_admin_category_add_view','portal_admin_category_edit_view','portal_admin_page_index_view','portal_admin_page_add_view','portal_admin_page_edit_view','portal_admin_tag_index_view','portal_admin_article_edit_view_right_sidebar','portal_admin_article_edit_view_main') ORDER BY `list_order` ASC [ RunTime:0.000312s ]
[2026-05-27T15:38:29+08:00][sql] SHOW FULL COLUMNS FROM `cmf_plugin` [ RunTime:0.001726s ]
[2026-05-27T15:38:29+08:00][sql] SELECT `config` FROM `cmf_plugin` WHERE  `name` = 'SwitchTheme' LIMIT 1 [ RunTime:0.001637s ]
[2026-05-27T15:38:29+08:00][sql] SHOW FULL COLUMNS FROM `cmf_option` [ RunTime:0.002499s ]
[2026-05-27T15:38:29+08:00][sql] SELECT `option_value` FROM `cmf_option` WHERE  `option_name` = 'cdn_settings' LIMIT 1 [ RunTime:0.000453s ]
[2026-05-27T15:38:29+08:00][sql] SELECT `option_value` FROM `cmf_option` WHERE  `option_name` = 'cdn_settings' LIMIT 1 [ RunTime:0.000908s ]
[2026-05-27T15:38:29+08:00][sql] SHOW FULL COLUMNS FROM `cmf_product_category` [ RunTime:0.001731s ]
[2026-05-27T15:38:29+08:00][sql] SELECT * FROM `cmf_product_category` WHERE  `parent_id` = 0 ORDER BY `list_order` ASC,`create_time` DESC [ RunTime:0.000422s ]
[2026-05-27T15:38:29+08:00][sql] SELECT * FROM `cmf_product_category` WHERE  `parent_id` IN (28,19,22,23,25,30,27) [ RunTime:0.000314s ]
[2026-05-27T15:38:29+08:00][sql] SHOW FULL COLUMNS FROM `cmf_portal_category` [ RunTime:0.001872s ]
[2026-05-27T15:38:29+08:00][sql] SELECT * FROM `cmf_portal_category` WHERE (  `type` = 8 ) AND `cmf_portal_category`.`delete_time` = '0' ORDER BY `list_order` ASC [ RunTime:0.000445s ]
[2026-05-27T15:38:29+08:00][sql] SELECT `option_value` FROM `cmf_option` WHERE  `option_name` = 'site_info' LIMIT 1 [ RunTime:0.000332s ]
[2026-05-27T15:38:29+08:00][sql] SHOW FULL COLUMNS FROM `cmf_slide_item` [ RunTime:0.001326s ]
[2026-05-27T15:38:29+08:00][sql] SELECT `title`,`description`,`image`,`url`,`target`,`content` FROM `cmf_slide_item` WHERE  `slide_id` = 1 ORDER BY `list_order` ASC [ RunTime:0.000560s ]
[2026-05-27T15:38:29+08:00][sql] SHOW FULL COLUMNS FROM `cmf_slide` [ RunTime:0.001020s ]
[2026-05-27T15:38:29+08:00][sql] SELECT * FROM `cmf_slide` WHERE  `name` LIKE '%choose%' OR `name` LIKE '%选择%' LIMIT 1 [ RunTime:0.000975s ]
[2026-05-27T15:38:29+08:00][sql] SELECT `title`,`description`,`image`,`url`,`target`,`content` FROM `cmf_slide_item` WHERE  `slide_id` = 14  AND `status` = 1 ORDER BY `list_order` ASC [ RunTime:0.000295s ]
[2026-05-27T15:38:29+08:00][sql] SELECT * FROM `cmf_product_category` WHERE  `parent_id` = 0  AND `recommend` = 1 ORDER BY `list_order` ASC,`create_time` DESC [ RunTime:0.000291s ]
[2026-05-27T15:38:29+08:00][sql] SHOW FULL COLUMNS FROM `cmf_product` [ RunTime:0.000937s ]
[2026-05-27T15:38:29+08:00][sql] SELECT `id`,`title`,`thumbnail`,`industry` FROM `cmf_product` WHERE  `is_recommended` = 1  AND `category_id` = 28 ORDER BY `list_order` ASC LIMIT 6 [ RunTime:0.000995s ]
[2026-05-27T15:38:29+08:00][sql] SELECT `id`,`title`,`thumbnail`,`industry` FROM `cmf_product` WHERE  `is_recommended` = 1  AND `category_id` = 19 ORDER BY `list_order` ASC LIMIT 6 [ RunTime:0.000305s ]
[2026-05-27T15:38:29+08:00][sql] SELECT `id`,`title`,`thumbnail`,`industry` FROM `cmf_product` WHERE  `is_recommended` = 1  AND `category_id` = 23 ORDER BY `list_order` ASC LIMIT 6 [ RunTime:0.000302s ]
[2026-05-27T15:38:29+08:00][sql] SELECT `id`,`title`,`thumbnail`,`industry` FROM `cmf_product` WHERE  `is_recommended` = 1  AND `category_id` = 25 ORDER BY `list_order` ASC LIMIT 6 [ RunTime:0.000241s ]
[2026-05-27T15:38:29+08:00][sql] SELECT `id`,`title`,`thumbnail`,`industry` FROM `cmf_product` WHERE  `is_recommended` = 1  AND `category_id` = 30 ORDER BY `list_order` ASC LIMIT 6 [ RunTime:0.000234s ]
[2026-05-27T15:38:29+08:00][sql] SELECT `option_value` FROM `cmf_option` WHERE  `option_name` = 'index_setting' LIMIT 1 [ RunTime:0.000215s ]
[2026-05-27T15:38:29+08:00][sql] SELECT `option_value` FROM `cmf_option` WHERE  `option_name` = 'about_site' LIMIT 1 [ RunTime:0.001262s ]
[2026-05-27T15:38:29+08:00][sql] SHOW FULL COLUMNS FROM `cmf_portal_post` [ RunTime:0.003501s ]
[2026-05-27T15:38:29+08:00][sql] SELECT `p`.`id`,`p`.`post_title`,`p`.`post_excerpt`,`p`.`thumbnail`,`p`.`create_time`,`c`.`category_id` FROM `cmf_portal_post` `p` INNER JOIN `cmf_portal_category_post` `c` ON `p`.`id`=`c`.`post_id` WHERE (  `p`.`post_type` = '8' ) AND `p`.`delete_time` = '0' ORDER BY `c`.`list_order` ASC,`p`.`create_time` DESC [ RunTime:0.001801s ]
[2026-05-27T15:38:29+08:00][sql] SELECT `id`,`post_title`,`post_excerpt`,`more` FROM `cmf_portal_post` WHERE (  `post_type` = 3 ) AND `cmf_portal_post`.`delete_time` = '0' ORDER BY `create_time` DESC [ RunTime:0.000572s ]
[2026-05-27T15:38:29+08:00][sql] SELECT `option_value` FROM `cmf_option` WHERE  `option_name` = 'product_category_hero_settings' LIMIT 1 [ RunTime:0.000272s ]
[2026-05-27T15:38:29+08:00][sql] SHOW FULL COLUMNS FROM `cmf_theme_file` [ RunTime:0.002288s ]
[2026-05-27T15:38:29+08:00][sql] SELECT `more`,`file`,`id` FROM `cmf_theme_file` WHERE  `theme` = 'simpleboot3'  AND (  `is_public` = 1 OR `file` = 'portal/index' ) ORDER BY `is_public` DESC [ RunTime:0.000611s ]
[2026-05-27T15:38:29+08:00][sql] SHOW FULL COLUMNS FROM `cmf_route` [ RunTime:0.001676s ]
[2026-05-27T15:38:29+08:00][sql] SELECT * FROM `cmf_route` WHERE  `status` = 1 ORDER BY `list_order` ASC [ RunTime:0.000787s ]
[2026-05-27T15:38:29+08:00][sql] SELECT `option_value` FROM `cmf_option` WHERE  `option_name` = 'storage' LIMIT 1 [ RunTime:0.000622s ]
[2026-05-27T15:40:57+08:00][sql] CONNECT:[ UseTime:0.001276s ] mysql:host=127.0.0.1;port=3306;dbname=nucleon;charset=utf8mb4
[2026-05-27T15:40:57+08:00][sql] SHOW FULL COLUMNS FROM `cmf_hook` [ RunTime:0.001412s ]
[2026-05-27T15:40:57+08:00][sql] SELECT `hook` FROM `cmf_hook` WHERE  `app` = 'user' [ RunTime:0.000496s ]
[2026-05-27T15:40:57+08:00][sql] SHOW FULL COLUMNS FROM `cmf_hook_plugin` [ RunTime:0.000953s ]
[2026-05-27T15:40:57+08:00][sql] SELECT `hook`,`plugin` FROM `cmf_hook_plugin` WHERE  `status` = 1  AND `hook` IN ('fetch_upload_view','user_admin_index_view','user_admin_asset_index_view','user_admin_oauth_index_view','check_third_party_captcha','user_login_start') ORDER BY `list_order` ASC [ RunTime:0.000415s ]
[2026-05-27T15:40:57+08:00][sql] SHOW FULL COLUMNS FROM `cmf_option` [ RunTime:0.001262s ]
[2026-05-27T15:40:57+08:00][sql] SELECT `option_value` FROM `cmf_option` WHERE  `option_name` = 'cdn_settings' LIMIT 1 [ RunTime:0.000274s ]
[2026-05-27T15:40:57+08:00][sql] SELECT `option_value` FROM `cmf_option` WHERE  `option_name` = 'upload_setting' LIMIT 1 [ RunTime:0.000268s ]
[2026-05-27T15:40:57+08:00][sql] SELECT `option_value` FROM `cmf_option` WHERE  `option_name` = 'admin_settings' LIMIT 1 [ RunTime:0.000482s ]
[2026-05-27T15:40:57+08:00][sql] SELECT `option_value` FROM `cmf_option` WHERE  `option_name` = 'storage' LIMIT 1 [ RunTime:0.000337s ]
[2026-05-27T15:41:06+08:00][sql] CONNECT:[ UseTime:0.000898s ] mysql:host=127.0.0.1;port=3306;dbname=nucleon;charset=utf8mb4
[2026-05-27T15:41:06+08:00][sql] SHOW FULL COLUMNS FROM `cmf_option` [ RunTime:0.001327s ]
[2026-05-27T15:41:06+08:00][sql] SELECT `option_value` FROM `cmf_option` WHERE  `option_name` = 'cdn_settings' LIMIT 1 [ RunTime:0.000282s ]
[2026-05-27T15:41:06+08:00][sql] SELECT * FROM `cmf_option` WHERE  `option_name` = 'cmf_settings' LIMIT 1 [ RunTime:0.000502s ]
[2026-05-27T15:41:06+08:00][sql] SHOW FULL COLUMNS FROM `cmf_asset` [ RunTime:0.001375s ]
[2026-05-27T15:41:06+08:00][sql] SELECT * FROM `cmf_asset` WHERE  `user_id` = 1  AND `file_key` = 'ebedf28804e33f5bcfd0a48b7d8fa1e0e4a8f67c0d5cdf63181d198eb6f941da' LIMIT 1 [ RunTime:0.001605s ]
[2026-05-27T15:41:06+08:00][sql] SELECT `option_value` FROM `cmf_option` WHERE  `option_name` = 'storage' LIMIT 1 [ RunTime:0.000231s ]
[2026-05-27T15:41:06+08:00][sql] INSERT INTO `cmf_asset` SET `user_id` = 1 , `file_size` = 212288 , `create_time` = 1779867666 , `file_md5` = 'ebedf28804e33f5bcfd0a48b7d8fa1e0' , `file_sha1` = '6f130f0b2f3aba4ade6ea51418b699715743ad5b' , `file_key` = 'ebedf28804e33f5bcfd0a48b7d8fa1e0e4a8f67c0d5cdf63181d198eb6f941da' , `filename` = 'home-about-img.png' , `file_path` = 'admin/20260527/6e1caa71d0aec007314dc24b595d396f.png' , `suffix` = 'png' [ RunTime:0.001009s ]
[2026-05-27T15:41:09+08:00][sql] CONNECT:[ UseTime:0.026378s ] mysql:host=127.0.0.1;port=3306;dbname=nucleon;charset=utf8mb4
[2026-05-27T15:41:09+08:00][sql] SHOW FULL COLUMNS FROM `cmf_hook` [ RunTime:0.002111s ]
[2026-05-27T15:41:09+08:00][sql] SELECT `hook` FROM `cmf_hook` WHERE  `app` = 'admin' [ RunTime:0.000542s ]
[2026-05-27T15:41:09+08:00][sql] SHOW FULL COLUMNS FROM `cmf_hook_plugin` [ RunTime:0.000824s ]
[2026-05-27T15:41:09+08:00][sql] SELECT `hook`,`plugin` FROM `cmf_hook_plugin` WHERE  `status` = 1  AND `hook` IN ('admin_dashboard','admin_login','admin_theme_design_view','admin_setting_site_view','admin_setting_clear_cache_view','admin_nav_index_view','admin_link_index_view','admin_slide_index_view','admin_user_index_view','admin_rbac_index_view','admin_index_index_view','admin_recycle_bin_index_view','admin_menu_index_view','admin_custom_login_open','admin_slide_item_index_view','admin_slide_item_add_view','admin_slide_item_edit_view','admin_user_add_view','admin_user_edit_view','admin_rbac_role_add_view','admin_rbac_role_edit_view','admin_rbac_authorize_view','admin_api_import_view') ORDER BY `list_order` ASC [ RunTime:0.000587s ]
[2026-05-27T15:41:09+08:00][sql] SHOW FULL COLUMNS FROM `cmf_option` [ RunTime:0.002407s ]
[2026-05-27T15:41:09+08:00][sql] SELECT `option_value` FROM `cmf_option` WHERE  `option_name` = 'cdn_settings' LIMIT 1 [ RunTime:0.000382s ]
[2026-05-27T15:41:09+08:00][sql] SHOW FULL COLUMNS FROM `cmf_user` [ RunTime:0.002264s ]
[2026-05-27T15:41:09+08:00][sql] SELECT * FROM `cmf_user` WHERE  `id` = 1 LIMIT 1 [ RunTime:0.000669s ]
[2026-05-27T15:41:09+08:00][sql] SELECT * FROM `cmf_option` WHERE  `option_name` = 'index_setting' LIMIT 1 [ RunTime:0.000343s ]
[2026-05-27T15:41:09+08:00][sql] UPDATE `cmf_option`  SET `option_value` = '{\"about_description\":\"Founded in 2005 and headquartered in Xinxiang, Henan Province, China, Xinxiang Nucleon (Xinxiang) Crane Co., Ltd. is a leading manufacturer specializing in the research, development, production, and sales of overhead cranes, gantry cranes, electric hoists, jib cranes and port cranes etc.. Nucleon has a registered capital of 80 million US dollars, covering an area of 430000 square meters, and owns more than 1500 employees. The company has equipped over 3000 sets of production and testing equipment, providing support for the research and development of high-quality crane equipment. The leading products have been widely used in pillar industries of the national economy such as metallurgy, energy and power, petrochemicals, railways, and aviation, and exported to various parts of the world.\",\"about_img\":\"admin\\/20260527\\/6e1caa71d0aec007314dc24b595d396f.png\",\"choose_description\":\"In modern industrial development worldwide, smooth and efficient material handling and cargo movement play a vital role in daily production operations. A durable and well-built lifting equipment is essential to streamline your workflow. As a professional crane manufacturer based in China, WEIHUA has earned wide recognition and solid trust across the industry. Whether you plan to procure standard lifting machinery or look for tailored lifting solutions, we are fully capable of meeting all your practical demands. We offer customized manufacturing services covering overhead cranes, gantry cranes, container handling cranes, RTG cranes, RMG cranes and various other lifting equipment.\",\"choose\":[{\"choose_name\":\"Direct Deal\",\"choose_desc\":\"Weihua Crane is a real factory to help youeffectively save costs.\",\"choose_image\":\"admin\\/20241227\\/64c9b433b999588924fb5befa6c333b9.png\",\"choose_image_active\":\"admin\\/20241227\\/9eac08b8e263bc41b951db6374925f5c.png\"},{\"choose_name\":\"Complete Certificate\",\"choose_desc\":\"Weihua Crane has obtained ISO and OHSAS certification, products CCS, ABS etc certification, and special QC checks for shipments.\",\"choose_image\":\"admin\\/20241227\\/c7b2db26dd7bceb55294605397d45154.webp\",\"choose_image_active\":\"admin\\/20241227\\/f86758167663bae45d01cf6f12b03275.png\"},{\"choose_name\":\"Professional Technical Support\",\"choose_desc\":\"The technicians have abundant project experience, and will provide you with professional technical support.\",\"choose_image\":\"admin\\/20241227\\/156f6238d94bd6e5049e1ec9b5cdab09.png\",\"choose_image_active\":\"admin\\/20241227\\/ac5f65e9f9faf559d5bdfbbbbb7cda43.png\"},{\"choose_name\":\"Complete Production Equipment\",\"choose_desc\":\"Complete production equipment, reflecting the processing quality and cost advantages.\",\"choose_image\":\"admin\\/20241227\\/6d29b256371f64b842adb13090f00b02.png\",\"choose_image_active\":\"admin\\/20241227\\/323eaf09d62f34d18d6cb23fa5e8793e.png\"},{\"choose_name\":\"Quick Response\",\"choose_desc\":\"Quick response to Pre-sale, in-sale and after-sale problems.\",\"choose_image\":\"admin\\/20241227\\/a13cdd146f86731efc8a584cc60eb738.png\",\"choose_image_active\":\"admin\\/20241227\\/266bc1a20febe7a2f427e5fef6e643c7.png\"},{\"choose_name\":\"Technical Guidance\",\"choose_desc\":\"Provide on-site technical support and follow-up technical guidance.\",\"choose_image\":\"admin\\/20241227\\/a9b3bd90aff4211fd0e2ec27f71c3f96.png\",\"choose_image_active\":\"admin\\/20241227\\/f0da3311946ce71a306869ae320de5b7.png\"}],\"faq_title\":\"FAQ\",\"faq_contact_title\":\"Can not Find Your Question?\",\"faq_contact_desc\":\"If you can not find the answer, contact us and let us know how we can help you.\",\"faq_contact_btn_text\":\"Contact Us\",\"faq\":[{\"question\":\"What factors affect crane prices most, and how can I get a reasonable quotation?\",\"answer\":\"Many customers worry about hidden costs and inconsistent pricing when buying cranes. The actual crane price mainly depends on lifting capacity, span, lifting height, working duty, configuration standards and customized functions. Simple standard models have stable and transparent prices, while special working conditions such as explosion-proof, high-temperature, anti-corrosion and intelligent anti-sway systems will lead to different costs. We provide one-on-one tailored quotes based on your actual site conditions and usage needs, with no hidden charges, and every configuration and cost item is clearly listed for your reference.\"},{\"question\":\"Are your cranes suitable for my local industrial and environmental conditions?\",\"answer\":\"This is the key concern for overseas buyers, as different countries have different weather, site and industry requirements. Our overhead cranes, gantry cranes and port cranes can be fully adapted to various complex environments, including high temperature, heavy rain, coastal humidity, dust and strong wind conditions. We can adjust motor brands, electrical systems, anti-rust painting standards, protection grades and wind-proof devices according to your local climate, site environment and industry standards, ensuring long-term stable operation in your working scenario.\"},{\"question\":\"Do you support customized crane solutions for special working conditions?\",\"answer\":\"Standard cranes cannot meet all project needs, which is why custom solutions are essential for industrial engineering projects. We fully support personalized customization including non-standard span, special lifting height, heavy-duty working level, explosion-proof, insulation, anti-corrosion, intelligent anti-sway, remote control and automatic positioning functions. Whether it is factory indoor handling, outdoor yard operation, port container handling or metallurgy and chemical special scenarios, we can design and produce exclusive crane equipment according to your drawings and technical requirements.\"},{\"question\":\"What certifications do your cranes have for overseas export?\",\"answer\":\"Most overseas projects require official certification for customs clearance and project acceptance, which is a major pain point for many purchasers. All our cranes are manufactured in strict accordance with international standards and have complete export qualifications, including CE, ISO and other mainstream certifications. We can provide complete certification documents, inspection reports and factory qualification materials to ensure smooth customs clearance, local inspection and long-term project use in your country.\"},{\"question\":\"What after-sales support can you provide for overseas clients?\",\"answer\":\"Overseas customers are most worried about no technical support and difficult maintenance after purchasing equipment. We provide full-cycle after-sales service including installation guidance, operation training, remote technical support and lifetime after-sales consultation. We supply original spare parts at factory prices for long-term maintenance. If you encounter operation failure, equipment debugging or daily maintenance problems, our professional technical team can respond quickly to help you solve problems and ensure the cranes run stably for a long time.\"}]}'  WHERE  `option_name` = 'index_setting' [ RunTime:0.005573s ]
[2026-05-27T15:41:12+08:00][sql] CONNECT:[ UseTime:0.000800s ] mysql:host=127.0.0.1;port=3306;dbname=nucleon;charset=utf8mb4
[2026-05-27T15:41:12+08:00][sql] SHOW FULL COLUMNS FROM `cmf_hook` [ RunTime:0.001419s ]
[2026-05-27T15:41:12+08:00][sql] SELECT `hook`,`id` FROM `cmf_hook` WHERE  (  (  `app` = '' OR `app` = 'cmf' )  AND `type` = 3 ) OR `type` = 1 [ RunTime:0.000652s ]
[2026-05-27T15:41:12+08:00][sql] SHOW FULL COLUMNS FROM `cmf_hook_plugin` [ RunTime:0.000976s ]
[2026-05-27T15:41:12+08:00][sql] SELECT `hook`,`plugin` FROM `cmf_hook_plugin` WHERE  `status` = 1  AND `hook` IN ('app_begin','module_init','action_begin','view_filter','app_end','log_write','response_end','admin_init','home_init','send_mobile_verification_code','body_start','before_head_end','footer_start','before_footer','before_footer_end','before_body_end','left_sidebar_start','before_left_sidebar_end','right_sidebar_start','before_right_sidebar_end','comment','guestbook','switch_theme','after_content','before_content','log_write_done','switch_admin_theme','captcha_image','user_login_start') ORDER BY `list_order` ASC [ RunTime:0.000575s ]
[2026-05-27T15:41:12+08:00][sql] SELECT `hook` FROM `cmf_hook` WHERE  `app` = 'portal' [ RunTime:0.000490s ]
[2026-05-27T15:41:12+08:00][sql] SELECT `hook`,`plugin` FROM `cmf_hook_plugin` WHERE  `status` = 1  AND `hook` IN ('portal_before_assign_article','portal_admin_after_save_article','portal_admin_article_index_view','portal_admin_article_add_view','portal_admin_article_edit_view','portal_admin_category_index_view','portal_admin_category_add_view','portal_admin_category_edit_view','portal_admin_page_index_view','portal_admin_page_add_view','portal_admin_page_edit_view','portal_admin_tag_index_view','portal_admin_article_edit_view_right_sidebar','portal_admin_article_edit_view_main') ORDER BY `list_order` ASC [ RunTime:0.000457s ]
[2026-05-27T15:41:12+08:00][sql] SHOW FULL COLUMNS FROM `cmf_plugin` [ RunTime:0.001387s ]
[2026-05-27T15:41:12+08:00][sql] SELECT `config` FROM `cmf_plugin` WHERE  `name` = 'SwitchTheme' LIMIT 1 [ RunTime:0.000584s ]
[2026-05-27T15:41:12+08:00][sql] SHOW FULL COLUMNS FROM `cmf_option` [ RunTime:0.002352s ]
[2026-05-27T15:41:12+08:00][sql] SELECT `option_value` FROM `cmf_option` WHERE  `option_name` = 'cdn_settings' LIMIT 1 [ RunTime:0.000409s ]
[2026-05-27T15:41:12+08:00][sql] SELECT `option_value` FROM `cmf_option` WHERE  `option_name` = 'cdn_settings' LIMIT 1 [ RunTime:0.000803s ]
[2026-05-27T15:41:12+08:00][sql] SHOW FULL COLUMNS FROM `cmf_product_category` [ RunTime:0.001647s ]
[2026-05-27T15:41:12+08:00][sql] SELECT * FROM `cmf_product_category` WHERE  `parent_id` = 0 ORDER BY `list_order` ASC,`create_time` DESC [ RunTime:0.001507s ]
[2026-05-27T15:41:12+08:00][sql] SELECT * FROM `cmf_product_category` WHERE  `parent_id` IN (28,19,22,23,25,30,27) [ RunTime:0.000665s ]
[2026-05-27T15:41:12+08:00][sql] SHOW FULL COLUMNS FROM `cmf_portal_category` [ RunTime:0.001526s ]
[2026-05-27T15:41:12+08:00][sql] SELECT * FROM `cmf_portal_category` WHERE (  `type` = 8 ) AND `cmf_portal_category`.`delete_time` = '0' ORDER BY `list_order` ASC [ RunTime:0.001105s ]
[2026-05-27T15:41:12+08:00][sql] SELECT `option_value` FROM `cmf_option` WHERE  `option_name` = 'site_info' LIMIT 1 [ RunTime:0.000300s ]
[2026-05-27T15:41:12+08:00][sql] SHOW FULL COLUMNS FROM `cmf_slide_item` [ RunTime:0.001289s ]
[2026-05-27T15:41:12+08:00][sql] SELECT `title`,`description`,`image`,`url`,`target`,`content` FROM `cmf_slide_item` WHERE  `slide_id` = 1 ORDER BY `list_order` ASC [ RunTime:0.000455s ]
[2026-05-27T15:41:12+08:00][sql] SHOW FULL COLUMNS FROM `cmf_slide` [ RunTime:0.000958s ]
[2026-05-27T15:41:12+08:00][sql] SELECT * FROM `cmf_slide` WHERE  `name` LIKE '%choose%' OR `name` LIKE '%选择%' LIMIT 1 [ RunTime:0.000453s ]
[2026-05-27T15:41:12+08:00][sql] SELECT `title`,`description`,`image`,`url`,`target`,`content` FROM `cmf_slide_item` WHERE  `slide_id` = 14  AND `status` = 1 ORDER BY `list_order` ASC [ RunTime:0.000362s ]
[2026-05-27T15:41:12+08:00][sql] SELECT * FROM `cmf_product_category` WHERE  `parent_id` = 0  AND `recommend` = 1 ORDER BY `list_order` ASC,`create_time` DESC [ RunTime:0.000369s ]
[2026-05-27T15:41:12+08:00][sql] SHOW FULL COLUMNS FROM `cmf_product` [ RunTime:0.001551s ]
[2026-05-27T15:41:12+08:00][sql] SELECT `id`,`title`,`thumbnail`,`industry` FROM `cmf_product` WHERE  `is_recommended` = 1  AND `category_id` = 28 ORDER BY `list_order` ASC LIMIT 6 [ RunTime:0.001037s ]
[2026-05-27T15:41:12+08:00][sql] SELECT `id`,`title`,`thumbnail`,`industry` FROM `cmf_product` WHERE  `is_recommended` = 1  AND `category_id` = 19 ORDER BY `list_order` ASC LIMIT 6 [ RunTime:0.000450s ]
[2026-05-27T15:41:12+08:00][sql] SELECT `id`,`title`,`thumbnail`,`industry` FROM `cmf_product` WHERE  `is_recommended` = 1  AND `category_id` = 23 ORDER BY `list_order` ASC LIMIT 6 [ RunTime:0.000884s ]
[2026-05-27T15:41:12+08:00][sql] SELECT `id`,`title`,`thumbnail`,`industry` FROM `cmf_product` WHERE  `is_recommended` = 1  AND `category_id` = 25 ORDER BY `list_order` ASC LIMIT 6 [ RunTime:0.000341s ]
[2026-05-27T15:41:12+08:00][sql] SELECT `id`,`title`,`thumbnail`,`industry` FROM `cmf_product` WHERE  `is_recommended` = 1  AND `category_id` = 30 ORDER BY `list_order` ASC LIMIT 6 [ RunTime:0.000312s ]
[2026-05-27T15:41:12+08:00][sql] SELECT `option_value` FROM `cmf_option` WHERE  `option_name` = 'index_setting' LIMIT 1 [ RunTime:0.000318s ]
[2026-05-27T15:41:12+08:00][sql] SELECT `option_value` FROM `cmf_option` WHERE  `option_name` = 'about_site' LIMIT 1 [ RunTime:0.000310s ]
[2026-05-27T15:41:12+08:00][sql] SHOW FULL COLUMNS FROM `cmf_portal_post` [ RunTime:0.001644s ]
[2026-05-27T15:41:12+08:00][sql] SELECT `p`.`id`,`p`.`post_title`,`p`.`post_excerpt`,`p`.`thumbnail`,`p`.`create_time`,`c`.`category_id` FROM `cmf_portal_post` `p` INNER JOIN `cmf_portal_category_post` `c` ON `p`.`id`=`c`.`post_id` WHERE (  `p`.`post_type` = '8' ) AND `p`.`delete_time` = '0' ORDER BY `c`.`list_order` ASC,`p`.`create_time` DESC [ RunTime:0.000890s ]
[2026-05-27T15:41:12+08:00][sql] SELECT `id`,`post_title`,`post_excerpt`,`more` FROM `cmf_portal_post` WHERE (  `post_type` = 3 ) AND `cmf_portal_post`.`delete_time` = '0' ORDER BY `create_time` DESC [ RunTime:0.000638s ]
[2026-05-27T15:41:12+08:00][sql] SELECT `option_value` FROM `cmf_option` WHERE  `option_name` = 'product_category_hero_settings' LIMIT 1 [ RunTime:0.000410s ]
[2026-05-27T15:41:12+08:00][sql] SHOW FULL COLUMNS FROM `cmf_theme_file` [ RunTime:0.002795s ]
[2026-05-27T15:41:12+08:00][sql] SELECT `more`,`file`,`id` FROM `cmf_theme_file` WHERE  `theme` = 'simpleboot3'  AND (  `is_public` = 1 OR `file` = 'portal/index' ) ORDER BY `is_public` DESC [ RunTime:0.002317s ]
[2026-05-27T15:41:12+08:00][sql] SHOW FULL COLUMNS FROM `cmf_route` [ RunTime:0.002364s ]
[2026-05-27T15:41:12+08:00][sql] SELECT * FROM `cmf_route` WHERE  `status` = 1 ORDER BY `list_order` ASC [ RunTime:0.000836s ]
[2026-05-27T15:41:12+08:00][sql] SELECT `option_value` FROM `cmf_option` WHERE  `option_name` = 'storage' LIMIT 1 [ RunTime:0.000480s ]
[2026-05-27T15:46:16+08:00][sql] CONNECT:[ UseTime:0.000928s ] mysql:host=127.0.0.1;port=3306;dbname=nucleon;charset=utf8mb4
[2026-05-27T15:46:16+08:00][sql] SHOW FULL COLUMNS FROM `cmf_hook` [ RunTime:0.001958s ]
[2026-05-27T15:46:16+08:00][sql] SELECT `hook` FROM `cmf_hook` WHERE  `app` = 'admin' [ RunTime:0.000936s ]
[2026-05-27T15:46:16+08:00][sql] SHOW FULL COLUMNS FROM `cmf_hook_plugin` [ RunTime:0.000769s ]
[2026-05-27T15:46:16+08:00][sql] SELECT `hook`,`plugin` FROM `cmf_hook_plugin` WHERE  `status` = 1  AND `hook` IN ('admin_dashboard','admin_login','admin_theme_design_view','admin_setting_site_view','admin_setting_clear_cache_view','admin_nav_index_view','admin_link_index_view','admin_slide_index_view','admin_user_index_view','admin_rbac_index_view','admin_index_index_view','admin_recycle_bin_index_view','admin_menu_index_view','admin_custom_login_open','admin_slide_item_index_view','admin_slide_item_add_view','admin_slide_item_edit_view','admin_user_add_view','admin_user_edit_view','admin_rbac_role_add_view','admin_rbac_role_edit_view','admin_rbac_authorize_view','admin_api_import_view') ORDER BY `list_order` ASC [ RunTime:0.000459s ]
[2026-05-27T15:46:16+08:00][sql] SHOW FULL COLUMNS FROM `cmf_option` [ RunTime:0.001656s ]
[2026-05-27T15:46:16+08:00][sql] SELECT `option_value` FROM `cmf_option` WHERE  `option_name` = 'cdn_settings' LIMIT 1 [ RunTime:0.000261s ]
[2026-05-27T15:46:16+08:00][sql] SELECT `option_value` FROM `cmf_option` WHERE  `option_name` = 'admin_settings' LIMIT 1 [ RunTime:0.000240s ]
[2026-05-27T15:46:16+08:00][sql] SHOW FULL COLUMNS FROM `cmf_user` [ RunTime:0.001770s ]
[2026-05-27T15:46:16+08:00][sql] SELECT * FROM `cmf_user` WHERE  `id` = 1 LIMIT 1 [ RunTime:0.000332s ]
[2026-05-27T15:46:16+08:00][sql] SHOW FULL COLUMNS FROM `cmf_admin_menu` [ RunTime:0.000900s ]
[2026-05-27T15:46:16+08:00][sql] SELECT * FROM `cmf_admin_menu` WHERE  `parent_id` = 0  AND `status` = 1 ORDER BY `list_order` ASC [ RunTime:0.001766s ]
[2026-05-27T15:46:16+08:00][sql] SELECT * FROM `cmf_admin_menu` WHERE  `parent_id` = 71  AND `status` = 1 ORDER BY `list_order` ASC [ RunTime:0.000334s ]
[2026-05-27T15:46:16+08:00][sql] SELECT * FROM `cmf_admin_menu` WHERE  `parent_id` = 78  AND `status` = 1 ORDER BY `list_order` ASC [ RunTime:0.000373s ]
[2026-05-27T15:46:16+08:00][sql] SELECT * FROM `cmf_admin_menu` WHERE  `parent_id` = 213  AND `status` = 1 ORDER BY `list_order` ASC [ RunTime:0.000409s ]
[2026-05-27T15:46:16+08:00][sql] SELECT * FROM `cmf_admin_menu` WHERE  `parent_id` = 214  AND `status` = 1 ORDER BY `list_order` ASC [ RunTime:0.000535s ]
[2026-05-27T15:46:16+08:00][sql] SELECT * FROM `cmf_admin_menu` WHERE  `parent_id` = 215  AND `status` = 1 ORDER BY `list_order` ASC [ RunTime:0.000474s ]
[2026-05-27T15:46:16+08:00][sql] SELECT * FROM `cmf_admin_menu` WHERE  `parent_id` = 217  AND `status` = 1 ORDER BY `list_order` ASC [ RunTime:0.000485s ]
[2026-05-27T15:46:16+08:00][sql] SELECT * FROM `cmf_admin_menu` WHERE  `parent_id` = 219  AND `status` = 1 ORDER BY `list_order` ASC [ RunTime:0.000255s ]
[2026-05-27T15:46:16+08:00][sql] SELECT * FROM `cmf_admin_menu` WHERE  `parent_id` = 220  AND `status` = 1 ORDER BY `list_order` ASC [ RunTime:0.000248s ]
[2026-05-27T15:46:16+08:00][sql] SELECT * FROM `cmf_admin_menu` WHERE  `parent_id` = 225  AND `status` = 1 ORDER BY `list_order` ASC [ RunTime:0.000225s ]
[2026-05-27T15:46:16+08:00][sql] SELECT * FROM `cmf_admin_menu` WHERE  `parent_id` = 221  AND `status` = 1 ORDER BY `list_order` ASC [ RunTime:0.000261s ]
[2026-05-27T15:46:16+08:00][sql] SELECT * FROM `cmf_admin_menu` WHERE  `parent_id` = 222  AND `status` = 1 ORDER BY `list_order` ASC [ RunTime:0.000251s ]
[2026-05-27T15:46:16+08:00][sql] SELECT * FROM `cmf_admin_menu` WHERE  `parent_id` = 223  AND `status` = 1 ORDER BY `list_order` ASC [ RunTime:0.000253s ]
[2026-05-27T15:46:16+08:00][sql] SELECT * FROM `cmf_admin_menu` WHERE  `parent_id` = 224  AND `status` = 1 ORDER BY `list_order` ASC [ RunTime:0.000240s ]
[2026-05-27T15:46:16+08:00][sql] SELECT * FROM `cmf_admin_menu` WHERE  `parent_id` = 226  AND `status` = 1 ORDER BY `list_order` ASC [ RunTime:0.000233s ]
[2026-05-27T15:46:16+08:00][sql] SELECT * FROM `cmf_admin_menu` WHERE  `parent_id` = 227  AND `status` = 1 ORDER BY `list_order` ASC [ RunTime:0.000222s ]
[2026-05-27T15:46:16+08:00][sql] SELECT * FROM `cmf_admin_menu` ORDER BY `app` ASC,`controller` ASC,`action` ASC [ RunTime:0.001504s ]
[2026-05-27T15:46:17+08:00][sql] CONNECT:[ UseTime:0.001388s ] mysql:host=127.0.0.1;port=3306;dbname=nucleon;charset=utf8mb4
[2026-05-27T15:46:17+08:00][sql] SHOW FULL COLUMNS FROM `cmf_option` [ RunTime:0.001361s ]
[2026-05-27T15:46:17+08:00][sql] SELECT `option_value` FROM `cmf_option` WHERE  `option_name` = 'cdn_settings' LIMIT 1 [ RunTime:0.000287s ]
[2026-05-27T15:46:17+08:00][sql] SHOW FULL COLUMNS FROM `cmf_user` [ RunTime:0.001648s ]
[2026-05-27T15:46:17+08:00][sql] SELECT * FROM `cmf_user` WHERE  `id` = 1 LIMIT 1 [ RunTime:0.000403s ]
[2026-05-27T15:46:17+08:00][sql] SELECT `option_value` FROM `cmf_option` WHERE  `option_name` = 'cdn_settings' LIMIT 1 [ RunTime:0.000239s ]
[2026-05-27T15:46:17+08:00][sql] SELECT `option_value` FROM `cmf_option` WHERE  `option_name` = 'cmf_settings' LIMIT 1 [ RunTime:0.000268s ]
[2026-05-27T15:46:17+08:00][sql] SELECT `option_value` FROM `cmf_option` WHERE  `option_name` = 'product_setting' LIMIT 1 [ RunTime:0.000239s ]
[2026-05-27T15:46:17+08:00][sql] SELECT `option_value` FROM `cmf_option` WHERE  `option_name` = 'storage' LIMIT 1 [ RunTime:0.000565s ]
[2026-05-27T15:46:17+08:00][sql] CONNECT:[ UseTime:0.001588s ] mysql:host=127.0.0.1;port=3306;dbname=nucleon;charset=utf8mb4
[2026-05-27T15:46:17+08:00][sql] SHOW FULL COLUMNS FROM `cmf_option` [ RunTime:0.001966s ]
[2026-05-27T15:46:17+08:00][sql] SELECT `option_value` FROM `cmf_option` WHERE  `option_name` = 'cdn_settings' LIMIT 1 [ RunTime:0.000459s ]
[2026-05-27T15:46:17+08:00][sql] SHOW FULL COLUMNS FROM `cmf_user` [ RunTime:0.002213s ]
[2026-05-27T15:46:17+08:00][sql] SELECT * FROM `cmf_user` WHERE  `id` = 1 LIMIT 1 [ RunTime:0.000485s ]
[2026-05-27T15:46:17+08:00][sql] SELECT `option_value` FROM `cmf_option` WHERE  `option_name` = 'cdn_settings' LIMIT 1 [ RunTime:0.000279s ]
[2026-05-27T15:46:17+08:00][sql] SELECT `option_value` FROM `cmf_option` WHERE  `option_name` = 'cmf_settings' LIMIT 1 [ RunTime:0.000271s ]
[2026-05-27T15:46:17+08:00][sql] SELECT `option_value` FROM `cmf_option` WHERE  `option_name` = 'storage' LIMIT 1 [ RunTime:0.000478s ]
[2026-05-27T15:46:23+08:00][sql] CONNECT:[ UseTime:0.021542s ] mysql:host=127.0.0.1;port=3306;dbname=nucleon;charset=utf8mb4
[2026-05-27T15:46:23+08:00][sql] SHOW FULL COLUMNS FROM `cmf_hook` [ RunTime:0.001499s ]
[2026-05-27T15:46:23+08:00][sql] SELECT `hook` FROM `cmf_hook` WHERE  `app` = 'user' [ RunTime:0.000581s ]
[2026-05-27T15:46:23+08:00][sql] SHOW FULL COLUMNS FROM `cmf_hook_plugin` [ RunTime:0.000991s ]
[2026-05-27T15:46:23+08:00][sql] SELECT `hook`,`plugin` FROM `cmf_hook_plugin` WHERE  `status` = 1  AND `hook` IN ('fetch_upload_view','user_admin_index_view','user_admin_asset_index_view','user_admin_oauth_index_view','check_third_party_captcha','user_login_start') ORDER BY `list_order` ASC [ RunTime:0.000492s ]
[2026-05-27T15:46:23+08:00][sql] SHOW FULL COLUMNS FROM `cmf_option` [ RunTime:0.001508s ]
[2026-05-27T15:46:23+08:00][sql] SELECT `option_value` FROM `cmf_option` WHERE  `option_name` = 'cdn_settings' LIMIT 1 [ RunTime:0.000287s ]
[2026-05-27T15:46:23+08:00][sql] SELECT `option_value` FROM `cmf_option` WHERE  `option_name` = 'upload_setting' LIMIT 1 [ RunTime:0.000403s ]
[2026-05-27T15:46:23+08:00][sql] SELECT `option_value` FROM `cmf_option` WHERE  `option_name` = 'storage' LIMIT 1 [ RunTime:0.000466s ]
[2026-05-27T15:46:48+08:00][sql] CONNECT:[ UseTime:0.000794s ] mysql:host=127.0.0.1;port=3306;dbname=nucleon;charset=utf8mb4
[2026-05-27T15:46:48+08:00][sql] SHOW FULL COLUMNS FROM `cmf_option` [ RunTime:0.003128s ]
[2026-05-27T15:46:48+08:00][sql] SELECT `option_value` FROM `cmf_option` WHERE  `option_name` = 'cdn_settings' LIMIT 1 [ RunTime:0.000354s ]
[2026-05-27T15:46:48+08:00][sql] SELECT * FROM `cmf_option` WHERE  `option_name` = 'cmf_settings' LIMIT 1 [ RunTime:0.000615s ]
[2026-05-27T15:46:48+08:00][sql] SHOW FULL COLUMNS FROM `cmf_asset` [ RunTime:0.001354s ]
[2026-05-27T15:46:48+08:00][sql] SELECT * FROM `cmf_asset` WHERE  `user_id` = 1  AND `file_key` = 'ebedf28804e33f5bcfd0a48b7d8fa1e0e4a8f67c0d5cdf63181d198eb6f941da' LIMIT 1 [ RunTime:0.001536s ]
[2026-05-27T15:46:48+08:00][sql] SELECT `option_value` FROM `cmf_option` WHERE  `option_name` = 'storage' LIMIT 1 [ RunTime:0.000313s ]
[2026-05-27T15:46:48+08:00][sql] UPDATE `cmf_asset`  SET `filename` = 'home-about-img.png'  WHERE  `id` = 1512 [ RunTime:0.000437s ]
[2026-05-27T15:46:51+08:00][sql] CONNECT:[ UseTime:0.000688s ] mysql:host=127.0.0.1;port=3306;dbname=nucleon;charset=utf8mb4
[2026-05-27T15:46:51+08:00][sql] SHOW FULL COLUMNS FROM `cmf_option` [ RunTime:0.001140s ]
[2026-05-27T15:46:51+08:00][sql] SELECT `option_value` FROM `cmf_option` WHERE  `option_name` = 'cdn_settings' LIMIT 1 [ RunTime:0.000241s ]
[2026-05-27T15:46:51+08:00][sql] SHOW FULL COLUMNS FROM `cmf_user` [ RunTime:0.001151s ]
[2026-05-27T15:46:51+08:00][sql] SELECT * FROM `cmf_user` WHERE  `id` = 1 LIMIT 1 [ RunTime:0.000284s ]
[2026-05-27T15:46:51+08:00][sql] SELECT * FROM `cmf_option` WHERE  `option_name` = 'index_setting' LIMIT 1 [ RunTime:0.000279s ]
[2026-05-27T15:46:51+08:00][sql] UPDATE `cmf_option`  SET `option_value` = '{\"about_description\":\"Founded in 2005 and headquartered in Xinxiang, Henan Province, China, Xinxiang Nucleon (Xinxiang) Crane Co., Ltd. is a leading manufacturer specializing in the research, development, production, and sales of overhead cranes, gantry cranes, electric hoists, jib cranes and port cranes etc.. Nucleon has a registered capital of 80 million US dollars, covering an area of 430000 square meters, and owns more than 1500 employees. The company has equipped over 3000 sets of production and testing equipment, providing support for the research and development of high-quality crane equipment. The leading products have been widely used in pillar industries of the national economy such as metallurgy, energy and power, petrochemicals, railways, and aviation, and exported to various parts of the world.\",\"about_img\":\"admin\\/20260527\\/6e1caa71d0aec007314dc24b595d396f.png\",\"about_bg_img\":\"admin\\/20260527\\/6e1caa71d0aec007314dc24b595d396f.png\",\"choose_description\":\"In modern industrial development worldwide, smooth and efficient material handling and cargo movement play a vital role in daily production operations. A durable and well-built lifting equipment is essential to streamline your workflow. As a professional crane manufacturer based in China, WEIHUA has earned wide recognition and solid trust across the industry. Whether you plan to procure standard lifting machinery or look for tailored lifting solutions, we are fully capable of meeting all your practical demands. We offer customized manufacturing services covering overhead cranes, gantry cranes, container handling cranes, RTG cranes, RMG cranes and various other lifting equipment.\",\"choose\":[{\"choose_name\":\"Direct Deal\",\"choose_desc\":\"Weihua Crane is a real factory to help youeffectively save costs.\",\"choose_image\":\"admin\\/20241227\\/64c9b433b999588924fb5befa6c333b9.png\",\"choose_image_active\":\"admin\\/20241227\\/9eac08b8e263bc41b951db6374925f5c.png\"},{\"choose_name\":\"Complete Certificate\",\"choose_desc\":\"Weihua Crane has obtained ISO and OHSAS certification, products CCS, ABS etc certification, and special QC checks for shipments.\",\"choose_image\":\"admin\\/20241227\\/c7b2db26dd7bceb55294605397d45154.webp\",\"choose_image_active\":\"admin\\/20241227\\/f86758167663bae45d01cf6f12b03275.png\"},{\"choose_name\":\"Professional Technical Support\",\"choose_desc\":\"The technicians have abundant project experience, and will provide you with professional technical support.\",\"choose_image\":\"admin\\/20241227\\/156f6238d94bd6e5049e1ec9b5cdab09.png\",\"choose_image_active\":\"admin\\/20241227\\/ac5f65e9f9faf559d5bdfbbbbb7cda43.png\"},{\"choose_name\":\"Complete Production Equipment\",\"choose_desc\":\"Complete production equipment, reflecting the processing quality and cost advantages.\",\"choose_image\":\"admin\\/20241227\\/6d29b256371f64b842adb13090f00b02.png\",\"choose_image_active\":\"admin\\/20241227\\/323eaf09d62f34d18d6cb23fa5e8793e.png\"},{\"choose_name\":\"Quick Response\",\"choose_desc\":\"Quick response to Pre-sale, in-sale and after-sale problems.\",\"choose_image\":\"admin\\/20241227\\/a13cdd146f86731efc8a584cc60eb738.png\",\"choose_image_active\":\"admin\\/20241227\\/266bc1a20febe7a2f427e5fef6e643c7.png\"},{\"choose_name\":\"Technical Guidance\",\"choose_desc\":\"Provide on-site technical support and follow-up technical guidance.\",\"choose_image\":\"admin\\/20241227\\/a9b3bd90aff4211fd0e2ec27f71c3f96.png\",\"choose_image_active\":\"admin\\/20241227\\/f0da3311946ce71a306869ae320de5b7.png\"}],\"faq_title\":\"FAQ\",\"faq_contact_title\":\"Can not Find Your Question?\",\"faq_contact_desc\":\"If you can not find the answer, contact us and let us know how we can help you.\",\"faq_contact_btn_text\":\"Contact Us\",\"faq\":[{\"question\":\"What factors affect crane prices most, and how can I get a reasonable quotation?\",\"answer\":\"Many customers worry about hidden costs and inconsistent pricing when buying cranes. The actual crane price mainly depends on lifting capacity, span, lifting height, working duty, configuration standards and customized functions. Simple standard models have stable and transparent prices, while special working conditions such as explosion-proof, high-temperature, anti-corrosion and intelligent anti-sway systems will lead to different costs. We provide one-on-one tailored quotes based on your actual site conditions and usage needs, with no hidden charges, and every configuration and cost item is clearly listed for your reference.\"},{\"question\":\"Are your cranes suitable for my local industrial and environmental conditions?\",\"answer\":\"This is the key concern for overseas buyers, as different countries have different weather, site and industry requirements. Our overhead cranes, gantry cranes and port cranes can be fully adapted to various complex environments, including high temperature, heavy rain, coastal humidity, dust and strong wind conditions. We can adjust motor brands, electrical systems, anti-rust painting standards, protection grades and wind-proof devices according to your local climate, site environment and industry standards, ensuring long-term stable operation in your working scenario.\"},{\"question\":\"Do you support customized crane solutions for special working conditions?\",\"answer\":\"Standard cranes cannot meet all project needs, which is why custom solutions are essential for industrial engineering projects. We fully support personalized customization including non-standard span, special lifting height, heavy-duty working level, explosion-proof, insulation, anti-corrosion, intelligent anti-sway, remote control and automatic positioning functions. Whether it is factory indoor handling, outdoor yard operation, port container handling or metallurgy and chemical special scenarios, we can design and produce exclusive crane equipment according to your drawings and technical requirements.\"},{\"question\":\"What certifications do your cranes have for overseas export?\",\"answer\":\"Most overseas projects require official certification for customs clearance and project acceptance, which is a major pain point for many purchasers. All our cranes are manufactured in strict accordance with international standards and have complete export qualifications, including CE, ISO and other mainstream certifications. We can provide complete certification documents, inspection reports and factory qualification materials to ensure smooth customs clearance, local inspection and long-term project use in your country.\"},{\"question\":\"What after-sales support can you provide for overseas clients?\",\"answer\":\"Overseas customers are most worried about no technical support and difficult maintenance after purchasing equipment. We provide full-cycle after-sales service including installation guidance, operation training, remote technical support and lifetime after-sales consultation. We supply original spare parts at factory prices for long-term maintenance. If you encounter operation failure, equipment debugging or daily maintenance problems, our professional technical team can respond quickly to help you solve problems and ensure the cranes run stably for a long time.\"}]}'  WHERE  `option_name` = 'index_setting' [ RunTime:0.003448s ]
[2026-05-27T15:46:54+08:00][sql] CONNECT:[ UseTime:0.001374s ] mysql:host=127.0.0.1;port=3306;dbname=nucleon;charset=utf8mb4
[2026-05-27T15:46:54+08:00][sql] SHOW FULL COLUMNS FROM `cmf_hook` [ RunTime:0.001629s ]
[2026-05-27T15:46:54+08:00][sql] SELECT `hook`,`id` FROM `cmf_hook` WHERE  (  (  `app` = '' OR `app` = 'cmf' )  AND `type` = 3 ) OR `type` = 1 [ RunTime:0.000370s ]
[2026-05-27T15:46:54+08:00][sql] SHOW FULL COLUMNS FROM `cmf_hook_plugin` [ RunTime:0.000828s ]
[2026-05-27T15:46:54+08:00][sql] SELECT `hook`,`plugin` FROM `cmf_hook_plugin` WHERE  `status` = 1  AND `hook` IN ('app_begin','module_init','action_begin','view_filter','app_end','log_write','response_end','admin_init','home_init','send_mobile_verification_code','body_start','before_head_end','footer_start','before_footer','before_footer_end','before_body_end','left_sidebar_start','before_left_sidebar_end','right_sidebar_start','before_right_sidebar_end','comment','guestbook','switch_theme','after_content','before_content','log_write_done','switch_admin_theme','captcha_image','user_login_start') ORDER BY `list_order` ASC [ RunTime:0.000318s ]
[2026-05-27T15:46:54+08:00][sql] SELECT `hook` FROM `cmf_hook` WHERE  `app` = 'portal' [ RunTime:0.000571s ]
[2026-05-27T15:46:54+08:00][sql] SELECT `hook`,`plugin` FROM `cmf_hook_plugin` WHERE  `status` = 1  AND `hook` IN ('portal_before_assign_article','portal_admin_after_save_article','portal_admin_article_index_view','portal_admin_article_add_view','portal_admin_article_edit_view','portal_admin_category_index_view','portal_admin_category_add_view','portal_admin_category_edit_view','portal_admin_page_index_view','portal_admin_page_add_view','portal_admin_page_edit_view','portal_admin_tag_index_view','portal_admin_article_edit_view_right_sidebar','portal_admin_article_edit_view_main') ORDER BY `list_order` ASC [ RunTime:0.000373s ]
[2026-05-27T15:46:54+08:00][sql] SHOW FULL COLUMNS FROM `cmf_plugin` [ RunTime:0.001189s ]
[2026-05-27T15:46:54+08:00][sql] SELECT `config` FROM `cmf_plugin` WHERE  `name` = 'SwitchTheme' LIMIT 1 [ RunTime:0.000281s ]
[2026-05-27T15:46:54+08:00][sql] SHOW FULL COLUMNS FROM `cmf_option` [ RunTime:0.001668s ]
[2026-05-27T15:46:54+08:00][sql] SELECT `option_value` FROM `cmf_option` WHERE  `option_name` = 'cdn_settings' LIMIT 1 [ RunTime:0.000324s ]
[2026-05-27T15:46:54+08:00][sql] SELECT `option_value` FROM `cmf_option` WHERE  `option_name` = 'cdn_settings' LIMIT 1 [ RunTime:0.000565s ]
[2026-05-27T15:46:54+08:00][sql] SHOW FULL COLUMNS FROM `cmf_product_category` [ RunTime:0.001367s ]
[2026-05-27T15:46:54+08:00][sql] SELECT * FROM `cmf_product_category` WHERE  `parent_id` = 0 ORDER BY `list_order` ASC,`create_time` DESC [ RunTime:0.000435s ]
[2026-05-27T15:46:54+08:00][sql] SELECT * FROM `cmf_product_category` WHERE  `parent_id` IN (28,19,22,23,25,30,27) [ RunTime:0.000477s ]
[2026-05-27T15:46:54+08:00][sql] SHOW FULL COLUMNS FROM `cmf_portal_category` [ RunTime:0.001182s ]
[2026-05-27T15:46:54+08:00][sql] SELECT * FROM `cmf_portal_category` WHERE (  `type` = 8 ) AND `cmf_portal_category`.`delete_time` = '0' ORDER BY `list_order` ASC [ RunTime:0.000338s ]
[2026-05-27T15:46:54+08:00][sql] SELECT `option_value` FROM `cmf_option` WHERE  `option_name` = 'site_info' LIMIT 1 [ RunTime:0.000269s ]
[2026-05-27T15:46:54+08:00][sql] SHOW FULL COLUMNS FROM `cmf_slide_item` [ RunTime:0.001828s ]
[2026-05-27T15:46:54+08:00][sql] SELECT `title`,`description`,`image`,`url`,`target`,`content` FROM `cmf_slide_item` WHERE  `slide_id` = 1 ORDER BY `list_order` ASC [ RunTime:0.000380s ]
[2026-05-27T15:46:54+08:00][sql] SHOW FULL COLUMNS FROM `cmf_slide` [ RunTime:0.000851s ]
[2026-05-27T15:46:54+08:00][sql] SELECT * FROM `cmf_slide` WHERE  `name` LIKE '%choose%' OR `name` LIKE '%选择%' LIMIT 1 [ RunTime:0.000537s ]
[2026-05-27T15:46:54+08:00][sql] SELECT `title`,`description`,`image`,`url`,`target`,`content` FROM `cmf_slide_item` WHERE  `slide_id` = 14  AND `status` = 1 ORDER BY `list_order` ASC [ RunTime:0.000320s ]
[2026-05-27T15:46:54+08:00][sql] SELECT * FROM `cmf_product_category` WHERE  `parent_id` = 0  AND `recommend` = 1 ORDER BY `list_order` ASC,`create_time` DESC [ RunTime:0.000302s ]
[2026-05-27T15:46:54+08:00][sql] SHOW FULL COLUMNS FROM `cmf_product` [ RunTime:0.001243s ]
[2026-05-27T15:46:54+08:00][sql] SELECT `id`,`title`,`thumbnail`,`industry` FROM `cmf_product` WHERE  `is_recommended` = 1  AND `category_id` = 28 ORDER BY `list_order` ASC LIMIT 6 [ RunTime:0.000816s ]
[2026-05-27T15:46:54+08:00][sql] SELECT `id`,`title`,`thumbnail`,`industry` FROM `cmf_product` WHERE  `is_recommended` = 1  AND `category_id` = 19 ORDER BY `list_order` ASC LIMIT 6 [ RunTime:0.000402s ]
[2026-05-27T15:46:54+08:00][sql] SELECT `id`,`title`,`thumbnail`,`industry` FROM `cmf_product` WHERE  `is_recommended` = 1  AND `category_id` = 23 ORDER BY `list_order` ASC LIMIT 6 [ RunTime:0.000358s ]
[2026-05-27T15:46:54+08:00][sql] SELECT `id`,`title`,`thumbnail`,`industry` FROM `cmf_product` WHERE  `is_recommended` = 1  AND `category_id` = 25 ORDER BY `list_order` ASC LIMIT 6 [ RunTime:0.000364s ]
[2026-05-27T15:46:54+08:00][sql] SELECT `id`,`title`,`thumbnail`,`industry` FROM `cmf_product` WHERE  `is_recommended` = 1  AND `category_id` = 30 ORDER BY `list_order` ASC LIMIT 6 [ RunTime:0.000312s ]
[2026-05-27T15:46:54+08:00][sql] SELECT `option_value` FROM `cmf_option` WHERE  `option_name` = 'index_setting' LIMIT 1 [ RunTime:0.000265s ]
[2026-05-27T15:46:54+08:00][sql] SELECT `option_value` FROM `cmf_option` WHERE  `option_name` = 'about_site' LIMIT 1 [ RunTime:0.000297s ]
[2026-05-27T15:46:54+08:00][sql] SHOW FULL COLUMNS FROM `cmf_portal_post` [ RunTime:0.001651s ]
[2026-05-27T15:46:54+08:00][sql] SELECT `p`.`id`,`p`.`post_title`,`p`.`post_excerpt`,`p`.`thumbnail`,`p`.`create_time`,`c`.`category_id` FROM `cmf_portal_post` `p` INNER JOIN `cmf_portal_category_post` `c` ON `p`.`id`=`c`.`post_id` WHERE (  `p`.`post_type` = '8' ) AND `p`.`delete_time` = '0' ORDER BY `c`.`list_order` ASC,`p`.`create_time` DESC [ RunTime:0.001235s ]
[2026-05-27T15:46:54+08:00][sql] SELECT `id`,`post_title`,`post_excerpt`,`more` FROM `cmf_portal_post` WHERE (  `post_type` = 3 ) AND `cmf_portal_post`.`delete_time` = '0' ORDER BY `create_time` DESC [ RunTime:0.000573s ]
[2026-05-27T15:46:54+08:00][sql] SELECT `option_value` FROM `cmf_option` WHERE  `option_name` = 'product_category_hero_settings' LIMIT 1 [ RunTime:0.000471s ]
[2026-05-27T15:46:54+08:00][sql] SHOW FULL COLUMNS FROM `cmf_theme_file` [ RunTime:0.002075s ]
[2026-05-27T15:46:54+08:00][sql] SELECT `more`,`file`,`id` FROM `cmf_theme_file` WHERE  `theme` = 'simpleboot3'  AND (  `is_public` = 1 OR `file` = 'portal/index' ) ORDER BY `is_public` DESC [ RunTime:0.000899s ]
[2026-05-27T15:46:54+08:00][sql] SHOW FULL COLUMNS FROM `cmf_route` [ RunTime:0.001154s ]
[2026-05-27T15:46:54+08:00][sql] SELECT * FROM `cmf_route` WHERE  `status` = 1 ORDER BY `list_order` ASC [ RunTime:0.000505s ]
[2026-05-27T15:46:54+08:00][sql] SELECT `option_value` FROM `cmf_option` WHERE  `option_name` = 'storage' LIMIT 1 [ RunTime:0.000624s ]
[2026-05-27T15:47:03+08:00][sql] CONNECT:[ UseTime:0.002275s ] mysql:host=127.0.0.1;port=3306;dbname=nucleon;charset=utf8mb4
[2026-05-27T15:47:03+08:00][sql] SHOW FULL COLUMNS FROM `cmf_option` [ RunTime:0.002313s ]
[2026-05-27T15:47:03+08:00][sql] SELECT `option_value` FROM `cmf_option` WHERE  `option_name` = 'cdn_settings' LIMIT 1 [ RunTime:0.000633s ]
[2026-05-27T15:47:03+08:00][sql] SELECT `option_value` FROM `cmf_option` WHERE  `option_name` = 'cdn_settings' LIMIT 1 [ RunTime:0.000793s ]
[2026-05-27T15:47:03+08:00][sql] SHOW FULL COLUMNS FROM `cmf_product_category` [ RunTime:0.002455s ]
[2026-05-27T15:47:03+08:00][sql] SELECT * FROM `cmf_product_category` WHERE  `parent_id` = 0 ORDER BY `list_order` ASC,`create_time` DESC [ RunTime:0.000715s ]
[2026-05-27T15:47:03+08:00][sql] SELECT * FROM `cmf_product_category` WHERE  `parent_id` IN (28,19,22,23,25,30,27) [ RunTime:0.000936s ]
[2026-05-27T15:47:03+08:00][sql] SHOW FULL COLUMNS FROM `cmf_portal_category` [ RunTime:0.002011s ]
[2026-05-27T15:47:03+08:00][sql] SELECT * FROM `cmf_portal_category` WHERE (  `type` = 8 ) AND `cmf_portal_category`.`delete_time` = '0' ORDER BY `list_order` ASC [ RunTime:0.000517s ]
[2026-05-27T15:47:03+08:00][sql] SHOW FULL COLUMNS FROM `cmf_slide_item` [ RunTime:0.002042s ]
[2026-05-27T15:47:03+08:00][sql] SELECT `title`,`description`,`image`,`url`,`target`,`content` FROM `cmf_slide_item` WHERE  `slide_id` = 1 ORDER BY `list_order` ASC [ RunTime:0.000588s ]
[2026-05-27T15:47:03+08:00][sql] SHOW FULL COLUMNS FROM `cmf_slide` [ RunTime:0.002634s ]
[2026-05-27T15:47:03+08:00][sql] SELECT * FROM `cmf_slide` WHERE  `name` LIKE '%choose%' OR `name` LIKE '%选择%' LIMIT 1 [ RunTime:0.000744s ]
[2026-05-27T15:47:03+08:00][sql] SELECT `title`,`description`,`image`,`url`,`target`,`content` FROM `cmf_slide_item` WHERE  `slide_id` = 14  AND `status` = 1 ORDER BY `list_order` ASC [ RunTime:0.000560s ]
[2026-05-27T15:47:03+08:00][sql] SELECT * FROM `cmf_product_category` WHERE  `parent_id` = 0  AND `recommend` = 1 ORDER BY `list_order` ASC,`create_time` DESC [ RunTime:0.000440s ]
[2026-05-27T15:47:03+08:00][sql] SHOW FULL COLUMNS FROM `cmf_product` [ RunTime:0.001758s ]
[2026-05-27T15:47:03+08:00][sql] SELECT `id`,`title`,`thumbnail`,`industry` FROM `cmf_product` WHERE  `is_recommended` = 1  AND `category_id` = 28 ORDER BY `list_order` ASC LIMIT 6 [ RunTime:0.000839s ]
[2026-05-27T15:47:03+08:00][sql] SELECT `id`,`title`,`thumbnail`,`industry` FROM `cmf_product` WHERE  `is_recommended` = 1  AND `category_id` = 19 ORDER BY `list_order` ASC LIMIT 6 [ RunTime:0.000549s ]
[2026-05-27T15:47:03+08:00][sql] SELECT `id`,`title`,`thumbnail`,`industry` FROM `cmf_product` WHERE  `is_recommended` = 1  AND `category_id` = 23 ORDER BY `list_order` ASC LIMIT 6 [ RunTime:0.000435s ]
[2026-05-27T15:47:03+08:00][sql] SELECT `id`,`title`,`thumbnail`,`industry` FROM `cmf_product` WHERE  `is_recommended` = 1  AND `category_id` = 25 ORDER BY `list_order` ASC LIMIT 6 [ RunTime:0.000405s ]
[2026-05-27T15:47:03+08:00][sql] SELECT `id`,`title`,`thumbnail`,`industry` FROM `cmf_product` WHERE  `is_recommended` = 1  AND `category_id` = 30 ORDER BY `list_order` ASC LIMIT 6 [ RunTime:0.000369s ]
[2026-05-27T15:47:03+08:00][sql] SHOW FULL COLUMNS FROM `cmf_portal_post` [ RunTime:0.002442s ]
[2026-05-27T15:47:03+08:00][sql] SELECT `p`.`id`,`p`.`post_title`,`p`.`post_excerpt`,`p`.`thumbnail`,`p`.`create_time`,`c`.`category_id` FROM `cmf_portal_post` `p` INNER JOIN `cmf_portal_category_post` `c` ON `p`.`id`=`c`.`post_id` WHERE (  `p`.`post_type` = '8' ) AND `p`.`delete_time` = '0' ORDER BY `c`.`list_order` ASC,`p`.`create_time` DESC [ RunTime:0.001773s ]
[2026-05-27T15:47:03+08:00][sql] SELECT `id`,`post_title`,`post_excerpt`,`more` FROM `cmf_portal_post` WHERE (  `post_type` = 3 ) AND `cmf_portal_post`.`delete_time` = '0' ORDER BY `create_time` DESC [ RunTime:0.000726s ]
[2026-05-27T15:47:03+08:00][sql] SHOW FULL COLUMNS FROM `cmf_theme_file` [ RunTime:0.001325s ]
[2026-05-27T15:47:03+08:00][sql] SELECT `more`,`file`,`id` FROM `cmf_theme_file` WHERE  `theme` = 'simpleboot3'  AND (  `is_public` = 1 OR `file` = 'portal/index' ) ORDER BY `is_public` DESC [ RunTime:0.000437s ]
[2026-05-27T15:47:03+08:00][sql] SELECT `option_value` FROM `cmf_option` WHERE  `option_name` = 'storage' LIMIT 1 [ RunTime:0.000430s ]
[2026-05-27T15:47:06+08:00][sql] CONNECT:[ UseTime:0.000758s ] mysql:host=127.0.0.1;port=3306;dbname=nucleon;charset=utf8mb4
[2026-05-27T15:47:06+08:00][sql] SHOW FULL COLUMNS FROM `cmf_option` [ RunTime:0.001087s ]
[2026-05-27T15:47:06+08:00][sql] SELECT `option_value` FROM `cmf_option` WHERE  `option_name` = 'cdn_settings' LIMIT 1 [ RunTime:0.000281s ]
[2026-05-27T15:47:06+08:00][sql] SELECT `option_value` FROM `cmf_option` WHERE  `option_name` = 'cdn_settings' LIMIT 1 [ RunTime:0.000382s ]
[2026-05-27T15:47:06+08:00][sql] SHOW FULL COLUMNS FROM `cmf_product_category` [ RunTime:0.001403s ]
[2026-05-27T15:47:06+08:00][sql] SELECT * FROM `cmf_product_category` WHERE  `parent_id` = 0 ORDER BY `list_order` ASC,`create_time` DESC [ RunTime:0.000366s ]
[2026-05-27T15:47:06+08:00][sql] SELECT * FROM `cmf_product_category` WHERE  `parent_id` IN (28,19,22,23,25,30,27) [ RunTime:0.000316s ]
[2026-05-27T15:47:06+08:00][sql] SHOW FULL COLUMNS FROM `cmf_portal_category` [ RunTime:0.001241s ]
[2026-05-27T15:47:06+08:00][sql] SELECT * FROM `cmf_portal_category` WHERE (  `type` = 8 ) AND `cmf_portal_category`.`delete_time` = '0' ORDER BY `list_order` ASC [ RunTime:0.000369s ]
[2026-05-27T15:47:06+08:00][sql] SHOW FULL COLUMNS FROM `cmf_slide_item` [ RunTime:0.000854s ]
[2026-05-27T15:47:06+08:00][sql] SELECT `title`,`description`,`image`,`url`,`target`,`content` FROM `cmf_slide_item` WHERE  `slide_id` = 1 ORDER BY `list_order` ASC [ RunTime:0.000312s ]
[2026-05-27T15:47:06+08:00][sql] SHOW FULL COLUMNS FROM `cmf_slide` [ RunTime:0.000960s ]
[2026-05-27T15:47:06+08:00][sql] SELECT * FROM `cmf_slide` WHERE  `name` LIKE '%choose%' OR `name` LIKE '%选择%' LIMIT 1 [ RunTime:0.000260s ]
[2026-05-27T15:47:06+08:00][sql] SELECT `title`,`description`,`image`,`url`,`target`,`content` FROM `cmf_slide_item` WHERE  `slide_id` = 14  AND `status` = 1 ORDER BY `list_order` ASC [ RunTime:0.000358s ]
[2026-05-27T15:47:06+08:00][sql] SELECT * FROM `cmf_product_category` WHERE  `parent_id` = 0  AND `recommend` = 1 ORDER BY `list_order` ASC,`create_time` DESC [ RunTime:0.000302s ]
[2026-05-27T15:47:06+08:00][sql] SHOW FULL COLUMNS FROM `cmf_product` [ RunTime:0.000936s ]
[2026-05-27T15:47:06+08:00][sql] SELECT `id`,`title`,`thumbnail`,`industry` FROM `cmf_product` WHERE  `is_recommended` = 1  AND `category_id` = 28 ORDER BY `list_order` ASC LIMIT 6 [ RunTime:0.000455s ]
[2026-05-27T15:47:06+08:00][sql] SELECT `id`,`title`,`thumbnail`,`industry` FROM `cmf_product` WHERE  `is_recommended` = 1  AND `category_id` = 19 ORDER BY `list_order` ASC LIMIT 6 [ RunTime:0.000361s ]
[2026-05-27T15:47:06+08:00][sql] SELECT `id`,`title`,`thumbnail`,`industry` FROM `cmf_product` WHERE  `is_recommended` = 1  AND `category_id` = 23 ORDER BY `list_order` ASC LIMIT 6 [ RunTime:0.000353s ]
[2026-05-27T15:47:06+08:00][sql] SELECT `id`,`title`,`thumbnail`,`industry` FROM `cmf_product` WHERE  `is_recommended` = 1  AND `category_id` = 25 ORDER BY `list_order` ASC LIMIT 6 [ RunTime:0.000306s ]
[2026-05-27T15:47:06+08:00][sql] SELECT `id`,`title`,`thumbnail`,`industry` FROM `cmf_product` WHERE  `is_recommended` = 1  AND `category_id` = 30 ORDER BY `list_order` ASC LIMIT 6 [ RunTime:0.000366s ]
[2026-05-27T15:47:06+08:00][sql] SHOW FULL COLUMNS FROM `cmf_portal_post` [ RunTime:0.001457s ]
[2026-05-27T15:47:06+08:00][sql] SELECT `p`.`id`,`p`.`post_title`,`p`.`post_excerpt`,`p`.`thumbnail`,`p`.`create_time`,`c`.`category_id` FROM `cmf_portal_post` `p` INNER JOIN `cmf_portal_category_post` `c` ON `p`.`id`=`c`.`post_id` WHERE (  `p`.`post_type` = '8' ) AND `p`.`delete_time` = '0' ORDER BY `c`.`list_order` ASC,`p`.`create_time` DESC [ RunTime:0.001155s ]
[2026-05-27T15:47:06+08:00][sql] SELECT `id`,`post_title`,`post_excerpt`,`more` FROM `cmf_portal_post` WHERE (  `post_type` = 3 ) AND `cmf_portal_post`.`delete_time` = '0' ORDER BY `create_time` DESC [ RunTime:0.000462s ]
[2026-05-27T15:47:06+08:00][sql] SHOW FULL COLUMNS FROM `cmf_theme_file` [ RunTime:0.001736s ]
[2026-05-27T15:47:06+08:00][sql] SELECT `more`,`file`,`id` FROM `cmf_theme_file` WHERE  `theme` = 'simpleboot3'  AND (  `is_public` = 1 OR `file` = 'portal/index' ) ORDER BY `is_public` DESC [ RunTime:0.000568s ]
[2026-05-27T15:47:06+08:00][sql] SELECT `option_value` FROM `cmf_option` WHERE  `option_name` = 'storage' LIMIT 1 [ RunTime:0.000567s ]
[2026-05-27T15:51:14+08:00][sql] CONNECT:[ UseTime:0.001237s ] mysql:host=127.0.0.1;port=3306;dbname=nucleon;charset=utf8mb4
[2026-05-27T15:51:14+08:00][sql] SHOW FULL COLUMNS FROM `cmf_hook` [ RunTime:0.002463s ]
[2026-05-27T15:51:14+08:00][sql] SELECT `hook` FROM `cmf_hook` WHERE  `app` = 'admin' [ RunTime:0.000389s ]
[2026-05-27T15:51:14+08:00][sql] SHOW FULL COLUMNS FROM `cmf_hook_plugin` [ RunTime:0.000944s ]
[2026-05-27T15:51:14+08:00][sql] SELECT `hook`,`plugin` FROM `cmf_hook_plugin` WHERE  `status` = 1  AND `hook` IN ('admin_dashboard','admin_login','admin_theme_design_view','admin_setting_site_view','admin_setting_clear_cache_view','admin_nav_index_view','admin_link_index_view','admin_slide_index_view','admin_user_index_view','admin_rbac_index_view','admin_index_index_view','admin_recycle_bin_index_view','admin_menu_index_view','admin_custom_login_open','admin_slide_item_index_view','admin_slide_item_add_view','admin_slide_item_edit_view','admin_user_add_view','admin_user_edit_view','admin_rbac_role_add_view','admin_rbac_role_edit_view','admin_rbac_authorize_view','admin_api_import_view') ORDER BY `list_order` ASC [ RunTime:0.000339s ]
[2026-05-27T15:51:14+08:00][sql] SHOW FULL COLUMNS FROM `cmf_option` [ RunTime:0.000974s ]
[2026-05-27T15:51:14+08:00][sql] SELECT `option_value` FROM `cmf_option` WHERE  `option_name` = 'cdn_settings' LIMIT 1 [ RunTime:0.000263s ]
[2026-05-27T15:51:14+08:00][sql] SELECT `option_value` FROM `cmf_option` WHERE  `option_name` = 'admin_settings' LIMIT 1 [ RunTime:0.000240s ]
[2026-05-27T15:51:14+08:00][sql] SHOW FULL COLUMNS FROM `cmf_user` [ RunTime:0.001170s ]
[2026-05-27T15:51:14+08:00][sql] SELECT * FROM `cmf_user` WHERE  `id` = 1 LIMIT 1 [ RunTime:0.000308s ]
[2026-05-27T15:51:14+08:00][sql] SHOW FULL COLUMNS FROM `cmf_admin_menu` [ RunTime:0.000858s ]
[2026-05-27T15:51:14+08:00][sql] SELECT * FROM `cmf_admin_menu` WHERE  `parent_id` = 0  AND `status` = 1 ORDER BY `list_order` ASC [ RunTime:0.000646s ]
[2026-05-27T15:51:14+08:00][sql] SELECT * FROM `cmf_admin_menu` WHERE  `parent_id` = 71  AND `status` = 1 ORDER BY `list_order` ASC [ RunTime:0.001335s ]
[2026-05-27T15:51:14+08:00][sql] SELECT * FROM `cmf_admin_menu` WHERE  `parent_id` = 78  AND `status` = 1 ORDER BY `list_order` ASC [ RunTime:0.000339s ]
[2026-05-27T15:51:14+08:00][sql] SELECT * FROM `cmf_admin_menu` WHERE  `parent_id` = 213  AND `status` = 1 ORDER BY `list_order` ASC [ RunTime:0.000368s ]
[2026-05-27T15:51:14+08:00][sql] SELECT * FROM `cmf_admin_menu` WHERE  `parent_id` = 214  AND `status` = 1 ORDER BY `list_order` ASC [ RunTime:0.000283s ]
[2026-05-27T15:51:14+08:00][sql] SELECT * FROM `cmf_admin_menu` WHERE  `parent_id` = 215  AND `status` = 1 ORDER BY `list_order` ASC [ RunTime:0.000291s ]
[2026-05-27T15:51:14+08:00][sql] SELECT * FROM `cmf_admin_menu` WHERE  `parent_id` = 217  AND `status` = 1 ORDER BY `list_order` ASC [ RunTime:0.000336s ]
[2026-05-27T15:51:14+08:00][sql] SELECT * FROM `cmf_admin_menu` WHERE  `parent_id` = 219  AND `status` = 1 ORDER BY `list_order` ASC [ RunTime:0.000256s ]
[2026-05-27T15:51:14+08:00][sql] SELECT * FROM `cmf_admin_menu` WHERE  `parent_id` = 220  AND `status` = 1 ORDER BY `list_order` ASC [ RunTime:0.000214s ]
[2026-05-27T15:51:14+08:00][sql] SELECT * FROM `cmf_admin_menu` WHERE  `parent_id` = 225  AND `status` = 1 ORDER BY `list_order` ASC [ RunTime:0.000231s ]
[2026-05-27T15:51:14+08:00][sql] SELECT * FROM `cmf_admin_menu` WHERE  `parent_id` = 221  AND `status` = 1 ORDER BY `list_order` ASC [ RunTime:0.000227s ]
[2026-05-27T15:51:14+08:00][sql] SELECT * FROM `cmf_admin_menu` WHERE  `parent_id` = 222  AND `status` = 1 ORDER BY `list_order` ASC [ RunTime:0.000270s ]
[2026-05-27T15:51:14+08:00][sql] SELECT * FROM `cmf_admin_menu` WHERE  `parent_id` = 223  AND `status` = 1 ORDER BY `list_order` ASC [ RunTime:0.000226s ]
[2026-05-27T15:51:14+08:00][sql] SELECT * FROM `cmf_admin_menu` WHERE  `parent_id` = 224  AND `status` = 1 ORDER BY `list_order` ASC [ RunTime:0.000208s ]
[2026-05-27T15:51:14+08:00][sql] SELECT * FROM `cmf_admin_menu` WHERE  `parent_id` = 226  AND `status` = 1 ORDER BY `list_order` ASC [ RunTime:0.000230s ]
[2026-05-27T15:51:14+08:00][sql] SELECT * FROM `cmf_admin_menu` WHERE  `parent_id` = 227  AND `status` = 1 ORDER BY `list_order` ASC [ RunTime:0.000220s ]
[2026-05-27T15:51:14+08:00][sql] SELECT * FROM `cmf_admin_menu` ORDER BY `app` ASC,`controller` ASC,`action` ASC [ RunTime:0.001180s ]
[2026-05-27T15:51:15+08:00][sql] CONNECT:[ UseTime:0.000774s ] mysql:host=127.0.0.1;port=3306;dbname=nucleon;charset=utf8mb4
[2026-05-27T15:51:15+08:00][sql] SHOW FULL COLUMNS FROM `cmf_option` [ RunTime:0.001614s ]
[2026-05-27T15:51:15+08:00][sql] SELECT `option_value` FROM `cmf_option` WHERE  `option_name` = 'cdn_settings' LIMIT 1 [ RunTime:0.000322s ]
[2026-05-27T15:51:15+08:00][sql] SHOW FULL COLUMNS FROM `cmf_user` [ RunTime:0.001427s ]
[2026-05-27T15:51:15+08:00][sql] SELECT * FROM `cmf_user` WHERE  `id` = 1 LIMIT 1 [ RunTime:0.000402s ]
[2026-05-27T15:51:15+08:00][sql] SELECT `option_value` FROM `cmf_option` WHERE  `option_name` = 'cdn_settings' LIMIT 1 [ RunTime:0.000247s ]
[2026-05-27T15:51:15+08:00][sql] SELECT `option_value` FROM `cmf_option` WHERE  `option_name` = 'cmf_settings' LIMIT 1 [ RunTime:0.000249s ]
[2026-05-27T15:51:15+08:00][sql] SELECT `option_value` FROM `cmf_option` WHERE  `option_name` = 'product_setting' LIMIT 1 [ RunTime:0.000245s ]
[2026-05-27T15:51:15+08:00][sql] SELECT `option_value` FROM `cmf_option` WHERE  `option_name` = 'storage' LIMIT 1 [ RunTime:0.000397s ]
[2026-05-27T15:51:15+08:00][sql] CONNECT:[ UseTime:0.000780s ] mysql:host=127.0.0.1;port=3306;dbname=nucleon;charset=utf8mb4
[2026-05-27T15:51:15+08:00][sql] SHOW FULL COLUMNS FROM `cmf_option` [ RunTime:0.001279s ]
[2026-05-27T15:51:15+08:00][sql] SELECT `option_value` FROM `cmf_option` WHERE  `option_name` = 'cdn_settings' LIMIT 1 [ RunTime:0.000335s ]
[2026-05-27T15:51:15+08:00][sql] SHOW FULL COLUMNS FROM `cmf_user` [ RunTime:0.002220s ]
[2026-05-27T15:51:15+08:00][sql] SELECT * FROM `cmf_user` WHERE  `id` = 1 LIMIT 1 [ RunTime:0.001197s ]
[2026-05-27T15:51:15+08:00][sql] SELECT `option_value` FROM `cmf_option` WHERE  `option_name` = 'cdn_settings' LIMIT 1 [ RunTime:0.000268s ]
[2026-05-27T15:51:15+08:00][sql] SELECT `option_value` FROM `cmf_option` WHERE  `option_name` = 'cmf_settings' LIMIT 1 [ RunTime:0.000188s ]
[2026-05-27T15:51:15+08:00][sql] SELECT `option_value` FROM `cmf_option` WHERE  `option_name` = 'storage' LIMIT 1 [ RunTime:0.000426s ]
[2026-05-27T15:51:18+08:00][sql] CONNECT:[ UseTime:0.000907s ] mysql:host=127.0.0.1;port=3306;dbname=nucleon;charset=utf8mb4
[2026-05-27T15:51:18+08:00][sql] SHOW FULL COLUMNS FROM `cmf_hook` [ RunTime:0.002783s ]
[2026-05-27T15:51:18+08:00][sql] SELECT `hook` FROM `cmf_hook` WHERE  `app` = 'user' [ RunTime:0.000515s ]
[2026-05-27T15:51:18+08:00][sql] SHOW FULL COLUMNS FROM `cmf_hook_plugin` [ RunTime:0.003385s ]
[2026-05-27T15:51:18+08:00][sql] SELECT `hook`,`plugin` FROM `cmf_hook_plugin` WHERE  `status` = 1  AND `hook` IN ('fetch_upload_view','user_admin_index_view','user_admin_asset_index_view','user_admin_oauth_index_view','check_third_party_captcha','user_login_start') ORDER BY `list_order` ASC [ RunTime:0.000481s ]
[2026-05-27T15:51:18+08:00][sql] SHOW FULL COLUMNS FROM `cmf_option` [ RunTime:0.001305s ]
[2026-05-27T15:51:18+08:00][sql] SELECT `option_value` FROM `cmf_option` WHERE  `option_name` = 'cdn_settings' LIMIT 1 [ RunTime:0.000481s ]
[2026-05-27T15:51:18+08:00][sql] SELECT `option_value` FROM `cmf_option` WHERE  `option_name` = 'upload_setting' LIMIT 1 [ RunTime:0.000612s ]
[2026-05-27T15:51:18+08:00][sql] SELECT `option_value` FROM `cmf_option` WHERE  `option_name` = 'storage' LIMIT 1 [ RunTime:0.000401s ]
[2026-05-27T15:51:22+08:00][sql] CONNECT:[ UseTime:0.001138s ] mysql:host=127.0.0.1;port=3306;dbname=nucleon;charset=utf8mb4
[2026-05-27T15:51:22+08:00][sql] SHOW FULL COLUMNS FROM `cmf_option` [ RunTime:0.001274s ]
[2026-05-27T15:51:22+08:00][sql] SELECT `option_value` FROM `cmf_option` WHERE  `option_name` = 'cdn_settings' LIMIT 1 [ RunTime:0.000294s ]
[2026-05-27T15:51:22+08:00][sql] SELECT * FROM `cmf_option` WHERE  `option_name` = 'cmf_settings' LIMIT 1 [ RunTime:0.000948s ]
[2026-05-27T15:51:22+08:00][sql] SHOW FULL COLUMNS FROM `cmf_asset` [ RunTime:0.001968s ]
[2026-05-27T15:51:22+08:00][sql] SELECT * FROM `cmf_asset` WHERE  `user_id` = 1  AND `file_key` = 'ee921612a9100611d98c0c394b7b48f16ca2a2986b91102626e3526117a623da' LIMIT 1 [ RunTime:0.001367s ]
[2026-05-27T15:51:22+08:00][sql] SELECT `option_value` FROM `cmf_option` WHERE  `option_name` = 'storage' LIMIT 1 [ RunTime:0.000533s ]
[2026-05-27T15:51:22+08:00][sql] INSERT INTO `cmf_asset` SET `user_id` = 1 , `file_size` = 4879 , `create_time` = 1779868282 , `file_md5` = 'ee921612a9100611d98c0c394b7b48f1' , `file_sha1` = 'dbaa59d278da7ad7296b0f986d0a68ac10f1c37f' , `file_key` = 'ee921612a9100611d98c0c394b7b48f16ca2a2986b91102626e3526117a623da' , `filename` = 'home-about.png' , `file_path` = 'admin/20260527/31951f09d3f519ef04f57a08b5390f1c.png' , `suffix` = 'png' [ RunTime:0.000953s ]
[2026-05-27T15:51:26+08:00][sql] CONNECT:[ UseTime:0.001041s ] mysql:host=127.0.0.1;port=3306;dbname=nucleon;charset=utf8mb4
[2026-05-27T15:51:26+08:00][sql] SHOW FULL COLUMNS FROM `cmf_option` [ RunTime:0.001243s ]
[2026-05-27T15:51:26+08:00][sql] SELECT `option_value` FROM `cmf_option` WHERE  `option_name` = 'cdn_settings' LIMIT 1 [ RunTime:0.000239s ]
[2026-05-27T15:51:26+08:00][sql] SELECT `option_value` FROM `cmf_option` WHERE  `option_name` = 'cdn_settings' LIMIT 1 [ RunTime:0.000268s ]
[2026-05-27T15:51:26+08:00][sql] SHOW FULL COLUMNS FROM `cmf_product_category` [ RunTime:0.000923s ]
[2026-05-27T15:51:26+08:00][sql] SELECT * FROM `cmf_product_category` WHERE  `parent_id` = 0 ORDER BY `list_order` ASC,`create_time` DESC [ RunTime:0.000545s ]
[2026-05-27T15:51:26+08:00][sql] SELECT * FROM `cmf_product_category` WHERE  `parent_id` IN (28,19,22,23,25,30,27) [ RunTime:0.000290s ]
[2026-05-27T15:51:26+08:00][sql] SHOW FULL COLUMNS FROM `cmf_portal_category` [ RunTime:0.001165s ]
[2026-05-27T15:51:26+08:00][sql] SELECT * FROM `cmf_portal_category` WHERE (  `type` = 8 ) AND `cmf_portal_category`.`delete_time` = '0' ORDER BY `list_order` ASC [ RunTime:0.001098s ]
[2026-05-27T15:51:26+08:00][sql] SHOW FULL COLUMNS FROM `cmf_slide_item` [ RunTime:0.000967s ]
[2026-05-27T15:51:26+08:00][sql] SELECT `title`,`description`,`image`,`url`,`target`,`content` FROM `cmf_slide_item` WHERE  `slide_id` = 1 ORDER BY `list_order` ASC [ RunTime:0.000433s ]
[2026-05-27T15:51:26+08:00][sql] SHOW FULL COLUMNS FROM `cmf_slide` [ RunTime:0.000770s ]
[2026-05-27T15:51:26+08:00][sql] SELECT * FROM `cmf_slide` WHERE  `name` LIKE '%choose%' OR `name` LIKE '%选择%' LIMIT 1 [ RunTime:0.000379s ]
[2026-05-27T15:51:26+08:00][sql] SELECT `title`,`description`,`image`,`url`,`target`,`content` FROM `cmf_slide_item` WHERE  `slide_id` = 14  AND `status` = 1 ORDER BY `list_order` ASC [ RunTime:0.000280s ]
[2026-05-27T15:51:26+08:00][sql] SELECT * FROM `cmf_product_category` WHERE  `parent_id` = 0  AND `recommend` = 1 ORDER BY `list_order` ASC,`create_time` DESC [ RunTime:0.000281s ]
[2026-05-27T15:51:26+08:00][sql] SHOW FULL COLUMNS FROM `cmf_product` [ RunTime:0.000939s ]
[2026-05-27T15:51:26+08:00][sql] SELECT `id`,`title`,`thumbnail`,`industry` FROM `cmf_product` WHERE  `is_recommended` = 1  AND `category_id` = 28 ORDER BY `list_order` ASC LIMIT 6 [ RunTime:0.000521s ]
[2026-05-27T15:51:26+08:00][sql] SELECT `id`,`title`,`thumbnail`,`industry` FROM `cmf_product` WHERE  `is_recommended` = 1  AND `category_id` = 19 ORDER BY `list_order` ASC LIMIT 6 [ RunTime:0.000319s ]
[2026-05-27T15:51:26+08:00][sql] SELECT `id`,`title`,`thumbnail`,`industry` FROM `cmf_product` WHERE  `is_recommended` = 1  AND `category_id` = 23 ORDER BY `list_order` ASC LIMIT 6 [ RunTime:0.000279s ]
[2026-05-27T15:51:26+08:00][sql] SELECT `id`,`title`,`thumbnail`,`industry` FROM `cmf_product` WHERE  `is_recommended` = 1  AND `category_id` = 25 ORDER BY `list_order` ASC LIMIT 6 [ RunTime:0.000256s ]
[2026-05-27T15:51:26+08:00][sql] SELECT `id`,`title`,`thumbnail`,`industry` FROM `cmf_product` WHERE  `is_recommended` = 1  AND `category_id` = 30 ORDER BY `list_order` ASC LIMIT 6 [ RunTime:0.000236s ]
[2026-05-27T15:51:26+08:00][sql] SHOW FULL COLUMNS FROM `cmf_portal_post` [ RunTime:0.000938s ]
[2026-05-27T15:51:26+08:00][sql] SELECT `p`.`id`,`p`.`post_title`,`p`.`post_excerpt`,`p`.`thumbnail`,`p`.`create_time`,`c`.`category_id` FROM `cmf_portal_post` `p` INNER JOIN `cmf_portal_category_post` `c` ON `p`.`id`=`c`.`post_id` WHERE (  `p`.`post_type` = '8' ) AND `p`.`delete_time` = '0' ORDER BY `c`.`list_order` ASC,`p`.`create_time` DESC [ RunTime:0.000646s ]
[2026-05-27T15:51:26+08:00][sql] SELECT `id`,`post_title`,`post_excerpt`,`more` FROM `cmf_portal_post` WHERE (  `post_type` = 3 ) AND `cmf_portal_post`.`delete_time` = '0' ORDER BY `create_time` DESC [ RunTime:0.000314s ]
[2026-05-27T15:51:26+08:00][sql] SHOW FULL COLUMNS FROM `cmf_theme_file` [ RunTime:0.002396s ]
[2026-05-27T15:51:26+08:00][sql] SELECT `more`,`file`,`id` FROM `cmf_theme_file` WHERE  `theme` = 'simpleboot3'  AND (  `is_public` = 1 OR `file` = 'portal/index' ) ORDER BY `is_public` DESC [ RunTime:0.000718s ]
[2026-05-27T15:51:26+08:00][sql] SELECT `option_value` FROM `cmf_option` WHERE  `option_name` = 'storage' LIMIT 1 [ RunTime:0.000531s ]
[2026-05-27T15:51:36+08:00][sql] CONNECT:[ UseTime:0.001598s ] mysql:host=127.0.0.1;port=3306;dbname=nucleon;charset=utf8mb4
[2026-05-27T15:51:36+08:00][sql] SHOW FULL COLUMNS FROM `cmf_option` [ RunTime:0.001622s ]
[2026-05-27T15:51:36+08:00][sql] SELECT `option_value` FROM `cmf_option` WHERE  `option_name` = 'cdn_settings' LIMIT 1 [ RunTime:0.000274s ]
[2026-05-27T15:51:36+08:00][sql] SHOW FULL COLUMNS FROM `cmf_user` [ RunTime:0.001520s ]
[2026-05-27T15:51:36+08:00][sql] SELECT * FROM `cmf_user` WHERE  `id` = 1 LIMIT 1 [ RunTime:0.000467s ]
[2026-05-27T15:51:36+08:00][sql] SHOW FULL COLUMNS FROM `cmf_admin_menu` [ RunTime:0.001341s ]
[2026-05-27T15:51:36+08:00][sql] SELECT * FROM `cmf_admin_menu` ORDER BY `app` ASC,`controller` ASC,`action` ASC [ RunTime:0.001133s ]
[2026-05-27T15:51:36+08:00][sql] CONNECT:[ UseTime:0.001523s ] mysql:host=127.0.0.1;port=3306;dbname=nucleon;charset=utf8mb4
[2026-05-27T15:51:36+08:00][sql] SHOW FULL COLUMNS FROM `cmf_option` [ RunTime:0.001681s ]
[2026-05-27T15:51:36+08:00][sql] SELECT `option_value` FROM `cmf_option` WHERE  `option_name` = 'cdn_settings' LIMIT 1 [ RunTime:0.000314s ]
[2026-05-27T15:51:36+08:00][sql] SHOW FULL COLUMNS FROM `cmf_user` [ RunTime:0.001396s ]
[2026-05-27T15:51:36+08:00][sql] SELECT * FROM `cmf_user` WHERE  `id` = 1 LIMIT 1 [ RunTime:0.000378s ]
[2026-05-27T15:51:36+08:00][sql] SELECT `option_value` FROM `cmf_option` WHERE  `option_name` = 'cdn_settings' LIMIT 1 [ RunTime:0.000248s ]
[2026-05-27T15:51:36+08:00][sql] SELECT `option_value` FROM `cmf_option` WHERE  `option_name` = 'cmf_settings' LIMIT 1 [ RunTime:0.000196s ]
[2026-05-27T15:51:36+08:00][sql] SELECT `option_value` FROM `cmf_option` WHERE  `option_name` = 'storage' LIMIT 1 [ RunTime:0.000213s ]
[2026-05-27T15:51:36+08:00][sql] CONNECT:[ UseTime:0.000848s ] mysql:host=127.0.0.1;port=3306;dbname=nucleon;charset=utf8mb4
[2026-05-27T15:51:36+08:00][sql] SHOW FULL COLUMNS FROM `cmf_option` [ RunTime:0.001406s ]
[2026-05-27T15:51:36+08:00][sql] SELECT `option_value` FROM `cmf_option` WHERE  `option_name` = 'cdn_settings' LIMIT 1 [ RunTime:0.000264s ]
[2026-05-27T15:51:36+08:00][sql] SHOW FULL COLUMNS FROM `cmf_user` [ RunTime:0.001426s ]
[2026-05-27T15:51:36+08:00][sql] SELECT * FROM `cmf_user` WHERE  `id` = 1 LIMIT 1 [ RunTime:0.000341s ]
[2026-05-27T15:51:36+08:00][sql] SELECT `option_value` FROM `cmf_option` WHERE  `option_name` = 'cdn_settings' LIMIT 1 [ RunTime:0.000246s ]
[2026-05-27T15:51:36+08:00][sql] SELECT `option_value` FROM `cmf_option` WHERE  `option_name` = 'cmf_settings' LIMIT 1 [ RunTime:0.000208s ]
[2026-05-27T15:51:36+08:00][sql] SELECT `option_value` FROM `cmf_option` WHERE  `option_name` = 'storage' LIMIT 1 [ RunTime:0.000444s ]
[2026-05-27T15:51:40+08:00][sql] CONNECT:[ UseTime:0.000836s ] mysql:host=127.0.0.1;port=3306;dbname=nucleon;charset=utf8mb4
[2026-05-27T15:51:40+08:00][sql] SHOW FULL COLUMNS FROM `cmf_option` [ RunTime:0.002670s ]
[2026-05-27T15:51:40+08:00][sql] SELECT `option_value` FROM `cmf_option` WHERE  `option_name` = 'cdn_settings' LIMIT 1 [ RunTime:0.000354s ]
[2026-05-27T15:51:40+08:00][sql] SELECT `option_value` FROM `cmf_option` WHERE  `option_name` = 'storage' LIMIT 1 [ RunTime:0.000309s ]
[2026-05-27T15:51:47+08:00][sql] CONNECT:[ UseTime:0.000803s ] mysql:host=127.0.0.1;port=3306;dbname=nucleon;charset=utf8mb4
[2026-05-27T15:51:47+08:00][sql] SHOW FULL COLUMNS FROM `cmf_option` [ RunTime:0.001306s ]
[2026-05-27T15:51:47+08:00][sql] SELECT `option_value` FROM `cmf_option` WHERE  `option_name` = 'cdn_settings' LIMIT 1 [ RunTime:0.000300s ]
[2026-05-27T15:51:47+08:00][sql] SELECT * FROM `cmf_option` WHERE  `option_name` = 'cmf_settings' LIMIT 1 [ RunTime:0.000427s ]
[2026-05-27T15:51:47+08:00][sql] SHOW FULL COLUMNS FROM `cmf_asset` [ RunTime:0.001216s ]
[2026-05-27T15:51:47+08:00][sql] SELECT * FROM `cmf_asset` WHERE  `user_id` = 1  AND `file_key` = 'ee921612a9100611d98c0c394b7b48f16ca2a2986b91102626e3526117a623da' LIMIT 1 [ RunTime:0.001402s ]
[2026-05-27T15:51:47+08:00][sql] SELECT `option_value` FROM `cmf_option` WHERE  `option_name` = 'storage' LIMIT 1 [ RunTime:0.000248s ]
[2026-05-27T15:51:47+08:00][sql] UPDATE `cmf_asset`  SET `filename` = 'home-about.png'  WHERE  `id` = 1513 [ RunTime:0.000311s ]
[2026-05-27T15:51:51+08:00][sql] CONNECT:[ UseTime:0.000828s ] mysql:host=127.0.0.1;port=3306;dbname=nucleon;charset=utf8mb4
[2026-05-27T15:51:51+08:00][sql] SHOW FULL COLUMNS FROM `cmf_option` [ RunTime:0.001239s ]
[2026-05-27T15:51:51+08:00][sql] SELECT `option_value` FROM `cmf_option` WHERE  `option_name` = 'cdn_settings' LIMIT 1 [ RunTime:0.000267s ]
[2026-05-27T15:51:51+08:00][sql] SHOW FULL COLUMNS FROM `cmf_user` [ RunTime:0.000919s ]
[2026-05-27T15:51:51+08:00][sql] SELECT * FROM `cmf_user` WHERE  `id` = 1 LIMIT 1 [ RunTime:0.000791s ]
[2026-05-27T15:51:51+08:00][sql] SELECT * FROM `cmf_option` WHERE  `option_name` = 'index_setting' LIMIT 1 [ RunTime:0.000273s ]
[2026-05-27T15:51:51+08:00][sql] UPDATE `cmf_option`  SET `option_value` = '{\"about_description\":\"Founded in 2005 and headquartered in Xinxiang, Henan Province, China, Xinxiang Nucleon (Xinxiang) Crane Co., Ltd. is a leading manufacturer specializing in the research, development, production, and sales of overhead cranes, gantry cranes, electric hoists, jib cranes and port cranes etc.. Nucleon has a registered capital of 80 million US dollars, covering an area of 430000 square meters, and owns more than 1500 employees. The company has equipped over 3000 sets of production and testing equipment, providing support for the research and development of high-quality crane equipment. The leading products have been widely used in pillar industries of the national economy such as metallurgy, energy and power, petrochemicals, railways, and aviation, and exported to various parts of the world.\",\"about_img\":\"admin\\/20260527\\/6e1caa71d0aec007314dc24b595d396f.png\",\"about_bg_img\":\"admin\\/20260527\\/6e1caa71d0aec007314dc24b595d396f.png\",\"about_right_bg_img\":\"admin\\/20260527\\/31951f09d3f519ef04f57a08b5390f1c.png\",\"choose_description\":\"In modern industrial development worldwide, smooth and efficient material handling and cargo movement play a vital role in daily production operations. A durable and well-built lifting equipment is essential to streamline your workflow. As a professional crane manufacturer based in China, WEIHUA has earned wide recognition and solid trust across the industry. Whether you plan to procure standard lifting machinery or look for tailored lifting solutions, we are fully capable of meeting all your practical demands. We offer customized manufacturing services covering overhead cranes, gantry cranes, container handling cranes, RTG cranes, RMG cranes and various other lifting equipment.\",\"choose\":[{\"choose_name\":\"Direct Deal\",\"choose_desc\":\"Weihua Crane is a real factory to help youeffectively save costs.\",\"choose_image\":\"admin\\/20241227\\/64c9b433b999588924fb5befa6c333b9.png\",\"choose_image_active\":\"admin\\/20241227\\/9eac08b8e263bc41b951db6374925f5c.png\"},{\"choose_name\":\"Complete Certificate\",\"choose_desc\":\"Weihua Crane has obtained ISO and OHSAS certification, products CCS, ABS etc certification, and special QC checks for shipments.\",\"choose_image\":\"admin\\/20241227\\/c7b2db26dd7bceb55294605397d45154.webp\",\"choose_image_active\":\"admin\\/20241227\\/f86758167663bae45d01cf6f12b03275.png\"},{\"choose_name\":\"Professional Technical Support\",\"choose_desc\":\"The technicians have abundant project experience, and will provide you with professional technical support.\",\"choose_image\":\"admin\\/20241227\\/156f6238d94bd6e5049e1ec9b5cdab09.png\",\"choose_image_active\":\"admin\\/20241227\\/ac5f65e9f9faf559d5bdfbbbbb7cda43.png\"},{\"choose_name\":\"Complete Production Equipment\",\"choose_desc\":\"Complete production equipment, reflecting the processing quality and cost advantages.\",\"choose_image\":\"admin\\/20241227\\/6d29b256371f64b842adb13090f00b02.png\",\"choose_image_active\":\"admin\\/20241227\\/323eaf09d62f34d18d6cb23fa5e8793e.png\"},{\"choose_name\":\"Quick Response\",\"choose_desc\":\"Quick response to Pre-sale, in-sale and after-sale problems.\",\"choose_image\":\"admin\\/20241227\\/a13cdd146f86731efc8a584cc60eb738.png\",\"choose_image_active\":\"admin\\/20241227\\/266bc1a20febe7a2f427e5fef6e643c7.png\"},{\"choose_name\":\"Technical Guidance\",\"choose_desc\":\"Provide on-site technical support and follow-up technical guidance.\",\"choose_image\":\"admin\\/20241227\\/a9b3bd90aff4211fd0e2ec27f71c3f96.png\",\"choose_image_active\":\"admin\\/20241227\\/f0da3311946ce71a306869ae320de5b7.png\"}],\"faq_title\":\"FAQ\",\"faq_contact_title\":\"Can not Find Your Question?\",\"faq_contact_desc\":\"If you can not find the answer, contact us and let us know how we can help you.\",\"faq_contact_btn_text\":\"Contact Us\",\"faq\":[{\"question\":\"What factors affect crane prices most, and how can I get a reasonable quotation?\",\"answer\":\"Many customers worry about hidden costs and inconsistent pricing when buying cranes. The actual crane price mainly depends on lifting capacity, span, lifting height, working duty, configuration standards and customized functions. Simple standard models have stable and transparent prices, while special working conditions such as explosion-proof, high-temperature, anti-corrosion and intelligent anti-sway systems will lead to different costs. We provide one-on-one tailored quotes based on your actual site conditions and usage needs, with no hidden charges, and every configuration and cost item is clearly listed for your reference.\"},{\"question\":\"Are your cranes suitable for my local industrial and environmental conditions?\",\"answer\":\"This is the key concern for overseas buyers, as different countries have different weather, site and industry requirements. Our overhead cranes, gantry cranes and port cranes can be fully adapted to various complex environments, including high temperature, heavy rain, coastal humidity, dust and strong wind conditions. We can adjust motor brands, electrical systems, anti-rust painting standards, protection grades and wind-proof devices according to your local climate, site environment and industry standards, ensuring long-term stable operation in your working scenario.\"},{\"question\":\"Do you support customized crane solutions for special working conditions?\",\"answer\":\"Standard cranes cannot meet all project needs, which is why custom solutions are essential for industrial engineering projects. We fully support personalized customization including non-standard span, special lifting height, heavy-duty working level, explosion-proof, insulation, anti-corrosion, intelligent anti-sway, remote control and automatic positioning functions. Whether it is factory indoor handling, outdoor yard operation, port container handling or metallurgy and chemical special scenarios, we can design and produce exclusive crane equipment according to your drawings and technical requirements.\"},{\"question\":\"What certifications do your cranes have for overseas export?\",\"answer\":\"Most overseas projects require official certification for customs clearance and project acceptance, which is a major pain point for many purchasers. All our cranes are manufactured in strict accordance with international standards and have complete export qualifications, including CE, ISO and other mainstream certifications. We can provide complete certification documents, inspection reports and factory qualification materials to ensure smooth customs clearance, local inspection and long-term project use in your country.\"},{\"question\":\"What after-sales support can you provide for overseas clients?\",\"answer\":\"Overseas customers are most worried about no technical support and difficult maintenance after purchasing equipment. We provide full-cycle after-sales service including installation guidance, operation training, remote technical support and lifetime after-sales consultation. We supply original spare parts at factory prices for long-term maintenance. If you encounter operation failure, equipment debugging or daily maintenance problems, our professional technical team can respond quickly to help you solve problems and ensure the cranes run stably for a long time.\"}]}'  WHERE  `option_name` = 'index_setting' [ RunTime:0.002959s ]
[2026-05-27T15:51:56+08:00][sql] CONNECT:[ UseTime:0.000708s ] mysql:host=127.0.0.1;port=3306;dbname=nucleon;charset=utf8mb4
[2026-05-27T15:51:56+08:00][sql] SHOW FULL COLUMNS FROM `cmf_hook` [ RunTime:0.001319s ]
[2026-05-27T15:51:56+08:00][sql] SELECT `hook`,`id` FROM `cmf_hook` WHERE  (  (  `app` = '' OR `app` = 'cmf' )  AND `type` = 3 ) OR `type` = 1 [ RunTime:0.000326s ]
[2026-05-27T15:51:56+08:00][sql] SHOW FULL COLUMNS FROM `cmf_hook_plugin` [ RunTime:0.000743s ]
[2026-05-27T15:51:56+08:00][sql] SELECT `hook`,`plugin` FROM `cmf_hook_plugin` WHERE  `status` = 1  AND `hook` IN ('app_begin','module_init','action_begin','view_filter','app_end','log_write','response_end','admin_init','home_init','send_mobile_verification_code','body_start','before_head_end','footer_start','before_footer','before_footer_end','before_body_end','left_sidebar_start','before_left_sidebar_end','right_sidebar_start','before_right_sidebar_end','comment','guestbook','switch_theme','after_content','before_content','log_write_done','switch_admin_theme','captcha_image','user_login_start') ORDER BY `list_order` ASC [ RunTime:0.000291s ]
[2026-05-27T15:51:56+08:00][sql] SELECT `hook` FROM `cmf_hook` WHERE  `app` = 'admin' [ RunTime:0.000455s ]
[2026-05-27T15:51:56+08:00][sql] SELECT `hook`,`plugin` FROM `cmf_hook_plugin` WHERE  `status` = 1  AND `hook` IN ('admin_dashboard','admin_login','admin_theme_design_view','admin_setting_site_view','admin_setting_clear_cache_view','admin_nav_index_view','admin_link_index_view','admin_slide_index_view','admin_user_index_view','admin_rbac_index_view','admin_index_index_view','admin_recycle_bin_index_view','admin_menu_index_view','admin_custom_login_open','admin_slide_item_index_view','admin_slide_item_add_view','admin_slide_item_edit_view','admin_user_add_view','admin_user_edit_view','admin_rbac_role_add_view','admin_rbac_role_edit_view','admin_rbac_authorize_view','admin_api_import_view') ORDER BY `list_order` ASC [ RunTime:0.000396s ]
[2026-05-27T15:51:56+08:00][sql] SHOW FULL COLUMNS FROM `cmf_option` [ RunTime:0.001031s ]
[2026-05-27T15:51:56+08:00][sql] SELECT `option_value` FROM `cmf_option` WHERE  `option_name` = 'cdn_settings' LIMIT 1 [ RunTime:0.000227s ]
[2026-05-27T15:51:56+08:00][sql] SELECT `option_value` FROM `cmf_option` WHERE  `option_name` = 'admin_settings' LIMIT 1 [ RunTime:0.000569s ]
[2026-05-27T15:51:56+08:00][sql] SHOW FULL COLUMNS FROM `cmf_user` [ RunTime:0.001300s ]
[2026-05-27T15:51:56+08:00][sql] SELECT * FROM `cmf_user` WHERE  `id` = 1 LIMIT 1 [ RunTime:0.000305s ]
[2026-05-27T15:51:56+08:00][sql] SHOW FULL COLUMNS FROM `cmf_admin_menu` [ RunTime:0.001857s ]
[2026-05-27T15:51:56+08:00][sql] SELECT * FROM `cmf_admin_menu` WHERE  `parent_id` = 0  AND `status` = 1 ORDER BY `list_order` ASC [ RunTime:0.000756s ]
[2026-05-27T15:51:56+08:00][sql] SELECT * FROM `cmf_admin_menu` WHERE  `parent_id` = 71  AND `status` = 1 ORDER BY `list_order` ASC [ RunTime:0.000441s ]
[2026-05-27T15:51:56+08:00][sql] SELECT * FROM `cmf_admin_menu` WHERE  `parent_id` = 78  AND `status` = 1 ORDER BY `list_order` ASC [ RunTime:0.000541s ]
[2026-05-27T15:51:56+08:00][sql] SELECT * FROM `cmf_admin_menu` WHERE  `parent_id` = 213  AND `status` = 1 ORDER BY `list_order` ASC [ RunTime:0.000421s ]
[2026-05-27T15:51:56+08:00][sql] SELECT * FROM `cmf_admin_menu` WHERE  `parent_id` = 214  AND `status` = 1 ORDER BY `list_order` ASC [ RunTime:0.000308s ]
[2026-05-27T15:51:56+08:00][sql] SELECT * FROM `cmf_admin_menu` WHERE  `parent_id` = 215  AND `status` = 1 ORDER BY `list_order` ASC [ RunTime:0.000322s ]
[2026-05-27T15:51:56+08:00][sql] SELECT * FROM `cmf_admin_menu` WHERE  `parent_id` = 217  AND `status` = 1 ORDER BY `list_order` ASC [ RunTime:0.000358s ]
[2026-05-27T15:51:56+08:00][sql] SELECT * FROM `cmf_admin_menu` WHERE  `parent_id` = 219  AND `status` = 1 ORDER BY `list_order` ASC [ RunTime:0.000272s ]
[2026-05-27T15:51:56+08:00][sql] SELECT * FROM `cmf_admin_menu` WHERE  `parent_id` = 220  AND `status` = 1 ORDER BY `list_order` ASC [ RunTime:0.000237s ]
[2026-05-27T15:51:56+08:00][sql] SELECT * FROM `cmf_admin_menu` WHERE  `parent_id` = 225  AND `status` = 1 ORDER BY `list_order` ASC [ RunTime:0.000192s ]
[2026-05-27T15:51:56+08:00][sql] SELECT * FROM `cmf_admin_menu` WHERE  `parent_id` = 221  AND `status` = 1 ORDER BY `list_order` ASC [ RunTime:0.000278s ]
[2026-05-27T15:51:56+08:00][sql] SELECT * FROM `cmf_admin_menu` WHERE  `parent_id` = 222  AND `status` = 1 ORDER BY `list_order` ASC [ RunTime:0.000217s ]
[2026-05-27T15:51:56+08:00][sql] SELECT * FROM `cmf_admin_menu` WHERE  `parent_id` = 223  AND `status` = 1 ORDER BY `list_order` ASC [ RunTime:0.000230s ]
[2026-05-27T15:51:56+08:00][sql] SELECT * FROM `cmf_admin_menu` WHERE  `parent_id` = 224  AND `status` = 1 ORDER BY `list_order` ASC [ RunTime:0.000184s ]
[2026-05-27T15:51:56+08:00][sql] SELECT * FROM `cmf_admin_menu` WHERE  `parent_id` = 226  AND `status` = 1 ORDER BY `list_order` ASC [ RunTime:0.000191s ]
[2026-05-27T15:51:56+08:00][sql] SELECT * FROM `cmf_admin_menu` WHERE  `parent_id` = 227  AND `status` = 1 ORDER BY `list_order` ASC [ RunTime:0.000182s ]
[2026-05-27T15:51:56+08:00][sql] SELECT * FROM `cmf_admin_menu` ORDER BY `app` ASC,`controller` ASC,`action` ASC [ RunTime:0.000583s ]
[2026-05-27T15:51:57+08:00][sql] CONNECT:[ UseTime:0.001043s ] mysql:host=127.0.0.1;port=3306;dbname=nucleon;charset=utf8mb4
[2026-05-27T15:51:57+08:00][sql] SHOW FULL COLUMNS FROM `cmf_option` [ RunTime:0.003025s ]
[2026-05-27T15:51:57+08:00][sql] SELECT `option_value` FROM `cmf_option` WHERE  `option_name` = 'cdn_settings' LIMIT 1 [ RunTime:0.000572s ]
[2026-05-27T15:51:57+08:00][sql] SHOW FULL COLUMNS FROM `cmf_user` [ RunTime:0.001858s ]
[2026-05-27T15:51:57+08:00][sql] SELECT * FROM `cmf_user` WHERE  `id` = 1 LIMIT 1 [ RunTime:0.001318s ]
[2026-05-27T15:51:57+08:00][sql] SELECT `option_value` FROM `cmf_option` WHERE  `option_name` = 'cdn_settings' LIMIT 1 [ RunTime:0.000310s ]
[2026-05-27T15:51:57+08:00][sql] SELECT `option_value` FROM `cmf_option` WHERE  `option_name` = 'cmf_settings' LIMIT 1 [ RunTime:0.000237s ]
[2026-05-27T15:51:57+08:00][sql] SELECT `option_value` FROM `cmf_option` WHERE  `option_name` = 'product_setting' LIMIT 1 [ RunTime:0.000325s ]
[2026-05-27T15:51:57+08:00][sql] SELECT `option_value` FROM `cmf_option` WHERE  `option_name` = 'index_setting' LIMIT 1 [ RunTime:0.000509s ]
[2026-05-27T15:51:57+08:00][sql] SELECT `option_value` FROM `cmf_option` WHERE  `option_name` = 'site_info' LIMIT 1 [ RunTime:0.001008s ]
[2026-05-27T15:51:57+08:00][sql] SELECT `option_value` FROM `cmf_option` WHERE  `option_name` = 'storage' LIMIT 1 [ RunTime:0.000383s ]
[2026-05-27T15:51:57+08:00][sql] CONNECT:[ UseTime:0.000886s ] mysql:host=127.0.0.1;port=3306;dbname=nucleon;charset=utf8mb4
[2026-05-27T15:51:57+08:00][sql] SHOW FULL COLUMNS FROM `cmf_option` [ RunTime:0.001418s ]
[2026-05-27T15:51:57+08:00][sql] SELECT `option_value` FROM `cmf_option` WHERE  `option_name` = 'cdn_settings' LIMIT 1 [ RunTime:0.000300s ]
[2026-05-27T15:51:57+08:00][sql] SHOW FULL COLUMNS FROM `cmf_user` [ RunTime:0.002483s ]
[2026-05-27T15:51:57+08:00][sql] SELECT * FROM `cmf_user` WHERE  `id` = 1 LIMIT 1 [ RunTime:0.001440s ]
[2026-05-27T15:51:57+08:00][sql] SELECT `option_value` FROM `cmf_option` WHERE  `option_name` = 'cdn_settings' LIMIT 1 [ RunTime:0.000295s ]
[2026-05-27T15:51:57+08:00][sql] SELECT `option_value` FROM `cmf_option` WHERE  `option_name` = 'cmf_settings' LIMIT 1 [ RunTime:0.000234s ]
[2026-05-27T15:51:57+08:00][sql] SELECT `option_value` FROM `cmf_option` WHERE  `option_name` = 'storage' LIMIT 1 [ RunTime:0.000599s ]
[2026-05-27T15:52:01+08:00][sql] CONNECT:[ UseTime:0.000778s ] mysql:host=127.0.0.1;port=3306;dbname=nucleon;charset=utf8mb4
[2026-05-27T15:52:01+08:00][sql] SHOW FULL COLUMNS FROM `cmf_hook` [ RunTime:0.001109s ]
[2026-05-27T15:52:01+08:00][sql] SELECT `hook` FROM `cmf_hook` WHERE  `app` = 'portal' [ RunTime:0.001075s ]
[2026-05-27T15:52:01+08:00][sql] SHOW FULL COLUMNS FROM `cmf_hook_plugin` [ RunTime:0.000949s ]
[2026-05-27T15:52:01+08:00][sql] SELECT `hook`,`plugin` FROM `cmf_hook_plugin` WHERE  `status` = 1  AND `hook` IN ('portal_before_assign_article','portal_admin_after_save_article','portal_admin_article_index_view','portal_admin_article_add_view','portal_admin_article_edit_view','portal_admin_category_index_view','portal_admin_category_add_view','portal_admin_category_edit_view','portal_admin_page_index_view','portal_admin_page_add_view','portal_admin_page_edit_view','portal_admin_tag_index_view','portal_admin_article_edit_view_right_sidebar','portal_admin_article_edit_view_main') ORDER BY `list_order` ASC [ RunTime:0.000478s ]
[2026-05-27T15:52:01+08:00][sql] SHOW FULL COLUMNS FROM `cmf_plugin` [ RunTime:0.002107s ]
[2026-05-27T15:52:01+08:00][sql] SELECT `config` FROM `cmf_plugin` WHERE  `name` = 'SwitchTheme' LIMIT 1 [ RunTime:0.000895s ]
[2026-05-27T15:52:01+08:00][sql] SHOW FULL COLUMNS FROM `cmf_option` [ RunTime:0.002050s ]
[2026-05-27T15:52:01+08:00][sql] SELECT `option_value` FROM `cmf_option` WHERE  `option_name` = 'cdn_settings' LIMIT 1 [ RunTime:0.000438s ]
[2026-05-27T15:52:01+08:00][sql] SELECT `option_value` FROM `cmf_option` WHERE  `option_name` = 'cdn_settings' LIMIT 1 [ RunTime:0.000573s ]
[2026-05-27T15:52:01+08:00][sql] SHOW FULL COLUMNS FROM `cmf_product_category` [ RunTime:0.002083s ]
[2026-05-27T15:52:01+08:00][sql] SELECT * FROM `cmf_product_category` WHERE  `parent_id` = 0 ORDER BY `list_order` ASC,`create_time` DESC [ RunTime:0.000570s ]
[2026-05-27T15:52:01+08:00][sql] SELECT * FROM `cmf_product_category` WHERE  `parent_id` IN (28,19,22,23,25,30,27) [ RunTime:0.000406s ]
[2026-05-27T15:52:01+08:00][sql] SHOW FULL COLUMNS FROM `cmf_portal_category` [ RunTime:0.001352s ]
[2026-05-27T15:52:01+08:00][sql] SELECT * FROM `cmf_portal_category` WHERE (  `type` = 8 ) AND `cmf_portal_category`.`delete_time` = '0' ORDER BY `list_order` ASC [ RunTime:0.000491s ]
[2026-05-27T15:52:01+08:00][sql] SHOW FULL COLUMNS FROM `cmf_slide_item` [ RunTime:0.001076s ]
[2026-05-27T15:52:01+08:00][sql] SELECT `title`,`description`,`image`,`url`,`target`,`content` FROM `cmf_slide_item` WHERE  `slide_id` = 1 ORDER BY `list_order` ASC [ RunTime:0.000435s ]
[2026-05-27T15:52:01+08:00][sql] SHOW FULL COLUMNS FROM `cmf_slide` [ RunTime:0.000864s ]
[2026-05-27T15:52:01+08:00][sql] SELECT * FROM `cmf_slide` WHERE  `name` LIKE '%choose%' OR `name` LIKE '%选择%' LIMIT 1 [ RunTime:0.000365s ]
[2026-05-27T15:52:01+08:00][sql] SELECT `title`,`description`,`image`,`url`,`target`,`content` FROM `cmf_slide_item` WHERE  `slide_id` = 14  AND `status` = 1 ORDER BY `list_order` ASC [ RunTime:0.000364s ]
[2026-05-27T15:52:01+08:00][sql] SELECT * FROM `cmf_product_category` WHERE  `parent_id` = 0  AND `recommend` = 1 ORDER BY `list_order` ASC,`create_time` DESC [ RunTime:0.000304s ]
[2026-05-27T15:52:01+08:00][sql] SHOW FULL COLUMNS FROM `cmf_product` [ RunTime:0.001526s ]
[2026-05-27T15:52:01+08:00][sql] SELECT `id`,`title`,`thumbnail`,`industry` FROM `cmf_product` WHERE  `is_recommended` = 1  AND `category_id` = 28 ORDER BY `list_order` ASC LIMIT 6 [ RunTime:0.000950s ]
[2026-05-27T15:52:01+08:00][sql] SELECT `id`,`title`,`thumbnail`,`industry` FROM `cmf_product` WHERE  `is_recommended` = 1  AND `category_id` = 19 ORDER BY `list_order` ASC LIMIT 6 [ RunTime:0.000583s ]
[2026-05-27T15:52:01+08:00][sql] SELECT `id`,`title`,`thumbnail`,`industry` FROM `cmf_product` WHERE  `is_recommended` = 1  AND `category_id` = 23 ORDER BY `list_order` ASC LIMIT 6 [ RunTime:0.000742s ]
[2026-05-27T15:52:01+08:00][sql] SELECT `id`,`title`,`thumbnail`,`industry` FROM `cmf_product` WHERE  `is_recommended` = 1  AND `category_id` = 25 ORDER BY `list_order` ASC LIMIT 6 [ RunTime:0.000457s ]
[2026-05-27T15:52:01+08:00][sql] SELECT `id`,`title`,`thumbnail`,`industry` FROM `cmf_product` WHERE  `is_recommended` = 1  AND `category_id` = 30 ORDER BY `list_order` ASC LIMIT 6 [ RunTime:0.000345s ]
[2026-05-27T15:52:01+08:00][sql] SELECT `option_value` FROM `cmf_option` WHERE  `option_name` = 'about_site' LIMIT 1 [ RunTime:0.000385s ]
[2026-05-27T15:52:01+08:00][sql] SHOW FULL COLUMNS FROM `cmf_portal_post` [ RunTime:0.002520s ]
[2026-05-27T15:52:01+08:00][sql] SELECT `p`.`id`,`p`.`post_title`,`p`.`post_excerpt`,`p`.`thumbnail`,`p`.`create_time`,`c`.`category_id` FROM `cmf_portal_post` `p` INNER JOIN `cmf_portal_category_post` `c` ON `p`.`id`=`c`.`post_id` WHERE (  `p`.`post_type` = '8' ) AND `p`.`delete_time` = '0' ORDER BY `c`.`list_order` ASC,`p`.`create_time` DESC [ RunTime:0.001603s ]
[2026-05-27T15:52:01+08:00][sql] SELECT `id`,`post_title`,`post_excerpt`,`more` FROM `cmf_portal_post` WHERE (  `post_type` = 3 ) AND `cmf_portal_post`.`delete_time` = '0' ORDER BY `create_time` DESC [ RunTime:0.000503s ]
[2026-05-27T15:52:01+08:00][sql] SELECT `option_value` FROM `cmf_option` WHERE  `option_name` = 'product_category_hero_settings' LIMIT 1 [ RunTime:0.000316s ]
[2026-05-27T15:52:01+08:00][sql] SHOW FULL COLUMNS FROM `cmf_theme_file` [ RunTime:0.002670s ]
[2026-05-27T15:52:01+08:00][sql] SELECT `more`,`file`,`id` FROM `cmf_theme_file` WHERE  `theme` = 'simpleboot3'  AND (  `is_public` = 1 OR `file` = 'portal/index' ) ORDER BY `is_public` DESC [ RunTime:0.000630s ]
[2026-05-27T15:52:01+08:00][sql] SHOW FULL COLUMNS FROM `cmf_route` [ RunTime:0.001216s ]
[2026-05-27T15:52:01+08:00][sql] SELECT * FROM `cmf_route` WHERE  `status` = 1 ORDER BY `list_order` ASC [ RunTime:0.000630s ]
[2026-05-27T15:52:01+08:00][sql] SELECT `option_value` FROM `cmf_option` WHERE  `option_name` = 'storage' LIMIT 1 [ RunTime:0.000449s ]
[2026-05-27T15:53:35+08:00][sql] CONNECT:[ UseTime:0.000763s ] mysql:host=127.0.0.1;port=3306;dbname=nucleon;charset=utf8mb4
[2026-05-27T15:53:35+08:00][sql] SHOW FULL COLUMNS FROM `cmf_option` [ RunTime:0.005403s ]
[2026-05-27T15:53:35+08:00][sql] SELECT `option_value` FROM `cmf_option` WHERE  `option_name` = 'cdn_settings' LIMIT 1 [ RunTime:0.000779s ]
[2026-05-27T15:53:35+08:00][sql] SELECT `option_value` FROM `cmf_option` WHERE  `option_name` = 'cdn_settings' LIMIT 1 [ RunTime:0.000296s ]
[2026-05-27T15:53:35+08:00][sql] SHOW FULL COLUMNS FROM `cmf_product_category` [ RunTime:0.001353s ]
[2026-05-27T15:53:35+08:00][sql] SELECT * FROM `cmf_product_category` WHERE  `parent_id` = 0 ORDER BY `list_order` ASC,`create_time` DESC [ RunTime:0.000610s ]
[2026-05-27T15:53:35+08:00][sql] SELECT * FROM `cmf_product_category` WHERE  `parent_id` IN (28,19,22,23,25,30,27) [ RunTime:0.000281s ]
[2026-05-27T15:53:35+08:00][sql] SHOW FULL COLUMNS FROM `cmf_portal_category` [ RunTime:0.000912s ]
[2026-05-27T15:53:35+08:00][sql] SELECT * FROM `cmf_portal_category` WHERE (  `type` = 8 ) AND `cmf_portal_category`.`delete_time` = '0' ORDER BY `list_order` ASC [ RunTime:0.000414s ]
[2026-05-27T15:53:35+08:00][sql] SHOW FULL COLUMNS FROM `cmf_slide_item` [ RunTime:0.000804s ]
[2026-05-27T15:53:35+08:00][sql] SELECT `title`,`description`,`image`,`url`,`target`,`content` FROM `cmf_slide_item` WHERE  `slide_id` = 1 ORDER BY `list_order` ASC [ RunTime:0.000441s ]
[2026-05-27T15:53:35+08:00][sql] SHOW FULL COLUMNS FROM `cmf_slide` [ RunTime:0.000724s ]
[2026-05-27T15:53:35+08:00][sql] SELECT * FROM `cmf_slide` WHERE  `name` LIKE '%choose%' OR `name` LIKE '%选择%' LIMIT 1 [ RunTime:0.000356s ]
[2026-05-27T15:53:35+08:00][sql] SELECT `title`,`description`,`image`,`url`,`target`,`content` FROM `cmf_slide_item` WHERE  `slide_id` = 14  AND `status` = 1 ORDER BY `list_order` ASC [ RunTime:0.000284s ]
[2026-05-27T15:53:35+08:00][sql] SELECT * FROM `cmf_product_category` WHERE  `parent_id` = 0  AND `recommend` = 1 ORDER BY `list_order` ASC,`create_time` DESC [ RunTime:0.000308s ]
[2026-05-27T15:53:35+08:00][sql] SHOW FULL COLUMNS FROM `cmf_product` [ RunTime:0.001384s ]
[2026-05-27T15:53:35+08:00][sql] SELECT `id`,`title`,`thumbnail`,`industry` FROM `cmf_product` WHERE  `is_recommended` = 1  AND `category_id` = 28 ORDER BY `list_order` ASC LIMIT 6 [ RunTime:0.000613s ]
[2026-05-27T15:53:35+08:00][sql] SELECT `id`,`title`,`thumbnail`,`industry` FROM `cmf_product` WHERE  `is_recommended` = 1  AND `category_id` = 19 ORDER BY `list_order` ASC LIMIT 6 [ RunTime:0.000294s ]
[2026-05-27T15:53:35+08:00][sql] SELECT `id`,`title`,`thumbnail`,`industry` FROM `cmf_product` WHERE  `is_recommended` = 1  AND `category_id` = 23 ORDER BY `list_order` ASC LIMIT 6 [ RunTime:0.000295s ]
[2026-05-27T15:53:35+08:00][sql] SELECT `id`,`title`,`thumbnail`,`industry` FROM `cmf_product` WHERE  `is_recommended` = 1  AND `category_id` = 25 ORDER BY `list_order` ASC LIMIT 6 [ RunTime:0.000620s ]
[2026-05-27T15:53:35+08:00][sql] SELECT `id`,`title`,`thumbnail`,`industry` FROM `cmf_product` WHERE  `is_recommended` = 1  AND `category_id` = 30 ORDER BY `list_order` ASC LIMIT 6 [ RunTime:0.000314s ]
[2026-05-27T15:53:35+08:00][sql] SHOW FULL COLUMNS FROM `cmf_portal_post` [ RunTime:0.001010s ]
[2026-05-27T15:53:35+08:00][sql] SELECT `p`.`id`,`p`.`post_title`,`p`.`post_excerpt`,`p`.`thumbnail`,`p`.`create_time`,`c`.`category_id` FROM `cmf_portal_post` `p` INNER JOIN `cmf_portal_category_post` `c` ON `p`.`id`=`c`.`post_id` WHERE (  `p`.`post_type` = '8' ) AND `p`.`delete_time` = '0' ORDER BY `c`.`list_order` ASC,`p`.`create_time` DESC [ RunTime:0.000624s ]
[2026-05-27T15:53:35+08:00][sql] SELECT `id`,`post_title`,`post_excerpt`,`more` FROM `cmf_portal_post` WHERE (  `post_type` = 3 ) AND `cmf_portal_post`.`delete_time` = '0' ORDER BY `create_time` DESC [ RunTime:0.000358s ]
[2026-05-27T15:53:35+08:00][sql] SHOW FULL COLUMNS FROM `cmf_theme_file` [ RunTime:0.000847s ]
[2026-05-27T15:53:35+08:00][sql] SELECT `more`,`file`,`id` FROM `cmf_theme_file` WHERE  `theme` = 'simpleboot3'  AND (  `is_public` = 1 OR `file` = 'portal/index' ) ORDER BY `is_public` DESC [ RunTime:0.000377s ]
[2026-05-27T15:53:35+08:00][sql] SELECT `option_value` FROM `cmf_option` WHERE  `option_name` = 'storage' LIMIT 1 [ RunTime:0.000458s ]
[2026-05-27T15:53:38+08:00][sql] CONNECT:[ UseTime:0.002345s ] mysql:host=127.0.0.1;port=3306;dbname=nucleon;charset=utf8mb4
[2026-05-27T15:53:38+08:00][sql] SHOW FULL COLUMNS FROM `cmf_option` [ RunTime:0.002959s ]
[2026-05-27T15:53:38+08:00][sql] SELECT `option_value` FROM `cmf_option` WHERE  `option_name` = 'cdn_settings' LIMIT 1 [ RunTime:0.000685s ]
[2026-05-27T15:53:38+08:00][sql] SHOW FULL COLUMNS FROM `cmf_user` [ RunTime:0.002053s ]
[2026-05-27T15:53:38+08:00][sql] SELECT * FROM `cmf_user` WHERE  `id` = 1 LIMIT 1 [ RunTime:0.000481s ]
[2026-05-27T15:53:38+08:00][sql] SHOW FULL COLUMNS FROM `cmf_admin_menu` [ RunTime:0.001968s ]
[2026-05-27T15:53:38+08:00][sql] SELECT * FROM `cmf_admin_menu` ORDER BY `app` ASC,`controller` ASC,`action` ASC [ RunTime:0.002312s ]
[2026-05-27T15:53:38+08:00][sql] CONNECT:[ UseTime:0.000874s ] mysql:host=127.0.0.1;port=3306;dbname=nucleon;charset=utf8mb4
[2026-05-27T15:53:38+08:00][sql] SHOW FULL COLUMNS FROM `cmf_option` [ RunTime:0.001365s ]
[2026-05-27T15:53:38+08:00][sql] SELECT `option_value` FROM `cmf_option` WHERE  `option_name` = 'cdn_settings' LIMIT 1 [ RunTime:0.000369s ]
[2026-05-27T15:53:38+08:00][sql] SHOW FULL COLUMNS FROM `cmf_user` [ RunTime:0.001318s ]
[2026-05-27T15:53:38+08:00][sql] SELECT * FROM `cmf_user` WHERE  `id` = 1 LIMIT 1 [ RunTime:0.000350s ]
[2026-05-27T15:53:38+08:00][sql] SELECT `option_value` FROM `cmf_option` WHERE  `option_name` = 'cdn_settings' LIMIT 1 [ RunTime:0.000457s ]
[2026-05-27T15:53:38+08:00][sql] SELECT `option_value` FROM `cmf_option` WHERE  `option_name` = 'cmf_settings' LIMIT 1 [ RunTime:0.000295s ]
[2026-05-27T15:53:38+08:00][sql] SELECT `option_value` FROM `cmf_option` WHERE  `option_name` = 'storage' LIMIT 1 [ RunTime:0.000326s ]
[2026-05-27T15:53:38+08:00][sql] CONNECT:[ UseTime:0.000876s ] mysql:host=127.0.0.1;port=3306;dbname=nucleon;charset=utf8mb4
[2026-05-27T15:53:38+08:00][sql] SHOW FULL COLUMNS FROM `cmf_option` [ RunTime:0.001352s ]
[2026-05-27T15:53:38+08:00][sql] SELECT `option_value` FROM `cmf_option` WHERE  `option_name` = 'cdn_settings' LIMIT 1 [ RunTime:0.000261s ]
[2026-05-27T15:53:38+08:00][sql] SHOW FULL COLUMNS FROM `cmf_user` [ RunTime:0.001757s ]
[2026-05-27T15:53:38+08:00][sql] SELECT * FROM `cmf_user` WHERE  `id` = 1 LIMIT 1 [ RunTime:0.000580s ]
[2026-05-27T15:53:38+08:00][sql] SELECT `option_value` FROM `cmf_option` WHERE  `option_name` = 'cdn_settings' LIMIT 1 [ RunTime:0.000310s ]
[2026-05-27T15:53:38+08:00][sql] SELECT `option_value` FROM `cmf_option` WHERE  `option_name` = 'cmf_settings' LIMIT 1 [ RunTime:0.000239s ]
[2026-05-27T15:53:38+08:00][sql] SELECT `option_value` FROM `cmf_option` WHERE  `option_name` = 'storage' LIMIT 1 [ RunTime:0.000300s ]
[2026-05-27T15:53:51+08:00][sql] CONNECT:[ UseTime:0.001181s ] mysql:host=127.0.0.1;port=3306;dbname=nucleon;charset=utf8mb4
[2026-05-27T15:53:51+08:00][sql] SHOW FULL COLUMNS FROM `cmf_option` [ RunTime:0.001709s ]
[2026-05-27T15:53:51+08:00][sql] SELECT `option_value` FROM `cmf_option` WHERE  `option_name` = 'cdn_settings' LIMIT 1 [ RunTime:0.000326s ]
[2026-05-27T15:53:51+08:00][sql] SELECT `option_value` FROM `cmf_option` WHERE  `option_name` = 'cdn_settings' LIMIT 1 [ RunTime:0.000324s ]
[2026-05-27T15:53:51+08:00][sql] SHOW FULL COLUMNS FROM `cmf_product_category` [ RunTime:0.001124s ]
[2026-05-27T15:53:51+08:00][sql] SELECT * FROM `cmf_product_category` WHERE  `parent_id` = 0 ORDER BY `list_order` ASC,`create_time` DESC [ RunTime:0.000549s ]
[2026-05-27T15:53:51+08:00][sql] SELECT * FROM `cmf_product_category` WHERE  `parent_id` IN (28,19,22,23,25,30,27) [ RunTime:0.000346s ]
[2026-05-27T15:53:51+08:00][sql] SHOW FULL COLUMNS FROM `cmf_portal_category` [ RunTime:0.001099s ]
[2026-05-27T15:53:51+08:00][sql] SELECT * FROM `cmf_portal_category` WHERE (  `type` = 8 ) AND `cmf_portal_category`.`delete_time` = '0' ORDER BY `list_order` ASC [ RunTime:0.000710s ]
[2026-05-27T15:53:51+08:00][sql] SHOW FULL COLUMNS FROM `cmf_slide_item` [ RunTime:0.001491s ]
[2026-05-27T15:53:51+08:00][sql] SELECT `title`,`description`,`image`,`url`,`target`,`content` FROM `cmf_slide_item` WHERE  `slide_id` = 1 ORDER BY `list_order` ASC [ RunTime:0.000682s ]
[2026-05-27T15:53:51+08:00][sql] SHOW FULL COLUMNS FROM `cmf_slide` [ RunTime:0.001039s ]
[2026-05-27T15:53:51+08:00][sql] SELECT * FROM `cmf_slide` WHERE  `name` LIKE '%choose%' OR `name` LIKE '%选择%' LIMIT 1 [ RunTime:0.000470s ]
[2026-05-27T15:53:51+08:00][sql] SELECT `title`,`description`,`image`,`url`,`target`,`content` FROM `cmf_slide_item` WHERE  `slide_id` = 14  AND `status` = 1 ORDER BY `list_order` ASC [ RunTime:0.000420s ]
[2026-05-27T15:53:51+08:00][sql] SELECT * FROM `cmf_product_category` WHERE  `parent_id` = 0  AND `recommend` = 1 ORDER BY `list_order` ASC,`create_time` DESC [ RunTime:0.000382s ]
[2026-05-27T15:53:51+08:00][sql] SHOW FULL COLUMNS FROM `cmf_product` [ RunTime:0.001425s ]
[2026-05-27T15:53:51+08:00][sql] SELECT `id`,`title`,`thumbnail`,`industry` FROM `cmf_product` WHERE  `is_recommended` = 1  AND `category_id` = 28 ORDER BY `list_order` ASC LIMIT 6 [ RunTime:0.000639s ]
[2026-05-27T15:53:51+08:00][sql] SELECT `id`,`title`,`thumbnail`,`industry` FROM `cmf_product` WHERE  `is_recommended` = 1  AND `category_id` = 19 ORDER BY `list_order` ASC LIMIT 6 [ RunTime:0.000623s ]
[2026-05-27T15:53:51+08:00][sql] SELECT `id`,`title`,`thumbnail`,`industry` FROM `cmf_product` WHERE  `is_recommended` = 1  AND `category_id` = 23 ORDER BY `list_order` ASC LIMIT 6 [ RunTime:0.000606s ]
[2026-05-27T15:53:51+08:00][sql] SELECT `id`,`title`,`thumbnail`,`industry` FROM `cmf_product` WHERE  `is_recommended` = 1  AND `category_id` = 25 ORDER BY `list_order` ASC LIMIT 6 [ RunTime:0.001207s ]
[2026-05-27T15:53:51+08:00][sql] SELECT `id`,`title`,`thumbnail`,`industry` FROM `cmf_product` WHERE  `is_recommended` = 1  AND `category_id` = 30 ORDER BY `list_order` ASC LIMIT 6 [ RunTime:0.000322s ]
[2026-05-27T15:53:51+08:00][sql] SHOW FULL COLUMNS FROM `cmf_portal_post` [ RunTime:0.001553s ]
[2026-05-27T15:53:51+08:00][sql] SELECT `p`.`id`,`p`.`post_title`,`p`.`post_excerpt`,`p`.`thumbnail`,`p`.`create_time`,`c`.`category_id` FROM `cmf_portal_post` `p` INNER JOIN `cmf_portal_category_post` `c` ON `p`.`id`=`c`.`post_id` WHERE (  `p`.`post_type` = '8' ) AND `p`.`delete_time` = '0' ORDER BY `c`.`list_order` ASC,`p`.`create_time` DESC [ RunTime:0.001686s ]
[2026-05-27T15:53:51+08:00][sql] SELECT `id`,`post_title`,`post_excerpt`,`more` FROM `cmf_portal_post` WHERE (  `post_type` = 3 ) AND `cmf_portal_post`.`delete_time` = '0' ORDER BY `create_time` DESC [ RunTime:0.000592s ]
[2026-05-27T15:53:51+08:00][sql] SHOW FULL COLUMNS FROM `cmf_theme_file` [ RunTime:0.001196s ]
[2026-05-27T15:53:51+08:00][sql] SELECT `more`,`file`,`id` FROM `cmf_theme_file` WHERE  `theme` = 'simpleboot3'  AND (  `is_public` = 1 OR `file` = 'portal/index' ) ORDER BY `is_public` DESC [ RunTime:0.001124s ]
[2026-05-27T15:53:51+08:00][sql] SELECT `option_value` FROM `cmf_option` WHERE  `option_name` = 'storage' LIMIT 1 [ RunTime:0.000306s ]
[2026-05-27T15:55:55+08:00][sql] CONNECT:[ UseTime:0.000948s ] mysql:host=127.0.0.1;port=3306;dbname=nucleon;charset=utf8mb4
[2026-05-27T15:55:55+08:00][sql] SHOW FULL COLUMNS FROM `cmf_option` [ RunTime:0.001525s ]
[2026-05-27T15:55:55+08:00][sql] SELECT `option_value` FROM `cmf_option` WHERE  `option_name` = 'cdn_settings' LIMIT 1 [ RunTime:0.000382s ]
[2026-05-27T15:55:55+08:00][sql] SELECT `option_value` FROM `cmf_option` WHERE  `option_name` = 'cdn_settings' LIMIT 1 [ RunTime:0.000439s ]
[2026-05-27T15:55:55+08:00][sql] SHOW FULL COLUMNS FROM `cmf_product_category` [ RunTime:0.001145s ]
[2026-05-27T15:55:55+08:00][sql] SELECT * FROM `cmf_product_category` WHERE  `parent_id` = 0 ORDER BY `list_order` ASC,`create_time` DESC [ RunTime:0.000366s ]
[2026-05-27T15:55:55+08:00][sql] SELECT * FROM `cmf_product_category` WHERE  `parent_id` IN (28,19,22,23,25,30,27) [ RunTime:0.000303s ]
[2026-05-27T15:55:55+08:00][sql] SHOW FULL COLUMNS FROM `cmf_portal_category` [ RunTime:0.001454s ]
[2026-05-27T15:55:55+08:00][sql] SELECT * FROM `cmf_portal_category` WHERE (  `type` = 8 ) AND `cmf_portal_category`.`delete_time` = '0' ORDER BY `list_order` ASC [ RunTime:0.000431s ]
[2026-05-27T15:55:55+08:00][sql] SHOW FULL COLUMNS FROM `cmf_slide_item` [ RunTime:0.001413s ]
[2026-05-27T15:55:55+08:00][sql] SELECT `title`,`description`,`image`,`url`,`target`,`content` FROM `cmf_slide_item` WHERE  `slide_id` = 1 ORDER BY `list_order` ASC [ RunTime:0.000480s ]
[2026-05-27T15:55:55+08:00][sql] SHOW FULL COLUMNS FROM `cmf_slide` [ RunTime:0.001171s ]
[2026-05-27T15:55:55+08:00][sql] SELECT * FROM `cmf_slide` WHERE  `name` LIKE '%choose%' OR `name` LIKE '%选择%' LIMIT 1 [ RunTime:0.000393s ]
[2026-05-27T15:55:55+08:00][sql] SELECT `title`,`description`,`image`,`url`,`target`,`content` FROM `cmf_slide_item` WHERE  `slide_id` = 14  AND `status` = 1 ORDER BY `list_order` ASC [ RunTime:0.000417s ]
[2026-05-27T15:55:55+08:00][sql] SELECT * FROM `cmf_product_category` WHERE  `parent_id` = 0  AND `recommend` = 1 ORDER BY `list_order` ASC,`create_time` DESC [ RunTime:0.000381s ]
[2026-05-27T15:55:55+08:00][sql] SHOW FULL COLUMNS FROM `cmf_product` [ RunTime:0.001231s ]
[2026-05-27T15:55:55+08:00][sql] SELECT `id`,`title`,`thumbnail`,`industry` FROM `cmf_product` WHERE  `is_recommended` = 1  AND `category_id` = 28 ORDER BY `list_order` ASC LIMIT 6 [ RunTime:0.000520s ]
[2026-05-27T15:55:55+08:00][sql] SELECT `id`,`title`,`thumbnail`,`industry` FROM `cmf_product` WHERE  `is_recommended` = 1  AND `category_id` = 19 ORDER BY `list_order` ASC LIMIT 6 [ RunTime:0.000401s ]
[2026-05-27T15:55:55+08:00][sql] SELECT `id`,`title`,`thumbnail`,`industry` FROM `cmf_product` WHERE  `is_recommended` = 1  AND `category_id` = 23 ORDER BY `list_order` ASC LIMIT 6 [ RunTime:0.000377s ]
[2026-05-27T15:55:55+08:00][sql] SELECT `id`,`title`,`thumbnail`,`industry` FROM `cmf_product` WHERE  `is_recommended` = 1  AND `category_id` = 25 ORDER BY `list_order` ASC LIMIT 6 [ RunTime:0.000321s ]
[2026-05-27T15:55:55+08:00][sql] SELECT `id`,`title`,`thumbnail`,`industry` FROM `cmf_product` WHERE  `is_recommended` = 1  AND `category_id` = 30 ORDER BY `list_order` ASC LIMIT 6 [ RunTime:0.000293s ]
[2026-05-27T15:55:55+08:00][sql] SHOW FULL COLUMNS FROM `cmf_portal_post` [ RunTime:0.001193s ]
[2026-05-27T15:55:55+08:00][sql] SELECT `p`.`id`,`p`.`post_title`,`p`.`post_excerpt`,`p`.`thumbnail`,`p`.`create_time`,`c`.`category_id` FROM `cmf_portal_post` `p` INNER JOIN `cmf_portal_category_post` `c` ON `p`.`id`=`c`.`post_id` WHERE (  `p`.`post_type` = '8' ) AND `p`.`delete_time` = '0' ORDER BY `c`.`list_order` ASC,`p`.`create_time` DESC [ RunTime:0.000539s ]
[2026-05-27T15:55:55+08:00][sql] SELECT `id`,`post_title`,`post_excerpt`,`more` FROM `cmf_portal_post` WHERE (  `post_type` = 3 ) AND `cmf_portal_post`.`delete_time` = '0' ORDER BY `create_time` DESC [ RunTime:0.000392s ]
[2026-05-27T15:55:55+08:00][sql] SHOW FULL COLUMNS FROM `cmf_theme_file` [ RunTime:0.000993s ]
[2026-05-27T15:55:55+08:00][sql] SELECT `more`,`file`,`id` FROM `cmf_theme_file` WHERE  `theme` = 'simpleboot3'  AND (  `is_public` = 1 OR `file` = 'portal/index' ) ORDER BY `is_public` DESC [ RunTime:0.000360s ]
[2026-05-27T15:55:55+08:00][sql] SELECT `option_value` FROM `cmf_option` WHERE  `option_name` = 'storage' LIMIT 1 [ RunTime:0.000464s ]
[2026-05-27T15:57:04+08:00][sql] CONNECT:[ UseTime:0.001233s ] mysql:host=127.0.0.1;port=3306;dbname=nucleon;charset=utf8mb4
[2026-05-27T15:57:04+08:00][sql] SHOW FULL COLUMNS FROM `cmf_option` [ RunTime:0.001568s ]
[2026-05-27T15:57:04+08:00][sql] SELECT `option_value` FROM `cmf_option` WHERE  `option_name` = 'cdn_settings' LIMIT 1 [ RunTime:0.000397s ]
[2026-05-27T15:57:05+08:00][sql] CONNECT:[ UseTime:0.000830s ] mysql:host=127.0.0.1;port=3306;dbname=nucleon;charset=utf8mb4
[2026-05-27T15:57:05+08:00][sql] SHOW FULL COLUMNS FROM `cmf_option` [ RunTime:0.001295s ]
[2026-05-27T15:57:05+08:00][sql] SELECT `option_value` FROM `cmf_option` WHERE  `option_name` = 'cdn_settings' LIMIT 1 [ RunTime:0.000294s ]
[2026-05-27T15:57:16+08:00][sql] CONNECT:[ UseTime:0.001074s ] mysql:host=127.0.0.1;port=3306;dbname=nucleon;charset=utf8mb4
[2026-05-27T15:57:16+08:00][sql] SHOW FULL COLUMNS FROM `cmf_option` [ RunTime:0.001290s ]
[2026-05-27T15:57:16+08:00][sql] SELECT `option_value` FROM `cmf_option` WHERE  `option_name` = 'cdn_settings' LIMIT 1 [ RunTime:0.000270s ]
[2026-05-27T15:57:16+08:00][sql] SHOW FULL COLUMNS FROM `cmf_user` [ RunTime:0.001536s ]
[2026-05-27T15:57:16+08:00][sql] SELECT * FROM `cmf_user` WHERE  `user_login` = 'antop002' LIMIT 1 [ RunTime:0.000388s ]
[2026-05-27T15:57:16+08:00][sql] SHOW FULL COLUMNS FROM `cmf_role_user` [ RunTime:0.000817s ]
[2026-05-27T15:57:16+08:00][sql] SELECT `role_id` FROM `cmf_role_user` `a` INNER JOIN `cmf_role` `b` ON `a`.`role_id`=`b`.`id` WHERE  `user_id` = 1  AND `status` = '1' LIMIT 1 [ RunTime:0.001429s ]
[2026-05-27T15:57:16+08:00][sql] SHOW FULL COLUMNS FROM `cmf_user_token` [ RunTime:0.000890s ]
[2026-05-27T15:57:16+08:00][sql] SELECT * FROM `cmf_user_token` WHERE  `user_id` = 1  AND `device_type` = 'web' LIMIT 1 [ RunTime:0.001382s ]
[2026-05-27T15:57:16+08:00][sql] UPDATE `cmf_user`  SET `last_login_ip` = '::1' , `last_login_time` = 1779868636  WHERE  `id` = 1 [ RunTime:0.004615s ]
[2026-05-27T15:57:18+08:00][sql] CONNECT:[ UseTime:0.000796s ] mysql:host=127.0.0.1;port=3306;dbname=nucleon;charset=utf8mb4
[2026-05-27T15:57:18+08:00][sql] SHOW FULL COLUMNS FROM `cmf_option` [ RunTime:0.001636s ]
[2026-05-27T15:57:18+08:00][sql] SELECT `option_value` FROM `cmf_option` WHERE  `option_name` = 'cdn_settings' LIMIT 1 [ RunTime:0.000337s ]
[2026-05-27T15:57:18+08:00][sql] SHOW FULL COLUMNS FROM `cmf_user` [ RunTime:0.001189s ]
[2026-05-27T15:57:18+08:00][sql] SELECT * FROM `cmf_user` WHERE  `id` = 1 LIMIT 1 [ RunTime:0.000388s ]
[2026-05-27T15:57:18+08:00][sql] SHOW FULL COLUMNS FROM `cmf_admin_menu` [ RunTime:0.001067s ]
[2026-05-27T15:57:18+08:00][sql] SELECT * FROM `cmf_admin_menu` ORDER BY `app` ASC,`controller` ASC,`action` ASC [ RunTime:0.001162s ]
[2026-05-27T15:57:18+08:00][sql] CONNECT:[ UseTime:0.001834s ] mysql:host=127.0.0.1;port=3306;dbname=nucleon;charset=utf8mb4
[2026-05-27T15:57:18+08:00][sql] SHOW FULL COLUMNS FROM `cmf_option` [ RunTime:0.001994s ]
[2026-05-27T15:57:18+08:00][sql] SELECT `option_value` FROM `cmf_option` WHERE  `option_name` = 'cdn_settings' LIMIT 1 [ RunTime:0.000294s ]
[2026-05-27T15:57:18+08:00][sql] SHOW FULL COLUMNS FROM `cmf_user` [ RunTime:0.001320s ]
[2026-05-27T15:57:18+08:00][sql] SELECT * FROM `cmf_user` WHERE  `id` = 1 LIMIT 1 [ RunTime:0.000410s ]
[2026-05-27T15:57:18+08:00][sql] SELECT `option_value` FROM `cmf_option` WHERE  `option_name` = 'cdn_settings' LIMIT 1 [ RunTime:0.000357s ]
[2026-05-27T15:57:18+08:00][sql] SELECT `option_value` FROM `cmf_option` WHERE  `option_name` = 'cmf_settings' LIMIT 1 [ RunTime:0.000320s ]
[2026-05-27T15:57:18+08:00][sql] SELECT `option_value` FROM `cmf_option` WHERE  `option_name` = 'storage' LIMIT 1 [ RunTime:0.000301s ]
[2026-05-27T16:03:15+08:00][sql] CONNECT:[ UseTime:0.002444s ] mysql:host=127.0.0.1;port=3306;dbname=nucleon;charset=utf8mb4
[2026-05-27T16:03:15+08:00][sql] SHOW FULL COLUMNS FROM `cmf_option` [ RunTime:0.002125s ]
[2026-05-27T16:03:15+08:00][sql] SELECT `option_value` FROM `cmf_option` WHERE  `option_name` = 'cdn_settings' LIMIT 1 [ RunTime:0.000295s ]
[2026-05-27T16:03:15+08:00][sql] SHOW FULL COLUMNS FROM `cmf_user` [ RunTime:0.001680s ]
[2026-05-27T16:03:15+08:00][sql] SELECT * FROM `cmf_user` WHERE  `id` = 1 LIMIT 1 [ RunTime:0.000383s ]
[2026-05-27T16:03:15+08:00][sql] SHOW FULL COLUMNS FROM `cmf_admin_menu` [ RunTime:0.001188s ]
[2026-05-27T16:03:15+08:00][sql] SELECT * FROM `cmf_admin_menu` ORDER BY `app` ASC,`controller` ASC,`action` ASC [ RunTime:0.000756s ]
[2026-05-27T16:03:15+08:00][sql] CONNECT:[ UseTime:0.000849s ] mysql:host=127.0.0.1;port=3306;dbname=nucleon;charset=utf8mb4
[2026-05-27T16:03:15+08:00][sql] SHOW FULL COLUMNS FROM `cmf_option` [ RunTime:0.001667s ]
[2026-05-27T16:03:15+08:00][sql] SELECT `option_value` FROM `cmf_option` WHERE  `option_name` = 'cdn_settings' LIMIT 1 [ RunTime:0.000403s ]
[2026-05-27T16:03:15+08:00][sql] SHOW FULL COLUMNS FROM `cmf_user` [ RunTime:0.001890s ]
[2026-05-27T16:03:15+08:00][sql] SELECT * FROM `cmf_user` WHERE  `id` = 1 LIMIT 1 [ RunTime:0.000474s ]
[2026-05-27T16:03:15+08:00][sql] SELECT `option_value` FROM `cmf_option` WHERE  `option_name` = 'cdn_settings' LIMIT 1 [ RunTime:0.000318s ]
[2026-05-27T16:03:15+08:00][sql] SELECT `option_value` FROM `cmf_option` WHERE  `option_name` = 'cmf_settings' LIMIT 1 [ RunTime:0.000241s ]
[2026-05-27T16:03:15+08:00][sql] SELECT `option_value` FROM `cmf_option` WHERE  `option_name` = 'storage' LIMIT 1 [ RunTime:0.000379s ]
[2026-05-27T16:03:30+08:00][sql] CONNECT:[ UseTime:0.000980s ] mysql:host=127.0.0.1;port=3306;dbname=nucleon;charset=utf8mb4
[2026-05-27T16:03:30+08:00][sql] SHOW FULL COLUMNS FROM `cmf_option` [ RunTime:0.001473s ]
[2026-05-27T16:03:30+08:00][sql] SELECT `option_value` FROM `cmf_option` WHERE  `option_name` = 'cdn_settings' LIMIT 1 [ RunTime:0.000295s ]
[2026-05-27T16:03:30+08:00][sql] SELECT `option_value` FROM `cmf_option` WHERE  `option_name` = 'cdn_settings' LIMIT 1 [ RunTime:0.000394s ]
[2026-05-27T16:03:30+08:00][sql] SHOW FULL COLUMNS FROM `cmf_product_category` [ RunTime:0.001117s ]
[2026-05-27T16:03:30+08:00][sql] SELECT * FROM `cmf_product_category` WHERE  `parent_id` = 0 ORDER BY `list_order` ASC,`create_time` DESC [ RunTime:0.000334s ]
[2026-05-27T16:03:30+08:00][sql] SELECT * FROM `cmf_product_category` WHERE  `parent_id` IN (28,19,22,23,25,30,27) [ RunTime:0.000300s ]
[2026-05-27T16:03:30+08:00][sql] SHOW FULL COLUMNS FROM `cmf_portal_category` [ RunTime:0.001019s ]
[2026-05-27T16:03:30+08:00][sql] SELECT * FROM `cmf_portal_category` WHERE (  `type` = 8 ) AND `cmf_portal_category`.`delete_time` = '0' ORDER BY `list_order` ASC [ RunTime:0.001207s ]
[2026-05-27T16:03:30+08:00][sql] SHOW FULL COLUMNS FROM `cmf_slide_item` [ RunTime:0.001059s ]
[2026-05-27T16:03:30+08:00][sql] SELECT `title`,`description`,`image`,`url`,`target`,`content` FROM `cmf_slide_item` WHERE  `slide_id` = 1 ORDER BY `list_order` ASC [ RunTime:0.000342s ]
[2026-05-27T16:03:30+08:00][sql] SHOW FULL COLUMNS FROM `cmf_slide` [ RunTime:0.000915s ]
[2026-05-27T16:03:30+08:00][sql] SELECT * FROM `cmf_slide` WHERE  `name` LIKE '%choose%' OR `name` LIKE '%选择%' LIMIT 1 [ RunTime:0.000538s ]
[2026-05-27T16:03:30+08:00][sql] SELECT `title`,`description`,`image`,`url`,`target`,`content` FROM `cmf_slide_item` WHERE  `slide_id` = 14  AND `status` = 1 ORDER BY `list_order` ASC [ RunTime:0.000539s ]
[2026-05-27T16:03:30+08:00][sql] SELECT * FROM `cmf_product_category` WHERE  `parent_id` = 0  AND `recommend` = 1 ORDER BY `list_order` ASC,`create_time` DESC [ RunTime:0.000503s ]
[2026-05-27T16:03:30+08:00][sql] SHOW FULL COLUMNS FROM `cmf_product` [ RunTime:0.001606s ]
[2026-05-27T16:03:30+08:00][sql] SELECT `id`,`title`,`thumbnail`,`industry` FROM `cmf_product` WHERE  `is_recommended` = 1  AND `category_id` = 28 ORDER BY `list_order` ASC LIMIT 6 [ RunTime:0.000563s ]
[2026-05-27T16:03:30+08:00][sql] SELECT `id`,`title`,`thumbnail`,`industry` FROM `cmf_product` WHERE  `is_recommended` = 1  AND `category_id` = 19 ORDER BY `list_order` ASC LIMIT 6 [ RunTime:0.000377s ]
[2026-05-27T16:03:30+08:00][sql] SELECT `id`,`title`,`thumbnail`,`industry` FROM `cmf_product` WHERE  `is_recommended` = 1  AND `category_id` = 23 ORDER BY `list_order` ASC LIMIT 6 [ RunTime:0.000312s ]
[2026-05-27T16:03:30+08:00][sql] SELECT `id`,`title`,`thumbnail`,`industry` FROM `cmf_product` WHERE  `is_recommended` = 1  AND `category_id` = 25 ORDER BY `list_order` ASC LIMIT 6 [ RunTime:0.000306s ]
[2026-05-27T16:03:30+08:00][sql] SELECT `id`,`title`,`thumbnail`,`industry` FROM `cmf_product` WHERE  `is_recommended` = 1  AND `category_id` = 30 ORDER BY `list_order` ASC LIMIT 6 [ RunTime:0.000303s ]
[2026-05-27T16:03:30+08:00][sql] SHOW FULL COLUMNS FROM `cmf_portal_post` [ RunTime:0.001215s ]
[2026-05-27T16:03:30+08:00][sql] SELECT `p`.`id`,`p`.`post_title`,`p`.`post_excerpt`,`p`.`thumbnail`,`p`.`create_time`,`c`.`category_id` FROM `cmf_portal_post` `p` INNER JOIN `cmf_portal_category_post` `c` ON `p`.`id`=`c`.`post_id` WHERE (  `p`.`post_type` = '8' ) AND `p`.`delete_time` = '0' ORDER BY `c`.`list_order` ASC,`p`.`create_time` DESC [ RunTime:0.000728s ]
[2026-05-27T16:03:30+08:00][sql] SELECT `id`,`post_title`,`post_excerpt`,`more` FROM `cmf_portal_post` WHERE (  `post_type` = 3 ) AND `cmf_portal_post`.`delete_time` = '0' ORDER BY `create_time` DESC [ RunTime:0.000360s ]
[2026-05-27T16:03:30+08:00][sql] SHOW FULL COLUMNS FROM `cmf_theme_file` [ RunTime:0.001003s ]
[2026-05-27T16:03:30+08:00][sql] SELECT `more`,`file`,`id` FROM `cmf_theme_file` WHERE  `theme` = 'simpleboot3'  AND (  `is_public` = 1 OR `file` = 'portal/index' ) ORDER BY `is_public` DESC [ RunTime:0.000426s ]
[2026-05-27T16:03:30+08:00][sql] SELECT `option_value` FROM `cmf_option` WHERE  `option_name` = 'storage' LIMIT 1 [ RunTime:0.000529s ]
[2026-05-27T16:04:13+08:00][sql] CONNECT:[ UseTime:0.001213s ] mysql:host=127.0.0.1;port=3306;dbname=nucleon;charset=utf8mb4
[2026-05-27T16:04:13+08:00][sql] SHOW FULL COLUMNS FROM `cmf_option` [ RunTime:0.003038s ]
[2026-05-27T16:04:13+08:00][sql] SELECT `option_value` FROM `cmf_option` WHERE  `option_name` = 'cdn_settings' LIMIT 1 [ RunTime:0.000595s ]
[2026-05-27T16:04:13+08:00][sql] SELECT `option_value` FROM `cmf_option` WHERE  `option_name` = 'cdn_settings' LIMIT 1 [ RunTime:0.000421s ]
[2026-05-27T16:04:13+08:00][sql] SHOW FULL COLUMNS FROM `cmf_product_category` [ RunTime:0.001220s ]
[2026-05-27T16:04:13+08:00][sql] SELECT * FROM `cmf_product_category` WHERE  `parent_id` = 0 ORDER BY `list_order` ASC,`create_time` DESC [ RunTime:0.000377s ]
[2026-05-27T16:04:13+08:00][sql] SELECT * FROM `cmf_product_category` WHERE  `parent_id` IN (28,19,22,23,25,30,27) [ RunTime:0.000287s ]
[2026-05-27T16:04:13+08:00][sql] SHOW FULL COLUMNS FROM `cmf_portal_category` [ RunTime:0.001671s ]
[2026-05-27T16:04:13+08:00][sql] SELECT * FROM `cmf_portal_category` WHERE (  `type` = 8 ) AND `cmf_portal_category`.`delete_time` = '0' ORDER BY `list_order` ASC [ RunTime:0.000389s ]
[2026-05-27T16:04:13+08:00][sql] SHOW FULL COLUMNS FROM `cmf_slide_item` [ RunTime:0.000942s ]
[2026-05-27T16:04:13+08:00][sql] SELECT `title`,`description`,`image`,`url`,`target`,`content` FROM `cmf_slide_item` WHERE  `slide_id` = 1 ORDER BY `list_order` ASC [ RunTime:0.000265s ]
[2026-05-27T16:04:13+08:00][sql] SHOW FULL COLUMNS FROM `cmf_slide` [ RunTime:0.000710s ]
[2026-05-27T16:04:13+08:00][sql] SELECT * FROM `cmf_slide` WHERE  `name` LIKE '%choose%' OR `name` LIKE '%选择%' LIMIT 1 [ RunTime:0.000242s ]
[2026-05-27T16:04:13+08:00][sql] SELECT `title`,`description`,`image`,`url`,`target`,`content` FROM `cmf_slide_item` WHERE  `slide_id` = 14  AND `status` = 1 ORDER BY `list_order` ASC [ RunTime:0.000265s ]
[2026-05-27T16:04:13+08:00][sql] SELECT * FROM `cmf_product_category` WHERE  `parent_id` = 0  AND `recommend` = 1 ORDER BY `list_order` ASC,`create_time` DESC [ RunTime:0.000267s ]
[2026-05-27T16:04:13+08:00][sql] SHOW FULL COLUMNS FROM `cmf_product` [ RunTime:0.000898s ]
[2026-05-27T16:04:13+08:00][sql] SELECT `id`,`title`,`thumbnail`,`industry` FROM `cmf_product` WHERE  `is_recommended` = 1  AND `category_id` = 28 ORDER BY `list_order` ASC LIMIT 6 [ RunTime:0.000383s ]
[2026-05-27T16:04:13+08:00][sql] SELECT `id`,`title`,`thumbnail`,`industry` FROM `cmf_product` WHERE  `is_recommended` = 1  AND `category_id` = 19 ORDER BY `list_order` ASC LIMIT 6 [ RunTime:0.000267s ]
[2026-05-27T16:04:13+08:00][sql] SELECT `id`,`title`,`thumbnail`,`industry` FROM `cmf_product` WHERE  `is_recommended` = 1  AND `category_id` = 23 ORDER BY `list_order` ASC LIMIT 6 [ RunTime:0.000251s ]
[2026-05-27T16:04:13+08:00][sql] SELECT `id`,`title`,`thumbnail`,`industry` FROM `cmf_product` WHERE  `is_recommended` = 1  AND `category_id` = 25 ORDER BY `list_order` ASC LIMIT 6 [ RunTime:0.000186s ]
[2026-05-27T16:04:13+08:00][sql] SELECT `id`,`title`,`thumbnail`,`industry` FROM `cmf_product` WHERE  `is_recommended` = 1  AND `category_id` = 30 ORDER BY `list_order` ASC LIMIT 6 [ RunTime:0.000203s ]
[2026-05-27T16:04:13+08:00][sql] SHOW FULL COLUMNS FROM `cmf_portal_post` [ RunTime:0.000933s ]
[2026-05-27T16:04:13+08:00][sql] SELECT `p`.`id`,`p`.`post_title`,`p`.`post_excerpt`,`p`.`thumbnail`,`p`.`create_time`,`c`.`category_id` FROM `cmf_portal_post` `p` INNER JOIN `cmf_portal_category_post` `c` ON `p`.`id`=`c`.`post_id` WHERE (  `p`.`post_type` = '8' ) AND `p`.`delete_time` = '0' ORDER BY `c`.`list_order` ASC,`p`.`create_time` DESC [ RunTime:0.000459s ]
[2026-05-27T16:04:13+08:00][sql] SELECT `id`,`post_title`,`post_excerpt`,`more` FROM `cmf_portal_post` WHERE (  `post_type` = 3 ) AND `cmf_portal_post`.`delete_time` = '0' ORDER BY `create_time` DESC [ RunTime:0.000247s ]
[2026-05-27T16:04:13+08:00][sql] SHOW FULL COLUMNS FROM `cmf_theme_file` [ RunTime:0.002279s ]
[2026-05-27T16:04:13+08:00][sql] SELECT `more`,`file`,`id` FROM `cmf_theme_file` WHERE  `theme` = 'simpleboot3'  AND (  `is_public` = 1 OR `file` = 'portal/index' ) ORDER BY `is_public` DESC [ RunTime:0.000857s ]
[2026-05-27T16:04:13+08:00][sql] SELECT `option_value` FROM `cmf_option` WHERE  `option_name` = 'storage' LIMIT 1 [ RunTime:0.000585s ]
[2026-05-27T16:04:48+08:00][sql] CONNECT:[ UseTime:0.000884s ] mysql:host=127.0.0.1;port=3306;dbname=nucleon;charset=utf8mb4
[2026-05-27T16:04:48+08:00][sql] SHOW FULL COLUMNS FROM `cmf_option` [ RunTime:0.001583s ]
[2026-05-27T16:04:48+08:00][sql] SELECT `option_value` FROM `cmf_option` WHERE  `option_name` = 'cdn_settings' LIMIT 1 [ RunTime:0.000299s ]
[2026-05-27T16:04:48+08:00][sql] CONNECT:[ UseTime:0.000871s ] mysql:host=127.0.0.1;port=3306;dbname=nucleon;charset=utf8mb4
[2026-05-27T16:04:48+08:00][sql] SHOW FULL COLUMNS FROM `cmf_option` [ RunTime:0.001327s ]
[2026-05-27T16:04:48+08:00][sql] SELECT `option_value` FROM `cmf_option` WHERE  `option_name` = 'cdn_settings' LIMIT 1 [ RunTime:0.000279s ]
[2026-05-27T16:04:58+08:00][sql] CONNECT:[ UseTime:0.000825s ] mysql:host=127.0.0.1;port=3306;dbname=nucleon;charset=utf8mb4
[2026-05-27T16:04:58+08:00][sql] SHOW FULL COLUMNS FROM `cmf_option` [ RunTime:0.001638s ]
[2026-05-27T16:04:58+08:00][sql] SELECT `option_value` FROM `cmf_option` WHERE  `option_name` = 'cdn_settings' LIMIT 1 [ RunTime:0.000278s ]
[2026-05-27T16:05:03+08:00][sql] CONNECT:[ UseTime:0.000715s ] mysql:host=127.0.0.1;port=3306;dbname=nucleon;charset=utf8mb4
[2026-05-27T16:05:03+08:00][sql] SHOW FULL COLUMNS FROM `cmf_option` [ RunTime:0.001689s ]
[2026-05-27T16:05:03+08:00][sql] SELECT `option_value` FROM `cmf_option` WHERE  `option_name` = 'cdn_settings' LIMIT 1 [ RunTime:0.000332s ]
[2026-05-27T16:05:03+08:00][sql] SHOW FULL COLUMNS FROM `cmf_user` [ RunTime:0.001422s ]
[2026-05-27T16:05:03+08:00][sql] SELECT * FROM `cmf_user` WHERE  `user_login` = 'antop002' LIMIT 1 [ RunTime:0.000397s ]
[2026-05-27T16:05:03+08:00][sql] SHOW FULL COLUMNS FROM `cmf_role_user` [ RunTime:0.000801s ]
[2026-05-27T16:05:03+08:00][sql] SELECT `role_id` FROM `cmf_role_user` `a` INNER JOIN `cmf_role` `b` ON `a`.`role_id`=`b`.`id` WHERE  `user_id` = 1  AND `status` = '1' LIMIT 1 [ RunTime:0.000545s ]
[2026-05-27T16:05:03+08:00][sql] SHOW FULL COLUMNS FROM `cmf_user_token` [ RunTime:0.000754s ]
[2026-05-27T16:05:03+08:00][sql] SELECT * FROM `cmf_user_token` WHERE  `user_id` = 1  AND `device_type` = 'web' LIMIT 1 [ RunTime:0.001212s ]
[2026-05-27T16:05:03+08:00][sql] UPDATE `cmf_user`  SET `last_login_ip` = '::1' , `last_login_time` = 1779869103  WHERE  `id` = 1 [ RunTime:0.003420s ]
[2026-05-27T16:05:05+08:00][sql] CONNECT:[ UseTime:0.015296s ] mysql:host=127.0.0.1;port=3306;dbname=nucleon;charset=utf8mb4
[2026-05-27T16:05:05+08:00][sql] SHOW FULL COLUMNS FROM `cmf_option` [ RunTime:0.001341s ]
[2026-05-27T16:05:05+08:00][sql] SELECT `option_value` FROM `cmf_option` WHERE  `option_name` = 'cdn_settings' LIMIT 1 [ RunTime:0.000273s ]
[2026-05-27T16:05:05+08:00][sql] SHOW FULL COLUMNS FROM `cmf_user` [ RunTime:0.001145s ]
[2026-05-27T16:05:05+08:00][sql] SELECT * FROM `cmf_user` WHERE  `id` = 1 LIMIT 1 [ RunTime:0.000917s ]
[2026-05-27T16:05:05+08:00][sql] SHOW FULL COLUMNS FROM `cmf_admin_menu` [ RunTime:0.000990s ]
[2026-05-27T16:05:05+08:00][sql] SELECT * FROM `cmf_admin_menu` ORDER BY `app` ASC,`controller` ASC,`action` ASC [ RunTime:0.000856s ]
[2026-05-27T16:05:06+08:00][sql] CONNECT:[ UseTime:0.001003s ] mysql:host=127.0.0.1;port=3306;dbname=nucleon;charset=utf8mb4
[2026-05-27T16:05:06+08:00][sql] SHOW FULL COLUMNS FROM `cmf_option` [ RunTime:0.001570s ]
[2026-05-27T16:05:06+08:00][sql] SELECT `option_value` FROM `cmf_option` WHERE  `option_name` = 'cdn_settings' LIMIT 1 [ RunTime:0.000499s ]
[2026-05-27T16:05:06+08:00][sql] SHOW FULL COLUMNS FROM `cmf_user` [ RunTime:0.001866s ]
[2026-05-27T16:05:06+08:00][sql] SELECT * FROM `cmf_user` WHERE  `id` = 1 LIMIT 1 [ RunTime:0.000913s ]
[2026-05-27T16:05:06+08:00][sql] SELECT `option_value` FROM `cmf_option` WHERE  `option_name` = 'cdn_settings' LIMIT 1 [ RunTime:0.000391s ]
[2026-05-27T16:05:06+08:00][sql] SELECT `option_value` FROM `cmf_option` WHERE  `option_name` = 'cmf_settings' LIMIT 1 [ RunTime:0.000261s ]
[2026-05-27T16:05:06+08:00][sql] SELECT `option_value` FROM `cmf_option` WHERE  `option_name` = 'storage' LIMIT 1 [ RunTime:0.000710s ]
[2026-05-27T16:05:08+08:00][sql] CONNECT:[ UseTime:0.001244s ] mysql:host=127.0.0.1;port=3306;dbname=nucleon;charset=utf8mb4
[2026-05-27T16:05:08+08:00][sql] SHOW FULL COLUMNS FROM `cmf_option` [ RunTime:0.001268s ]
[2026-05-27T16:05:08+08:00][sql] SELECT `option_value` FROM `cmf_option` WHERE  `option_name` = 'cdn_settings' LIMIT 1 [ RunTime:0.000291s ]
[2026-05-27T16:05:08+08:00][sql] SHOW FULL COLUMNS FROM `cmf_user` [ RunTime:0.001078s ]
[2026-05-27T16:05:08+08:00][sql] SELECT * FROM `cmf_user` WHERE  `id` = 1 LIMIT 1 [ RunTime:0.000311s ]
[2026-05-27T16:05:08+08:00][sql] SELECT `option_value` FROM `cmf_option` WHERE  `option_name` = 'cdn_settings' LIMIT 1 [ RunTime:0.000278s ]
[2026-05-27T16:05:08+08:00][sql] SELECT `option_value` FROM `cmf_option` WHERE  `option_name` = 'cmf_settings' LIMIT 1 [ RunTime:0.000176s ]
[2026-05-27T16:05:08+08:00][sql] SELECT `option_value` FROM `cmf_option` WHERE  `option_name` = 'storage' LIMIT 1 [ RunTime:0.000238s ]
[2026-05-27T16:07:15+08:00][sql] CONNECT:[ UseTime:0.019324s ] mysql:host=127.0.0.1;port=3306;dbname=nucleon;charset=utf8mb4
[2026-05-27T16:07:15+08:00][sql] SHOW FULL COLUMNS FROM `cmf_option` [ RunTime:0.002164s ]
[2026-05-27T16:07:15+08:00][sql] SELECT `option_value` FROM `cmf_option` WHERE  `option_name` = 'cdn_settings' LIMIT 1 [ RunTime:0.000357s ]
[2026-05-27T16:07:15+08:00][sql] SHOW FULL COLUMNS FROM `cmf_user` [ RunTime:0.001270s ]
[2026-05-27T16:07:15+08:00][sql] SELECT * FROM `cmf_user` WHERE  `id` = 1 LIMIT 1 [ RunTime:0.000322s ]
[2026-05-27T16:07:15+08:00][sql] SHOW FULL COLUMNS FROM `cmf_admin_menu` [ RunTime:0.001367s ]
[2026-05-27T16:07:15+08:00][sql] SELECT * FROM `cmf_admin_menu` ORDER BY `app` ASC,`controller` ASC,`action` ASC [ RunTime:0.000785s ]
[2026-05-27T16:07:15+08:00][sql] CONNECT:[ UseTime:0.001563s ] mysql:host=127.0.0.1;port=3306;dbname=nucleon;charset=utf8mb4
[2026-05-27T16:07:15+08:00][sql] SHOW FULL COLUMNS FROM `cmf_option` [ RunTime:0.003174s ]
[2026-05-27T16:07:15+08:00][sql] SELECT `option_value` FROM `cmf_option` WHERE  `option_name` = 'cdn_settings' LIMIT 1 [ RunTime:0.000618s ]
[2026-05-27T16:07:15+08:00][sql] SHOW FULL COLUMNS FROM `cmf_user` [ RunTime:0.002483s ]
[2026-05-27T16:07:15+08:00][sql] SELECT * FROM `cmf_user` WHERE  `id` = 1 LIMIT 1 [ RunTime:0.000876s ]
[2026-05-27T16:07:15+08:00][sql] SELECT `option_value` FROM `cmf_option` WHERE  `option_name` = 'cdn_settings' LIMIT 1 [ RunTime:0.000751s ]
[2026-05-27T16:07:15+08:00][sql] SELECT `option_value` FROM `cmf_option` WHERE  `option_name` = 'cmf_settings' LIMIT 1 [ RunTime:0.000316s ]
[2026-05-27T16:07:15+08:00][sql] SELECT `option_value` FROM `cmf_option` WHERE  `option_name` = 'storage' LIMIT 1 [ RunTime:0.000469s ]
[2026-05-27T16:07:15+08:00][sql] CONNECT:[ UseTime:0.000684s ] mysql:host=127.0.0.1;port=3306;dbname=nucleon;charset=utf8mb4
[2026-05-27T16:07:15+08:00][sql] SHOW FULL COLUMNS FROM `cmf_option` [ RunTime:0.001061s ]
[2026-05-27T16:07:15+08:00][sql] SELECT `option_value` FROM `cmf_option` WHERE  `option_name` = 'cdn_settings' LIMIT 1 [ RunTime:0.000230s ]
[2026-05-27T16:07:15+08:00][sql] SHOW FULL COLUMNS FROM `cmf_user` [ RunTime:0.000883s ]
[2026-05-27T16:07:15+08:00][sql] SELECT * FROM `cmf_user` WHERE  `id` = 1 LIMIT 1 [ RunTime:0.000422s ]
[2026-05-27T16:07:15+08:00][sql] SELECT `option_value` FROM `cmf_option` WHERE  `option_name` = 'cdn_settings' LIMIT 1 [ RunTime:0.000315s ]
[2026-05-27T16:07:15+08:00][sql] SELECT `option_value` FROM `cmf_option` WHERE  `option_name` = 'cmf_settings' LIMIT 1 [ RunTime:0.000255s ]
[2026-05-27T16:07:15+08:00][sql] SELECT `option_value` FROM `cmf_option` WHERE  `option_name` = 'storage' LIMIT 1 [ RunTime:0.000291s ]
[2026-05-27T16:07:31+08:00][sql] CONNECT:[ UseTime:0.021314s ] mysql:host=127.0.0.1;port=3306;dbname=nucleon;charset=utf8mb4
[2026-05-27T16:07:31+08:00][sql] SHOW FULL COLUMNS FROM `cmf_option` [ RunTime:0.001452s ]
[2026-05-27T16:07:31+08:00][sql] SELECT `option_value` FROM `cmf_option` WHERE  `option_name` = 'cdn_settings' LIMIT 1 [ RunTime:0.000294s ]
[2026-05-27T16:07:31+08:00][sql] SHOW FULL COLUMNS FROM `cmf_user` [ RunTime:0.000949s ]
[2026-05-27T16:07:31+08:00][sql] SELECT * FROM `cmf_user` WHERE  `id` = 1 LIMIT 1 [ RunTime:0.000536s ]
[2026-05-27T16:07:31+08:00][sql] SELECT `option_value` FROM `cmf_option` WHERE  `option_name` = 'cdn_settings' LIMIT 1 [ RunTime:0.000219s ]
[2026-05-27T16:07:31+08:00][sql] SELECT `option_value` FROM `cmf_option` WHERE  `option_name` = 'cmf_settings' LIMIT 1 [ RunTime:0.000171s ]
[2026-05-27T16:07:31+08:00][sql] SELECT `option_value` FROM `cmf_option` WHERE  `option_name` = 'storage' LIMIT 1 [ RunTime:0.000221s ]
[2026-05-27T16:08:30+08:00][sql] CONNECT:[ UseTime:0.000933s ] mysql:host=127.0.0.1;port=3306;dbname=nucleon;charset=utf8mb4
[2026-05-27T16:08:30+08:00][sql] SHOW FULL COLUMNS FROM `cmf_option` [ RunTime:0.001326s ]
[2026-05-27T16:08:30+08:00][sql] SELECT `option_value` FROM `cmf_option` WHERE  `option_name` = 'cdn_settings' LIMIT 1 [ RunTime:0.000280s ]
[2026-05-27T16:08:30+08:00][sql] CONNECT:[ UseTime:0.001065s ] mysql:host=127.0.0.1;port=3306;dbname=nucleon;charset=utf8mb4
[2026-05-27T16:08:30+08:00][sql] SHOW FULL COLUMNS FROM `cmf_option` [ RunTime:0.001597s ]
[2026-05-27T16:08:30+08:00][sql] SELECT `option_value` FROM `cmf_option` WHERE  `option_name` = 'cdn_settings' LIMIT 1 [ RunTime:0.000606s ]
[2026-05-27T16:08:43+08:00][sql] CONNECT:[ UseTime:0.001356s ] mysql:host=127.0.0.1;port=3306;dbname=nucleon;charset=utf8mb4
[2026-05-27T16:08:43+08:00][sql] SHOW FULL COLUMNS FROM `cmf_option` [ RunTime:0.001768s ]
[2026-05-27T16:08:43+08:00][sql] SELECT `option_value` FROM `cmf_option` WHERE  `option_name` = 'cdn_settings' LIMIT 1 [ RunTime:0.000348s ]
[2026-05-27T16:08:43+08:00][sql] SHOW FULL COLUMNS FROM `cmf_user` [ RunTime:0.001545s ]
[2026-05-27T16:08:43+08:00][sql] SELECT * FROM `cmf_user` WHERE  `user_login` = 'antop002' LIMIT 1 [ RunTime:0.000385s ]
[2026-05-27T16:08:43+08:00][sql] SHOW FULL COLUMNS FROM `cmf_role_user` [ RunTime:0.000963s ]
[2026-05-27T16:08:43+08:00][sql] SELECT `role_id` FROM `cmf_role_user` `a` INNER JOIN `cmf_role` `b` ON `a`.`role_id`=`b`.`id` WHERE  `user_id` = 1  AND `status` = '1' LIMIT 1 [ RunTime:0.000613s ]
[2026-05-27T16:08:43+08:00][sql] SHOW FULL COLUMNS FROM `cmf_user_token` [ RunTime:0.000942s ]
[2026-05-27T16:08:43+08:00][sql] SELECT * FROM `cmf_user_token` WHERE  `user_id` = 1  AND `device_type` = 'web' LIMIT 1 [ RunTime:0.000385s ]
[2026-05-27T16:08:43+08:00][sql] UPDATE `cmf_user`  SET `last_login_ip` = '::1' , `last_login_time` = 1779869323  WHERE  `id` = 1 [ RunTime:0.004400s ]
[2026-05-27T16:08:45+08:00][sql] CONNECT:[ UseTime:0.001100s ] mysql:host=127.0.0.1;port=3306;dbname=nucleon;charset=utf8mb4
[2026-05-27T16:08:45+08:00][sql] SHOW FULL COLUMNS FROM `cmf_option` [ RunTime:0.001496s ]
[2026-05-27T16:08:45+08:00][sql] SELECT `option_value` FROM `cmf_option` WHERE  `option_name` = 'cdn_settings' LIMIT 1 [ RunTime:0.000234s ]
[2026-05-27T16:08:45+08:00][sql] SHOW FULL COLUMNS FROM `cmf_user` [ RunTime:0.001309s ]
[2026-05-27T16:08:45+08:00][sql] SELECT * FROM `cmf_user` WHERE  `id` = 1 LIMIT 1 [ RunTime:0.000318s ]
[2026-05-27T16:08:45+08:00][sql] SHOW FULL COLUMNS FROM `cmf_admin_menu` [ RunTime:0.000994s ]
[2026-05-27T16:08:45+08:00][sql] SELECT * FROM `cmf_admin_menu` ORDER BY `app` ASC,`controller` ASC,`action` ASC [ RunTime:0.001548s ]
[2026-05-27T16:08:45+08:00][sql] CONNECT:[ UseTime:0.001143s ] mysql:host=127.0.0.1;port=3306;dbname=nucleon;charset=utf8mb4
[2026-05-27T16:08:45+08:00][sql] SHOW FULL COLUMNS FROM `cmf_option` [ RunTime:0.002004s ]
[2026-05-27T16:08:45+08:00][sql] SELECT `option_value` FROM `cmf_option` WHERE  `option_name` = 'cdn_settings' LIMIT 1 [ RunTime:0.000438s ]
[2026-05-27T16:08:45+08:00][sql] SHOW FULL COLUMNS FROM `cmf_user` [ RunTime:0.001271s ]
[2026-05-27T16:08:45+08:00][sql] SELECT * FROM `cmf_user` WHERE  `id` = 1 LIMIT 1 [ RunTime:0.000296s ]
[2026-05-27T16:08:45+08:00][sql] SELECT `option_value` FROM `cmf_option` WHERE  `option_name` = 'cdn_settings' LIMIT 1 [ RunTime:0.000252s ]
[2026-05-27T16:08:45+08:00][sql] SELECT `option_value` FROM `cmf_option` WHERE  `option_name` = 'cmf_settings' LIMIT 1 [ RunTime:0.000187s ]
[2026-05-27T16:08:45+08:00][sql] SELECT `option_value` FROM `cmf_option` WHERE  `option_name` = 'storage' LIMIT 1 [ RunTime:0.000198s ]
[2026-05-27T16:09:01+08:00][sql] CONNECT:[ UseTime:0.000771s ] mysql:host=127.0.0.1;port=3306;dbname=nucleon;charset=utf8mb4
[2026-05-27T16:09:01+08:00][sql] SHOW FULL COLUMNS FROM `cmf_option` [ RunTime:0.002063s ]
[2026-05-27T16:09:01+08:00][sql] SELECT `option_value` FROM `cmf_option` WHERE  `option_name` = 'cdn_settings' LIMIT 1 [ RunTime:0.000264s ]
[2026-05-27T16:09:01+08:00][sql] SHOW FULL COLUMNS FROM `cmf_user` [ RunTime:0.001327s ]
[2026-05-27T16:09:01+08:00][sql] SELECT * FROM `cmf_user` WHERE  `id` = 1 LIMIT 1 [ RunTime:0.000467s ]
[2026-05-27T16:09:01+08:00][sql] SELECT `option_value` FROM `cmf_option` WHERE  `option_name` = 'storage' LIMIT 1 [ RunTime:0.000567s ]
[2026-05-27T16:09:19+08:00][sql] CONNECT:[ UseTime:0.000857s ] mysql:host=127.0.0.1;port=3306;dbname=nucleon;charset=utf8mb4
[2026-05-27T16:09:19+08:00][sql] SHOW FULL COLUMNS FROM `cmf_option` [ RunTime:0.004898s ]
[2026-05-27T16:09:19+08:00][sql] SELECT `option_value` FROM `cmf_option` WHERE  `option_name` = 'cdn_settings' LIMIT 1 [ RunTime:0.001343s ]
[2026-05-27T16:09:19+08:00][sql] SHOW FULL COLUMNS FROM `cmf_user` [ RunTime:0.003397s ]
[2026-05-27T16:09:19+08:00][sql] SELECT * FROM `cmf_user` WHERE  `id` = 1 LIMIT 1 [ RunTime:0.001691s ]
[2026-05-27T16:09:19+08:00][sql] SELECT `option_value` FROM `cmf_option` WHERE  `option_name` = 'quote_site' LIMIT 1 [ RunTime:0.000815s ]
[2026-05-27T16:09:19+08:00][sql] SELECT `option_value` FROM `cmf_option` WHERE  `option_name` = 'storage' LIMIT 1 [ RunTime:0.000784s ]
[2026-05-27T16:09:20+08:00][sql] CONNECT:[ UseTime:0.000944s ] mysql:host=127.0.0.1;port=3306;dbname=nucleon;charset=utf8mb4
[2026-05-27T16:09:20+08:00][sql] SHOW FULL COLUMNS FROM `cmf_option` [ RunTime:0.001168s ]
[2026-05-27T16:09:20+08:00][sql] SELECT `option_value` FROM `cmf_option` WHERE  `option_name` = 'cdn_settings' LIMIT 1 [ RunTime:0.000219s ]
[2026-05-27T16:09:20+08:00][sql] SHOW FULL COLUMNS FROM `cmf_user` [ RunTime:0.001151s ]
[2026-05-27T16:09:20+08:00][sql] SELECT * FROM `cmf_user` WHERE  `id` = 1 LIMIT 1 [ RunTime:0.000309s ]
[2026-05-27T16:09:20+08:00][sql] SELECT `option_value` FROM `cmf_option` WHERE  `option_name` = 'service_site' LIMIT 1 [ RunTime:0.000198s ]
[2026-05-27T16:09:20+08:00][sql] SELECT `option_value` FROM `cmf_option` WHERE  `option_name` = 'storage' LIMIT 1 [ RunTime:0.000438s ]
[2026-05-27T16:09:24+08:00][sql] CONNECT:[ UseTime:0.000827s ] mysql:host=127.0.0.1;port=3306;dbname=nucleon;charset=utf8mb4
[2026-05-27T16:09:24+08:00][sql] SHOW FULL COLUMNS FROM `cmf_option` [ RunTime:0.001476s ]
[2026-05-27T16:09:24+08:00][sql] SELECT `option_value` FROM `cmf_option` WHERE  `option_name` = 'cdn_settings' LIMIT 1 [ RunTime:0.000287s ]
[2026-05-27T16:09:24+08:00][sql] SHOW FULL COLUMNS FROM `cmf_user` [ RunTime:0.001751s ]
[2026-05-27T16:09:24+08:00][sql] SELECT * FROM `cmf_user` WHERE  `id` = 1 LIMIT 1 [ RunTime:0.000657s ]
[2026-05-27T16:09:24+08:00][sql] SELECT `option_value` FROM `cmf_option` WHERE  `option_name` = 'cdn_settings' LIMIT 1 [ RunTime:0.000498s ]
[2026-05-27T16:09:24+08:00][sql] SELECT `option_value` FROM `cmf_option` WHERE  `option_name` = 'cmf_settings' LIMIT 1 [ RunTime:0.000285s ]
[2026-05-27T16:09:24+08:00][sql] SELECT `option_value` FROM `cmf_option` WHERE  `option_name` = 'storage' LIMIT 1 [ RunTime:0.000791s ]
[2026-05-27T16:10:39+08:00][sql] CONNECT:[ UseTime:0.000772s ] mysql:host=127.0.0.1;port=3306;dbname=nucleon;charset=utf8mb4
[2026-05-27T16:10:39+08:00][sql] SHOW FULL COLUMNS FROM `cmf_option` [ RunTime:0.001173s ]
[2026-05-27T16:10:39+08:00][sql] SELECT `option_value` FROM `cmf_option` WHERE  `option_name` = 'cdn_settings' LIMIT 1 [ RunTime:0.000270s ]
[2026-05-27T16:10:39+08:00][sql] SHOW FULL COLUMNS FROM `cmf_user` [ RunTime:0.000907s ]
[2026-05-27T16:10:39+08:00][sql] SELECT * FROM `cmf_user` WHERE  `id` = 1 LIMIT 1 [ RunTime:0.000315s ]
[2026-05-27T16:10:39+08:00][sql] SHOW FULL COLUMNS FROM `cmf_admin_menu` [ RunTime:0.000889s ]
[2026-05-27T16:10:39+08:00][sql] SELECT * FROM `cmf_admin_menu` ORDER BY `app` ASC,`controller` ASC,`action` ASC [ RunTime:0.000529s ]
[2026-05-27T16:10:40+08:00][sql] CONNECT:[ UseTime:0.000940s ] mysql:host=127.0.0.1;port=3306;dbname=nucleon;charset=utf8mb4
[2026-05-27T16:10:40+08:00][sql] SHOW FULL COLUMNS FROM `cmf_option` [ RunTime:0.001354s ]
[2026-05-27T16:10:40+08:00][sql] SELECT `option_value` FROM `cmf_option` WHERE  `option_name` = 'cdn_settings' LIMIT 1 [ RunTime:0.000289s ]
[2026-05-27T16:10:40+08:00][sql] SHOW FULL COLUMNS FROM `cmf_user` [ RunTime:0.002300s ]
[2026-05-27T16:10:40+08:00][sql] SELECT * FROM `cmf_user` WHERE  `id` = 1 LIMIT 1 [ RunTime:0.000544s ]
[2026-05-27T16:10:40+08:00][sql] SELECT `option_value` FROM `cmf_option` WHERE  `option_name` = 'cdn_settings' LIMIT 1 [ RunTime:0.000294s ]
[2026-05-27T16:10:40+08:00][sql] SELECT `option_value` FROM `cmf_option` WHERE  `option_name` = 'cmf_settings' LIMIT 1 [ RunTime:0.000298s ]
[2026-05-27T16:10:40+08:00][sql] SELECT `option_value` FROM `cmf_option` WHERE  `option_name` = 'storage' LIMIT 1 [ RunTime:0.000489s ]
[2026-05-27T16:10:40+08:00][sql] CONNECT:[ UseTime:0.000738s ] mysql:host=127.0.0.1;port=3306;dbname=nucleon;charset=utf8mb4
[2026-05-27T16:10:40+08:00][sql] SHOW FULL COLUMNS FROM `cmf_option` [ RunTime:0.001148s ]
[2026-05-27T16:10:40+08:00][sql] SELECT `option_value` FROM `cmf_option` WHERE  `option_name` = 'cdn_settings' LIMIT 1 [ RunTime:0.000253s ]
[2026-05-27T16:10:40+08:00][sql] SHOW FULL COLUMNS FROM `cmf_user` [ RunTime:0.001064s ]
[2026-05-27T16:10:40+08:00][sql] SELECT * FROM `cmf_user` WHERE  `id` = 1 LIMIT 1 [ RunTime:0.000289s ]
[2026-05-27T16:10:40+08:00][sql] SELECT `option_value` FROM `cmf_option` WHERE  `option_name` = 'cdn_settings' LIMIT 1 [ RunTime:0.000234s ]
[2026-05-27T16:10:40+08:00][sql] SELECT `option_value` FROM `cmf_option` WHERE  `option_name` = 'cmf_settings' LIMIT 1 [ RunTime:0.000173s ]
[2026-05-27T16:10:40+08:00][sql] SELECT `option_value` FROM `cmf_option` WHERE  `option_name` = 'storage' LIMIT 1 [ RunTime:0.000333s ]
[2026-05-27T16:12:11+08:00][sql] CONNECT:[ UseTime:0.000973s ] mysql:host=127.0.0.1;port=3306;dbname=nucleon;charset=utf8mb4
[2026-05-27T16:12:11+08:00][sql] SHOW FULL COLUMNS FROM `cmf_option` [ RunTime:0.001508s ]
[2026-05-27T16:12:11+08:00][sql] SELECT `option_value` FROM `cmf_option` WHERE  `option_name` = 'cdn_settings' LIMIT 1 [ RunTime:0.000353s ]
[2026-05-27T16:12:11+08:00][sql] SHOW FULL COLUMNS FROM `cmf_user` [ RunTime:0.001219s ]
[2026-05-27T16:12:11+08:00][sql] SELECT * FROM `cmf_user` WHERE  `id` = 1 LIMIT 1 [ RunTime:0.000337s ]
[2026-05-27T16:12:11+08:00][sql] SELECT * FROM `cmf_option` WHERE  `option_name` = 'index_setting' LIMIT 1 [ RunTime:0.000276s ]
[2026-05-27T16:12:11+08:00][sql] UPDATE `cmf_option`  SET `option_value` = '{\"about_description\":\"Founded in 2005 and headquartered in Xinxiang, Henan Province, China, Xinxiang Nucleon (Xinxiang) Crane Co., Ltd. is a leading manufacturer specializing in the research, development, production, and sales of overhead cranes, gantry cranes, electric hoists, jib cranes and port cranes etc.. Nucleon has a registered capital of 80 million US dollars, covering an area of 430000 square meters, and owns more than 1500 employees. The company has equipped over 3000 sets of production and testing equipment, providing support for the research and development of high-quality crane equipment. The leading products have been widely used in pillar industries of the national economy such as metallurgy, energy and power, petrochemicals, railways, and aviation, and exported to various parts of the world.\",\"engineering\":[{\"engineering_name\":\"Million\",\"engineering_desc\":\"Nucleon has a registered capital of 80 million US dollars\",\"engineering_num\":\"80\"},{\"engineering_name\":\"m²\",\"engineering_desc\":\"Nucleon covering an area of 430000 square meters\",\"engineering_num\":\"430000\"},{\"engineering_name\":\"Employees\",\"engineering_desc\":\"Nucleon owns more than 1500 employees.\",\"engineering_num\":\"1500\"},{\"engineering_name\":\"Sets\",\"engineering_desc\":\"Nucleon has equipped over 3000 sets of production and testing equipment\",\"engineering_num\":\"3000\"}],\"about_img\":\"admin\\/20260527\\/6e1caa71d0aec007314dc24b595d396f.png\",\"about_bg_img\":\"admin\\/20260527\\/6e1caa71d0aec007314dc24b595d396f.png\",\"about_right_bg_img\":\"admin\\/20260527\\/31951f09d3f519ef04f57a08b5390f1c.png\",\"choose_description\":\"In modern industrial development worldwide, smooth and efficient material handling and cargo movement play a vital role in daily production operations. A durable and well-built lifting equipment is essential to streamline your workflow. As a professional crane manufacturer based in China, WEIHUA has earned wide recognition and solid trust across the industry. Whether you plan to procure standard lifting machinery or look for tailored lifting solutions, we are fully capable of meeting all your practical demands. We offer customized manufacturing services covering overhead cranes, gantry cranes, container handling cranes, RTG cranes, RMG cranes and various other lifting equipment.\",\"choose\":[{\"choose_name\":\"Direct Deal\",\"choose_desc\":\"Weihua Crane is a real factory to help youeffectively save costs.\",\"choose_image\":\"admin\\/20241227\\/64c9b433b999588924fb5befa6c333b9.png\",\"choose_image_active\":\"admin\\/20241227\\/9eac08b8e263bc41b951db6374925f5c.png\"},{\"choose_name\":\"Complete Certificate\",\"choose_desc\":\"Weihua Crane has obtained ISO and OHSAS certification, products CCS, ABS etc certification, and special QC checks for shipments.\",\"choose_image\":\"admin\\/20241227\\/c7b2db26dd7bceb55294605397d45154.webp\",\"choose_image_active\":\"admin\\/20241227\\/f86758167663bae45d01cf6f12b03275.png\"},{\"choose_name\":\"Professional Technical Support\",\"choose_desc\":\"The technicians have abundant project experience, and will provide you with professional technical support.\",\"choose_image\":\"admin\\/20241227\\/156f6238d94bd6e5049e1ec9b5cdab09.png\",\"choose_image_active\":\"admin\\/20241227\\/ac5f65e9f9faf559d5bdfbbbbb7cda43.png\"},{\"choose_name\":\"Complete Production Equipment\",\"choose_desc\":\"Complete production equipment, reflecting the processing quality and cost advantages.\",\"choose_image\":\"admin\\/20241227\\/6d29b256371f64b842adb13090f00b02.png\",\"choose_image_active\":\"admin\\/20241227\\/323eaf09d62f34d18d6cb23fa5e8793e.png\"},{\"choose_name\":\"Quick Response\",\"choose_desc\":\"Quick response to Pre-sale, in-sale and after-sale problems.\",\"choose_image\":\"admin\\/20241227\\/a13cdd146f86731efc8a584cc60eb738.png\",\"choose_image_active\":\"admin\\/20241227\\/266bc1a20febe7a2f427e5fef6e643c7.png\"},{\"choose_name\":\"Technical Guidance\",\"choose_desc\":\"Provide on-site technical support and follow-up technical guidance.\",\"choose_image\":\"admin\\/20241227\\/a9b3bd90aff4211fd0e2ec27f71c3f96.png\",\"choose_image_active\":\"admin\\/20241227\\/f0da3311946ce71a306869ae320de5b7.png\"}],\"faq_title\":\"FAQ\",\"faq_contact_title\":\"Can not Find Your Question?\",\"faq_contact_desc\":\"If you can not find the answer, contact us and let us know how we can help you.\",\"faq_contact_btn_text\":\"Contact Us\",\"faq\":[{\"question\":\"What factors affect crane prices most, and how can I get a reasonable quotation?\",\"answer\":\"Many customers worry about hidden costs and inconsistent pricing when buying cranes. The actual crane price mainly depends on lifting capacity, span, lifting height, working duty, configuration standards and customized functions. Simple standard models have stable and transparent prices, while special working conditions such as explosion-proof, high-temperature, anti-corrosion and intelligent anti-sway systems will lead to different costs. We provide one-on-one tailored quotes based on your actual site conditions and usage needs, with no hidden charges, and every configuration and cost item is clearly listed for your reference.\"},{\"question\":\"Are your cranes suitable for my local industrial and environmental conditions?\",\"answer\":\"This is the key concern for overseas buyers, as different countries have different weather, site and industry requirements. Our overhead cranes, gantry cranes and port cranes can be fully adapted to various complex environments, including high temperature, heavy rain, coastal humidity, dust and strong wind conditions. We can adjust motor brands, electrical systems, anti-rust painting standards, protection grades and wind-proof devices according to your local climate, site environment and industry standards, ensuring long-term stable operation in your working scenario.\"},{\"question\":\"Do you support customized crane solutions for special working conditions?\",\"answer\":\"Standard cranes cannot meet all project needs, which is why custom solutions are essential for industrial engineering projects. We fully support personalized customization including non-standard span, special lifting height, heavy-duty working level, explosion-proof, insulation, anti-corrosion, intelligent anti-sway, remote control and automatic positioning functions. Whether it is factory indoor handling, outdoor yard operation, port container handling or metallurgy and chemical special scenarios, we can design and produce exclusive crane equipment according to your drawings and technical requirements.\"},{\"question\":\"What certifications do your cranes have for overseas export?\",\"answer\":\"Most overseas projects require official certification for customs clearance and project acceptance, which is a major pain point for many purchasers. All our cranes are manufactured in strict accordance with international standards and have complete export qualifications, including CE, ISO and other mainstream certifications. We can provide complete certification documents, inspection reports and factory qualification materials to ensure smooth customs clearance, local inspection and long-term project use in your country.\"},{\"question\":\"What after-sales support can you provide for overseas clients?\",\"answer\":\"Overseas customers are most worried about no technical support and difficult maintenance after purchasing equipment. We provide full-cycle after-sales service including installation guidance, operation training, remote technical support and lifetime after-sales consultation. We supply original spare parts at factory prices for long-term maintenance. If you encounter operation failure, equipment debugging or daily maintenance problems, our professional technical team can respond quickly to help you solve problems and ensure the cranes run stably for a long time.\"}]}'  WHERE  `option_name` = 'index_setting' [ RunTime:0.004827s ]
[2026-05-27T16:12:17+08:00][sql] CONNECT:[ UseTime:0.000703s ] mysql:host=127.0.0.1;port=3306;dbname=nucleon;charset=utf8mb4
[2026-05-27T16:12:17+08:00][sql] SHOW FULL COLUMNS FROM `cmf_hook` [ RunTime:0.001101s ]
[2026-05-27T16:12:17+08:00][sql] SELECT `hook`,`id` FROM `cmf_hook` WHERE  (  (  `app` = '' OR `app` = 'cmf' )  AND `type` = 3 ) OR `type` = 1 [ RunTime:0.000364s ]
[2026-05-27T16:12:17+08:00][sql] SHOW FULL COLUMNS FROM `cmf_hook_plugin` [ RunTime:0.000750s ]
[2026-05-27T16:12:17+08:00][sql] SELECT `hook`,`plugin` FROM `cmf_hook_plugin` WHERE  `status` = 1  AND `hook` IN ('app_begin','module_init','action_begin','view_filter','app_end','log_write','response_end','admin_init','home_init','send_mobile_verification_code','body_start','before_head_end','footer_start','before_footer','before_footer_end','before_body_end','left_sidebar_start','before_left_sidebar_end','right_sidebar_start','before_right_sidebar_end','comment','guestbook','switch_theme','after_content','before_content','log_write_done','switch_admin_theme','captcha_image','user_login_start') ORDER BY `list_order` ASC [ RunTime:0.000331s ]
[2026-05-27T16:12:17+08:00][sql] SELECT `hook` FROM `cmf_hook` WHERE  `app` = 'portal' [ RunTime:0.000505s ]
[2026-05-27T16:12:17+08:00][sql] SELECT `hook`,`plugin` FROM `cmf_hook_plugin` WHERE  `status` = 1  AND `hook` IN ('portal_before_assign_article','portal_admin_after_save_article','portal_admin_article_index_view','portal_admin_article_add_view','portal_admin_article_edit_view','portal_admin_category_index_view','portal_admin_category_add_view','portal_admin_category_edit_view','portal_admin_page_index_view','portal_admin_page_add_view','portal_admin_page_edit_view','portal_admin_tag_index_view','portal_admin_article_edit_view_right_sidebar','portal_admin_article_edit_view_main') ORDER BY `list_order` ASC [ RunTime:0.000323s ]
[2026-05-27T16:12:17+08:00][sql] SHOW FULL COLUMNS FROM `cmf_plugin` [ RunTime:0.001610s ]
[2026-05-27T16:12:17+08:00][sql] SELECT `config` FROM `cmf_plugin` WHERE  `name` = 'SwitchTheme' LIMIT 1 [ RunTime:0.000676s ]
[2026-05-27T16:12:17+08:00][sql] SHOW FULL COLUMNS FROM `cmf_option` [ RunTime:0.001285s ]
[2026-05-27T16:12:17+08:00][sql] SELECT `option_value` FROM `cmf_option` WHERE  `option_name` = 'cdn_settings' LIMIT 1 [ RunTime:0.000246s ]
[2026-05-27T16:12:17+08:00][sql] SELECT `option_value` FROM `cmf_option` WHERE  `option_name` = 'cdn_settings' LIMIT 1 [ RunTime:0.000594s ]
[2026-05-27T16:12:17+08:00][sql] SHOW FULL COLUMNS FROM `cmf_product_category` [ RunTime:0.001462s ]
[2026-05-27T16:12:17+08:00][sql] SELECT * FROM `cmf_product_category` WHERE  `parent_id` = 0 ORDER BY `list_order` ASC,`create_time` DESC [ RunTime:0.000865s ]
[2026-05-27T16:12:17+08:00][sql] SELECT * FROM `cmf_product_category` WHERE  `parent_id` IN (28,19,22,23,25,30,27) [ RunTime:0.000370s ]
[2026-05-27T16:12:17+08:00][sql] SHOW FULL COLUMNS FROM `cmf_portal_category` [ RunTime:0.000943s ]
[2026-05-27T16:12:17+08:00][sql] SELECT * FROM `cmf_portal_category` WHERE (  `type` = 8 ) AND `cmf_portal_category`.`delete_time` = '0' ORDER BY `list_order` ASC [ RunTime:0.000443s ]
[2026-05-27T16:12:17+08:00][sql] SELECT `option_value` FROM `cmf_option` WHERE  `option_name` = 'site_info' LIMIT 1 [ RunTime:0.000240s ]
[2026-05-27T16:12:17+08:00][sql] SHOW FULL COLUMNS FROM `cmf_slide_item` [ RunTime:0.000838s ]
[2026-05-27T16:12:17+08:00][sql] SELECT `title`,`description`,`image`,`url`,`target`,`content` FROM `cmf_slide_item` WHERE  `slide_id` = 1 ORDER BY `list_order` ASC [ RunTime:0.000435s ]
[2026-05-27T16:12:17+08:00][sql] SHOW FULL COLUMNS FROM `cmf_slide` [ RunTime:0.000674s ]
[2026-05-27T16:12:17+08:00][sql] SELECT * FROM `cmf_slide` WHERE  `name` LIKE '%choose%' OR `name` LIKE '%选择%' LIMIT 1 [ RunTime:0.001008s ]
[2026-05-27T16:12:17+08:00][sql] SELECT `title`,`description`,`image`,`url`,`target`,`content` FROM `cmf_slide_item` WHERE  `slide_id` = 14  AND `status` = 1 ORDER BY `list_order` ASC [ RunTime:0.000348s ]
[2026-05-27T16:12:17+08:00][sql] SELECT * FROM `cmf_product_category` WHERE  `parent_id` = 0  AND `recommend` = 1 ORDER BY `list_order` ASC,`create_time` DESC [ RunTime:0.000313s ]
[2026-05-27T16:12:17+08:00][sql] SHOW FULL COLUMNS FROM `cmf_product` [ RunTime:0.001379s ]
[2026-05-27T16:12:17+08:00][sql] SELECT `id`,`title`,`thumbnail`,`industry` FROM `cmf_product` WHERE  `is_recommended` = 1  AND `category_id` = 28 ORDER BY `list_order` ASC LIMIT 6 [ RunTime:0.000936s ]
[2026-05-27T16:12:17+08:00][sql] SELECT `id`,`title`,`thumbnail`,`industry` FROM `cmf_product` WHERE  `is_recommended` = 1  AND `category_id` = 19 ORDER BY `list_order` ASC LIMIT 6 [ RunTime:0.000592s ]
[2026-05-27T16:12:17+08:00][sql] SELECT `id`,`title`,`thumbnail`,`industry` FROM `cmf_product` WHERE  `is_recommended` = 1  AND `category_id` = 23 ORDER BY `list_order` ASC LIMIT 6 [ RunTime:0.000451s ]
[2026-05-27T16:12:17+08:00][sql] SELECT `id`,`title`,`thumbnail`,`industry` FROM `cmf_product` WHERE  `is_recommended` = 1  AND `category_id` = 25 ORDER BY `list_order` ASC LIMIT 6 [ RunTime:0.000281s ]
[2026-05-27T16:12:17+08:00][sql] SELECT `id`,`title`,`thumbnail`,`industry` FROM `cmf_product` WHERE  `is_recommended` = 1  AND `category_id` = 30 ORDER BY `list_order` ASC LIMIT 6 [ RunTime:0.000266s ]
[2026-05-27T16:12:17+08:00][sql] SELECT `option_value` FROM `cmf_option` WHERE  `option_name` = 'index_setting' LIMIT 1 [ RunTime:0.000202s ]
[2026-05-27T16:12:17+08:00][sql] SELECT `option_value` FROM `cmf_option` WHERE  `option_name` = 'about_site' LIMIT 1 [ RunTime:0.000297s ]
[2026-05-27T16:12:17+08:00][sql] SHOW FULL COLUMNS FROM `cmf_portal_post` [ RunTime:0.001174s ]
[2026-05-27T16:12:17+08:00][sql] SELECT `p`.`id`,`p`.`post_title`,`p`.`post_excerpt`,`p`.`thumbnail`,`p`.`create_time`,`c`.`category_id` FROM `cmf_portal_post` `p` INNER JOIN `cmf_portal_category_post` `c` ON `p`.`id`=`c`.`post_id` WHERE (  `p`.`post_type` = '8' ) AND `p`.`delete_time` = '0' ORDER BY `c`.`list_order` ASC,`p`.`create_time` DESC [ RunTime:0.000721s ]
[2026-05-27T16:12:17+08:00][sql] SELECT `id`,`post_title`,`post_excerpt`,`more` FROM `cmf_portal_post` WHERE (  `post_type` = 3 ) AND `cmf_portal_post`.`delete_time` = '0' ORDER BY `create_time` DESC [ RunTime:0.000299s ]
[2026-05-27T16:12:17+08:00][sql] SELECT `option_value` FROM `cmf_option` WHERE  `option_name` = 'product_category_hero_settings' LIMIT 1 [ RunTime:0.000249s ]
[2026-05-27T16:12:17+08:00][sql] SHOW FULL COLUMNS FROM `cmf_theme_file` [ RunTime:0.002236s ]
[2026-05-27T16:12:17+08:00][sql] SELECT `more`,`file`,`id` FROM `cmf_theme_file` WHERE  `theme` = 'simpleboot3'  AND (  `is_public` = 1 OR `file` = 'portal/index' ) ORDER BY `is_public` DESC [ RunTime:0.001136s ]
[2026-05-27T16:12:17+08:00][sql] SHOW FULL COLUMNS FROM `cmf_route` [ RunTime:0.001047s ]
[2026-05-27T16:12:17+08:00][sql] SELECT * FROM `cmf_route` WHERE  `status` = 1 ORDER BY `list_order` ASC [ RunTime:0.000637s ]
[2026-05-27T16:12:17+08:00][sql] SELECT `option_value` FROM `cmf_option` WHERE  `option_name` = 'storage' LIMIT 1 [ RunTime:0.000460s ]
[2026-05-27T16:15:54+08:00][sql] CONNECT:[ UseTime:0.000977s ] mysql:host=127.0.0.1;port=3306;dbname=nucleon;charset=utf8mb4
[2026-05-27T16:15:54+08:00][sql] SHOW FULL COLUMNS FROM `cmf_option` [ RunTime:0.001608s ]
[2026-05-27T16:15:54+08:00][sql] SELECT `option_value` FROM `cmf_option` WHERE  `option_name` = 'cdn_settings' LIMIT 1 [ RunTime:0.000413s ]
[2026-05-27T16:15:54+08:00][sql] SELECT `option_value` FROM `cmf_option` WHERE  `option_name` = 'cdn_settings' LIMIT 1 [ RunTime:0.000417s ]
[2026-05-27T16:15:54+08:00][sql] SHOW FULL COLUMNS FROM `cmf_product_category` [ RunTime:0.001345s ]
[2026-05-27T16:15:54+08:00][sql] SELECT * FROM `cmf_product_category` WHERE  `parent_id` = 0 ORDER BY `list_order` ASC,`create_time` DESC [ RunTime:0.000603s ]
[2026-05-27T16:15:54+08:00][sql] SELECT * FROM `cmf_product_category` WHERE  `parent_id` IN (28,19,22,23,25,30,27) [ RunTime:0.000407s ]
[2026-05-27T16:15:54+08:00][sql] SHOW FULL COLUMNS FROM `cmf_portal_category` [ RunTime:0.001152s ]
[2026-05-27T16:15:54+08:00][sql] SELECT * FROM `cmf_portal_category` WHERE (  `type` = 8 ) AND `cmf_portal_category`.`delete_time` = '0' ORDER BY `list_order` ASC [ RunTime:0.000588s ]
[2026-05-27T16:15:54+08:00][sql] SHOW FULL COLUMNS FROM `cmf_product` [ RunTime:0.002129s ]
[2026-05-27T16:15:54+08:00][sql] SELECT COUNT(*) AS think_count FROM `cmf_product` WHERE  `category_id` = 28 LIMIT 1 [ RunTime:0.000746s ]
[2026-05-27T16:15:54+08:00][sql] SELECT COUNT(*) AS think_count FROM `cmf_product` WHERE  `category_id` = 19 LIMIT 1 [ RunTime:0.000343s ]
[2026-05-27T16:15:54+08:00][sql] SELECT COUNT(*) AS think_count FROM `cmf_product` WHERE  `category_id` = 22 LIMIT 1 [ RunTime:0.000465s ]
[2026-05-27T16:15:54+08:00][sql] SELECT COUNT(*) AS think_count FROM `cmf_product` WHERE  `category_id` = 23 LIMIT 1 [ RunTime:0.000251s ]
[2026-05-27T16:15:54+08:00][sql] SELECT COUNT(*) AS think_count FROM `cmf_product` WHERE  `category_id` = 25 LIMIT 1 [ RunTime:0.000275s ]
[2026-05-27T16:15:54+08:00][sql] SELECT COUNT(*) AS think_count FROM `cmf_product` WHERE  `category_id` = 30 LIMIT 1 [ RunTime:0.000244s ]
[2026-05-27T16:15:54+08:00][sql] SELECT COUNT(*) AS think_count FROM `cmf_product` WHERE  `category_id` = 27 LIMIT 1 [ RunTime:0.000325s ]
[2026-05-27T16:15:54+08:00][sql] SELECT COUNT(*) AS think_count FROM `cmf_product` LIMIT 1 [ RunTime:0.000299s ]
[2026-05-27T16:15:54+08:00][sql] SELECT `id`,`category_id`,`title`,`thumbnail`,`industry`,`overview` FROM `cmf_product` ORDER BY `list_order` ASC,`create_time` DESC LIMIT 0,12 [ RunTime:0.001791s ]
[2026-05-27T16:15:54+08:00][sql] SHOW FULL COLUMNS FROM `cmf_slide_item` [ RunTime:0.001188s ]
[2026-05-27T16:15:54+08:00][sql] SELECT `title`,`description`,`image` FROM `cmf_slide_item` WHERE  `slide_id` = 2  AND `status` = 1 ORDER BY `list_order` ASC,`id` DESC LIMIT 1 [ RunTime:0.001105s ]
[2026-05-27T16:15:54+08:00][sql] SELECT `option_value` FROM `cmf_option` WHERE  `option_name` = 'storage' LIMIT 1 [ RunTime:0.000231s ]
[2026-05-27T16:15:54+08:00][sql] SHOW FULL COLUMNS FROM `cmf_portal_post` [ RunTime:0.001167s ]
[2026-05-27T16:15:54+08:00][sql] SELECT `id`,`post_title`,`post_excerpt`,`more` FROM `cmf_portal_post` WHERE (  `post_type` = 3 ) AND `cmf_portal_post`.`delete_time` = '0' ORDER BY `create_time` DESC [ RunTime:0.000927s ]
[2026-05-27T16:15:54+08:00][sql] SHOW FULL COLUMNS FROM `cmf_theme_file` [ RunTime:0.001399s ]
[2026-05-27T16:15:54+08:00][sql] SELECT `more`,`file`,`id` FROM `cmf_theme_file` WHERE  `theme` = 'simpleboot3'  AND (  `is_public` = 1 OR `file` = 'portal/product' ) ORDER BY `is_public` DESC [ RunTime:0.000524s ]
[2026-05-27T16:15:56+08:00][sql] CONNECT:[ UseTime:0.001705s ] mysql:host=127.0.0.1;port=3306;dbname=nucleon;charset=utf8mb4
[2026-05-27T16:15:56+08:00][sql] SHOW FULL COLUMNS FROM `cmf_option` [ RunTime:0.001208s ]
[2026-05-27T16:15:56+08:00][sql] SELECT `option_value` FROM `cmf_option` WHERE  `option_name` = 'cdn_settings' LIMIT 1 [ RunTime:0.000243s ]
[2026-05-27T16:15:56+08:00][sql] SELECT `option_value` FROM `cmf_option` WHERE  `option_name` = 'cdn_settings' LIMIT 1 [ RunTime:0.000374s ]
[2026-05-27T16:15:56+08:00][sql] SHOW FULL COLUMNS FROM `cmf_product_category` [ RunTime:0.000899s ]
[2026-05-27T16:15:56+08:00][sql] SELECT * FROM `cmf_product_category` WHERE  `parent_id` = 0 ORDER BY `list_order` ASC,`create_time` DESC [ RunTime:0.000475s ]
[2026-05-27T16:15:56+08:00][sql] SELECT * FROM `cmf_product_category` WHERE  `parent_id` IN (28,19,22,23,25,30,27) [ RunTime:0.000712s ]
[2026-05-27T16:15:56+08:00][sql] SHOW FULL COLUMNS FROM `cmf_portal_category` [ RunTime:0.002630s ]
[2026-05-27T16:15:56+08:00][sql] SELECT * FROM `cmf_portal_category` WHERE (  `type` = 8 ) AND `cmf_portal_category`.`delete_time` = '0' ORDER BY `list_order` ASC [ RunTime:0.001262s ]
[2026-05-27T16:15:56+08:00][sql] SHOW FULL COLUMNS FROM `cmf_slide_item` [ RunTime:0.001509s ]
[2026-05-27T16:15:56+08:00][sql] SELECT `title`,`description`,`image` FROM `cmf_slide_item` WHERE  `slide_id` = 12  AND `status` = 1 ORDER BY `list_order` ASC,`id` DESC LIMIT 1 [ RunTime:0.001840s ]
[2026-05-27T16:15:56+08:00][sql] SELECT * FROM `cmf_portal_category` WHERE (  `id` = 0  AND `status` = 1 ) AND `cmf_portal_category`.`delete_time` = '0' LIMIT 1 [ RunTime:0.000462s ]
[2026-05-27T16:15:56+08:00][sql] SHOW FULL COLUMNS FROM `cmf_portal_post` [ RunTime:0.001601s ]
[2026-05-27T16:15:56+08:00][sql] SELECT COUNT(*) AS think_count FROM `cmf_portal_post` `p` LEFT JOIN `cmf_portal_category_post` `c` ON `p`.`id`=`c`.`post_id` WHERE (  `post_type` = 8 ) AND `p`.`delete_time` = '0' LIMIT 1 [ RunTime:0.000964s ]
[2026-05-27T16:15:56+08:00][sql] SELECT `p`.`id`,`p`.`post_title`,`p`.`thumbnail`,`p`.`more`,c.category_id as cid,`p`.`post_excerpt`,`p`.`create_time` FROM `cmf_portal_post` `p` LEFT JOIN `cmf_portal_category_post` `c` ON `p`.`id`=`c`.`post_id` WHERE (  `post_type` = 8 ) AND `p`.`delete_time` = '0' ORDER BY `c`.`list_order` ASC,`p`.`create_time` DESC LIMIT 0,6 [ RunTime:0.000701s ]
[2026-05-27T16:15:56+08:00][sql] SHOW FULL COLUMNS FROM `cmf_theme_file` [ RunTime:0.001596s ]
[2026-05-27T16:15:56+08:00][sql] SELECT `more`,`file`,`id` FROM `cmf_theme_file` WHERE  `theme` = 'simpleboot3'  AND (  `is_public` = 1 OR `file` = 'portal/news' ) ORDER BY `is_public` DESC [ RunTime:0.000948s ]
[2026-05-27T16:15:56+08:00][sql] SELECT `option_value` FROM `cmf_option` WHERE  `option_name` = 'storage' LIMIT 1 [ RunTime:0.000843s ]
[2026-05-27T16:16:10+08:00][sql] CONNECT:[ UseTime:0.001036s ] mysql:host=127.0.0.1;port=3306;dbname=nucleon;charset=utf8mb4
[2026-05-27T16:16:10+08:00][sql] SHOW FULL COLUMNS FROM `cmf_option` [ RunTime:0.002011s ]
[2026-05-27T16:16:10+08:00][sql] SELECT `option_value` FROM `cmf_option` WHERE  `option_name` = 'cdn_settings' LIMIT 1 [ RunTime:0.000299s ]
[2026-05-27T16:16:10+08:00][sql] SELECT `option_value` FROM `cmf_option` WHERE  `option_name` = 'cdn_settings' LIMIT 1 [ RunTime:0.000375s ]
[2026-05-27T16:16:10+08:00][sql] SHOW FULL COLUMNS FROM `cmf_product_category` [ RunTime:0.001371s ]
[2026-05-27T16:16:10+08:00][sql] SELECT * FROM `cmf_product_category` WHERE  `parent_id` = 0 ORDER BY `list_order` ASC,`create_time` DESC [ RunTime:0.000570s ]
[2026-05-27T16:16:10+08:00][sql] SELECT * FROM `cmf_product_category` WHERE  `parent_id` IN (28,19,22,23,25,30,27) [ RunTime:0.000317s ]
[2026-05-27T16:16:10+08:00][sql] SHOW FULL COLUMNS FROM `cmf_portal_category` [ RunTime:0.001137s ]
[2026-05-27T16:16:10+08:00][sql] SELECT * FROM `cmf_portal_category` WHERE (  `type` = 8 ) AND `cmf_portal_category`.`delete_time` = '0' ORDER BY `list_order` ASC [ RunTime:0.000534s ]
[2026-05-27T16:16:10+08:00][sql] SHOW FULL COLUMNS FROM `cmf_product` [ RunTime:0.001260s ]
[2026-05-27T16:16:10+08:00][sql] SELECT COUNT(*) AS think_count FROM `cmf_product` WHERE  `category_id` = 28 LIMIT 1 [ RunTime:0.000499s ]
[2026-05-27T16:16:10+08:00][sql] SELECT COUNT(*) AS think_count FROM `cmf_product` WHERE  `category_id` = 19 LIMIT 1 [ RunTime:0.000270s ]
[2026-05-27T16:16:10+08:00][sql] SELECT COUNT(*) AS think_count FROM `cmf_product` WHERE  `category_id` = 22 LIMIT 1 [ RunTime:0.000248s ]
[2026-05-27T16:16:10+08:00][sql] SELECT COUNT(*) AS think_count FROM `cmf_product` WHERE  `category_id` = 23 LIMIT 1 [ RunTime:0.000291s ]
[2026-05-27T16:16:10+08:00][sql] SELECT COUNT(*) AS think_count FROM `cmf_product` WHERE  `category_id` = 25 LIMIT 1 [ RunTime:0.000248s ]
[2026-05-27T16:16:10+08:00][sql] SELECT COUNT(*) AS think_count FROM `cmf_product` WHERE  `category_id` = 30 LIMIT 1 [ RunTime:0.000245s ]
[2026-05-27T16:16:10+08:00][sql] SELECT COUNT(*) AS think_count FROM `cmf_product` WHERE  `category_id` = 27 LIMIT 1 [ RunTime:0.000250s ]
[2026-05-27T16:16:10+08:00][sql] SELECT COUNT(*) AS think_count FROM `cmf_product` LIMIT 1 [ RunTime:0.000301s ]
[2026-05-27T16:16:10+08:00][sql] SELECT `id`,`category_id`,`title`,`thumbnail`,`industry`,`overview` FROM `cmf_product` ORDER BY `list_order` ASC,`create_time` DESC LIMIT 0,12 [ RunTime:0.000968s ]
[2026-05-27T16:16:10+08:00][sql] SHOW FULL COLUMNS FROM `cmf_slide_item` [ RunTime:0.001708s ]
[2026-05-27T16:16:10+08:00][sql] SELECT `title`,`description`,`image` FROM `cmf_slide_item` WHERE  `slide_id` = 2  AND `status` = 1 ORDER BY `list_order` ASC,`id` DESC LIMIT 1 [ RunTime:0.000916s ]
[2026-05-27T16:16:10+08:00][sql] SELECT `option_value` FROM `cmf_option` WHERE  `option_name` = 'storage' LIMIT 1 [ RunTime:0.000283s ]
[2026-05-27T16:16:10+08:00][sql] SHOW FULL COLUMNS FROM `cmf_portal_post` [ RunTime:0.001416s ]
[2026-05-27T16:16:10+08:00][sql] SELECT `id`,`post_title`,`post_excerpt`,`more` FROM `cmf_portal_post` WHERE (  `post_type` = 3 ) AND `cmf_portal_post`.`delete_time` = '0' ORDER BY `create_time` DESC [ RunTime:0.000735s ]
[2026-05-27T16:16:10+08:00][sql] SHOW FULL COLUMNS FROM `cmf_theme_file` [ RunTime:0.001035s ]
[2026-05-27T16:16:10+08:00][sql] SELECT `more`,`file`,`id` FROM `cmf_theme_file` WHERE  `theme` = 'simpleboot3'  AND (  `is_public` = 1 OR `file` = 'portal/product' ) ORDER BY `is_public` DESC [ RunTime:0.000433s ]
[2026-05-27T16:16:11+08:00][sql] CONNECT:[ UseTime:0.000756s ] mysql:host=127.0.0.1;port=3306;dbname=nucleon;charset=utf8mb4
[2026-05-27T16:16:11+08:00][sql] SHOW FULL COLUMNS FROM `cmf_option` [ RunTime:0.001240s ]
[2026-05-27T16:16:11+08:00][sql] SELECT `option_value` FROM `cmf_option` WHERE  `option_name` = 'cdn_settings' LIMIT 1 [ RunTime:0.000215s ]
[2026-05-27T16:16:11+08:00][sql] SELECT `option_value` FROM `cmf_option` WHERE  `option_name` = 'cdn_settings' LIMIT 1 [ RunTime:0.000219s ]
[2026-05-27T16:16:11+08:00][sql] SHOW FULL COLUMNS FROM `cmf_product_category` [ RunTime:0.000817s ]
[2026-05-27T16:16:11+08:00][sql] SELECT * FROM `cmf_product_category` WHERE  `parent_id` = 0 ORDER BY `list_order` ASC,`create_time` DESC [ RunTime:0.000355s ]
[2026-05-27T16:16:11+08:00][sql] SELECT * FROM `cmf_product_category` WHERE  `parent_id` IN (28,19,22,23,25,30,27) [ RunTime:0.000259s ]
[2026-05-27T16:16:11+08:00][sql] SHOW FULL COLUMNS FROM `cmf_portal_category` [ RunTime:0.000962s ]
[2026-05-27T16:16:11+08:00][sql] SELECT * FROM `cmf_portal_category` WHERE (  `type` = 8 ) AND `cmf_portal_category`.`delete_time` = '0' ORDER BY `list_order` ASC [ RunTime:0.000497s ]
[2026-05-27T16:16:11+08:00][sql] SHOW FULL COLUMNS FROM `cmf_slide_item` [ RunTime:0.001043s ]
[2026-05-27T16:16:11+08:00][sql] SELECT `title`,`description`,`image` FROM `cmf_slide_item` WHERE  `slide_id` = 12  AND `status` = 1 ORDER BY `list_order` ASC,`id` DESC LIMIT 1 [ RunTime:0.000590s ]
[2026-05-27T16:16:11+08:00][sql] SELECT * FROM `cmf_portal_category` WHERE (  `id` = 0  AND `status` = 1 ) AND `cmf_portal_category`.`delete_time` = '0' LIMIT 1 [ RunTime:0.000262s ]
[2026-05-27T16:16:11+08:00][sql] SHOW FULL COLUMNS FROM `cmf_portal_post` [ RunTime:0.001147s ]
[2026-05-27T16:16:11+08:00][sql] SELECT COUNT(*) AS think_count FROM `cmf_portal_post` `p` LEFT JOIN `cmf_portal_category_post` `c` ON `p`.`id`=`c`.`post_id` WHERE (  `post_type` = 8 ) AND `p`.`delete_time` = '0' LIMIT 1 [ RunTime:0.000736s ]
[2026-05-27T16:16:11+08:00][sql] SELECT `p`.`id`,`p`.`post_title`,`p`.`thumbnail`,`p`.`more`,c.category_id as cid,`p`.`post_excerpt`,`p`.`create_time` FROM `cmf_portal_post` `p` LEFT JOIN `cmf_portal_category_post` `c` ON `p`.`id`=`c`.`post_id` WHERE (  `post_type` = 8 ) AND `p`.`delete_time` = '0' ORDER BY `c`.`list_order` ASC,`p`.`create_time` DESC LIMIT 0,6 [ RunTime:0.000436s ]
[2026-05-27T16:16:11+08:00][sql] SHOW FULL COLUMNS FROM `cmf_theme_file` [ RunTime:0.001313s ]
[2026-05-27T16:16:11+08:00][sql] SELECT `more`,`file`,`id` FROM `cmf_theme_file` WHERE  `theme` = 'simpleboot3'  AND (  `is_public` = 1 OR `file` = 'portal/news' ) ORDER BY `is_public` DESC [ RunTime:0.000465s ]
[2026-05-27T16:16:11+08:00][sql] SELECT `option_value` FROM `cmf_option` WHERE  `option_name` = 'storage' LIMIT 1 [ RunTime:0.000438s ]
[2026-05-27T16:17:36+08:00][sql] CONNECT:[ UseTime:0.000954s ] mysql:host=127.0.0.1;port=3306;dbname=nucleon;charset=utf8mb4
[2026-05-27T16:17:36+08:00][sql] SHOW FULL COLUMNS FROM `cmf_option` [ RunTime:0.001253s ]
[2026-05-27T16:17:36+08:00][sql] SELECT `option_value` FROM `cmf_option` WHERE  `option_name` = 'cdn_settings' LIMIT 1 [ RunTime:0.000284s ]
[2026-05-27T16:17:36+08:00][sql] SELECT `option_value` FROM `cmf_option` WHERE  `option_name` = 'cdn_settings' LIMIT 1 [ RunTime:0.000226s ]
[2026-05-27T16:17:36+08:00][sql] SHOW FULL COLUMNS FROM `cmf_product_category` [ RunTime:0.000859s ]
[2026-05-27T16:17:36+08:00][sql] SELECT * FROM `cmf_product_category` WHERE  `parent_id` = 0 ORDER BY `list_order` ASC,`create_time` DESC [ RunTime:0.000453s ]
[2026-05-27T16:17:36+08:00][sql] SELECT * FROM `cmf_product_category` WHERE  `parent_id` IN (28,19,22,23,25,30,27) [ RunTime:0.000739s ]
[2026-05-27T16:17:36+08:00][sql] SHOW FULL COLUMNS FROM `cmf_portal_category` [ RunTime:0.001213s ]
[2026-05-27T16:17:36+08:00][sql] SELECT * FROM `cmf_portal_category` WHERE (  `type` = 8 ) AND `cmf_portal_category`.`delete_time` = '0' ORDER BY `list_order` ASC [ RunTime:0.000583s ]
[2026-05-27T16:17:36+08:00][sql] SHOW FULL COLUMNS FROM `cmf_slide_item` [ RunTime:0.000867s ]
[2026-05-27T16:17:36+08:00][sql] SELECT `title`,`description`,`image`,`url`,`target`,`content` FROM `cmf_slide_item` WHERE  `slide_id` = 1 ORDER BY `list_order` ASC [ RunTime:0.001188s ]
[2026-05-27T16:17:36+08:00][sql] SHOW FULL COLUMNS FROM `cmf_slide` [ RunTime:0.000721s ]
[2026-05-27T16:17:36+08:00][sql] SELECT * FROM `cmf_slide` WHERE  `name` LIKE '%choose%' OR `name` LIKE '%选择%' LIMIT 1 [ RunTime:0.000349s ]
[2026-05-27T16:17:36+08:00][sql] SELECT `title`,`description`,`image`,`url`,`target`,`content` FROM `cmf_slide_item` WHERE  `slide_id` = 14  AND `status` = 1 ORDER BY `list_order` ASC [ RunTime:0.000268s ]
[2026-05-27T16:17:36+08:00][sql] SELECT * FROM `cmf_product_category` WHERE  `parent_id` = 0  AND `recommend` = 1 ORDER BY `list_order` ASC,`create_time` DESC [ RunTime:0.000287s ]
[2026-05-27T16:17:36+08:00][sql] SHOW FULL COLUMNS FROM `cmf_product` [ RunTime:0.001149s ]
[2026-05-27T16:17:36+08:00][sql] SELECT `id`,`title`,`thumbnail`,`industry` FROM `cmf_product` WHERE  `is_recommended` = 1  AND `category_id` = 28 ORDER BY `list_order` ASC LIMIT 6 [ RunTime:0.000927s ]
[2026-05-27T16:17:36+08:00][sql] SELECT `id`,`title`,`thumbnail`,`industry` FROM `cmf_product` WHERE  `is_recommended` = 1  AND `category_id` = 19 ORDER BY `list_order` ASC LIMIT 6 [ RunTime:0.000467s ]
[2026-05-27T16:17:36+08:00][sql] SELECT `id`,`title`,`thumbnail`,`industry` FROM `cmf_product` WHERE  `is_recommended` = 1  AND `category_id` = 23 ORDER BY `list_order` ASC LIMIT 6 [ RunTime:0.001027s ]
[2026-05-27T16:17:36+08:00][sql] SELECT `id`,`title`,`thumbnail`,`industry` FROM `cmf_product` WHERE  `is_recommended` = 1  AND `category_id` = 25 ORDER BY `list_order` ASC LIMIT 6 [ RunTime:0.000539s ]
[2026-05-27T16:17:36+08:00][sql] SELECT `id`,`title`,`thumbnail`,`industry` FROM `cmf_product` WHERE  `is_recommended` = 1  AND `category_id` = 30 ORDER BY `list_order` ASC LIMIT 6 [ RunTime:0.000412s ]
[2026-05-27T16:17:36+08:00][sql] SHOW FULL COLUMNS FROM `cmf_portal_post` [ RunTime:0.001249s ]
[2026-05-27T16:17:36+08:00][sql] SELECT `p`.`id`,`p`.`post_title`,`p`.`post_excerpt`,`p`.`thumbnail`,`p`.`create_time`,`c`.`category_id` FROM `cmf_portal_post` `p` INNER JOIN `cmf_portal_category_post` `c` ON `p`.`id`=`c`.`post_id` WHERE (  `p`.`post_type` = '8' ) AND `p`.`delete_time` = '0' ORDER BY `c`.`list_order` ASC,`p`.`create_time` DESC [ RunTime:0.001166s ]
[2026-05-27T16:17:36+08:00][sql] SELECT `id`,`post_title`,`post_excerpt`,`more` FROM `cmf_portal_post` WHERE (  `post_type` = 3 ) AND `cmf_portal_post`.`delete_time` = '0' ORDER BY `create_time` DESC [ RunTime:0.000312s ]
[2026-05-27T16:17:36+08:00][sql] SHOW FULL COLUMNS FROM `cmf_theme_file` [ RunTime:0.000775s ]
[2026-05-27T16:17:36+08:00][sql] SELECT `more`,`file`,`id` FROM `cmf_theme_file` WHERE  `theme` = 'simpleboot3'  AND (  `is_public` = 1 OR `file` = 'portal/index' ) ORDER BY `is_public` DESC [ RunTime:0.000382s ]
[2026-05-27T16:17:36+08:00][sql] SELECT `option_value` FROM `cmf_option` WHERE  `option_name` = 'storage' LIMIT 1 [ RunTime:0.000393s ]
[2026-05-27T16:19:47+08:00][sql] CONNECT:[ UseTime:0.000854s ] mysql:host=127.0.0.1;port=3306;dbname=nucleon;charset=utf8mb4
[2026-05-27T16:19:47+08:00][sql] SHOW FULL COLUMNS FROM `cmf_option` [ RunTime:0.001081s ]
[2026-05-27T16:19:47+08:00][sql] SELECT `option_value` FROM `cmf_option` WHERE  `option_name` = 'cdn_settings' LIMIT 1 [ RunTime:0.000230s ]
[2026-05-27T16:19:47+08:00][sql] SELECT `option_value` FROM `cmf_option` WHERE  `option_name` = 'cdn_settings' LIMIT 1 [ RunTime:0.000289s ]
[2026-05-27T16:19:47+08:00][sql] SHOW FULL COLUMNS FROM `cmf_product_category` [ RunTime:0.000863s ]
[2026-05-27T16:19:47+08:00][sql] SELECT * FROM `cmf_product_category` WHERE  `parent_id` = 0 ORDER BY `list_order` ASC,`create_time` DESC [ RunTime:0.000284s ]
[2026-05-27T16:19:47+08:00][sql] SELECT * FROM `cmf_product_category` WHERE  `parent_id` IN (28,19,22,23,25,30,27) [ RunTime:0.000282s ]
[2026-05-27T16:19:47+08:00][sql] SHOW FULL COLUMNS FROM `cmf_portal_category` [ RunTime:0.000831s ]
[2026-05-27T16:19:47+08:00][sql] SELECT * FROM `cmf_portal_category` WHERE (  `type` = 8 ) AND `cmf_portal_category`.`delete_time` = '0' ORDER BY `list_order` ASC [ RunTime:0.000600s ]
[2026-05-27T16:19:47+08:00][sql] SHOW FULL COLUMNS FROM `cmf_product` [ RunTime:0.001187s ]
[2026-05-27T16:19:47+08:00][sql] SELECT COUNT(*) AS think_count FROM `cmf_product` WHERE  `category_id` = 28 LIMIT 1 [ RunTime:0.000414s ]
[2026-05-27T16:19:47+08:00][sql] SELECT COUNT(*) AS think_count FROM `cmf_product` WHERE  `category_id` = 19 LIMIT 1 [ RunTime:0.000235s ]
[2026-05-27T16:19:47+08:00][sql] SELECT COUNT(*) AS think_count FROM `cmf_product` WHERE  `category_id` = 22 LIMIT 1 [ RunTime:0.000185s ]
[2026-05-27T16:19:47+08:00][sql] SELECT COUNT(*) AS think_count FROM `cmf_product` WHERE  `category_id` = 23 LIMIT 1 [ RunTime:0.000192s ]
[2026-05-27T16:19:47+08:00][sql] SELECT COUNT(*) AS think_count FROM `cmf_product` WHERE  `category_id` = 25 LIMIT 1 [ RunTime:0.000180s ]
[2026-05-27T16:19:47+08:00][sql] SELECT COUNT(*) AS think_count FROM `cmf_product` WHERE  `category_id` = 30 LIMIT 1 [ RunTime:0.000196s ]
[2026-05-27T16:19:47+08:00][sql] SELECT COUNT(*) AS think_count FROM `cmf_product` WHERE  `category_id` = 27 LIMIT 1 [ RunTime:0.000174s ]
[2026-05-27T16:19:47+08:00][sql] SELECT COUNT(*) AS think_count FROM `cmf_product` LIMIT 1 [ RunTime:0.000173s ]
[2026-05-27T16:19:47+08:00][sql] SELECT `id`,`category_id`,`title`,`thumbnail`,`industry`,`overview` FROM `cmf_product` ORDER BY `list_order` ASC,`create_time` DESC LIMIT 0,12 [ RunTime:0.000625s ]
[2026-05-27T16:19:47+08:00][sql] SHOW FULL COLUMNS FROM `cmf_slide_item` [ RunTime:0.001112s ]
[2026-05-27T16:19:47+08:00][sql] SELECT `title`,`description`,`image` FROM `cmf_slide_item` WHERE  `slide_id` = 2  AND `status` = 1 ORDER BY `list_order` ASC,`id` DESC LIMIT 1 [ RunTime:0.000306s ]
[2026-05-27T16:19:47+08:00][sql] SELECT `option_value` FROM `cmf_option` WHERE  `option_name` = 'storage' LIMIT 1 [ RunTime:0.000203s ]
[2026-05-27T16:19:47+08:00][sql] SHOW FULL COLUMNS FROM `cmf_portal_post` [ RunTime:0.000925s ]
[2026-05-27T16:19:47+08:00][sql] SELECT `id`,`post_title`,`post_excerpt`,`more` FROM `cmf_portal_post` WHERE (  `post_type` = 3 ) AND `cmf_portal_post`.`delete_time` = '0' ORDER BY `create_time` DESC [ RunTime:0.000319s ]
[2026-05-27T16:19:47+08:00][sql] SHOW FULL COLUMNS FROM `cmf_theme_file` [ RunTime:0.000787s ]
[2026-05-27T16:19:47+08:00][sql] SELECT `more`,`file`,`id` FROM `cmf_theme_file` WHERE  `theme` = 'simpleboot3'  AND (  `is_public` = 1 OR `file` = 'portal/product' ) ORDER BY `is_public` DESC [ RunTime:0.000252s ]
[2026-05-27T16:22:57+08:00][sql] CONNECT:[ UseTime:0.020227s ] mysql:host=127.0.0.1;port=3306;dbname=nucleon;charset=utf8mb4
[2026-05-27T16:22:57+08:00][sql] SHOW FULL COLUMNS FROM `cmf_option` [ RunTime:0.002896s ]
[2026-05-27T16:22:57+08:00][sql] SELECT `option_value` FROM `cmf_option` WHERE  `option_name` = 'cdn_settings' LIMIT 1 [ RunTime:0.000427s ]
[2026-05-27T16:22:57+08:00][sql] SELECT `option_value` FROM `cmf_option` WHERE  `option_name` = 'cdn_settings' LIMIT 1 [ RunTime:0.000276s ]
[2026-05-27T16:22:57+08:00][sql] SHOW FULL COLUMNS FROM `cmf_product_category` [ RunTime:0.004323s ]
[2026-05-27T16:22:57+08:00][sql] SELECT * FROM `cmf_product_category` WHERE  `parent_id` = 0 ORDER BY `list_order` ASC,`create_time` DESC [ RunTime:0.000436s ]
[2026-05-27T16:22:57+08:00][sql] SELECT * FROM `cmf_product_category` WHERE  `parent_id` IN (28,19,22,23,25,30,27) [ RunTime:0.000684s ]
[2026-05-27T16:22:57+08:00][sql] SHOW FULL COLUMNS FROM `cmf_portal_category` [ RunTime:0.001613s ]
[2026-05-27T16:22:57+08:00][sql] SELECT * FROM `cmf_portal_category` WHERE (  `type` = 8 ) AND `cmf_portal_category`.`delete_time` = '0' ORDER BY `list_order` ASC [ RunTime:0.000441s ]
[2026-05-27T16:22:57+08:00][sql] SHOW FULL COLUMNS FROM `cmf_slide_item` [ RunTime:0.001743s ]
[2026-05-27T16:22:57+08:00][sql] SELECT `title`,`description`,`image`,`url`,`target`,`content` FROM `cmf_slide_item` WHERE  `slide_id` = 1 ORDER BY `list_order` ASC [ RunTime:0.000965s ]
[2026-05-27T16:22:57+08:00][sql] SHOW FULL COLUMNS FROM `cmf_slide` [ RunTime:0.003389s ]
[2026-05-27T16:22:57+08:00][sql] SELECT * FROM `cmf_slide` WHERE  `name` LIKE '%choose%' OR `name` LIKE '%选择%' LIMIT 1 [ RunTime:0.000425s ]
[2026-05-27T16:22:57+08:00][sql] SELECT `title`,`description`,`image`,`url`,`target`,`content` FROM `cmf_slide_item` WHERE  `slide_id` = 14  AND `status` = 1 ORDER BY `list_order` ASC [ RunTime:0.000313s ]
[2026-05-27T16:22:57+08:00][sql] SELECT * FROM `cmf_product_category` WHERE  `parent_id` = 0  AND `recommend` = 1 ORDER BY `list_order` ASC,`create_time` DESC [ RunTime:0.000403s ]
[2026-05-27T16:22:57+08:00][sql] SHOW FULL COLUMNS FROM `cmf_product` [ RunTime:0.001390s ]
[2026-05-27T16:22:57+08:00][sql] SELECT `id`,`title`,`thumbnail`,`industry` FROM `cmf_product` WHERE  `is_recommended` = 1  AND `category_id` = 28 ORDER BY `list_order` ASC LIMIT 6 [ RunTime:0.000456s ]
[2026-05-27T16:22:57+08:00][sql] SELECT `id`,`title`,`thumbnail`,`industry` FROM `cmf_product` WHERE  `is_recommended` = 1  AND `category_id` = 19 ORDER BY `list_order` ASC LIMIT 6 [ RunTime:0.000416s ]
[2026-05-27T16:22:57+08:00][sql] SELECT `id`,`title`,`thumbnail`,`industry` FROM `cmf_product` WHERE  `is_recommended` = 1  AND `category_id` = 23 ORDER BY `list_order` ASC LIMIT 6 [ RunTime:0.000372s ]
[2026-05-27T16:22:57+08:00][sql] SELECT `id`,`title`,`thumbnail`,`industry` FROM `cmf_product` WHERE  `is_recommended` = 1  AND `category_id` = 25 ORDER BY `list_order` ASC LIMIT 6 [ RunTime:0.000372s ]
[2026-05-27T16:22:57+08:00][sql] SELECT `id`,`title`,`thumbnail`,`industry` FROM `cmf_product` WHERE  `is_recommended` = 1  AND `category_id` = 30 ORDER BY `list_order` ASC LIMIT 6 [ RunTime:0.000290s ]
[2026-05-27T16:22:57+08:00][sql] SHOW FULL COLUMNS FROM `cmf_portal_post` [ RunTime:0.002022s ]
[2026-05-27T16:22:57+08:00][sql] SELECT `p`.`id`,`p`.`post_title`,`p`.`post_excerpt`,`p`.`thumbnail`,`p`.`create_time`,`c`.`category_id` FROM `cmf_portal_post` `p` INNER JOIN `cmf_portal_category_post` `c` ON `p`.`id`=`c`.`post_id` WHERE (  `p`.`post_type` = '8' ) AND `p`.`delete_time` = '0' ORDER BY `c`.`list_order` ASC,`p`.`create_time` DESC [ RunTime:0.000566s ]
[2026-05-27T16:22:57+08:00][sql] SELECT `id`,`post_title`,`post_excerpt`,`more` FROM `cmf_portal_post` WHERE (  `post_type` = 3 ) AND `cmf_portal_post`.`delete_time` = '0' ORDER BY `create_time` DESC [ RunTime:0.000518s ]
[2026-05-27T16:22:57+08:00][sql] SHOW FULL COLUMNS FROM `cmf_theme_file` [ RunTime:0.001560s ]
[2026-05-27T16:22:57+08:00][sql] SELECT `more`,`file`,`id` FROM `cmf_theme_file` WHERE  `theme` = 'simpleboot3'  AND (  `is_public` = 1 OR `file` = 'portal/index' ) ORDER BY `is_public` DESC [ RunTime:0.000555s ]
[2026-05-27T16:22:57+08:00][sql] SELECT `option_value` FROM `cmf_option` WHERE  `option_name` = 'storage' LIMIT 1 [ RunTime:0.000237s ]
[2026-05-27T16:26:16+08:00][sql] CONNECT:[ UseTime:0.001210s ] mysql:host=127.0.0.1;port=3306;dbname=nucleon;charset=utf8mb4
[2026-05-27T16:26:16+08:00][sql] SHOW FULL COLUMNS FROM `cmf_option` [ RunTime:0.001639s ]
[2026-05-27T16:26:16+08:00][sql] SELECT `option_value` FROM `cmf_option` WHERE  `option_name` = 'cdn_settings' LIMIT 1 [ RunTime:0.000566s ]
[2026-05-27T16:26:16+08:00][sql] SELECT `option_value` FROM `cmf_option` WHERE  `option_name` = 'cdn_settings' LIMIT 1 [ RunTime:0.000810s ]
[2026-05-27T16:26:16+08:00][sql] SHOW FULL COLUMNS FROM `cmf_product_category` [ RunTime:0.002961s ]
[2026-05-27T16:26:16+08:00][sql] SELECT * FROM `cmf_product_category` WHERE  `parent_id` = 0 ORDER BY `list_order` ASC,`create_time` DESC [ RunTime:0.000812s ]
[2026-05-27T16:26:16+08:00][sql] SELECT * FROM `cmf_product_category` WHERE  `parent_id` IN (28,19,22,23,25,30,27) [ RunTime:0.000514s ]
[2026-05-27T16:26:16+08:00][sql] SHOW FULL COLUMNS FROM `cmf_portal_category` [ RunTime:0.001915s ]
[2026-05-27T16:26:16+08:00][sql] SELECT * FROM `cmf_portal_category` WHERE (  `type` = 8 ) AND `cmf_portal_category`.`delete_time` = '0' ORDER BY `list_order` ASC [ RunTime:0.000795s ]
[2026-05-27T16:26:16+08:00][sql] SHOW FULL COLUMNS FROM `cmf_slide_item` [ RunTime:0.002169s ]
[2026-05-27T16:26:16+08:00][sql] SELECT `title`,`description`,`image`,`url`,`target`,`content` FROM `cmf_slide_item` WHERE  `slide_id` = 1 ORDER BY `list_order` ASC [ RunTime:0.000728s ]
[2026-05-27T16:26:16+08:00][sql] SHOW FULL COLUMNS FROM `cmf_slide` [ RunTime:0.002183s ]
[2026-05-27T16:26:16+08:00][sql] SELECT * FROM `cmf_slide` WHERE  `name` LIKE '%choose%' OR `name` LIKE '%选择%' LIMIT 1 [ RunTime:0.001090s ]
[2026-05-27T16:26:16+08:00][sql] SELECT `title`,`description`,`image`,`url`,`target`,`content` FROM `cmf_slide_item` WHERE  `slide_id` = 14  AND `status` = 1 ORDER BY `list_order` ASC [ RunTime:0.000715s ]
[2026-05-27T16:26:16+08:00][sql] SELECT * FROM `cmf_product_category` WHERE  `parent_id` = 0  AND `recommend` = 1 ORDER BY `list_order` ASC,`create_time` DESC [ RunTime:0.000488s ]
[2026-05-27T16:26:16+08:00][sql] SHOW FULL COLUMNS FROM `cmf_product` [ RunTime:0.001779s ]
[2026-05-27T16:26:16+08:00][sql] SELECT `id`,`title`,`thumbnail`,`industry` FROM `cmf_product` WHERE  `is_recommended` = 1  AND `category_id` = 28 ORDER BY `list_order` ASC LIMIT 6 [ RunTime:0.000889s ]
[2026-05-27T16:26:16+08:00][sql] SELECT `id`,`title`,`thumbnail`,`industry` FROM `cmf_product` WHERE  `is_recommended` = 1  AND `category_id` = 19 ORDER BY `list_order` ASC LIMIT 6 [ RunTime:0.000468s ]
[2026-05-27T16:26:16+08:00][sql] SELECT `id`,`title`,`thumbnail`,`industry` FROM `cmf_product` WHERE  `is_recommended` = 1  AND `category_id` = 23 ORDER BY `list_order` ASC LIMIT 6 [ RunTime:0.000915s ]
[2026-05-27T16:26:16+08:00][sql] SELECT `id`,`title`,`thumbnail`,`industry` FROM `cmf_product` WHERE  `is_recommended` = 1  AND `category_id` = 25 ORDER BY `list_order` ASC LIMIT 6 [ RunTime:0.000383s ]
[2026-05-27T16:26:16+08:00][sql] SELECT `id`,`title`,`thumbnail`,`industry` FROM `cmf_product` WHERE  `is_recommended` = 1  AND `category_id` = 30 ORDER BY `list_order` ASC LIMIT 6 [ RunTime:0.000349s ]
[2026-05-27T16:26:16+08:00][sql] SHOW FULL COLUMNS FROM `cmf_portal_post` [ RunTime:0.002421s ]
[2026-05-27T16:26:16+08:00][sql] SELECT `p`.`id`,`p`.`post_title`,`p`.`post_excerpt`,`p`.`thumbnail`,`p`.`create_time`,`c`.`category_id` FROM `cmf_portal_post` `p` INNER JOIN `cmf_portal_category_post` `c` ON `p`.`id`=`c`.`post_id` WHERE (  `p`.`post_type` = '8' ) AND `p`.`delete_time` = '0' ORDER BY `c`.`list_order` ASC,`p`.`create_time` DESC [ RunTime:0.001084s ]
[2026-05-27T16:26:16+08:00][sql] SELECT `id`,`post_title`,`post_excerpt`,`more` FROM `cmf_portal_post` WHERE (  `post_type` = 3 ) AND `cmf_portal_post`.`delete_time` = '0' ORDER BY `create_time` DESC [ RunTime:0.000547s ]
[2026-05-27T16:26:16+08:00][sql] SHOW FULL COLUMNS FROM `cmf_theme_file` [ RunTime:0.001648s ]
[2026-05-27T16:26:16+08:00][sql] SELECT `more`,`file`,`id` FROM `cmf_theme_file` WHERE  `theme` = 'simpleboot3'  AND (  `is_public` = 1 OR `file` = 'portal/index' ) ORDER BY `is_public` DESC [ RunTime:0.001310s ]
[2026-05-27T16:26:16+08:00][sql] SELECT `option_value` FROM `cmf_option` WHERE  `option_name` = 'storage' LIMIT 1 [ RunTime:0.000871s ]
[2026-05-27T16:28:43+08:00][sql] CONNECT:[ UseTime:0.001960s ] mysql:host=127.0.0.1;port=3306;dbname=nucleon;charset=utf8mb4
[2026-05-27T16:28:43+08:00][sql] SHOW FULL COLUMNS FROM `cmf_option` [ RunTime:0.003374s ]
[2026-05-27T16:28:43+08:00][sql] SELECT `option_value` FROM `cmf_option` WHERE  `option_name` = 'cdn_settings' LIMIT 1 [ RunTime:0.000438s ]
[2026-05-27T16:28:43+08:00][sql] SELECT `option_value` FROM `cmf_option` WHERE  `option_name` = 'cdn_settings' LIMIT 1 [ RunTime:0.000632s ]
[2026-05-27T16:28:43+08:00][sql] SHOW FULL COLUMNS FROM `cmf_product_category` [ RunTime:0.001964s ]
[2026-05-27T16:28:43+08:00][sql] SELECT * FROM `cmf_product_category` WHERE  `parent_id` = 0 ORDER BY `list_order` ASC,`create_time` DESC [ RunTime:0.000824s ]
[2026-05-27T16:28:43+08:00][sql] SELECT * FROM `cmf_product_category` WHERE  `parent_id` IN (28,19,22,23,25,30,27) [ RunTime:0.000589s ]
[2026-05-27T16:28:43+08:00][sql] SHOW FULL COLUMNS FROM `cmf_portal_category` [ RunTime:0.001358s ]
[2026-05-27T16:28:43+08:00][sql] SELECT * FROM `cmf_portal_category` WHERE (  `type` = 8 ) AND `cmf_portal_category`.`delete_time` = '0' ORDER BY `list_order` ASC [ RunTime:0.000611s ]
[2026-05-27T16:28:43+08:00][sql] SHOW FULL COLUMNS FROM `cmf_slide_item` [ RunTime:0.001111s ]
[2026-05-27T16:28:43+08:00][sql] SELECT `title`,`description`,`image`,`url`,`target`,`content` FROM `cmf_slide_item` WHERE  `slide_id` = 1 ORDER BY `list_order` ASC [ RunTime:0.000372s ]
[2026-05-27T16:28:43+08:00][sql] SHOW FULL COLUMNS FROM `cmf_slide` [ RunTime:0.001003s ]
[2026-05-27T16:28:43+08:00][sql] SELECT * FROM `cmf_slide` WHERE  `name` LIKE '%choose%' OR `name` LIKE '%选择%' LIMIT 1 [ RunTime:0.000482s ]
[2026-05-27T16:28:43+08:00][sql] SELECT `title`,`description`,`image`,`url`,`target`,`content` FROM `cmf_slide_item` WHERE  `slide_id` = 14  AND `status` = 1 ORDER BY `list_order` ASC [ RunTime:0.000386s ]
[2026-05-27T16:28:43+08:00][sql] SELECT * FROM `cmf_product_category` WHERE  `parent_id` = 0  AND `recommend` = 1 ORDER BY `list_order` ASC,`create_time` DESC [ RunTime:0.000385s ]
[2026-05-27T16:28:43+08:00][sql] SHOW FULL COLUMNS FROM `cmf_product` [ RunTime:0.001517s ]
[2026-05-27T16:28:43+08:00][sql] SELECT `id`,`title`,`thumbnail`,`industry` FROM `cmf_product` WHERE  `is_recommended` = 1  AND `category_id` = 28 ORDER BY `list_order` ASC LIMIT 6 [ RunTime:0.000815s ]
[2026-05-27T16:28:43+08:00][sql] SELECT `id`,`title`,`thumbnail`,`industry` FROM `cmf_product` WHERE  `is_recommended` = 1  AND `category_id` = 19 ORDER BY `list_order` ASC LIMIT 6 [ RunTime:0.000427s ]
[2026-05-27T16:28:43+08:00][sql] SELECT `id`,`title`,`thumbnail`,`industry` FROM `cmf_product` WHERE  `is_recommended` = 1  AND `category_id` = 23 ORDER BY `list_order` ASC LIMIT 6 [ RunTime:0.000412s ]
[2026-05-27T16:28:43+08:00][sql] SELECT `id`,`title`,`thumbnail`,`industry` FROM `cmf_product` WHERE  `is_recommended` = 1  AND `category_id` = 25 ORDER BY `list_order` ASC LIMIT 6 [ RunTime:0.000356s ]
[2026-05-27T16:28:43+08:00][sql] SELECT `id`,`title`,`thumbnail`,`industry` FROM `cmf_product` WHERE  `is_recommended` = 1  AND `category_id` = 30 ORDER BY `list_order` ASC LIMIT 6 [ RunTime:0.000320s ]
[2026-05-27T16:28:43+08:00][sql] SHOW FULL COLUMNS FROM `cmf_portal_post` [ RunTime:0.001444s ]
[2026-05-27T16:28:43+08:00][sql] SELECT `p`.`id`,`p`.`post_title`,`p`.`post_excerpt`,`p`.`thumbnail`,`p`.`create_time`,`c`.`category_id` FROM `cmf_portal_post` `p` INNER JOIN `cmf_portal_category_post` `c` ON `p`.`id`=`c`.`post_id` WHERE (  `p`.`post_type` = '8' ) AND `p`.`delete_time` = '0' ORDER BY `c`.`list_order` ASC,`p`.`create_time` DESC [ RunTime:0.000728s ]
[2026-05-27T16:28:43+08:00][sql] SELECT `id`,`post_title`,`post_excerpt`,`more` FROM `cmf_portal_post` WHERE (  `post_type` = 3 ) AND `cmf_portal_post`.`delete_time` = '0' ORDER BY `create_time` DESC [ RunTime:0.000369s ]
[2026-05-27T16:28:43+08:00][sql] SHOW FULL COLUMNS FROM `cmf_theme_file` [ RunTime:0.000991s ]
[2026-05-27T16:28:43+08:00][sql] SELECT `more`,`file`,`id` FROM `cmf_theme_file` WHERE  `theme` = 'simpleboot3'  AND (  `is_public` = 1 OR `file` = 'portal/index' ) ORDER BY `is_public` DESC [ RunTime:0.000507s ]
[2026-05-27T16:28:43+08:00][sql] SELECT `option_value` FROM `cmf_option` WHERE  `option_name` = 'storage' LIMIT 1 [ RunTime:0.000620s ]
[2026-05-27T16:29:01+08:00][sql] CONNECT:[ UseTime:0.000940s ] mysql:host=127.0.0.1;port=3306;dbname=nucleon;charset=utf8mb4
[2026-05-27T16:29:01+08:00][sql] SHOW FULL COLUMNS FROM `cmf_option` [ RunTime:0.001405s ]
[2026-05-27T16:29:01+08:00][sql] SELECT `option_value` FROM `cmf_option` WHERE  `option_name` = 'cdn_settings' LIMIT 1 [ RunTime:0.000271s ]
[2026-05-27T16:29:01+08:00][sql] SELECT `option_value` FROM `cmf_option` WHERE  `option_name` = 'cdn_settings' LIMIT 1 [ RunTime:0.000473s ]
[2026-05-27T16:29:01+08:00][sql] SHOW FULL COLUMNS FROM `cmf_product_category` [ RunTime:0.001343s ]
[2026-05-27T16:29:01+08:00][sql] SELECT * FROM `cmf_product_category` WHERE  `parent_id` = 0 ORDER BY `list_order` ASC,`create_time` DESC [ RunTime:0.000494s ]
[2026-05-27T16:29:01+08:00][sql] SELECT * FROM `cmf_product_category` WHERE  `parent_id` IN (28,19,22,23,25,30,27) [ RunTime:0.000328s ]
[2026-05-27T16:29:01+08:00][sql] SHOW FULL COLUMNS FROM `cmf_portal_category` [ RunTime:0.001183s ]
[2026-05-27T16:29:01+08:00][sql] SELECT * FROM `cmf_portal_category` WHERE (  `type` = 8 ) AND `cmf_portal_category`.`delete_time` = '0' ORDER BY `list_order` ASC [ RunTime:0.000427s ]
[2026-05-27T16:29:01+08:00][sql] SHOW FULL COLUMNS FROM `cmf_slide_item` [ RunTime:0.001000s ]
[2026-05-27T16:29:01+08:00][sql] SELECT `title`,`description`,`image`,`url`,`target`,`content` FROM `cmf_slide_item` WHERE  `slide_id` = 1 ORDER BY `list_order` ASC [ RunTime:0.000540s ]
[2026-05-27T16:29:01+08:00][sql] SHOW FULL COLUMNS FROM `cmf_slide` [ RunTime:0.001459s ]
[2026-05-27T16:29:01+08:00][sql] SELECT * FROM `cmf_slide` WHERE  `name` LIKE '%choose%' OR `name` LIKE '%选择%' LIMIT 1 [ RunTime:0.001106s ]
[2026-05-27T16:29:01+08:00][sql] SELECT `title`,`description`,`image`,`url`,`target`,`content` FROM `cmf_slide_item` WHERE  `slide_id` = 14  AND `status` = 1 ORDER BY `list_order` ASC [ RunTime:0.000402s ]
[2026-05-27T16:29:01+08:00][sql] SELECT * FROM `cmf_product_category` WHERE  `parent_id` = 0  AND `recommend` = 1 ORDER BY `list_order` ASC,`create_time` DESC [ RunTime:0.000379s ]
[2026-05-27T16:29:01+08:00][sql] SHOW FULL COLUMNS FROM `cmf_product` [ RunTime:0.001351s ]
[2026-05-27T16:29:01+08:00][sql] SELECT `id`,`title`,`thumbnail`,`industry` FROM `cmf_product` WHERE  `is_recommended` = 1  AND `category_id` = 28 ORDER BY `list_order` ASC LIMIT 6 [ RunTime:0.000739s ]
[2026-05-27T16:29:01+08:00][sql] SELECT `id`,`title`,`thumbnail`,`industry` FROM `cmf_product` WHERE  `is_recommended` = 1  AND `category_id` = 19 ORDER BY `list_order` ASC LIMIT 6 [ RunTime:0.000425s ]
[2026-05-27T16:29:01+08:00][sql] SELECT `id`,`title`,`thumbnail`,`industry` FROM `cmf_product` WHERE  `is_recommended` = 1  AND `category_id` = 23 ORDER BY `list_order` ASC LIMIT 6 [ RunTime:0.000343s ]
[2026-05-27T16:29:01+08:00][sql] SELECT `id`,`title`,`thumbnail`,`industry` FROM `cmf_product` WHERE  `is_recommended` = 1  AND `category_id` = 25 ORDER BY `list_order` ASC LIMIT 6 [ RunTime:0.000293s ]
[2026-05-27T16:29:01+08:00][sql] SELECT `id`,`title`,`thumbnail`,`industry` FROM `cmf_product` WHERE  `is_recommended` = 1  AND `category_id` = 30 ORDER BY `list_order` ASC LIMIT 6 [ RunTime:0.000293s ]
[2026-05-27T16:29:01+08:00][sql] SHOW FULL COLUMNS FROM `cmf_portal_post` [ RunTime:0.001227s ]
[2026-05-27T16:29:01+08:00][sql] SELECT `p`.`id`,`p`.`post_title`,`p`.`post_excerpt`,`p`.`thumbnail`,`p`.`create_time`,`c`.`category_id` FROM `cmf_portal_post` `p` INNER JOIN `cmf_portal_category_post` `c` ON `p`.`id`=`c`.`post_id` WHERE (  `p`.`post_type` = '8' ) AND `p`.`delete_time` = '0' ORDER BY `c`.`list_order` ASC,`p`.`create_time` DESC [ RunTime:0.000836s ]
[2026-05-27T16:29:01+08:00][sql] SELECT `id`,`post_title`,`post_excerpt`,`more` FROM `cmf_portal_post` WHERE (  `post_type` = 3 ) AND `cmf_portal_post`.`delete_time` = '0' ORDER BY `create_time` DESC [ RunTime:0.000375s ]
[2026-05-27T16:29:01+08:00][sql] SHOW FULL COLUMNS FROM `cmf_theme_file` [ RunTime:0.000943s ]
[2026-05-27T16:29:01+08:00][sql] SELECT `more`,`file`,`id` FROM `cmf_theme_file` WHERE  `theme` = 'simpleboot3'  AND (  `is_public` = 1 OR `file` = 'portal/index' ) ORDER BY `is_public` DESC [ RunTime:0.000744s ]
[2026-05-27T16:29:01+08:00][sql] SELECT `option_value` FROM `cmf_option` WHERE  `option_name` = 'storage' LIMIT 1 [ RunTime:0.000397s ]
[2026-05-27T16:29:11+08:00][sql] CONNECT:[ UseTime:0.001263s ] mysql:host=127.0.0.1;port=3306;dbname=nucleon;charset=utf8mb4
[2026-05-27T16:29:11+08:00][sql] SHOW FULL COLUMNS FROM `cmf_option` [ RunTime:0.001382s ]
[2026-05-27T16:29:11+08:00][sql] SELECT `option_value` FROM `cmf_option` WHERE  `option_name` = 'cdn_settings' LIMIT 1 [ RunTime:0.000263s ]
[2026-05-27T16:29:11+08:00][sql] SELECT `option_value` FROM `cmf_option` WHERE  `option_name` = 'cdn_settings' LIMIT 1 [ RunTime:0.000303s ]
[2026-05-27T16:29:11+08:00][sql] SHOW FULL COLUMNS FROM `cmf_product_category` [ RunTime:0.001250s ]
[2026-05-27T16:29:11+08:00][sql] SELECT * FROM `cmf_product_category` WHERE  `parent_id` = 0 ORDER BY `list_order` ASC,`create_time` DESC [ RunTime:0.000628s ]
[2026-05-27T16:29:11+08:00][sql] SELECT * FROM `cmf_product_category` WHERE  `parent_id` IN (28,19,22,23,25,30,27) [ RunTime:0.000330s ]
[2026-05-27T16:29:11+08:00][sql] SHOW FULL COLUMNS FROM `cmf_portal_category` [ RunTime:0.001226s ]
[2026-05-27T16:29:11+08:00][sql] SELECT * FROM `cmf_portal_category` WHERE (  `type` = 8 ) AND `cmf_portal_category`.`delete_time` = '0' ORDER BY `list_order` ASC [ RunTime:0.000460s ]
[2026-05-27T16:29:11+08:00][sql] SHOW FULL COLUMNS FROM `cmf_slide_item` [ RunTime:0.001093s ]
[2026-05-27T16:29:11+08:00][sql] SELECT `title`,`description`,`image` FROM `cmf_slide_item` WHERE  `slide_id` = 4  AND `status` = 1 ORDER BY `list_order` ASC,`id` DESC LIMIT 1 [ RunTime:0.000492s ]
[2026-05-27T16:29:11+08:00][sql] SHOW FULL COLUMNS FROM `cmf_theme_file` [ RunTime:0.000826s ]
[2026-05-27T16:29:11+08:00][sql] SELECT `more`,`file`,`id` FROM `cmf_theme_file` WHERE  `theme` = 'simpleboot3'  AND (  `is_public` = 1 OR `file` = 'portal/about' ) ORDER BY `is_public` DESC [ RunTime:0.000360s ]
[2026-05-27T16:29:11+08:00][sql] SELECT `option_value` FROM `cmf_option` WHERE  `option_name` = 'storage' LIMIT 1 [ RunTime:0.000436s ]
[2026-05-27T16:29:24+08:00][sql] CONNECT:[ UseTime:0.000678s ] mysql:host=127.0.0.1;port=3306;dbname=nucleon;charset=utf8mb4
[2026-05-27T16:29:24+08:00][sql] SHOW FULL COLUMNS FROM `cmf_option` [ RunTime:0.001139s ]
[2026-05-27T16:29:24+08:00][sql] SELECT `option_value` FROM `cmf_option` WHERE  `option_name` = 'cdn_settings' LIMIT 1 [ RunTime:0.000234s ]
[2026-05-27T16:29:24+08:00][sql] SELECT `option_value` FROM `cmf_option` WHERE  `option_name` = 'cdn_settings' LIMIT 1 [ RunTime:0.000353s ]
[2026-05-27T16:29:24+08:00][sql] SHOW FULL COLUMNS FROM `cmf_product_category` [ RunTime:0.000894s ]
[2026-05-27T16:29:24+08:00][sql] SELECT * FROM `cmf_product_category` WHERE  `parent_id` = 0 ORDER BY `list_order` ASC,`create_time` DESC [ RunTime:0.000384s ]
[2026-05-27T16:29:24+08:00][sql] SELECT * FROM `cmf_product_category` WHERE  `parent_id` IN (28,19,22,23,25,30,27) [ RunTime:0.000287s ]
[2026-05-27T16:29:24+08:00][sql] SHOW FULL COLUMNS FROM `cmf_portal_category` [ RunTime:0.001102s ]
[2026-05-27T16:29:24+08:00][sql] SELECT * FROM `cmf_portal_category` WHERE (  `type` = 8 ) AND `cmf_portal_category`.`delete_time` = '0' ORDER BY `list_order` ASC [ RunTime:0.000595s ]
[2026-05-27T16:29:24+08:00][sql] SHOW FULL COLUMNS FROM `cmf_slide_item` [ RunTime:0.001011s ]
[2026-05-27T16:29:24+08:00][sql] SELECT `title`,`description`,`image`,`url`,`target`,`content` FROM `cmf_slide_item` WHERE  `slide_id` = 1 ORDER BY `list_order` ASC [ RunTime:0.000511s ]
[2026-05-27T16:29:24+08:00][sql] SHOW FULL COLUMNS FROM `cmf_slide` [ RunTime:0.000761s ]
[2026-05-27T16:29:24+08:00][sql] SELECT * FROM `cmf_slide` WHERE  `name` LIKE '%choose%' OR `name` LIKE '%选择%' LIMIT 1 [ RunTime:0.000412s ]
[2026-05-27T16:29:24+08:00][sql] SELECT `title`,`description`,`image`,`url`,`target`,`content` FROM `cmf_slide_item` WHERE  `slide_id` = 14  AND `status` = 1 ORDER BY `list_order` ASC [ RunTime:0.000295s ]
[2026-05-27T16:29:24+08:00][sql] SELECT * FROM `cmf_product_category` WHERE  `parent_id` = 0  AND `recommend` = 1 ORDER BY `list_order` ASC,`create_time` DESC [ RunTime:0.000293s ]
[2026-05-27T16:29:24+08:00][sql] SHOW FULL COLUMNS FROM `cmf_product` [ RunTime:0.001088s ]
[2026-05-27T16:29:24+08:00][sql] SELECT `id`,`title`,`thumbnail`,`industry` FROM `cmf_product` WHERE  `is_recommended` = 1  AND `category_id` = 28 ORDER BY `list_order` ASC LIMIT 6 [ RunTime:0.000869s ]
[2026-05-27T16:29:24+08:00][sql] SELECT `id`,`title`,`thumbnail`,`industry` FROM `cmf_product` WHERE  `is_recommended` = 1  AND `category_id` = 19 ORDER BY `list_order` ASC LIMIT 6 [ RunTime:0.000880s ]
[2026-05-27T16:29:24+08:00][sql] SELECT `id`,`title`,`thumbnail`,`industry` FROM `cmf_product` WHERE  `is_recommended` = 1  AND `category_id` = 23 ORDER BY `list_order` ASC LIMIT 6 [ RunTime:0.000474s ]
[2026-05-27T16:29:24+08:00][sql] SELECT `id`,`title`,`thumbnail`,`industry` FROM `cmf_product` WHERE  `is_recommended` = 1  AND `category_id` = 25 ORDER BY `list_order` ASC LIMIT 6 [ RunTime:0.000267s ]
[2026-05-27T16:29:24+08:00][sql] SELECT `id`,`title`,`thumbnail`,`industry` FROM `cmf_product` WHERE  `is_recommended` = 1  AND `category_id` = 30 ORDER BY `list_order` ASC LIMIT 6 [ RunTime:0.000241s ]
[2026-05-27T16:29:24+08:00][sql] SHOW FULL COLUMNS FROM `cmf_portal_post` [ RunTime:0.002615s ]
[2026-05-27T16:29:24+08:00][sql] SELECT `p`.`id`,`p`.`post_title`,`p`.`post_excerpt`,`p`.`thumbnail`,`p`.`create_time`,`c`.`category_id` FROM `cmf_portal_post` `p` INNER JOIN `cmf_portal_category_post` `c` ON `p`.`id`=`c`.`post_id` WHERE (  `p`.`post_type` = '8' ) AND `p`.`delete_time` = '0' ORDER BY `c`.`list_order` ASC,`p`.`create_time` DESC [ RunTime:0.000804s ]
[2026-05-27T16:29:24+08:00][sql] SELECT `id`,`post_title`,`post_excerpt`,`more` FROM `cmf_portal_post` WHERE (  `post_type` = 3 ) AND `cmf_portal_post`.`delete_time` = '0' ORDER BY `create_time` DESC [ RunTime:0.000288s ]
[2026-05-27T16:29:24+08:00][sql] SHOW FULL COLUMNS FROM `cmf_theme_file` [ RunTime:0.000999s ]
[2026-05-27T16:29:24+08:00][sql] SELECT `more`,`file`,`id` FROM `cmf_theme_file` WHERE  `theme` = 'simpleboot3'  AND (  `is_public` = 1 OR `file` = 'portal/index' ) ORDER BY `is_public` DESC [ RunTime:0.000844s ]
[2026-05-27T16:29:24+08:00][sql] SELECT `option_value` FROM `cmf_option` WHERE  `option_name` = 'storage' LIMIT 1 [ RunTime:0.000306s ]
[2026-05-27T16:33:09+08:00][sql] CONNECT:[ UseTime:0.001274s ] mysql:host=127.0.0.1;port=3306;dbname=nucleon;charset=utf8mb4
[2026-05-27T16:33:09+08:00][sql] SHOW FULL COLUMNS FROM `cmf_plugin` [ RunTime:0.001657s ]
[2026-05-27T16:33:09+08:00][sql] SELECT `config` FROM `cmf_plugin` WHERE  `name` = 'SwitchTheme' LIMIT 1 [ RunTime:0.000705s ]
[2026-05-27T16:33:09+08:00][sql] SHOW FULL COLUMNS FROM `cmf_option` [ RunTime:0.002243s ]
[2026-05-27T16:33:09+08:00][sql] SELECT `option_value` FROM `cmf_option` WHERE  `option_name` = 'cdn_settings' LIMIT 1 [ RunTime:0.000525s ]
[2026-05-27T16:33:09+08:00][sql] SELECT `option_value` FROM `cmf_option` WHERE  `option_name` = 'cdn_settings' LIMIT 1 [ RunTime:0.000624s ]
[2026-05-27T16:33:09+08:00][sql] SHOW FULL COLUMNS FROM `cmf_product_category` [ RunTime:0.001254s ]
[2026-05-27T16:33:09+08:00][sql] SELECT * FROM `cmf_product_category` WHERE  `parent_id` = 0 ORDER BY `list_order` ASC,`create_time` DESC [ RunTime:0.000640s ]
[2026-05-27T16:33:09+08:00][sql] SELECT * FROM `cmf_product_category` WHERE  `parent_id` IN (28,19,22,23,25,30,27) [ RunTime:0.000464s ]
[2026-05-27T16:33:09+08:00][sql] SHOW FULL COLUMNS FROM `cmf_portal_category` [ RunTime:0.001995s ]
[2026-05-27T16:33:09+08:00][sql] SELECT * FROM `cmf_portal_category` WHERE (  `type` = 8 ) AND `cmf_portal_category`.`delete_time` = '0' ORDER BY `list_order` ASC [ RunTime:0.000717s ]
[2026-05-27T16:33:09+08:00][sql] SHOW FULL COLUMNS FROM `cmf_slide_item` [ RunTime:0.001323s ]
[2026-05-27T16:33:09+08:00][sql] SELECT `title`,`description`,`image`,`url`,`target`,`content` FROM `cmf_slide_item` WHERE  `slide_id` = 1 ORDER BY `list_order` ASC [ RunTime:0.000377s ]
[2026-05-27T16:33:09+08:00][sql] SHOW FULL COLUMNS FROM `cmf_slide` [ RunTime:0.000961s ]
[2026-05-27T16:33:09+08:00][sql] SELECT * FROM `cmf_slide` WHERE  `name` LIKE '%choose%' OR `name` LIKE '%选择%' LIMIT 1 [ RunTime:0.000554s ]
[2026-05-27T16:33:09+08:00][sql] SELECT `title`,`description`,`image`,`url`,`target`,`content` FROM `cmf_slide_item` WHERE  `slide_id` = 14  AND `status` = 1 ORDER BY `list_order` ASC [ RunTime:0.000367s ]
[2026-05-27T16:33:09+08:00][sql] SELECT * FROM `cmf_product_category` WHERE  `parent_id` = 0  AND `recommend` = 1 ORDER BY `list_order` ASC,`create_time` DESC [ RunTime:0.000301s ]
[2026-05-27T16:33:09+08:00][sql] SHOW FULL COLUMNS FROM `cmf_product` [ RunTime:0.001443s ]
[2026-05-27T16:33:09+08:00][sql] SELECT `id`,`title`,`thumbnail`,`industry` FROM `cmf_product` WHERE  `is_recommended` = 1  AND `category_id` = 28 ORDER BY `list_order` ASC LIMIT 6 [ RunTime:0.001367s ]
[2026-05-27T16:33:09+08:00][sql] SELECT `id`,`title`,`thumbnail`,`industry` FROM `cmf_product` WHERE  `is_recommended` = 1  AND `category_id` = 19 ORDER BY `list_order` ASC LIMIT 6 [ RunTime:0.000428s ]
[2026-05-27T16:33:09+08:00][sql] SELECT `id`,`title`,`thumbnail`,`industry` FROM `cmf_product` WHERE  `is_recommended` = 1  AND `category_id` = 23 ORDER BY `list_order` ASC LIMIT 6 [ RunTime:0.000371s ]
[2026-05-27T16:33:09+08:00][sql] SELECT `id`,`title`,`thumbnail`,`industry` FROM `cmf_product` WHERE  `is_recommended` = 1  AND `category_id` = 25 ORDER BY `list_order` ASC LIMIT 6 [ RunTime:0.000317s ]
[2026-05-27T16:33:09+08:00][sql] SELECT `id`,`title`,`thumbnail`,`industry` FROM `cmf_product` WHERE  `is_recommended` = 1  AND `category_id` = 30 ORDER BY `list_order` ASC LIMIT 6 [ RunTime:0.000294s ]
[2026-05-27T16:33:09+08:00][sql] SHOW FULL COLUMNS FROM `cmf_portal_post` [ RunTime:0.001716s ]
[2026-05-27T16:33:09+08:00][sql] SELECT `p`.`id`,`p`.`post_title`,`p`.`post_excerpt`,`p`.`thumbnail`,`p`.`create_time`,`c`.`category_id` FROM `cmf_portal_post` `p` INNER JOIN `cmf_portal_category_post` `c` ON `p`.`id`=`c`.`post_id` WHERE (  `p`.`post_type` = '8' ) AND `p`.`delete_time` = '0' ORDER BY `c`.`list_order` ASC,`p`.`create_time` DESC [ RunTime:0.000890s ]
[2026-05-27T16:33:09+08:00][sql] SELECT `id`,`post_title`,`post_excerpt`,`more` FROM `cmf_portal_post` WHERE (  `post_type` = 3 ) AND `cmf_portal_post`.`delete_time` = '0' ORDER BY `create_time` DESC [ RunTime:0.000407s ]
[2026-05-27T16:33:09+08:00][sql] SHOW FULL COLUMNS FROM `cmf_theme_file` [ RunTime:0.001113s ]
[2026-05-27T16:33:09+08:00][sql] SELECT `more`,`file`,`id` FROM `cmf_theme_file` WHERE  `theme` = 'simpleboot3'  AND (  `is_public` = 1 OR `file` = 'portal/index' ) ORDER BY `is_public` DESC [ RunTime:0.000493s ]
[2026-05-27T16:33:09+08:00][sql] SELECT `option_value` FROM `cmf_option` WHERE  `option_name` = 'storage' LIMIT 1 [ RunTime:0.000542s ]
[2026-05-27T16:41:26+08:00][sql] CONNECT:[ UseTime:0.001806s ] mysql:host=127.0.0.1;port=3306;dbname=nucleon;charset=utf8mb4
[2026-05-27T16:41:26+08:00][sql] SHOW FULL COLUMNS FROM `cmf_hook` [ RunTime:0.001673s ]
[2026-05-27T16:41:26+08:00][sql] SELECT `hook` FROM `cmf_hook` WHERE  `app` = 'user' [ RunTime:0.000634s ]
[2026-05-27T16:41:26+08:00][sql] SHOW FULL COLUMNS FROM `cmf_hook_plugin` [ RunTime:0.000860s ]
[2026-05-27T16:41:26+08:00][sql] SELECT `hook`,`plugin` FROM `cmf_hook_plugin` WHERE  `status` = 1  AND `hook` IN ('fetch_upload_view','user_admin_index_view','user_admin_asset_index_view','user_admin_oauth_index_view','check_third_party_captcha','user_login_start') ORDER BY `list_order` ASC [ RunTime:0.000462s ]
[2026-05-27T16:41:26+08:00][sql] SHOW FULL COLUMNS FROM `cmf_option` [ RunTime:0.001104s ]
[2026-05-27T16:41:26+08:00][sql] SELECT `option_value` FROM `cmf_option` WHERE  `option_name` = 'cdn_settings' LIMIT 1 [ RunTime:0.000577s ]
[2026-05-27T16:41:26+08:00][sql] SELECT `option_value` FROM `cmf_option` WHERE  `option_name` = 'upload_setting' LIMIT 1 [ RunTime:0.000658s ]
[2026-05-27T16:41:26+08:00][sql] SELECT `option_value` FROM `cmf_option` WHERE  `option_name` = 'admin_settings' LIMIT 1 [ RunTime:0.001175s ]
[2026-05-27T16:41:26+08:00][sql] SELECT `option_value` FROM `cmf_option` WHERE  `option_name` = 'storage' LIMIT 1 [ RunTime:0.000851s ]
[2026-05-27T16:43:07+08:00][sql] CONNECT:[ UseTime:0.001020s ] mysql:host=127.0.0.1;port=3306;dbname=nucleon;charset=utf8mb4
[2026-05-27T16:43:07+08:00][sql] SHOW FULL COLUMNS FROM `cmf_option` [ RunTime:0.001179s ]
[2026-05-27T16:43:07+08:00][sql] SELECT `option_value` FROM `cmf_option` WHERE  `option_name` = 'cdn_settings' LIMIT 1 [ RunTime:0.000248s ]
[2026-05-27T16:43:07+08:00][sql] SELECT * FROM `cmf_option` WHERE  `option_name` = 'cmf_settings' LIMIT 1 [ RunTime:0.000485s ]
[2026-05-27T16:43:07+08:00][sql] SHOW FULL COLUMNS FROM `cmf_asset` [ RunTime:0.001420s ]
[2026-05-27T16:43:07+08:00][sql] SELECT * FROM `cmf_asset` WHERE  `user_id` = 1  AND `file_key` = '054990ea0162e69bab95c371c2bae7debf9a94f20f3c3b8d1d11c0c9b1478d3d' LIMIT 1 [ RunTime:0.002826s ]
[2026-05-27T16:43:07+08:00][sql] SELECT `option_value` FROM `cmf_option` WHERE  `option_name` = 'storage' LIMIT 1 [ RunTime:0.000237s ]
[2026-05-27T16:43:07+08:00][sql] INSERT INTO `cmf_asset` SET `user_id` = 1 , `file_size` = 1472 , `create_time` = 1779871387 , `file_md5` = '054990ea0162e69bab95c371c2bae7de' , `file_sha1` = '841d9a531def3cff67df7d54948f6fa3fb93f1e6' , `file_key` = '054990ea0162e69bab95c371c2bae7debf9a94f20f3c3b8d1d11c0c9b1478d3d' , `filename` = 'Safety First.webp' , `file_path` = 'admin/20260527/68aa6c742a2d455d1408cde608051841.webp' , `suffix` = 'webp' [ RunTime:0.000503s ]
[2026-05-27T16:43:09+08:00][sql] CONNECT:[ UseTime:0.000844s ] mysql:host=127.0.0.1;port=3306;dbname=nucleon;charset=utf8mb4
[2026-05-27T16:43:09+08:00][sql] SHOW FULL COLUMNS FROM `cmf_option` [ RunTime:0.001623s ]
[2026-05-27T16:43:09+08:00][sql] SELECT `option_value` FROM `cmf_option` WHERE  `option_name` = 'cdn_settings' LIMIT 1 [ RunTime:0.000304s ]
[2026-05-27T16:43:09+08:00][sql] SELECT `option_value` FROM `cmf_option` WHERE  `option_name` = 'storage' LIMIT 1 [ RunTime:0.000615s ]
[2026-05-27T16:43:21+08:00][sql] CONNECT:[ UseTime:0.000952s ] mysql:host=127.0.0.1;port=3306;dbname=nucleon;charset=utf8mb4
[2026-05-27T16:43:21+08:00][sql] SHOW FULL COLUMNS FROM `cmf_option` [ RunTime:0.001443s ]
[2026-05-27T16:43:21+08:00][sql] SELECT `option_value` FROM `cmf_option` WHERE  `option_name` = 'cdn_settings' LIMIT 1 [ RunTime:0.000298s ]
[2026-05-27T16:43:21+08:00][sql] SELECT * FROM `cmf_option` WHERE  `option_name` = 'cmf_settings' LIMIT 1 [ RunTime:0.000445s ]
[2026-05-27T16:43:21+08:00][sql] SHOW FULL COLUMNS FROM `cmf_asset` [ RunTime:0.001674s ]
[2026-05-27T16:43:21+08:00][sql] SELECT * FROM `cmf_asset` WHERE  `user_id` = 1  AND `file_key` = '5a941e5b5386f4115a68715acf23756b33ed6113e9ce5627d66aa7147ca2b1b8' LIMIT 1 [ RunTime:0.001387s ]
[2026-05-27T16:43:21+08:00][sql] SELECT `option_value` FROM `cmf_option` WHERE  `option_name` = 'storage' LIMIT 1 [ RunTime:0.000776s ]
[2026-05-27T16:43:21+08:00][sql] INSERT INTO `cmf_asset` SET `user_id` = 1 , `file_size` = 1176 , `create_time` = 1779871401 , `file_md5` = '5a941e5b5386f4115a68715acf23756b' , `file_sha1` = '6d9542d01157b9a88056019c8b9f42bb8b671a30' , `file_key` = '5a941e5b5386f4115a68715acf23756b33ed6113e9ce5627d66aa7147ca2b1b8' , `filename` = 'Custom Engineering.webp' , `file_path` = 'admin/20260527/bc3eef13d7136b3c010df8c74e9d1d00.webp' , `suffix` = 'webp' [ RunTime:0.000913s ]
[2026-05-27T16:43:23+08:00][sql] CONNECT:[ UseTime:0.000958s ] mysql:host=127.0.0.1;port=3306;dbname=nucleon;charset=utf8mb4
[2026-05-27T16:43:23+08:00][sql] SHOW FULL COLUMNS FROM `cmf_option` [ RunTime:0.002587s ]
[2026-05-27T16:43:23+08:00][sql] SELECT `option_value` FROM `cmf_option` WHERE  `option_name` = 'cdn_settings' LIMIT 1 [ RunTime:0.000550s ]
[2026-05-27T16:43:23+08:00][sql] SELECT `option_value` FROM `cmf_option` WHERE  `option_name` = 'storage' LIMIT 1 [ RunTime:0.000574s ]
[2026-05-27T16:43:31+08:00][sql] CONNECT:[ UseTime:0.000907s ] mysql:host=127.0.0.1;port=3306;dbname=nucleon;charset=utf8mb4
[2026-05-27T16:43:31+08:00][sql] SHOW FULL COLUMNS FROM `cmf_option` [ RunTime:0.001424s ]
[2026-05-27T16:43:31+08:00][sql] SELECT `option_value` FROM `cmf_option` WHERE  `option_name` = 'cdn_settings' LIMIT 1 [ RunTime:0.000417s ]
[2026-05-27T16:43:31+08:00][sql] SELECT * FROM `cmf_option` WHERE  `option_name` = 'cmf_settings' LIMIT 1 [ RunTime:0.000485s ]
[2026-05-27T16:43:31+08:00][sql] SHOW FULL COLUMNS FROM `cmf_asset` [ RunTime:0.001253s ]
[2026-05-27T16:43:31+08:00][sql] SELECT * FROM `cmf_asset` WHERE  `user_id` = 1  AND `file_key` = 'ce9a0cd6be1ae9422ff12b735d4945d2b7f39823e1bad3eba9d20d4ca290472f' LIMIT 1 [ RunTime:0.001295s ]
[2026-05-27T16:43:31+08:00][sql] SELECT `option_value` FROM `cmf_option` WHERE  `option_name` = 'storage' LIMIT 1 [ RunTime:0.000272s ]
[2026-05-27T16:43:31+08:00][sql] INSERT INTO `cmf_asset` SET `user_id` = 1 , `file_size` = 1574 , `create_time` = 1779871411 , `file_md5` = 'ce9a0cd6be1ae9422ff12b735d4945d2' , `file_sha1` = '2ffa7c0914332ffdf889979e8adc6447cb2bb1fa' , `file_key` = 'ce9a0cd6be1ae9422ff12b735d4945d2b7f39823e1bad3eba9d20d4ca290472f' , `filename` = 'Global Support.webp' , `file_path` = 'admin/20260527/a0b999db3846ed6c0ef248ee1b2a7dd4.webp' , `suffix` = 'webp' [ RunTime:0.000413s ]
[2026-05-27T16:43:36+08:00][sql] CONNECT:[ UseTime:0.001150s ] mysql:host=127.0.0.1;port=3306;dbname=nucleon;charset=utf8mb4
[2026-05-27T16:43:36+08:00][sql] SHOW FULL COLUMNS FROM `cmf_option` [ RunTime:0.001242s ]
[2026-05-27T16:43:36+08:00][sql] SELECT `option_value` FROM `cmf_option` WHERE  `option_name` = 'cdn_settings' LIMIT 1 [ RunTime:0.000276s ]
[2026-05-27T16:43:36+08:00][sql] SELECT `option_value` FROM `cmf_option` WHERE  `option_name` = 'storage' LIMIT 1 [ RunTime:0.000364s ]
[2026-05-27T16:43:42+08:00][sql] CONNECT:[ UseTime:0.000955s ] mysql:host=127.0.0.1;port=3306;dbname=nucleon;charset=utf8mb4
[2026-05-27T16:43:42+08:00][sql] SHOW FULL COLUMNS FROM `cmf_option` [ RunTime:0.001296s ]
[2026-05-27T16:43:42+08:00][sql] SELECT `option_value` FROM `cmf_option` WHERE  `option_name` = 'cdn_settings' LIMIT 1 [ RunTime:0.000247s ]
[2026-05-27T16:43:42+08:00][sql] SELECT * FROM `cmf_option` WHERE  `option_name` = 'cmf_settings' LIMIT 1 [ RunTime:0.000725s ]
[2026-05-27T16:43:42+08:00][sql] SHOW FULL COLUMNS FROM `cmf_asset` [ RunTime:0.003012s ]
[2026-05-27T16:43:42+08:00][sql] SELECT * FROM `cmf_asset` WHERE  `user_id` = 1  AND `file_key` = '3d5038be91f5e1bd7678844097d4c0fcabcd32b42b7d4a074bc9c6b0f9bc7492' LIMIT 1 [ RunTime:0.002286s ]
[2026-05-27T16:43:42+08:00][sql] SELECT `option_value` FROM `cmf_option` WHERE  `option_name` = 'storage' LIMIT 1 [ RunTime:0.000696s ]
[2026-05-27T16:43:42+08:00][sql] INSERT INTO `cmf_asset` SET `user_id` = 1 , `file_size` = 1290 , `create_time` = 1779871422 , `file_md5` = '3d5038be91f5e1bd7678844097d4c0fc' , `file_sha1` = '422e9fbab41d7628d62606910072d53daa48fecf' , `file_key` = '3d5038be91f5e1bd7678844097d4c0fcabcd32b42b7d4a074bc9c6b0f9bc7492' , `filename` = 'Cost-Effective ROI.webp' , `file_path` = 'admin/20260527/9f36d3ed93369d35d1db1375382411bc.webp' , `suffix` = 'webp' [ RunTime:0.000775s ]
[2026-05-27T16:43:47+08:00][sql] CONNECT:[ UseTime:0.001211s ] mysql:host=127.0.0.1;port=3306;dbname=nucleon;charset=utf8mb4
[2026-05-27T16:43:47+08:00][sql] SHOW FULL COLUMNS FROM `cmf_option` [ RunTime:0.002472s ]
[2026-05-27T16:43:47+08:00][sql] SELECT `option_value` FROM `cmf_option` WHERE  `option_name` = 'cdn_settings' LIMIT 1 [ RunTime:0.000343s ]
[2026-05-27T16:43:47+08:00][sql] SELECT `option_value` FROM `cmf_option` WHERE  `option_name` = 'storage' LIMIT 1 [ RunTime:0.000956s ]
[2026-05-27T16:43:56+08:00][sql] CONNECT:[ UseTime:0.002055s ] mysql:host=127.0.0.1;port=3306;dbname=nucleon;charset=utf8mb4
[2026-05-27T16:43:56+08:00][sql] SHOW FULL COLUMNS FROM `cmf_option` [ RunTime:0.001141s ]
[2026-05-27T16:43:56+08:00][sql] SELECT `option_value` FROM `cmf_option` WHERE  `option_name` = 'cdn_settings' LIMIT 1 [ RunTime:0.000210s ]
[2026-05-27T16:43:56+08:00][sql] SELECT * FROM `cmf_option` WHERE  `option_name` = 'cmf_settings' LIMIT 1 [ RunTime:0.000963s ]
[2026-05-27T16:43:56+08:00][sql] SHOW FULL COLUMNS FROM `cmf_asset` [ RunTime:0.002014s ]
[2026-05-27T16:43:56+08:00][sql] SELECT * FROM `cmf_asset` WHERE  `user_id` = 1  AND `file_key` = 'a67d71ee15a6dd1b5a8b67c9504fe9449baf7efe2f642c3ff61d419ab21b75d6' LIMIT 1 [ RunTime:0.001298s ]
[2026-05-27T16:43:56+08:00][sql] SELECT `option_value` FROM `cmf_option` WHERE  `option_name` = 'storage' LIMIT 1 [ RunTime:0.000541s ]
[2026-05-27T16:43:56+08:00][sql] INSERT INTO `cmf_asset` SET `user_id` = 1 , `file_size` = 1634 , `create_time` = 1779871436 , `file_md5` = 'a67d71ee15a6dd1b5a8b67c9504fe944' , `file_sha1` = '8e6e4ae908d4cbd8892646a5fe9be46c46fba984' , `file_key` = 'a67d71ee15a6dd1b5a8b67c9504fe9449baf7efe2f642c3ff61d419ab21b75d6' , `filename` = '500+.webp' , `file_path` = 'admin/20260527/7baaf496dd70a49db343b8ebaf1946bb.webp' , `suffix` = 'webp' [ RunTime:0.000420s ]
[2026-05-27T16:44:01+08:00][sql] CONNECT:[ UseTime:0.000697s ] mysql:host=127.0.0.1;port=3306;dbname=nucleon;charset=utf8mb4
[2026-05-27T16:44:01+08:00][sql] SHOW FULL COLUMNS FROM `cmf_option` [ RunTime:0.001666s ]
[2026-05-27T16:44:01+08:00][sql] SELECT `option_value` FROM `cmf_option` WHERE  `option_name` = 'cdn_settings' LIMIT 1 [ RunTime:0.000217s ]
[2026-05-27T16:44:01+08:00][sql] SELECT `option_value` FROM `cmf_option` WHERE  `option_name` = 'storage' LIMIT 1 [ RunTime:0.000306s ]
[2026-05-27T16:44:06+08:00][sql] CONNECT:[ UseTime:0.001088s ] mysql:host=127.0.0.1;port=3306;dbname=nucleon;charset=utf8mb4
[2026-05-27T16:44:06+08:00][sql] SHOW FULL COLUMNS FROM `cmf_option` [ RunTime:0.001913s ]
[2026-05-27T16:44:06+08:00][sql] SELECT `option_value` FROM `cmf_option` WHERE  `option_name` = 'cdn_settings' LIMIT 1 [ RunTime:0.000375s ]
[2026-05-27T16:44:06+08:00][sql] SELECT * FROM `cmf_option` WHERE  `option_name` = 'cmf_settings' LIMIT 1 [ RunTime:0.000404s ]
[2026-05-27T16:44:06+08:00][sql] SHOW FULL COLUMNS FROM `cmf_asset` [ RunTime:0.001417s ]
[2026-05-27T16:44:06+08:00][sql] SELECT * FROM `cmf_asset` WHERE  `user_id` = 1  AND `file_key` = '6d58b6ea3d604cd369b5e86650077e944ceeae750e396aa51dd75d4a3aa907cc' LIMIT 1 [ RunTime:0.001508s ]
[2026-05-27T16:44:06+08:00][sql] SELECT `option_value` FROM `cmf_option` WHERE  `option_name` = 'storage' LIMIT 1 [ RunTime:0.000231s ]
[2026-05-27T16:44:06+08:00][sql] INSERT INTO `cmf_asset` SET `user_id` = 1 , `file_size` = 1244 , `create_time` = 1779871446 , `file_md5` = '6d58b6ea3d604cd369b5e86650077e94' , `file_sha1` = '7976e90aafe96258339008ed0702625ca02217f0' , `file_key` = '6d58b6ea3d604cd369b5e86650077e944ceeae750e396aa51dd75d4a3aa907cc' , `filename` = '1200+.webp' , `file_path` = 'admin/20260527/6bda15553790b2a8b2b18244de047666.webp' , `suffix` = 'webp' [ RunTime:0.000397s ]
[2026-05-27T16:44:10+08:00][sql] CONNECT:[ UseTime:0.001032s ] mysql:host=127.0.0.1;port=3306;dbname=nucleon;charset=utf8mb4
[2026-05-27T16:44:10+08:00][sql] SHOW FULL COLUMNS FROM `cmf_option` [ RunTime:0.001321s ]
[2026-05-27T16:44:10+08:00][sql] SELECT `option_value` FROM `cmf_option` WHERE  `option_name` = 'cdn_settings' LIMIT 1 [ RunTime:0.000272s ]
[2026-05-27T16:44:10+08:00][sql] SELECT `option_value` FROM `cmf_option` WHERE  `option_name` = 'storage' LIMIT 1 [ RunTime:0.000554s ]
[2026-05-27T16:44:16+08:00][sql] CONNECT:[ UseTime:0.017218s ] mysql:host=127.0.0.1;port=3306;dbname=nucleon;charset=utf8mb4
[2026-05-27T16:44:16+08:00][sql] SHOW FULL COLUMNS FROM `cmf_option` [ RunTime:0.001571s ]
[2026-05-27T16:44:16+08:00][sql] SELECT `option_value` FROM `cmf_option` WHERE  `option_name` = 'cdn_settings' LIMIT 1 [ RunTime:0.000319s ]
[2026-05-27T16:44:16+08:00][sql] SELECT * FROM `cmf_option` WHERE  `option_name` = 'cmf_settings' LIMIT 1 [ RunTime:0.000631s ]
[2026-05-27T16:44:16+08:00][sql] SHOW FULL COLUMNS FROM `cmf_asset` [ RunTime:0.002067s ]
[2026-05-27T16:44:16+08:00][sql] SELECT * FROM `cmf_asset` WHERE  `user_id` = 1  AND `file_key` = 'e463b363916f017ecac7520f6bd039ac42b324638e5e6dcd29099a5cf6805972' LIMIT 1 [ RunTime:0.001484s ]
[2026-05-27T16:44:16+08:00][sql] SELECT `option_value` FROM `cmf_option` WHERE  `option_name` = 'storage' LIMIT 1 [ RunTime:0.000401s ]
[2026-05-27T16:44:16+08:00][sql] INSERT INTO `cmf_asset` SET `user_id` = 1 , `file_size` = 1260 , `create_time` = 1779871456 , `file_md5` = 'e463b363916f017ecac7520f6bd039ac' , `file_sha1` = '74c4414d81643933c58e256163b2cb0d05f041e7' , `file_key` = 'e463b363916f017ecac7520f6bd039ac42b324638e5e6dcd29099a5cf6805972' , `filename` = '33.webp' , `file_path` = 'admin/20260527/85ed45386887bd62b93590e732dc8a9e.webp' , `suffix` = 'webp' [ RunTime:0.000454s ]
[2026-05-27T16:44:19+08:00][sql] CONNECT:[ UseTime:0.000902s ] mysql:host=127.0.0.1;port=3306;dbname=nucleon;charset=utf8mb4
[2026-05-27T16:44:19+08:00][sql] SHOW FULL COLUMNS FROM `cmf_option` [ RunTime:0.001381s ]
[2026-05-27T16:44:19+08:00][sql] SELECT `option_value` FROM `cmf_option` WHERE  `option_name` = 'cdn_settings' LIMIT 1 [ RunTime:0.000345s ]
[2026-05-27T16:44:19+08:00][sql] SELECT `option_value` FROM `cmf_option` WHERE  `option_name` = 'storage' LIMIT 1 [ RunTime:0.000415s ]
[2026-05-27T16:44:24+08:00][sql] CONNECT:[ UseTime:0.001143s ] mysql:host=127.0.0.1;port=3306;dbname=nucleon;charset=utf8mb4
[2026-05-27T16:44:24+08:00][sql] SHOW FULL COLUMNS FROM `cmf_option` [ RunTime:0.002441s ]
[2026-05-27T16:44:24+08:00][sql] SELECT `option_value` FROM `cmf_option` WHERE  `option_name` = 'cdn_settings' LIMIT 1 [ RunTime:0.000522s ]
[2026-05-27T16:44:24+08:00][sql] SELECT * FROM `cmf_option` WHERE  `option_name` = 'cmf_settings' LIMIT 1 [ RunTime:0.000457s ]
[2026-05-27T16:44:24+08:00][sql] SHOW FULL COLUMNS FROM `cmf_asset` [ RunTime:0.001618s ]
[2026-05-27T16:44:24+08:00][sql] SELECT * FROM `cmf_asset` WHERE  `user_id` = 1  AND `file_key` = 'e4f48d0dc9b50d6798ee421a792b85b3e4c35ee63aebf0b7091c90a12e342bd1' LIMIT 1 [ RunTime:0.001461s ]
[2026-05-27T16:44:24+08:00][sql] SELECT `option_value` FROM `cmf_option` WHERE  `option_name` = 'storage' LIMIT 1 [ RunTime:0.000274s ]
[2026-05-27T16:44:24+08:00][sql] INSERT INTO `cmf_asset` SET `user_id` = 1 , `file_size` = 1628 , `create_time` = 1779871464 , `file_md5` = 'e4f48d0dc9b50d6798ee421a792b85b3' , `file_sha1` = 'f113cd704d64549316c48c8f21be713e662d72a6' , `file_key` = 'e4f48d0dc9b50d6798ee421a792b85b3e4c35ee63aebf0b7091c90a12e342bd1' , `filename` = '170+.webp' , `file_path` = 'admin/20260527/1a325f1189f09ee69e5b5a67dcb1cf12.webp' , `suffix` = 'webp' [ RunTime:0.000496s ]
[2026-05-27T16:44:27+08:00][sql] CONNECT:[ UseTime:0.000803s ] mysql:host=127.0.0.1;port=3306;dbname=nucleon;charset=utf8mb4
[2026-05-27T16:44:27+08:00][sql] SHOW FULL COLUMNS FROM `cmf_hook` [ RunTime:0.001439s ]
[2026-05-27T16:44:27+08:00][sql] SELECT `hook` FROM `cmf_hook` WHERE  `app` = 'admin' [ RunTime:0.000295s ]
[2026-05-27T16:44:27+08:00][sql] SHOW FULL COLUMNS FROM `cmf_hook_plugin` [ RunTime:0.000938s ]
[2026-05-27T16:44:27+08:00][sql] SELECT `hook`,`plugin` FROM `cmf_hook_plugin` WHERE  `status` = 1  AND `hook` IN ('admin_dashboard','admin_login','admin_theme_design_view','admin_setting_site_view','admin_setting_clear_cache_view','admin_nav_index_view','admin_link_index_view','admin_slide_index_view','admin_user_index_view','admin_rbac_index_view','admin_index_index_view','admin_recycle_bin_index_view','admin_menu_index_view','admin_custom_login_open','admin_slide_item_index_view','admin_slide_item_add_view','admin_slide_item_edit_view','admin_user_add_view','admin_user_edit_view','admin_rbac_role_add_view','admin_rbac_role_edit_view','admin_rbac_authorize_view','admin_api_import_view') ORDER BY `list_order` ASC [ RunTime:0.000389s ]
[2026-05-27T16:44:27+08:00][sql] SHOW FULL COLUMNS FROM `cmf_option` [ RunTime:0.001431s ]
[2026-05-27T16:44:27+08:00][sql] SELECT `option_value` FROM `cmf_option` WHERE  `option_name` = 'cdn_settings' LIMIT 1 [ RunTime:0.000284s ]
[2026-05-27T16:44:27+08:00][sql] SHOW FULL COLUMNS FROM `cmf_user` [ RunTime:0.001509s ]
[2026-05-27T16:44:27+08:00][sql] SELECT * FROM `cmf_user` WHERE  `id` = 1 LIMIT 1 [ RunTime:0.000540s ]
[2026-05-27T16:44:32+08:00][sql] CONNECT:[ UseTime:0.000716s ] mysql:host=127.0.0.1;port=3306;dbname=nucleon;charset=utf8mb4
[2026-05-27T16:44:32+08:00][sql] SHOW FULL COLUMNS FROM `cmf_option` [ RunTime:0.001082s ]
[2026-05-27T16:44:32+08:00][sql] SELECT `option_value` FROM `cmf_option` WHERE  `option_name` = 'cdn_settings' LIMIT 1 [ RunTime:0.000216s ]
[2026-05-27T16:44:32+08:00][sql] SELECT `option_value` FROM `cmf_option` WHERE  `option_name` = 'storage' LIMIT 1 [ RunTime:0.000250s ]
[2026-05-27T16:44:34+08:00][sql] CONNECT:[ UseTime:0.000714s ] mysql:host=127.0.0.1;port=3306;dbname=nucleon;charset=utf8mb4
[2026-05-27T16:44:34+08:00][sql] SHOW FULL COLUMNS FROM `cmf_option` [ RunTime:0.001219s ]
[2026-05-27T16:44:34+08:00][sql] SELECT `option_value` FROM `cmf_option` WHERE  `option_name` = 'cdn_settings' LIMIT 1 [ RunTime:0.000250s ]
[2026-05-27T16:44:34+08:00][sql] SELECT `option_value` FROM `cmf_option` WHERE  `option_name` = 'storage' LIMIT 1 [ RunTime:0.000504s ]
[2026-05-27T16:44:43+08:00][sql] CONNECT:[ UseTime:0.000755s ] mysql:host=127.0.0.1;port=3306;dbname=nucleon;charset=utf8mb4
[2026-05-27T16:44:43+08:00][sql] SHOW FULL COLUMNS FROM `cmf_option` [ RunTime:0.001358s ]
[2026-05-27T16:44:43+08:00][sql] SELECT `option_value` FROM `cmf_option` WHERE  `option_name` = 'cdn_settings' LIMIT 1 [ RunTime:0.000272s ]
[2026-05-27T16:44:43+08:00][sql] SELECT `option_value` FROM `cmf_option` WHERE  `option_name` = 'storage' LIMIT 1 [ RunTime:0.000380s ]
[2026-05-27T16:44:49+08:00][sql] CONNECT:[ UseTime:0.000797s ] mysql:host=127.0.0.1;port=3306;dbname=nucleon;charset=utf8mb4
[2026-05-27T16:44:49+08:00][sql] SHOW FULL COLUMNS FROM `cmf_option` [ RunTime:0.003919s ]
[2026-05-27T16:44:49+08:00][sql] SELECT `option_value` FROM `cmf_option` WHERE  `option_name` = 'cdn_settings' LIMIT 1 [ RunTime:0.000292s ]
[2026-05-27T16:44:49+08:00][sql] SELECT `option_value` FROM `cmf_option` WHERE  `option_name` = 'storage' LIMIT 1 [ RunTime:0.000245s ]
[2026-05-27T16:44:53+08:00][sql] CONNECT:[ UseTime:0.000934s ] mysql:host=127.0.0.1;port=3306;dbname=nucleon;charset=utf8mb4
[2026-05-27T16:44:53+08:00][sql] SHOW FULL COLUMNS FROM `cmf_option` [ RunTime:0.002754s ]
[2026-05-27T16:44:53+08:00][sql] SELECT `option_value` FROM `cmf_option` WHERE  `option_name` = 'cdn_settings' LIMIT 1 [ RunTime:0.000433s ]
[2026-05-27T16:44:53+08:00][sql] SELECT * FROM `cmf_option` WHERE  `option_name` = 'cmf_settings' LIMIT 1 [ RunTime:0.000496s ]
[2026-05-27T16:44:53+08:00][sql] SHOW FULL COLUMNS FROM `cmf_asset` [ RunTime:0.002139s ]
[2026-05-27T16:44:53+08:00][sql] SELECT * FROM `cmf_asset` WHERE  `user_id` = 1  AND `file_key` = 'e463b363916f017ecac7520f6bd039ac42b324638e5e6dcd29099a5cf6805972' LIMIT 1 [ RunTime:0.001164s ]
[2026-05-27T16:44:53+08:00][sql] SELECT `option_value` FROM `cmf_option` WHERE  `option_name` = 'storage' LIMIT 1 [ RunTime:0.000221s ]
[2026-05-27T16:44:53+08:00][sql] UPDATE `cmf_asset`  SET `filename` = '33.webp'  WHERE  `id` = 1520 [ RunTime:0.000336s ]
[2026-05-27T16:44:55+08:00][sql] CONNECT:[ UseTime:0.000716s ] mysql:host=127.0.0.1;port=3306;dbname=nucleon;charset=utf8mb4
[2026-05-27T16:44:55+08:00][sql] SHOW FULL COLUMNS FROM `cmf_option` [ RunTime:0.001972s ]
[2026-05-27T16:44:55+08:00][sql] SELECT `option_value` FROM `cmf_option` WHERE  `option_name` = 'cdn_settings' LIMIT 1 [ RunTime:0.000303s ]
[2026-05-27T16:44:55+08:00][sql] SELECT `option_value` FROM `cmf_option` WHERE  `option_name` = 'storage' LIMIT 1 [ RunTime:0.000224s ]
[2026-05-27T16:45:00+08:00][sql] CONNECT:[ UseTime:0.000779s ] mysql:host=127.0.0.1;port=3306;dbname=nucleon;charset=utf8mb4
[2026-05-27T16:45:00+08:00][sql] SHOW FULL COLUMNS FROM `cmf_option` [ RunTime:0.001223s ]
[2026-05-27T16:45:00+08:00][sql] SELECT `option_value` FROM `cmf_option` WHERE  `option_name` = 'cdn_settings' LIMIT 1 [ RunTime:0.000230s ]
[2026-05-27T16:45:00+08:00][sql] SELECT * FROM `cmf_option` WHERE  `option_name` = 'cmf_settings' LIMIT 1 [ RunTime:0.000559s ]
[2026-05-27T16:45:00+08:00][sql] SHOW FULL COLUMNS FROM `cmf_asset` [ RunTime:0.001360s ]
[2026-05-27T16:45:00+08:00][sql] SELECT * FROM `cmf_asset` WHERE  `user_id` = 1  AND `file_key` = 'e4f48d0dc9b50d6798ee421a792b85b3e4c35ee63aebf0b7091c90a12e342bd1' LIMIT 1 [ RunTime:0.000872s ]
[2026-05-27T16:45:00+08:00][sql] SELECT `option_value` FROM `cmf_option` WHERE  `option_name` = 'storage' LIMIT 1 [ RunTime:0.000193s ]
[2026-05-27T16:45:00+08:00][sql] UPDATE `cmf_asset`  SET `filename` = '170+.webp'  WHERE  `id` = 1521 [ RunTime:0.000252s ]
[2026-05-27T16:45:03+08:00][sql] CONNECT:[ UseTime:0.000635s ] mysql:host=127.0.0.1;port=3306;dbname=nucleon;charset=utf8mb4
[2026-05-27T16:45:03+08:00][sql] SHOW FULL COLUMNS FROM `cmf_option` [ RunTime:0.001080s ]
[2026-05-27T16:45:03+08:00][sql] SELECT `option_value` FROM `cmf_option` WHERE  `option_name` = 'cdn_settings' LIMIT 1 [ RunTime:0.000299s ]
[2026-05-27T16:45:03+08:00][sql] SHOW FULL COLUMNS FROM `cmf_user` [ RunTime:0.001162s ]
[2026-05-27T16:45:03+08:00][sql] SELECT * FROM `cmf_user` WHERE  `id` = 1 LIMIT 1 [ RunTime:0.000383s ]
[2026-05-27T16:45:03+08:00][sql] SELECT * FROM `cmf_option` WHERE  `option_name` = 'index_setting' LIMIT 1 [ RunTime:0.000268s ]
[2026-05-27T16:45:03+08:00][sql] UPDATE `cmf_option`  SET `option_value` = '{\"about_description\":\"Founded in 2005 and headquartered in Xinxiang, Henan Province, China, Xinxiang Nucleon (Xinxiang) Crane Co., Ltd. is a leading manufacturer specializing in the research, development, production, and sales of overhead cranes, gantry cranes, electric hoists, jib cranes and port cranes etc.. Nucleon has a registered capital of 80 million US dollars, covering an area of 430000 square meters, and owns more than 1500 employees. The company has equipped over 3000 sets of production and testing equipment, providing support for the research and development of high-quality crane equipment. The leading products have been widely used in pillar industries of the national economy such as metallurgy, energy and power, petrochemicals, railways, and aviation, and exported to various parts of the world.\",\"engineering\":[{\"engineering_name\":\"Million\",\"engineering_desc\":\"Nucleon has a registered capital of 80 million US dollars\",\"engineering_num\":\"80\"},{\"engineering_name\":\"m²\",\"engineering_desc\":\"Nucleon covering an area of 430000 square meters\",\"engineering_num\":\"430000\"},{\"engineering_name\":\"Employees\",\"engineering_desc\":\"Nucleon owns more than 1500 employees.\",\"engineering_num\":\"1500\"},{\"engineering_name\":\"Sets\",\"engineering_desc\":\"Nucleon has equipped over 3000 sets of production and testing equipment\",\"engineering_num\":\"3000\"}],\"about_img\":\"admin\\/20260527\\/6e1caa71d0aec007314dc24b595d396f.png\",\"about_bg_img\":\"admin\\/20260527\\/6e1caa71d0aec007314dc24b595d396f.png\",\"about_right_bg_img\":\"admin\\/20260527\\/31951f09d3f519ef04f57a08b5390f1c.png\",\"choose_description\":\"In modern industrial development worldwide, smooth and efficient material handling and cargo movement play a vital role in daily production operations. A durable and well-built lifting equipment is essential to streamline your workflow. As a professional crane manufacturer based in China, WEIHUA has earned wide recognition and solid trust across the industry. Whether you plan to procure standard lifting machinery or look for tailored lifting solutions, we are fully capable of meeting all your practical demands. We offer customized manufacturing services covering overhead cranes, gantry cranes, container handling cranes, RTG cranes, RMG cranes and various other lifting equipment.\",\"choose\":[{\"choose_name\":\"Safety First\",\"choose_desc\":\"All cranes meet ANSI\\/ASME &amp; CE standards, with overload protection and fail-safe design.\",\"choose_image\":\"admin\\/20260527\\/68aa6c742a2d455d1408cde608051841.webp\",\"choose_image_active\":\"admin\\/20241227\\/9eac08b8e263bc41b951db6374925f5c.png\"},{\"choose_name\":\"Custom Engineering\",\"choose_desc\":\"Tailored to your facility layout, lifting height, and environmental conditions.\",\"choose_image\":\"admin\\/20260527\\/bc3eef13d7136b3c010df8c74e9d1d00.webp\",\"choose_image_active\":\"admin\\/20241227\\/f86758167663bae45d01cf6f12b03275.png\"},{\"choose_name\":\"Global Support\",\"choose_desc\":\"24\\/7 technical assistance, spare parts delivery, and onsite commissioning.\",\"choose_image\":\"admin\\/20260527\\/a0b999db3846ed6c0ef248ee1b2a7dd4.webp\",\"choose_image_active\":\"admin\\/20241227\\/ac5f65e9f9faf559d5bdfbbbbb7cda43.png\"},{\"choose_name\":\"Cost-Effective ROI\",\"choose_desc\":\"Energy-efficient drives and low maintenance costs maximize your investment.\",\"choose_image\":\"admin\\/20260527\\/9f36d3ed93369d35d1db1375382411bc.webp\",\"choose_image_active\":\"admin\\/20241227\\/323eaf09d62f34d18d6cb23fa5e8793e.png\"},{\"choose_name\":\"500+\",\"choose_desc\":\"Has received over 500 awards\",\"choose_image\":\"admin\\/20260527\\/7baaf496dd70a49db343b8ebaf1946bb.webp\",\"choose_image_active\":\"admin\\/20241227\\/266bc1a20febe7a2f427e5fef6e643c7.png\"},{\"choose_name\":\"1200+\",\"choose_desc\":\"The team size exceeds 1200 people\",\"choose_image\":\"admin\\/20260527\\/6bda15553790b2a8b2b18244de047666.webp\",\"choose_image_active\":\"admin\\/20241227\\/f0da3311946ce71a306869ae320de5b7.png\"},{\"choose_name\":\"33\",\"choose_desc\":\"33 research and development platforms\",\"choose_image\":\"admin\\/20260527\\/85ed45386887bd62b93590e732dc8a9e.webp\",\"choose_image_active\":\"admin\\/20260527\\/85ed45386887bd62b93590e732dc8a9e.webp\"},{\"choose_name\":\"170+\",\"choose_desc\":\"Export over 170 communities\",\"choose_image\":\"admin\\/20260527\\/1a325f1189f09ee69e5b5a67dcb1cf12.webp\",\"choose_image_active\":\"admin\\/20260527\\/1a325f1189f09ee69e5b5a67dcb1cf12.webp\"}],\"faq_title\":\"FAQ\",\"faq_contact_title\":\"Can not Find Your Question?\",\"faq_contact_desc\":\"If you can not find the answer, contact us and let us know how we can help you.\",\"faq_contact_btn_text\":\"Contact Us\",\"faq\":[{\"question\":\"What factors affect crane prices most, and how can I get a reasonable quotation?\",\"answer\":\"Many customers worry about hidden costs and inconsistent pricing when buying cranes. The actual crane price mainly depends on lifting capacity, span, lifting height, working duty, configuration standards and customized functions. Simple standard models have stable and transparent prices, while special working conditions such as explosion-proof, high-temperature, anti-corrosion and intelligent anti-sway systems will lead to different costs. We provide one-on-one tailored quotes based on your actual site conditions and usage needs, with no hidden charges, and every configuration and cost item is clearly listed for your reference.\"},{\"question\":\"Are your cranes suitable for my local industrial and environmental conditions?\",\"answer\":\"This is the key concern for overseas buyers, as different countries have different weather, site and industry requirements. Our overhead cranes, gantry cranes and port cranes can be fully adapted to various complex environments, including high temperature, heavy rain, coastal humidity, dust and strong wind conditions. We can adjust motor brands, electrical systems, anti-rust painting standards, protection grades and wind-proof devices according to your local climate, site environment and industry standards, ensuring long-term stable operation in your working scenario.\"},{\"question\":\"Do you support customized crane solutions for special working conditions?\",\"answer\":\"Standard cranes cannot meet all project needs, which is why custom solutions are essential for industrial engineering projects. We fully support personalized customization including non-standard span, special lifting height, heavy-duty working level, explosion-proof, insulation, anti-corrosion, intelligent anti-sway, remote control and automatic positioning functions. Whether it is factory indoor handling, outdoor yard operation, port container handling or metallurgy and chemical special scenarios, we can design and produce exclusive crane equipment according to your drawings and technical requirements.\"},{\"question\":\"What certifications do your cranes have for overseas export?\",\"answer\":\"Most overseas projects require official certification for customs clearance and project acceptance, which is a major pain point for many purchasers. All our cranes are manufactured in strict accordance with international standards and have complete export qualifications, including CE, ISO and other mainstream certifications. We can provide complete certification documents, inspection reports and factory qualification materials to ensure smooth customs clearance, local inspection and long-term project use in your country.\"},{\"question\":\"What after-sales support can you provide for overseas clients?\",\"answer\":\"Overseas customers are most worried about no technical support and difficult maintenance after purchasing equipment. We provide full-cycle after-sales service including installation guidance, operation training, remote technical support and lifetime after-sales consultation. We supply original spare parts at factory prices for long-term maintenance. If you encounter operation failure, equipment debugging or daily maintenance problems, our professional technical team can respond quickly to help you solve problems and ensure the cranes run stably for a long time.\"}]}'  WHERE  `option_name` = 'index_setting' [ RunTime:0.003400s ]
[2026-05-27T16:45:08+08:00][sql] CONNECT:[ UseTime:0.001446s ] mysql:host=127.0.0.1;port=3306;dbname=nucleon;charset=utf8mb4
[2026-05-27T16:45:08+08:00][sql] SHOW FULL COLUMNS FROM `cmf_hook` [ RunTime:0.001082s ]
[2026-05-27T16:45:08+08:00][sql] SELECT `hook`,`id` FROM `cmf_hook` WHERE  (  (  `app` = '' OR `app` = 'cmf' )  AND `type` = 3 ) OR `type` = 1 [ RunTime:0.000443s ]
[2026-05-27T16:45:08+08:00][sql] SHOW FULL COLUMNS FROM `cmf_hook_plugin` [ RunTime:0.000703s ]
[2026-05-27T16:45:08+08:00][sql] SELECT `hook`,`plugin` FROM `cmf_hook_plugin` WHERE  `status` = 1  AND `hook` IN ('app_begin','module_init','action_begin','view_filter','app_end','log_write','response_end','admin_init','home_init','send_mobile_verification_code','body_start','before_head_end','footer_start','before_footer','before_footer_end','before_body_end','left_sidebar_start','before_left_sidebar_end','right_sidebar_start','before_right_sidebar_end','comment','guestbook','switch_theme','after_content','before_content','log_write_done','switch_admin_theme','captcha_image','user_login_start') ORDER BY `list_order` ASC [ RunTime:0.000667s ]
[2026-05-27T16:45:08+08:00][sql] SELECT `hook` FROM `cmf_hook` WHERE  `app` = 'portal' [ RunTime:0.000653s ]
[2026-05-27T16:45:08+08:00][sql] SELECT `hook`,`plugin` FROM `cmf_hook_plugin` WHERE  `status` = 1  AND `hook` IN ('portal_before_assign_article','portal_admin_after_save_article','portal_admin_article_index_view','portal_admin_article_add_view','portal_admin_article_edit_view','portal_admin_category_index_view','portal_admin_category_add_view','portal_admin_category_edit_view','portal_admin_page_index_view','portal_admin_page_add_view','portal_admin_page_edit_view','portal_admin_tag_index_view','portal_admin_article_edit_view_right_sidebar','portal_admin_article_edit_view_main') ORDER BY `list_order` ASC [ RunTime:0.000306s ]
[2026-05-27T16:45:08+08:00][sql] SHOW FULL COLUMNS FROM `cmf_plugin` [ RunTime:0.001602s ]
[2026-05-27T16:45:08+08:00][sql] SELECT `config` FROM `cmf_plugin` WHERE  `name` = 'SwitchTheme' LIMIT 1 [ RunTime:0.001335s ]
[2026-05-27T16:45:08+08:00][sql] SHOW FULL COLUMNS FROM `cmf_option` [ RunTime:0.001239s ]
[2026-05-27T16:45:08+08:00][sql] SELECT `option_value` FROM `cmf_option` WHERE  `option_name` = 'cdn_settings' LIMIT 1 [ RunTime:0.000315s ]
[2026-05-27T16:45:08+08:00][sql] SELECT `option_value` FROM `cmf_option` WHERE  `option_name` = 'cdn_settings' LIMIT 1 [ RunTime:0.000864s ]
[2026-05-27T16:45:08+08:00][sql] SHOW FULL COLUMNS FROM `cmf_product_category` [ RunTime:0.001442s ]
[2026-05-27T16:45:08+08:00][sql] SELECT * FROM `cmf_product_category` WHERE  `parent_id` = 0 ORDER BY `list_order` ASC,`create_time` DESC [ RunTime:0.000508s ]
[2026-05-27T16:45:08+08:00][sql] SELECT * FROM `cmf_product_category` WHERE  `parent_id` IN (28,19,22,23,25,30,27) [ RunTime:0.000286s ]
[2026-05-27T16:45:08+08:00][sql] SHOW FULL COLUMNS FROM `cmf_portal_category` [ RunTime:0.000976s ]
[2026-05-27T16:45:08+08:00][sql] SELECT * FROM `cmf_portal_category` WHERE (  `type` = 8 ) AND `cmf_portal_category`.`delete_time` = '0' ORDER BY `list_order` ASC [ RunTime:0.000443s ]
[2026-05-27T16:45:08+08:00][sql] SELECT `option_value` FROM `cmf_option` WHERE  `option_name` = 'site_info' LIMIT 1 [ RunTime:0.000280s ]
[2026-05-27T16:45:08+08:00][sql] SHOW FULL COLUMNS FROM `cmf_slide_item` [ RunTime:0.001264s ]
[2026-05-27T16:45:08+08:00][sql] SELECT `title`,`description`,`image`,`url`,`target`,`content` FROM `cmf_slide_item` WHERE  `slide_id` = 1 ORDER BY `list_order` ASC [ RunTime:0.000428s ]
[2026-05-27T16:45:08+08:00][sql] SHOW FULL COLUMNS FROM `cmf_slide` [ RunTime:0.000724s ]
[2026-05-27T16:45:08+08:00][sql] SELECT * FROM `cmf_slide` WHERE  `name` LIKE '%choose%' OR `name` LIKE '%选择%' LIMIT 1 [ RunTime:0.000521s ]
[2026-05-27T16:45:08+08:00][sql] SELECT `title`,`description`,`image`,`url`,`target`,`content` FROM `cmf_slide_item` WHERE  `slide_id` = 14  AND `status` = 1 ORDER BY `list_order` ASC [ RunTime:0.000344s ]
[2026-05-27T16:45:08+08:00][sql] SELECT * FROM `cmf_product_category` WHERE  `parent_id` = 0  AND `recommend` = 1 ORDER BY `list_order` ASC,`create_time` DESC [ RunTime:0.000321s ]
[2026-05-27T16:45:08+08:00][sql] SHOW FULL COLUMNS FROM `cmf_product` [ RunTime:0.001256s ]
[2026-05-27T16:45:08+08:00][sql] SELECT `id`,`title`,`thumbnail`,`industry` FROM `cmf_product` WHERE  `is_recommended` = 1  AND `category_id` = 28 ORDER BY `list_order` ASC LIMIT 6 [ RunTime:0.000844s ]
[2026-05-27T16:45:08+08:00][sql] SELECT `id`,`title`,`thumbnail`,`industry` FROM `cmf_product` WHERE  `is_recommended` = 1  AND `category_id` = 19 ORDER BY `list_order` ASC LIMIT 6 [ RunTime:0.000374s ]
[2026-05-27T16:45:08+08:00][sql] SELECT `id`,`title`,`thumbnail`,`industry` FROM `cmf_product` WHERE  `is_recommended` = 1  AND `category_id` = 23 ORDER BY `list_order` ASC LIMIT 6 [ RunTime:0.000338s ]
[2026-05-27T16:45:08+08:00][sql] SELECT `id`,`title`,`thumbnail`,`industry` FROM `cmf_product` WHERE  `is_recommended` = 1  AND `category_id` = 25 ORDER BY `list_order` ASC LIMIT 6 [ RunTime:0.000313s ]
[2026-05-27T16:45:08+08:00][sql] SELECT `id`,`title`,`thumbnail`,`industry` FROM `cmf_product` WHERE  `is_recommended` = 1  AND `category_id` = 30 ORDER BY `list_order` ASC LIMIT 6 [ RunTime:0.000273s ]
[2026-05-27T16:45:08+08:00][sql] SELECT `option_value` FROM `cmf_option` WHERE  `option_name` = 'index_setting' LIMIT 1 [ RunTime:0.000206s ]
[2026-05-27T16:45:08+08:00][sql] SELECT `option_value` FROM `cmf_option` WHERE  `option_name` = 'about_site' LIMIT 1 [ RunTime:0.000389s ]
[2026-05-27T16:45:08+08:00][sql] SHOW FULL COLUMNS FROM `cmf_portal_post` [ RunTime:0.001964s ]
[2026-05-27T16:45:08+08:00][sql] SELECT `p`.`id`,`p`.`post_title`,`p`.`post_excerpt`,`p`.`thumbnail`,`p`.`create_time`,`c`.`category_id` FROM `cmf_portal_post` `p` INNER JOIN `cmf_portal_category_post` `c` ON `p`.`id`=`c`.`post_id` WHERE (  `p`.`post_type` = '8' ) AND `p`.`delete_time` = '0' ORDER BY `c`.`list_order` ASC,`p`.`create_time` DESC [ RunTime:0.002151s ]
[2026-05-27T16:45:08+08:00][sql] SELECT `id`,`post_title`,`post_excerpt`,`more` FROM `cmf_portal_post` WHERE (  `post_type` = 3 ) AND `cmf_portal_post`.`delete_time` = '0' ORDER BY `create_time` DESC [ RunTime:0.000729s ]
[2026-05-27T16:45:08+08:00][sql] SELECT `option_value` FROM `cmf_option` WHERE  `option_name` = 'product_category_hero_settings' LIMIT 1 [ RunTime:0.000451s ]
[2026-05-27T16:45:08+08:00][sql] SHOW FULL COLUMNS FROM `cmf_theme_file` [ RunTime:0.002049s ]
[2026-05-27T16:45:08+08:00][sql] SELECT `more`,`file`,`id` FROM `cmf_theme_file` WHERE  `theme` = 'simpleboot3'  AND (  `is_public` = 1 OR `file` = 'portal/index' ) ORDER BY `is_public` DESC [ RunTime:0.000642s ]
[2026-05-27T16:45:08+08:00][sql] SHOW FULL COLUMNS FROM `cmf_route` [ RunTime:0.001950s ]
[2026-05-27T16:45:08+08:00][sql] SELECT * FROM `cmf_route` WHERE  `status` = 1 ORDER BY `list_order` ASC [ RunTime:0.000838s ]
[2026-05-27T16:45:08+08:00][sql] SELECT `option_value` FROM `cmf_option` WHERE  `option_name` = 'storage' LIMIT 1 [ RunTime:0.000405s ]
[2026-05-27T16:45:40+08:00][sql] CONNECT:[ UseTime:0.001231s ] mysql:host=127.0.0.1;port=3306;dbname=nucleon;charset=utf8mb4
[2026-05-27T16:45:40+08:00][sql] SHOW FULL COLUMNS FROM `cmf_hook` [ RunTime:0.001754s ]
[2026-05-27T16:45:40+08:00][sql] SELECT `hook` FROM `cmf_hook` WHERE  `app` = 'user' [ RunTime:0.000629s ]
[2026-05-27T16:45:40+08:00][sql] SHOW FULL COLUMNS FROM `cmf_hook_plugin` [ RunTime:0.001143s ]
[2026-05-27T16:45:40+08:00][sql] SELECT `hook`,`plugin` FROM `cmf_hook_plugin` WHERE  `status` = 1  AND `hook` IN ('fetch_upload_view','user_admin_index_view','user_admin_asset_index_view','user_admin_oauth_index_view','check_third_party_captcha','user_login_start') ORDER BY `list_order` ASC [ RunTime:0.000453s ]
[2026-05-27T16:45:40+08:00][sql] SHOW FULL COLUMNS FROM `cmf_option` [ RunTime:0.002079s ]
[2026-05-27T16:45:40+08:00][sql] SELECT `option_value` FROM `cmf_option` WHERE  `option_name` = 'cdn_settings' LIMIT 1 [ RunTime:0.000335s ]
[2026-05-27T16:45:40+08:00][sql] SELECT `option_value` FROM `cmf_option` WHERE  `option_name` = 'upload_setting' LIMIT 1 [ RunTime:0.000352s ]
[2026-05-27T16:45:40+08:00][sql] SELECT `option_value` FROM `cmf_option` WHERE  `option_name` = 'admin_settings' LIMIT 1 [ RunTime:0.000685s ]
[2026-05-27T16:45:40+08:00][sql] SELECT `option_value` FROM `cmf_option` WHERE  `option_name` = 'storage' LIMIT 1 [ RunTime:0.000684s ]
[2026-05-27T16:45:46+08:00][sql] CONNECT:[ UseTime:0.001620s ] mysql:host=127.0.0.1;port=3306;dbname=nucleon;charset=utf8mb4
[2026-05-27T16:45:46+08:00][sql] SHOW FULL COLUMNS FROM `cmf_option` [ RunTime:0.002252s ]
[2026-05-27T16:45:46+08:00][sql] SELECT `option_value` FROM `cmf_option` WHERE  `option_name` = 'cdn_settings' LIMIT 1 [ RunTime:0.000451s ]
[2026-05-27T16:45:46+08:00][sql] SELECT * FROM `cmf_option` WHERE  `option_name` = 'cmf_settings' LIMIT 1 [ RunTime:0.000982s ]
[2026-05-27T16:45:46+08:00][sql] SHOW FULL COLUMNS FROM `cmf_asset` [ RunTime:0.002653s ]
[2026-05-27T16:45:46+08:00][sql] SELECT * FROM `cmf_asset` WHERE  `user_id` = 1  AND `file_key` = '054990ea0162e69bab95c371c2bae7debf9a94f20f3c3b8d1d11c0c9b1478d3d' LIMIT 1 [ RunTime:0.001991s ]
[2026-05-27T16:45:46+08:00][sql] SELECT `option_value` FROM `cmf_option` WHERE  `option_name` = 'storage' LIMIT 1 [ RunTime:0.000655s ]
[2026-05-27T16:45:46+08:00][sql] UPDATE `cmf_asset`  SET `filename` = 'Safety First.webp'  WHERE  `id` = 1514 [ RunTime:0.000766s ]
[2026-05-27T16:45:48+08:00][sql] CONNECT:[ UseTime:0.000803s ] mysql:host=127.0.0.1;port=3306;dbname=nucleon;charset=utf8mb4
[2026-05-27T16:45:48+08:00][sql] SHOW FULL COLUMNS FROM `cmf_option` [ RunTime:0.001291s ]
[2026-05-27T16:45:48+08:00][sql] SELECT `option_value` FROM `cmf_option` WHERE  `option_name` = 'cdn_settings' LIMIT 1 [ RunTime:0.000284s ]
[2026-05-27T16:45:48+08:00][sql] SELECT `option_value` FROM `cmf_option` WHERE  `option_name` = 'storage' LIMIT 1 [ RunTime:0.000357s ]
[2026-05-27T16:45:54+08:00][sql] CONNECT:[ UseTime:0.001146s ] mysql:host=127.0.0.1;port=3306;dbname=nucleon;charset=utf8mb4
[2026-05-27T16:45:54+08:00][sql] SHOW FULL COLUMNS FROM `cmf_option` [ RunTime:0.002549s ]
[2026-05-27T16:45:54+08:00][sql] SELECT `option_value` FROM `cmf_option` WHERE  `option_name` = 'cdn_settings' LIMIT 1 [ RunTime:0.000466s ]
[2026-05-27T16:45:54+08:00][sql] SELECT * FROM `cmf_option` WHERE  `option_name` = 'cmf_settings' LIMIT 1 [ RunTime:0.000739s ]
[2026-05-27T16:45:54+08:00][sql] SHOW FULL COLUMNS FROM `cmf_asset` [ RunTime:0.001873s ]
[2026-05-27T16:45:54+08:00][sql] SELECT * FROM `cmf_asset` WHERE  `user_id` = 1  AND `file_key` = '5a941e5b5386f4115a68715acf23756b33ed6113e9ce5627d66aa7147ca2b1b8' LIMIT 1 [ RunTime:0.001458s ]
[2026-05-27T16:45:54+08:00][sql] SELECT `option_value` FROM `cmf_option` WHERE  `option_name` = 'storage' LIMIT 1 [ RunTime:0.000319s ]
[2026-05-27T16:45:54+08:00][sql] UPDATE `cmf_asset`  SET `filename` = 'Custom Engineering.webp'  WHERE  `id` = 1515 [ RunTime:0.000406s ]
[2026-05-27T16:45:56+08:00][sql] CONNECT:[ UseTime:0.001485s ] mysql:host=127.0.0.1;port=3306;dbname=nucleon;charset=utf8mb4
[2026-05-27T16:45:56+08:00][sql] SHOW FULL COLUMNS FROM `cmf_option` [ RunTime:0.001442s ]
[2026-05-27T16:45:56+08:00][sql] SELECT `option_value` FROM `cmf_option` WHERE  `option_name` = 'cdn_settings' LIMIT 1 [ RunTime:0.000326s ]
[2026-05-27T16:45:56+08:00][sql] SELECT `option_value` FROM `cmf_option` WHERE  `option_name` = 'storage' LIMIT 1 [ RunTime:0.000474s ]
[2026-05-27T16:46:02+08:00][sql] CONNECT:[ UseTime:0.001477s ] mysql:host=127.0.0.1;port=3306;dbname=nucleon;charset=utf8mb4
[2026-05-27T16:46:02+08:00][sql] SHOW FULL COLUMNS FROM `cmf_option` [ RunTime:0.002055s ]
[2026-05-27T16:46:02+08:00][sql] SELECT `option_value` FROM `cmf_option` WHERE  `option_name` = 'cdn_settings' LIMIT 1 [ RunTime:0.000467s ]
[2026-05-27T16:46:02+08:00][sql] SELECT * FROM `cmf_option` WHERE  `option_name` = 'cmf_settings' LIMIT 1 [ RunTime:0.000644s ]
[2026-05-27T16:46:02+08:00][sql] SHOW FULL COLUMNS FROM `cmf_asset` [ RunTime:0.002306s ]
[2026-05-27T16:46:02+08:00][sql] SELECT * FROM `cmf_asset` WHERE  `user_id` = 1  AND `file_key` = 'ce9a0cd6be1ae9422ff12b735d4945d2b7f39823e1bad3eba9d20d4ca290472f' LIMIT 1 [ RunTime:0.001326s ]
[2026-05-27T16:46:02+08:00][sql] SELECT `option_value` FROM `cmf_option` WHERE  `option_name` = 'storage' LIMIT 1 [ RunTime:0.000331s ]
[2026-05-27T16:46:02+08:00][sql] UPDATE `cmf_asset`  SET `filename` = 'Global Support.webp'  WHERE  `id` = 1516 [ RunTime:0.000395s ]
[2026-05-27T16:46:04+08:00][sql] CONNECT:[ UseTime:0.017406s ] mysql:host=127.0.0.1;port=3306;dbname=nucleon;charset=utf8mb4
[2026-05-27T16:46:04+08:00][sql] SHOW FULL COLUMNS FROM `cmf_option` [ RunTime:0.002878s ]
[2026-05-27T16:46:04+08:00][sql] SELECT `option_value` FROM `cmf_option` WHERE  `option_name` = 'cdn_settings' LIMIT 1 [ RunTime:0.000592s ]
[2026-05-27T16:46:04+08:00][sql] SELECT `option_value` FROM `cmf_option` WHERE  `option_name` = 'storage' LIMIT 1 [ RunTime:0.000354s ]
[2026-05-27T16:46:10+08:00][sql] CONNECT:[ UseTime:0.001054s ] mysql:host=127.0.0.1;port=3306;dbname=nucleon;charset=utf8mb4
[2026-05-27T16:46:10+08:00][sql] SHOW FULL COLUMNS FROM `cmf_option` [ RunTime:0.001689s ]
[2026-05-27T16:46:10+08:00][sql] SELECT `option_value` FROM `cmf_option` WHERE  `option_name` = 'cdn_settings' LIMIT 1 [ RunTime:0.000274s ]
[2026-05-27T16:46:10+08:00][sql] SELECT * FROM `cmf_option` WHERE  `option_name` = 'cmf_settings' LIMIT 1 [ RunTime:0.000438s ]
[2026-05-27T16:46:10+08:00][sql] SHOW FULL COLUMNS FROM `cmf_asset` [ RunTime:0.001347s ]
[2026-05-27T16:46:10+08:00][sql] SELECT * FROM `cmf_asset` WHERE  `user_id` = 1  AND `file_key` = '3d5038be91f5e1bd7678844097d4c0fcabcd32b42b7d4a074bc9c6b0f9bc7492' LIMIT 1 [ RunTime:0.001394s ]
[2026-05-27T16:46:10+08:00][sql] SELECT `option_value` FROM `cmf_option` WHERE  `option_name` = 'storage' LIMIT 1 [ RunTime:0.000275s ]
[2026-05-27T16:46:10+08:00][sql] UPDATE `cmf_asset`  SET `filename` = 'Cost-Effective ROI.webp'  WHERE  `id` = 1517 [ RunTime:0.000253s ]
[2026-05-27T16:46:12+08:00][sql] CONNECT:[ UseTime:0.000735s ] mysql:host=127.0.0.1;port=3306;dbname=nucleon;charset=utf8mb4
[2026-05-27T16:46:12+08:00][sql] SHOW FULL COLUMNS FROM `cmf_option` [ RunTime:0.001005s ]
[2026-05-27T16:46:12+08:00][sql] SELECT `option_value` FROM `cmf_option` WHERE  `option_name` = 'cdn_settings' LIMIT 1 [ RunTime:0.000212s ]
[2026-05-27T16:46:12+08:00][sql] SELECT `option_value` FROM `cmf_option` WHERE  `option_name` = 'storage' LIMIT 1 [ RunTime:0.000205s ]
[2026-05-27T16:46:16+08:00][sql] CONNECT:[ UseTime:0.000874s ] mysql:host=127.0.0.1;port=3306;dbname=nucleon;charset=utf8mb4
[2026-05-27T16:46:16+08:00][sql] SHOW FULL COLUMNS FROM `cmf_option` [ RunTime:0.001423s ]
[2026-05-27T16:46:16+08:00][sql] SELECT `option_value` FROM `cmf_option` WHERE  `option_name` = 'cdn_settings' LIMIT 1 [ RunTime:0.000322s ]
[2026-05-27T16:46:16+08:00][sql] SELECT * FROM `cmf_option` WHERE  `option_name` = 'cmf_settings' LIMIT 1 [ RunTime:0.000482s ]
[2026-05-27T16:46:16+08:00][sql] SHOW FULL COLUMNS FROM `cmf_asset` [ RunTime:0.001334s ]
[2026-05-27T16:46:16+08:00][sql] SELECT * FROM `cmf_asset` WHERE  `user_id` = 1  AND `file_key` = 'a67d71ee15a6dd1b5a8b67c9504fe9449baf7efe2f642c3ff61d419ab21b75d6' LIMIT 1 [ RunTime:0.001220s ]
[2026-05-27T16:46:16+08:00][sql] SELECT `option_value` FROM `cmf_option` WHERE  `option_name` = 'storage' LIMIT 1 [ RunTime:0.000248s ]
[2026-05-27T16:46:16+08:00][sql] UPDATE `cmf_asset`  SET `filename` = '500+.webp'  WHERE  `id` = 1518 [ RunTime:0.000337s ]
[2026-05-27T16:46:18+08:00][sql] CONNECT:[ UseTime:0.000933s ] mysql:host=127.0.0.1;port=3306;dbname=nucleon;charset=utf8mb4
[2026-05-27T16:46:18+08:00][sql] SHOW FULL COLUMNS FROM `cmf_option` [ RunTime:0.001477s ]
[2026-05-27T16:46:18+08:00][sql] SELECT `option_value` FROM `cmf_option` WHERE  `option_name` = 'cdn_settings' LIMIT 1 [ RunTime:0.000300s ]
[2026-05-27T16:46:18+08:00][sql] SELECT `option_value` FROM `cmf_option` WHERE  `option_name` = 'storage' LIMIT 1 [ RunTime:0.000274s ]
[2026-05-27T16:46:22+08:00][sql] CONNECT:[ UseTime:0.000728s ] mysql:host=127.0.0.1;port=3306;dbname=nucleon;charset=utf8mb4
[2026-05-27T16:46:22+08:00][sql] SHOW FULL COLUMNS FROM `cmf_option` [ RunTime:0.002014s ]
[2026-05-27T16:46:22+08:00][sql] SELECT `option_value` FROM `cmf_option` WHERE  `option_name` = 'cdn_settings' LIMIT 1 [ RunTime:0.000669s ]
[2026-05-27T16:46:22+08:00][sql] SELECT * FROM `cmf_option` WHERE  `option_name` = 'cmf_settings' LIMIT 1 [ RunTime:0.000779s ]
[2026-05-27T16:46:22+08:00][sql] SHOW FULL COLUMNS FROM `cmf_asset` [ RunTime:0.002327s ]
[2026-05-27T16:46:22+08:00][sql] SELECT * FROM `cmf_asset` WHERE  `user_id` = 1  AND `file_key` = '6d58b6ea3d604cd369b5e86650077e944ceeae750e396aa51dd75d4a3aa907cc' LIMIT 1 [ RunTime:0.001294s ]
[2026-05-27T16:46:22+08:00][sql] SELECT `option_value` FROM `cmf_option` WHERE  `option_name` = 'storage' LIMIT 1 [ RunTime:0.000204s ]
[2026-05-27T16:46:22+08:00][sql] UPDATE `cmf_asset`  SET `filename` = '1200+.webp'  WHERE  `id` = 1519 [ RunTime:0.000268s ]
[2026-05-27T16:46:25+08:00][sql] CONNECT:[ UseTime:0.000885s ] mysql:host=127.0.0.1;port=3306;dbname=nucleon;charset=utf8mb4
[2026-05-27T16:46:25+08:00][sql] SHOW FULL COLUMNS FROM `cmf_hook` [ RunTime:0.001397s ]
[2026-05-27T16:46:25+08:00][sql] SELECT `hook` FROM `cmf_hook` WHERE  `app` = 'admin' [ RunTime:0.000520s ]
[2026-05-27T16:46:25+08:00][sql] SHOW FULL COLUMNS FROM `cmf_hook_plugin` [ RunTime:0.000983s ]
[2026-05-27T16:46:25+08:00][sql] SELECT `hook`,`plugin` FROM `cmf_hook_plugin` WHERE  `status` = 1  AND `hook` IN ('admin_dashboard','admin_login','admin_theme_design_view','admin_setting_site_view','admin_setting_clear_cache_view','admin_nav_index_view','admin_link_index_view','admin_slide_index_view','admin_user_index_view','admin_rbac_index_view','admin_index_index_view','admin_recycle_bin_index_view','admin_menu_index_view','admin_custom_login_open','admin_slide_item_index_view','admin_slide_item_add_view','admin_slide_item_edit_view','admin_user_add_view','admin_user_edit_view','admin_rbac_role_add_view','admin_rbac_role_edit_view','admin_rbac_authorize_view','admin_api_import_view') ORDER BY `list_order` ASC [ RunTime:0.000508s ]
[2026-05-27T16:46:25+08:00][sql] SHOW FULL COLUMNS FROM `cmf_option` [ RunTime:0.001271s ]
[2026-05-27T16:46:25+08:00][sql] SELECT `option_value` FROM `cmf_option` WHERE  `option_name` = 'cdn_settings' LIMIT 1 [ RunTime:0.000282s ]
[2026-05-27T16:46:25+08:00][sql] SHOW FULL COLUMNS FROM `cmf_user` [ RunTime:0.001389s ]
[2026-05-27T16:46:25+08:00][sql] SELECT * FROM `cmf_user` WHERE  `id` = 1 LIMIT 1 [ RunTime:0.000570s ]
[2026-05-27T16:46:25+08:00][sql] SELECT * FROM `cmf_option` WHERE  `option_name` = 'index_setting' LIMIT 1 [ RunTime:0.000269s ]
[2026-05-27T16:46:25+08:00][sql] UPDATE `cmf_option`  SET `option_value` = '{\"about_description\":\"Founded in 2005 and headquartered in Xinxiang, Henan Province, China, Xinxiang Nucleon (Xinxiang) Crane Co., Ltd. is a leading manufacturer specializing in the research, development, production, and sales of overhead cranes, gantry cranes, electric hoists, jib cranes and port cranes etc.. Nucleon has a registered capital of 80 million US dollars, covering an area of 430000 square meters, and owns more than 1500 employees. The company has equipped over 3000 sets of production and testing equipment, providing support for the research and development of high-quality crane equipment. The leading products have been widely used in pillar industries of the national economy such as metallurgy, energy and power, petrochemicals, railways, and aviation, and exported to various parts of the world.\",\"engineering\":[{\"engineering_name\":\"Million\",\"engineering_desc\":\"Nucleon has a registered capital of 80 million US dollars\",\"engineering_num\":\"80\"},{\"engineering_name\":\"m²\",\"engineering_desc\":\"Nucleon covering an area of 430000 square meters\",\"engineering_num\":\"430000\"},{\"engineering_name\":\"Employees\",\"engineering_desc\":\"Nucleon owns more than 1500 employees.\",\"engineering_num\":\"1500\"},{\"engineering_name\":\"Sets\",\"engineering_desc\":\"Nucleon has equipped over 3000 sets of production and testing equipment\",\"engineering_num\":\"3000\"}],\"about_img\":\"admin\\/20260527\\/6e1caa71d0aec007314dc24b595d396f.png\",\"about_bg_img\":\"admin\\/20260527\\/6e1caa71d0aec007314dc24b595d396f.png\",\"about_right_bg_img\":\"admin\\/20260527\\/31951f09d3f519ef04f57a08b5390f1c.png\",\"choose_description\":\"In modern industrial development worldwide, smooth and efficient material handling and cargo movement play a vital role in daily production operations. A durable and well-built lifting equipment is essential to streamline your workflow. As a professional crane manufacturer based in China, WEIHUA has earned wide recognition and solid trust across the industry. Whether you plan to procure standard lifting machinery or look for tailored lifting solutions, we are fully capable of meeting all your practical demands. We offer customized manufacturing services covering overhead cranes, gantry cranes, container handling cranes, RTG cranes, RMG cranes and various other lifting equipment.\",\"choose\":[{\"choose_name\":\"Safety First\",\"choose_desc\":\"All cranes meet ANSI\\/ASME &amp; CE standards, with overload protection and fail-safe design.\",\"choose_image\":\"admin\\/20260527\\/68aa6c742a2d455d1408cde608051841.webp\",\"choose_image_active\":\"admin\\/20260527\\/68aa6c742a2d455d1408cde608051841.webp\"},{\"choose_name\":\"Custom Engineering\",\"choose_desc\":\"Tailored to your facility layout, lifting height, and environmental conditions.\",\"choose_image\":\"admin\\/20260527\\/bc3eef13d7136b3c010df8c74e9d1d00.webp\",\"choose_image_active\":\"admin\\/20260527\\/bc3eef13d7136b3c010df8c74e9d1d00.webp\"},{\"choose_name\":\"Global Support\",\"choose_desc\":\"24\\/7 technical assistance, spare parts delivery, and onsite commissioning.\",\"choose_image\":\"admin\\/20260527\\/a0b999db3846ed6c0ef248ee1b2a7dd4.webp\",\"choose_image_active\":\"admin\\/20260527\\/a0b999db3846ed6c0ef248ee1b2a7dd4.webp\"},{\"choose_name\":\"Cost-Effective ROI\",\"choose_desc\":\"Energy-efficient drives and low maintenance costs maximize your investment.\",\"choose_image\":\"admin\\/20260527\\/9f36d3ed93369d35d1db1375382411bc.webp\",\"choose_image_active\":\"admin\\/20260527\\/9f36d3ed93369d35d1db1375382411bc.webp\"},{\"choose_name\":\"500+\",\"choose_desc\":\"Has received over 500 awards\",\"choose_image\":\"admin\\/20260527\\/7baaf496dd70a49db343b8ebaf1946bb.webp\",\"choose_image_active\":\"admin\\/20260527\\/7baaf496dd70a49db343b8ebaf1946bb.webp\"},{\"choose_name\":\"1200+\",\"choose_desc\":\"The team size exceeds 1200 people\",\"choose_image\":\"admin\\/20260527\\/6bda15553790b2a8b2b18244de047666.webp\",\"choose_image_active\":\"admin\\/20260527\\/6bda15553790b2a8b2b18244de047666.webp\"},{\"choose_name\":\"33\",\"choose_desc\":\"33 research and development platforms\",\"choose_image\":\"admin\\/20260527\\/85ed45386887bd62b93590e732dc8a9e.webp\",\"choose_image_active\":\"admin\\/20260527\\/85ed45386887bd62b93590e732dc8a9e.webp\"},{\"choose_name\":\"170+\",\"choose_desc\":\"Export over 170 communities\",\"choose_image\":\"admin\\/20260527\\/1a325f1189f09ee69e5b5a67dcb1cf12.webp\",\"choose_image_active\":\"admin\\/20260527\\/1a325f1189f09ee69e5b5a67dcb1cf12.webp\"}],\"faq_title\":\"FAQ\",\"faq_contact_title\":\"Can not Find Your Question?\",\"faq_contact_desc\":\"If you can not find the answer, contact us and let us know how we can help you.\",\"faq_contact_btn_text\":\"Contact Us\",\"faq\":[{\"question\":\"What factors affect crane prices most, and how can I get a reasonable quotation?\",\"answer\":\"Many customers worry about hidden costs and inconsistent pricing when buying cranes. The actual crane price mainly depends on lifting capacity, span, lifting height, working duty, configuration standards and customized functions. Simple standard models have stable and transparent prices, while special working conditions such as explosion-proof, high-temperature, anti-corrosion and intelligent anti-sway systems will lead to different costs. We provide one-on-one tailored quotes based on your actual site conditions and usage needs, with no hidden charges, and every configuration and cost item is clearly listed for your reference.\"},{\"question\":\"Are your cranes suitable for my local industrial and environmental conditions?\",\"answer\":\"This is the key concern for overseas buyers, as different countries have different weather, site and industry requirements. Our overhead cranes, gantry cranes and port cranes can be fully adapted to various complex environments, including high temperature, heavy rain, coastal humidity, dust and strong wind conditions. We can adjust motor brands, electrical systems, anti-rust painting standards, protection grades and wind-proof devices according to your local climate, site environment and industry standards, ensuring long-term stable operation in your working scenario.\"},{\"question\":\"Do you support customized crane solutions for special working conditions?\",\"answer\":\"Standard cranes cannot meet all project needs, which is why custom solutions are essential for industrial engineering projects. We fully support personalized customization including non-standard span, special lifting height, heavy-duty working level, explosion-proof, insulation, anti-corrosion, intelligent anti-sway, remote control and automatic positioning functions. Whether it is factory indoor handling, outdoor yard operation, port container handling or metallurgy and chemical special scenarios, we can design and produce exclusive crane equipment according to your drawings and technical requirements.\"},{\"question\":\"What certifications do your cranes have for overseas export?\",\"answer\":\"Most overseas projects require official certification for customs clearance and project acceptance, which is a major pain point for many purchasers. All our cranes are manufactured in strict accordance with international standards and have complete export qualifications, including CE, ISO and other mainstream certifications. We can provide complete certification documents, inspection reports and factory qualification materials to ensure smooth customs clearance, local inspection and long-term project use in your country.\"},{\"question\":\"What after-sales support can you provide for overseas clients?\",\"answer\":\"Overseas customers are most worried about no technical support and difficult maintenance after purchasing equipment. We provide full-cycle after-sales service including installation guidance, operation training, remote technical support and lifetime after-sales consultation. We supply original spare parts at factory prices for long-term maintenance. If you encounter operation failure, equipment debugging or daily maintenance problems, our professional technical team can respond quickly to help you solve problems and ensure the cranes run stably for a long time.\"}]}'  WHERE  `option_name` = 'index_setting' [ RunTime:0.004041s ]
[2026-05-27T16:46:29+08:00][sql] CONNECT:[ UseTime:0.000858s ] mysql:host=127.0.0.1;port=3306;dbname=nucleon;charset=utf8mb4
[2026-05-27T16:46:29+08:00][sql] SHOW FULL COLUMNS FROM `cmf_hook` [ RunTime:0.001330s ]
[2026-05-27T16:46:29+08:00][sql] SELECT `hook`,`id` FROM `cmf_hook` WHERE  (  (  `app` = '' OR `app` = 'cmf' )  AND `type` = 3 ) OR `type` = 1 [ RunTime:0.000479s ]
[2026-05-27T16:46:29+08:00][sql] SHOW FULL COLUMNS FROM `cmf_hook_plugin` [ RunTime:0.000855s ]
[2026-05-27T16:46:29+08:00][sql] SELECT `hook`,`plugin` FROM `cmf_hook_plugin` WHERE  `status` = 1  AND `hook` IN ('app_begin','module_init','action_begin','view_filter','app_end','log_write','response_end','admin_init','home_init','send_mobile_verification_code','body_start','before_head_end','footer_start','before_footer','before_footer_end','before_body_end','left_sidebar_start','before_left_sidebar_end','right_sidebar_start','before_right_sidebar_end','comment','guestbook','switch_theme','after_content','before_content','log_write_done','switch_admin_theme','captcha_image','user_login_start') ORDER BY `list_order` ASC [ RunTime:0.000450s ]
[2026-05-27T16:46:29+08:00][sql] SELECT `hook` FROM `cmf_hook` WHERE  `app` = 'portal' [ RunTime:0.000514s ]
[2026-05-27T16:46:29+08:00][sql] SELECT `hook`,`plugin` FROM `cmf_hook_plugin` WHERE  `status` = 1  AND `hook` IN ('portal_before_assign_article','portal_admin_after_save_article','portal_admin_article_index_view','portal_admin_article_add_view','portal_admin_article_edit_view','portal_admin_category_index_view','portal_admin_category_add_view','portal_admin_category_edit_view','portal_admin_page_index_view','portal_admin_page_add_view','portal_admin_page_edit_view','portal_admin_tag_index_view','portal_admin_article_edit_view_right_sidebar','portal_admin_article_edit_view_main') ORDER BY `list_order` ASC [ RunTime:0.000335s ]
[2026-05-27T16:46:29+08:00][sql] SHOW FULL COLUMNS FROM `cmf_plugin` [ RunTime:0.001351s ]
[2026-05-27T16:46:29+08:00][sql] SELECT `config` FROM `cmf_plugin` WHERE  `name` = 'SwitchTheme' LIMIT 1 [ RunTime:0.000485s ]
[2026-05-27T16:46:29+08:00][sql] SHOW FULL COLUMNS FROM `cmf_option` [ RunTime:0.002605s ]
[2026-05-27T16:46:29+08:00][sql] SELECT `option_value` FROM `cmf_option` WHERE  `option_name` = 'cdn_settings' LIMIT 1 [ RunTime:0.000591s ]
[2026-05-27T16:46:29+08:00][sql] SELECT `option_value` FROM `cmf_option` WHERE  `option_name` = 'cdn_settings' LIMIT 1 [ RunTime:0.000410s ]
[2026-05-27T16:46:29+08:00][sql] SHOW FULL COLUMNS FROM `cmf_product_category` [ RunTime:0.001350s ]
[2026-05-27T16:46:29+08:00][sql] SELECT * FROM `cmf_product_category` WHERE  `parent_id` = 0 ORDER BY `list_order` ASC,`create_time` DESC [ RunTime:0.000380s ]
[2026-05-27T16:46:29+08:00][sql] SELECT * FROM `cmf_product_category` WHERE  `parent_id` IN (28,19,22,23,25,30,27) [ RunTime:0.000346s ]
[2026-05-27T16:46:29+08:00][sql] SHOW FULL COLUMNS FROM `cmf_portal_category` [ RunTime:0.001381s ]
[2026-05-27T16:46:29+08:00][sql] SELECT * FROM `cmf_portal_category` WHERE (  `type` = 8 ) AND `cmf_portal_category`.`delete_time` = '0' ORDER BY `list_order` ASC [ RunTime:0.001872s ]
[2026-05-27T16:46:29+08:00][sql] SELECT `option_value` FROM `cmf_option` WHERE  `option_name` = 'site_info' LIMIT 1 [ RunTime:0.000337s ]
[2026-05-27T16:46:29+08:00][sql] SHOW FULL COLUMNS FROM `cmf_slide_item` [ RunTime:0.001240s ]
[2026-05-27T16:46:29+08:00][sql] SELECT `title`,`description`,`image`,`url`,`target`,`content` FROM `cmf_slide_item` WHERE  `slide_id` = 1 ORDER BY `list_order` ASC [ RunTime:0.000480s ]
[2026-05-27T16:46:29+08:00][sql] SHOW FULL COLUMNS FROM `cmf_slide` [ RunTime:0.000892s ]
[2026-05-27T16:46:29+08:00][sql] SELECT * FROM `cmf_slide` WHERE  `name` LIKE '%choose%' OR `name` LIKE '%选择%' LIMIT 1 [ RunTime:0.000405s ]
[2026-05-27T16:46:29+08:00][sql] SELECT `title`,`description`,`image`,`url`,`target`,`content` FROM `cmf_slide_item` WHERE  `slide_id` = 14  AND `status` = 1 ORDER BY `list_order` ASC [ RunTime:0.000340s ]
[2026-05-27T16:46:29+08:00][sql] SELECT * FROM `cmf_product_category` WHERE  `parent_id` = 0  AND `recommend` = 1 ORDER BY `list_order` ASC,`create_time` DESC [ RunTime:0.000346s ]
[2026-05-27T16:46:29+08:00][sql] SHOW FULL COLUMNS FROM `cmf_product` [ RunTime:0.001257s ]
[2026-05-27T16:46:29+08:00][sql] SELECT `id`,`title`,`thumbnail`,`industry` FROM `cmf_product` WHERE  `is_recommended` = 1  AND `category_id` = 28 ORDER BY `list_order` ASC LIMIT 6 [ RunTime:0.000661s ]
[2026-05-27T16:46:29+08:00][sql] SELECT `id`,`title`,`thumbnail`,`industry` FROM `cmf_product` WHERE  `is_recommended` = 1  AND `category_id` = 19 ORDER BY `list_order` ASC LIMIT 6 [ RunTime:0.000355s ]
[2026-05-27T16:46:29+08:00][sql] SELECT `id`,`title`,`thumbnail`,`industry` FROM `cmf_product` WHERE  `is_recommended` = 1  AND `category_id` = 23 ORDER BY `list_order` ASC LIMIT 6 [ RunTime:0.000342s ]
[2026-05-27T16:46:29+08:00][sql] SELECT `id`,`title`,`thumbnail`,`industry` FROM `cmf_product` WHERE  `is_recommended` = 1  AND `category_id` = 25 ORDER BY `list_order` ASC LIMIT 6 [ RunTime:0.000324s ]
[2026-05-27T16:46:29+08:00][sql] SELECT `id`,`title`,`thumbnail`,`industry` FROM `cmf_product` WHERE  `is_recommended` = 1  AND `category_id` = 30 ORDER BY `list_order` ASC LIMIT 6 [ RunTime:0.000290s ]
[2026-05-27T16:46:29+08:00][sql] SELECT `option_value` FROM `cmf_option` WHERE  `option_name` = 'index_setting' LIMIT 1 [ RunTime:0.000271s ]
[2026-05-27T16:46:29+08:00][sql] SELECT `option_value` FROM `cmf_option` WHERE  `option_name` = 'about_site' LIMIT 1 [ RunTime:0.000413s ]
[2026-05-27T16:46:29+08:00][sql] SHOW FULL COLUMNS FROM `cmf_portal_post` [ RunTime:0.002212s ]
[2026-05-27T16:46:29+08:00][sql] SELECT `p`.`id`,`p`.`post_title`,`p`.`post_excerpt`,`p`.`thumbnail`,`p`.`create_time`,`c`.`category_id` FROM `cmf_portal_post` `p` INNER JOIN `cmf_portal_category_post` `c` ON `p`.`id`=`c`.`post_id` WHERE (  `p`.`post_type` = '8' ) AND `p`.`delete_time` = '0' ORDER BY `c`.`list_order` ASC,`p`.`create_time` DESC [ RunTime:0.001133s ]
[2026-05-27T16:46:29+08:00][sql] SELECT `id`,`post_title`,`post_excerpt`,`more` FROM `cmf_portal_post` WHERE (  `post_type` = 3 ) AND `cmf_portal_post`.`delete_time` = '0' ORDER BY `create_time` DESC [ RunTime:0.000386s ]
[2026-05-27T16:46:29+08:00][sql] SELECT `option_value` FROM `cmf_option` WHERE  `option_name` = 'product_category_hero_settings' LIMIT 1 [ RunTime:0.000326s ]
[2026-05-27T16:46:29+08:00][sql] SHOW FULL COLUMNS FROM `cmf_theme_file` [ RunTime:0.001429s ]
[2026-05-27T16:46:29+08:00][sql] SELECT `more`,`file`,`id` FROM `cmf_theme_file` WHERE  `theme` = 'simpleboot3'  AND (  `is_public` = 1 OR `file` = 'portal/index' ) ORDER BY `is_public` DESC [ RunTime:0.000513s ]
[2026-05-27T16:46:29+08:00][sql] SHOW FULL COLUMNS FROM `cmf_route` [ RunTime:0.001231s ]
[2026-05-27T16:46:29+08:00][sql] SELECT * FROM `cmf_route` WHERE  `status` = 1 ORDER BY `list_order` ASC [ RunTime:0.000714s ]
[2026-05-27T16:46:29+08:00][sql] SELECT `option_value` FROM `cmf_option` WHERE  `option_name` = 'storage' LIMIT 1 [ RunTime:0.000594s ]
[2026-05-27T16:50:54+08:00][sql] CONNECT:[ UseTime:0.000981s ] mysql:host=127.0.0.1;port=3306;dbname=nucleon;charset=utf8mb4
[2026-05-27T16:50:54+08:00][sql] SHOW FULL COLUMNS FROM `cmf_hook` [ RunTime:0.001734s ]
[2026-05-27T16:50:54+08:00][sql] SELECT `hook` FROM `cmf_hook` WHERE  `app` = 'admin' [ RunTime:0.000474s ]
[2026-05-27T16:50:54+08:00][sql] SHOW FULL COLUMNS FROM `cmf_hook_plugin` [ RunTime:0.000988s ]
[2026-05-27T16:50:54+08:00][sql] SELECT `hook`,`plugin` FROM `cmf_hook_plugin` WHERE  `status` = 1  AND `hook` IN ('admin_dashboard','admin_login','admin_theme_design_view','admin_setting_site_view','admin_setting_clear_cache_view','admin_nav_index_view','admin_link_index_view','admin_slide_index_view','admin_user_index_view','admin_rbac_index_view','admin_index_index_view','admin_recycle_bin_index_view','admin_menu_index_view','admin_custom_login_open','admin_slide_item_index_view','admin_slide_item_add_view','admin_slide_item_edit_view','admin_user_add_view','admin_user_edit_view','admin_rbac_role_add_view','admin_rbac_role_edit_view','admin_rbac_authorize_view','admin_api_import_view') ORDER BY `list_order` ASC [ RunTime:0.001165s ]
[2026-05-27T16:50:54+08:00][sql] SHOW FULL COLUMNS FROM `cmf_option` [ RunTime:0.001435s ]
[2026-05-27T16:50:54+08:00][sql] SELECT `option_value` FROM `cmf_option` WHERE  `option_name` = 'cdn_settings' LIMIT 1 [ RunTime:0.000287s ]
[2026-05-27T16:50:54+08:00][sql] SHOW FULL COLUMNS FROM `cmf_user` [ RunTime:0.002208s ]
[2026-05-27T16:50:54+08:00][sql] SELECT * FROM `cmf_user` WHERE  `id` = 1 LIMIT 1 [ RunTime:0.000391s ]
[2026-05-27T16:50:54+08:00][sql] SELECT * FROM `cmf_option` WHERE  `option_name` = 'index_setting' LIMIT 1 [ RunTime:0.000263s ]
[2026-05-27T16:50:54+08:00][sql] UPDATE `cmf_option`  SET `option_value` = '{\"about_description\":\"Founded in 2005 and headquartered in Xinxiang, Henan Province, China, Xinxiang Nucleon (Xinxiang) Crane Co., Ltd. is a leading manufacturer specializing in the research, development, production, and sales of overhead cranes, gantry cranes, electric hoists, jib cranes and port cranes etc.. Nucleon has a registered capital of 80 million US dollars, covering an area of 430000 square meters, and owns more than 1500 employees. The company has equipped over 3000 sets of production and testing equipment, providing support for the research and development of high-quality crane equipment. The leading products have been widely used in pillar industries of the national economy such as metallurgy, energy and power, petrochemicals, railways, and aviation, and exported to various parts of the world.\",\"engineering\":[{\"engineering_name\":\"Million\",\"engineering_desc\":\"Nucleon has a registered capital of 80 million US dollars\",\"engineering_num\":\"80\"},{\"engineering_name\":\"m²\",\"engineering_desc\":\"Nucleon covering an area of 430000 square meters\",\"engineering_num\":\"430000\"},{\"engineering_name\":\"Employees\",\"engineering_desc\":\"Nucleon owns more than 1500 employees.\",\"engineering_num\":\"1500\"},{\"engineering_name\":\"Sets\",\"engineering_desc\":\"Nucleon has equipped over 3000 sets of production and testing equipment\",\"engineering_num\":\"3000\"}],\"about_img\":\"admin\\/20260527\\/6e1caa71d0aec007314dc24b595d396f.png\",\"about_bg_img\":\"admin\\/20260527\\/6e1caa71d0aec007314dc24b595d396f.png\",\"about_right_bg_img\":\"admin\\/20260527\\/31951f09d3f519ef04f57a08b5390f1c.png\",\"choose_description\":\"Nucleon Has Become The Most Trusted Partner For Over 500 Industry Professionals In The Industrial Crane Sector Across Six Continents\",\"choose\":[{\"choose_name\":\"Safety First\",\"choose_desc\":\"All cranes meet ANSI\\/ASME &amp; CE standards, with overload protection and fail-safe design.\",\"choose_image\":\"admin\\/20260527\\/68aa6c742a2d455d1408cde608051841.webp\",\"choose_image_active\":\"admin\\/20260527\\/68aa6c742a2d455d1408cde608051841.webp\"},{\"choose_name\":\"Custom Engineering\",\"choose_desc\":\"Tailored to your facility layout, lifting height, and environmental conditions.\",\"choose_image\":\"admin\\/20260527\\/bc3eef13d7136b3c010df8c74e9d1d00.webp\",\"choose_image_active\":\"admin\\/20260527\\/bc3eef13d7136b3c010df8c74e9d1d00.webp\"},{\"choose_name\":\"Global Support\",\"choose_desc\":\"24\\/7 technical assistance, spare parts delivery, and onsite commissioning.\",\"choose_image\":\"admin\\/20260527\\/a0b999db3846ed6c0ef248ee1b2a7dd4.webp\",\"choose_image_active\":\"admin\\/20260527\\/a0b999db3846ed6c0ef248ee1b2a7dd4.webp\"},{\"choose_name\":\"Cost-Effective ROI\",\"choose_desc\":\"Energy-efficient drives and low maintenance costs maximize your investment.\",\"choose_image\":\"admin\\/20260527\\/9f36d3ed93369d35d1db1375382411bc.webp\",\"choose_image_active\":\"admin\\/20260527\\/9f36d3ed93369d35d1db1375382411bc.webp\"},{\"choose_name\":\"500+\",\"choose_desc\":\"Has received over 500 awards\",\"choose_image\":\"admin\\/20260527\\/7baaf496dd70a49db343b8ebaf1946bb.webp\",\"choose_image_active\":\"admin\\/20260527\\/7baaf496dd70a49db343b8ebaf1946bb.webp\"},{\"choose_name\":\"1200+\",\"choose_desc\":\"The team size exceeds 1200 people\",\"choose_image\":\"admin\\/20260527\\/6bda15553790b2a8b2b18244de047666.webp\",\"choose_image_active\":\"admin\\/20260527\\/6bda15553790b2a8b2b18244de047666.webp\"},{\"choose_name\":\"33\",\"choose_desc\":\"33 research and development platforms\",\"choose_image\":\"admin\\/20260527\\/85ed45386887bd62b93590e732dc8a9e.webp\",\"choose_image_active\":\"admin\\/20260527\\/85ed45386887bd62b93590e732dc8a9e.webp\"},{\"choose_name\":\"170+\",\"choose_desc\":\"Export over 170 communities\",\"choose_image\":\"admin\\/20260527\\/1a325f1189f09ee69e5b5a67dcb1cf12.webp\",\"choose_image_active\":\"admin\\/20260527\\/1a325f1189f09ee69e5b5a67dcb1cf12.webp\"}],\"faq_title\":\"FAQ\",\"faq_contact_title\":\"Can not Find Your Question?\",\"faq_contact_desc\":\"If you can not find the answer, contact us and let us know how we can help you.\",\"faq_contact_btn_text\":\"Contact Us\",\"faq\":[{\"question\":\"What factors affect crane prices most, and how can I get a reasonable quotation?\",\"answer\":\"Many customers worry about hidden costs and inconsistent pricing when buying cranes. The actual crane price mainly depends on lifting capacity, span, lifting height, working duty, configuration standards and customized functions. Simple standard models have stable and transparent prices, while special working conditions such as explosion-proof, high-temperature, anti-corrosion and intelligent anti-sway systems will lead to different costs. We provide one-on-one tailored quotes based on your actual site conditions and usage needs, with no hidden charges, and every configuration and cost item is clearly listed for your reference.\"},{\"question\":\"Are your cranes suitable for my local industrial and environmental conditions?\",\"answer\":\"This is the key concern for overseas buyers, as different countries have different weather, site and industry requirements. Our overhead cranes, gantry cranes and port cranes can be fully adapted to various complex environments, including high temperature, heavy rain, coastal humidity, dust and strong wind conditions. We can adjust motor brands, electrical systems, anti-rust painting standards, protection grades and wind-proof devices according to your local climate, site environment and industry standards, ensuring long-term stable operation in your working scenario.\"},{\"question\":\"Do you support customized crane solutions for special working conditions?\",\"answer\":\"Standard cranes cannot meet all project needs, which is why custom solutions are essential for industrial engineering projects. We fully support personalized customization including non-standard span, special lifting height, heavy-duty working level, explosion-proof, insulation, anti-corrosion, intelligent anti-sway, remote control and automatic positioning functions. Whether it is factory indoor handling, outdoor yard operation, port container handling or metallurgy and chemical special scenarios, we can design and produce exclusive crane equipment according to your drawings and technical requirements.\"},{\"question\":\"What certifications do your cranes have for overseas export?\",\"answer\":\"Most overseas projects require official certification for customs clearance and project acceptance, which is a major pain point for many purchasers. All our cranes are manufactured in strict accordance with international standards and have complete export qualifications, including CE, ISO and other mainstream certifications. We can provide complete certification documents, inspection reports and factory qualification materials to ensure smooth customs clearance, local inspection and long-term project use in your country.\"},{\"question\":\"What after-sales support can you provide for overseas clients?\",\"answer\":\"Overseas customers are most worried about no technical support and difficult maintenance after purchasing equipment. We provide full-cycle after-sales service including installation guidance, operation training, remote technical support and lifetime after-sales consultation. We supply original spare parts at factory prices for long-term maintenance. If you encounter operation failure, equipment debugging or daily maintenance problems, our professional technical team can respond quickly to help you solve problems and ensure the cranes run stably for a long time.\"}]}'  WHERE  `option_name` = 'index_setting' [ RunTime:0.004260s ]
[2026-05-27T16:51:57+08:00][sql] CONNECT:[ UseTime:0.001096s ] mysql:host=127.0.0.1;port=3306;dbname=nucleon;charset=utf8mb4
[2026-05-27T16:51:57+08:00][sql] SHOW FULL COLUMNS FROM `cmf_hook` [ RunTime:0.001803s ]
[2026-05-27T16:51:57+08:00][sql] SELECT `hook`,`id` FROM `cmf_hook` WHERE  (  (  `app` = '' OR `app` = 'cmf' )  AND `type` = 3 ) OR `type` = 1 [ RunTime:0.000660s ]
[2026-05-27T16:51:57+08:00][sql] SHOW FULL COLUMNS FROM `cmf_hook_plugin` [ RunTime:0.001085s ]
[2026-05-27T16:51:57+08:00][sql] SELECT `hook`,`plugin` FROM `cmf_hook_plugin` WHERE  `status` = 1  AND `hook` IN ('app_begin','module_init','action_begin','view_filter','app_end','log_write','response_end','admin_init','home_init','send_mobile_verification_code','body_start','before_head_end','footer_start','before_footer','before_footer_end','before_body_end','left_sidebar_start','before_left_sidebar_end','right_sidebar_start','before_right_sidebar_end','comment','guestbook','switch_theme','after_content','before_content','log_write_done','switch_admin_theme','captcha_image','user_login_start') ORDER BY `list_order` ASC [ RunTime:0.001062s ]
[2026-05-27T16:51:57+08:00][sql] SELECT `hook` FROM `cmf_hook` WHERE  `app` = 'portal' [ RunTime:0.000464s ]
[2026-05-27T16:51:57+08:00][sql] SELECT `hook`,`plugin` FROM `cmf_hook_plugin` WHERE  `status` = 1  AND `hook` IN ('portal_before_assign_article','portal_admin_after_save_article','portal_admin_article_index_view','portal_admin_article_add_view','portal_admin_article_edit_view','portal_admin_category_index_view','portal_admin_category_add_view','portal_admin_category_edit_view','portal_admin_page_index_view','portal_admin_page_add_view','portal_admin_page_edit_view','portal_admin_tag_index_view','portal_admin_article_edit_view_right_sidebar','portal_admin_article_edit_view_main') ORDER BY `list_order` ASC [ RunTime:0.000296s ]
[2026-05-27T16:51:57+08:00][sql] SHOW FULL COLUMNS FROM `cmf_plugin` [ RunTime:0.001498s ]
[2026-05-27T16:51:57+08:00][sql] SELECT `config` FROM `cmf_plugin` WHERE  `name` = 'SwitchTheme' LIMIT 1 [ RunTime:0.000805s ]
[2026-05-27T16:51:57+08:00][sql] SHOW FULL COLUMNS FROM `cmf_option` [ RunTime:0.001233s ]
[2026-05-27T16:51:57+08:00][sql] SELECT `option_value` FROM `cmf_option` WHERE  `option_name` = 'cdn_settings' LIMIT 1 [ RunTime:0.000257s ]
[2026-05-27T16:51:57+08:00][sql] SELECT `option_value` FROM `cmf_option` WHERE  `option_name` = 'cdn_settings' LIMIT 1 [ RunTime:0.000294s ]
[2026-05-27T16:51:57+08:00][sql] SHOW FULL COLUMNS FROM `cmf_product_category` [ RunTime:0.000935s ]
[2026-05-27T16:51:57+08:00][sql] SELECT * FROM `cmf_product_category` WHERE  `parent_id` = 0 ORDER BY `list_order` ASC,`create_time` DESC [ RunTime:0.000328s ]
[2026-05-27T16:51:57+08:00][sql] SELECT * FROM `cmf_product_category` WHERE  `parent_id` IN (28,19,22,23,25,30,27) [ RunTime:0.000311s ]
[2026-05-27T16:51:57+08:00][sql] SHOW FULL COLUMNS FROM `cmf_portal_category` [ RunTime:0.000990s ]
[2026-05-27T16:51:57+08:00][sql] SELECT * FROM `cmf_portal_category` WHERE (  `type` = 8 ) AND `cmf_portal_category`.`delete_time` = '0' ORDER BY `list_order` ASC [ RunTime:0.000476s ]
[2026-05-27T16:51:57+08:00][sql] SELECT `option_value` FROM `cmf_option` WHERE  `option_name` = 'site_info' LIMIT 1 [ RunTime:0.000286s ]
[2026-05-27T16:51:57+08:00][sql] SHOW FULL COLUMNS FROM `cmf_slide_item` [ RunTime:0.001055s ]
[2026-05-27T16:51:57+08:00][sql] SELECT `title`,`description`,`image` FROM `cmf_slide_item` WHERE  `slide_id` = 4  AND `status` = 1 ORDER BY `list_order` ASC,`id` DESC LIMIT 1 [ RunTime:0.000473s ]
[2026-05-27T16:51:57+08:00][sql] SELECT `option_value` FROM `cmf_option` WHERE  `option_name` = 'about_site' LIMIT 1 [ RunTime:0.000231s ]
[2026-05-27T16:51:57+08:00][sql] SHOW FULL COLUMNS FROM `cmf_theme_file` [ RunTime:0.000904s ]
[2026-05-27T16:51:57+08:00][sql] SELECT `more`,`file`,`id` FROM `cmf_theme_file` WHERE  `theme` = 'simpleboot3'  AND (  `is_public` = 1 OR `file` = 'portal/about' ) ORDER BY `is_public` DESC [ RunTime:0.000283s ]
[2026-05-27T16:51:57+08:00][sql] SHOW FULL COLUMNS FROM `cmf_route` [ RunTime:0.002014s ]
[2026-05-27T16:51:57+08:00][sql] SELECT * FROM `cmf_route` WHERE  `status` = 1 ORDER BY `list_order` ASC [ RunTime:0.000590s ]
[2026-05-27T16:51:57+08:00][sql] SELECT `option_value` FROM `cmf_option` WHERE  `option_name` = 'storage' LIMIT 1 [ RunTime:0.000621s ]
[2026-05-27T16:52:04+08:00][sql] CONNECT:[ UseTime:0.000783s ] mysql:host=127.0.0.1;port=3306;dbname=nucleon;charset=utf8mb4
[2026-05-27T16:52:04+08:00][sql] SHOW FULL COLUMNS FROM `cmf_option` [ RunTime:0.001517s ]
[2026-05-27T16:52:04+08:00][sql] SELECT `option_value` FROM `cmf_option` WHERE  `option_name` = 'cdn_settings' LIMIT 1 [ RunTime:0.000246s ]
[2026-05-27T16:52:04+08:00][sql] SELECT `option_value` FROM `cmf_option` WHERE  `option_name` = 'cdn_settings' LIMIT 1 [ RunTime:0.000226s ]
[2026-05-27T16:52:04+08:00][sql] SHOW FULL COLUMNS FROM `cmf_product_category` [ RunTime:0.000839s ]
[2026-05-27T16:52:04+08:00][sql] SELECT * FROM `cmf_product_category` WHERE  `parent_id` = 0 ORDER BY `list_order` ASC,`create_time` DESC [ RunTime:0.000283s ]
[2026-05-27T16:52:04+08:00][sql] SELECT * FROM `cmf_product_category` WHERE  `parent_id` IN (28,19,22,23,25,30,27) [ RunTime:0.000268s ]
[2026-05-27T16:52:04+08:00][sql] SHOW FULL COLUMNS FROM `cmf_portal_category` [ RunTime:0.001251s ]
[2026-05-27T16:52:04+08:00][sql] SELECT * FROM `cmf_portal_category` WHERE (  `type` = 8 ) AND `cmf_portal_category`.`delete_time` = '0' ORDER BY `list_order` ASC [ RunTime:0.000959s ]
[2026-05-27T16:52:04+08:00][sql] SHOW FULL COLUMNS FROM `cmf_slide_item` [ RunTime:0.001119s ]
[2026-05-27T16:52:04+08:00][sql] SELECT `title`,`description`,`image`,`url`,`target`,`content` FROM `cmf_slide_item` WHERE  `slide_id` = 1 ORDER BY `list_order` ASC [ RunTime:0.000566s ]
[2026-05-27T16:52:04+08:00][sql] SHOW FULL COLUMNS FROM `cmf_slide` [ RunTime:0.001012s ]
[2026-05-27T16:52:04+08:00][sql] SELECT * FROM `cmf_slide` WHERE  `name` LIKE '%choose%' OR `name` LIKE '%选择%' LIMIT 1 [ RunTime:0.000700s ]
[2026-05-27T16:52:04+08:00][sql] SELECT `title`,`description`,`image`,`url`,`target`,`content` FROM `cmf_slide_item` WHERE  `slide_id` = 14  AND `status` = 1 ORDER BY `list_order` ASC [ RunTime:0.000292s ]
[2026-05-27T16:52:04+08:00][sql] SELECT * FROM `cmf_product_category` WHERE  `parent_id` = 0  AND `recommend` = 1 ORDER BY `list_order` ASC,`create_time` DESC [ RunTime:0.000277s ]
[2026-05-27T16:52:04+08:00][sql] SHOW FULL COLUMNS FROM `cmf_product` [ RunTime:0.001110s ]
[2026-05-27T16:52:04+08:00][sql] SELECT `id`,`title`,`thumbnail`,`industry` FROM `cmf_product` WHERE  `is_recommended` = 1  AND `category_id` = 28 ORDER BY `list_order` ASC LIMIT 6 [ RunTime:0.000488s ]
[2026-05-27T16:52:04+08:00][sql] SELECT `id`,`title`,`thumbnail`,`industry` FROM `cmf_product` WHERE  `is_recommended` = 1  AND `category_id` = 19 ORDER BY `list_order` ASC LIMIT 6 [ RunTime:0.000306s ]
[2026-05-27T16:52:04+08:00][sql] SELECT `id`,`title`,`thumbnail`,`industry` FROM `cmf_product` WHERE  `is_recommended` = 1  AND `category_id` = 23 ORDER BY `list_order` ASC LIMIT 6 [ RunTime:0.000259s ]
[2026-05-27T16:52:04+08:00][sql] SELECT `id`,`title`,`thumbnail`,`industry` FROM `cmf_product` WHERE  `is_recommended` = 1  AND `category_id` = 25 ORDER BY `list_order` ASC LIMIT 6 [ RunTime:0.000227s ]
[2026-05-27T16:52:04+08:00][sql] SELECT `id`,`title`,`thumbnail`,`industry` FROM `cmf_product` WHERE  `is_recommended` = 1  AND `category_id` = 30 ORDER BY `list_order` ASC LIMIT 6 [ RunTime:0.000230s ]
[2026-05-27T16:52:04+08:00][sql] SELECT `option_value` FROM `cmf_option` WHERE  `option_name` = 'index_setting' LIMIT 1 [ RunTime:0.000195s ]
[2026-05-27T16:52:04+08:00][sql] SHOW FULL COLUMNS FROM `cmf_portal_post` [ RunTime:0.001006s ]
[2026-05-27T16:52:04+08:00][sql] SELECT `p`.`id`,`p`.`post_title`,`p`.`post_excerpt`,`p`.`thumbnail`,`p`.`create_time`,`c`.`category_id` FROM `cmf_portal_post` `p` INNER JOIN `cmf_portal_category_post` `c` ON `p`.`id`=`c`.`post_id` WHERE (  `p`.`post_type` = '8' ) AND `p`.`delete_time` = '0' ORDER BY `c`.`list_order` ASC,`p`.`create_time` DESC [ RunTime:0.000568s ]
[2026-05-27T16:52:04+08:00][sql] SELECT `id`,`post_title`,`post_excerpt`,`more` FROM `cmf_portal_post` WHERE (  `post_type` = 3 ) AND `cmf_portal_post`.`delete_time` = '0' ORDER BY `create_time` DESC [ RunTime:0.000293s ]
[2026-05-27T16:52:04+08:00][sql] SELECT `option_value` FROM `cmf_option` WHERE  `option_name` = 'product_category_hero_settings' LIMIT 1 [ RunTime:0.000214s ]
[2026-05-27T16:52:04+08:00][sql] SHOW FULL COLUMNS FROM `cmf_theme_file` [ RunTime:0.001888s ]
[2026-05-27T16:52:04+08:00][sql] SELECT `more`,`file`,`id` FROM `cmf_theme_file` WHERE  `theme` = 'simpleboot3'  AND (  `is_public` = 1 OR `file` = 'portal/index' ) ORDER BY `is_public` DESC [ RunTime:0.000629s ]
[2026-05-27T16:52:04+08:00][sql] SELECT `option_value` FROM `cmf_option` WHERE  `option_name` = 'storage' LIMIT 1 [ RunTime:0.000492s ]
[2026-05-27T16:52:29+08:00][sql] CONNECT:[ UseTime:0.025980s ] mysql:host=127.0.0.1;port=3306;dbname=nucleon;charset=utf8mb4
[2026-05-27T16:52:29+08:00][sql] SHOW FULL COLUMNS FROM `cmf_option` [ RunTime:0.002031s ]
[2026-05-27T16:52:29+08:00][sql] SELECT `option_value` FROM `cmf_option` WHERE  `option_name` = 'cdn_settings' LIMIT 1 [ RunTime:0.000327s ]
[2026-05-27T16:52:29+08:00][sql] SELECT `option_value` FROM `cmf_option` WHERE  `option_name` = 'cdn_settings' LIMIT 1 [ RunTime:0.000394s ]
[2026-05-27T16:52:29+08:00][sql] SHOW FULL COLUMNS FROM `cmf_product_category` [ RunTime:0.001205s ]
[2026-05-27T16:52:29+08:00][sql] SELECT * FROM `cmf_product_category` WHERE  `parent_id` = 0 ORDER BY `list_order` ASC,`create_time` DESC [ RunTime:0.000296s ]
[2026-05-27T16:52:29+08:00][sql] SELECT * FROM `cmf_product_category` WHERE  `parent_id` IN (28,19,22,23,25,30,27) [ RunTime:0.000273s ]
[2026-05-27T16:52:29+08:00][sql] SHOW FULL COLUMNS FROM `cmf_portal_category` [ RunTime:0.001915s ]
[2026-05-27T16:52:29+08:00][sql] SELECT * FROM `cmf_portal_category` WHERE (  `type` = 8 ) AND `cmf_portal_category`.`delete_time` = '0' ORDER BY `list_order` ASC [ RunTime:0.000743s ]
[2026-05-27T16:52:29+08:00][sql] SHOW FULL COLUMNS FROM `cmf_product` [ RunTime:0.001232s ]
[2026-05-27T16:52:29+08:00][sql] SELECT COUNT(*) AS think_count FROM `cmf_product` WHERE  `category_id` = 28 LIMIT 1 [ RunTime:0.000308s ]
[2026-05-27T16:52:29+08:00][sql] SELECT COUNT(*) AS think_count FROM `cmf_product` WHERE  `category_id` = 19 LIMIT 1 [ RunTime:0.000205s ]
[2026-05-27T16:52:29+08:00][sql] SELECT COUNT(*) AS think_count FROM `cmf_product` WHERE  `category_id` = 22 LIMIT 1 [ RunTime:0.000186s ]
[2026-05-27T16:52:29+08:00][sql] SELECT COUNT(*) AS think_count FROM `cmf_product` WHERE  `category_id` = 23 LIMIT 1 [ RunTime:0.000239s ]
[2026-05-27T16:52:29+08:00][sql] SELECT COUNT(*) AS think_count FROM `cmf_product` WHERE  `category_id` = 25 LIMIT 1 [ RunTime:0.000194s ]
[2026-05-27T16:52:29+08:00][sql] SELECT COUNT(*) AS think_count FROM `cmf_product` WHERE  `category_id` = 30 LIMIT 1 [ RunTime:0.000176s ]
[2026-05-27T16:52:29+08:00][sql] SELECT COUNT(*) AS think_count FROM `cmf_product` WHERE  `category_id` = 27 LIMIT 1 [ RunTime:0.000173s ]
[2026-05-27T16:52:29+08:00][sql] SELECT COUNT(*) AS think_count FROM `cmf_product` LIMIT 1 [ RunTime:0.000155s ]
[2026-05-27T16:52:29+08:00][sql] SELECT `id`,`category_id`,`title`,`thumbnail`,`industry`,`overview` FROM `cmf_product` ORDER BY `list_order` ASC,`create_time` DESC LIMIT 0,12 [ RunTime:0.000601s ]
[2026-05-27T16:52:29+08:00][sql] SHOW FULL COLUMNS FROM `cmf_slide_item` [ RunTime:0.000807s ]
[2026-05-27T16:52:29+08:00][sql] SELECT `title`,`description`,`image` FROM `cmf_slide_item` WHERE  `slide_id` = 2  AND `status` = 1 ORDER BY `list_order` ASC,`id` DESC LIMIT 1 [ RunTime:0.000278s ]
[2026-05-27T16:52:29+08:00][sql] SELECT `option_value` FROM `cmf_option` WHERE  `option_name` = 'storage' LIMIT 1 [ RunTime:0.000218s ]
[2026-05-27T16:52:29+08:00][sql] SHOW FULL COLUMNS FROM `cmf_portal_post` [ RunTime:0.001427s ]
[2026-05-27T16:52:29+08:00][sql] SELECT `id`,`post_title`,`post_excerpt`,`more` FROM `cmf_portal_post` WHERE (  `post_type` = 3 ) AND `cmf_portal_post`.`delete_time` = '0' ORDER BY `create_time` DESC [ RunTime:0.000380s ]
[2026-05-27T16:52:29+08:00][sql] SHOW FULL COLUMNS FROM `cmf_theme_file` [ RunTime:0.001453s ]
[2026-05-27T16:52:29+08:00][sql] SELECT `more`,`file`,`id` FROM `cmf_theme_file` WHERE  `theme` = 'simpleboot3'  AND (  `is_public` = 1 OR `file` = 'portal/product' ) ORDER BY `is_public` DESC [ RunTime:0.000346s ]
[2026-05-27T16:52:36+08:00][sql] CONNECT:[ UseTime:0.000698s ] mysql:host=127.0.0.1;port=3306;dbname=nucleon;charset=utf8mb4
[2026-05-27T16:52:36+08:00][sql] SHOW FULL COLUMNS FROM `cmf_option` [ RunTime:0.001187s ]
[2026-05-27T16:52:36+08:00][sql] SELECT `option_value` FROM `cmf_option` WHERE  `option_name` = 'cdn_settings' LIMIT 1 [ RunTime:0.000302s ]
[2026-05-27T16:52:36+08:00][sql] SELECT `option_value` FROM `cmf_option` WHERE  `option_name` = 'cdn_settings' LIMIT 1 [ RunTime:0.000248s ]
[2026-05-27T16:52:36+08:00][sql] SHOW FULL COLUMNS FROM `cmf_product_category` [ RunTime:0.000868s ]
[2026-05-27T16:52:36+08:00][sql] SELECT * FROM `cmf_product_category` WHERE  `parent_id` = 0 ORDER BY `list_order` ASC,`create_time` DESC [ RunTime:0.000272s ]
[2026-05-27T16:52:36+08:00][sql] SELECT * FROM `cmf_product_category` WHERE  `parent_id` IN (28,19,22,23,25,30,27) [ RunTime:0.000281s ]
[2026-05-27T16:52:36+08:00][sql] SHOW FULL COLUMNS FROM `cmf_portal_category` [ RunTime:0.001806s ]
[2026-05-27T16:52:36+08:00][sql] SELECT * FROM `cmf_portal_category` WHERE (  `type` = 8 ) AND `cmf_portal_category`.`delete_time` = '0' ORDER BY `list_order` ASC [ RunTime:0.000468s ]
[2026-05-27T16:52:36+08:00][sql] SHOW FULL COLUMNS FROM `cmf_slide_item` [ RunTime:0.001013s ]
[2026-05-27T16:52:36+08:00][sql] SELECT `title`,`description`,`image`,`url`,`target`,`content` FROM `cmf_slide_item` WHERE  `slide_id` = 1 ORDER BY `list_order` ASC [ RunTime:0.000341s ]
[2026-05-27T16:52:36+08:00][sql] SHOW FULL COLUMNS FROM `cmf_slide` [ RunTime:0.000767s ]
[2026-05-27T16:52:36+08:00][sql] SELECT * FROM `cmf_slide` WHERE  `name` LIKE '%choose%' OR `name` LIKE '%选择%' LIMIT 1 [ RunTime:0.000248s ]
[2026-05-27T16:52:36+08:00][sql] SELECT `title`,`description`,`image`,`url`,`target`,`content` FROM `cmf_slide_item` WHERE  `slide_id` = 14  AND `status` = 1 ORDER BY `list_order` ASC [ RunTime:0.000270s ]
[2026-05-27T16:52:36+08:00][sql] SELECT * FROM `cmf_product_category` WHERE  `parent_id` = 0  AND `recommend` = 1 ORDER BY `list_order` ASC,`create_time` DESC [ RunTime:0.000289s ]
[2026-05-27T16:52:36+08:00][sql] SHOW FULL COLUMNS FROM `cmf_product` [ RunTime:0.000942s ]
[2026-05-27T16:52:36+08:00][sql] SELECT `id`,`title`,`thumbnail`,`industry` FROM `cmf_product` WHERE  `is_recommended` = 1  AND `category_id` = 28 ORDER BY `list_order` ASC LIMIT 6 [ RunTime:0.000405s ]
[2026-05-27T16:52:36+08:00][sql] SELECT `id`,`title`,`thumbnail`,`industry` FROM `cmf_product` WHERE  `is_recommended` = 1  AND `category_id` = 19 ORDER BY `list_order` ASC LIMIT 6 [ RunTime:0.000308s ]
[2026-05-27T16:52:36+08:00][sql] SELECT `id`,`title`,`thumbnail`,`industry` FROM `cmf_product` WHERE  `is_recommended` = 1  AND `category_id` = 23 ORDER BY `list_order` ASC LIMIT 6 [ RunTime:0.000262s ]
[2026-05-27T16:52:36+08:00][sql] SELECT `id`,`title`,`thumbnail`,`industry` FROM `cmf_product` WHERE  `is_recommended` = 1  AND `category_id` = 25 ORDER BY `list_order` ASC LIMIT 6 [ RunTime:0.000241s ]
[2026-05-27T16:52:36+08:00][sql] SELECT `id`,`title`,`thumbnail`,`industry` FROM `cmf_product` WHERE  `is_recommended` = 1  AND `category_id` = 30 ORDER BY `list_order` ASC LIMIT 6 [ RunTime:0.000243s ]
[2026-05-27T16:52:36+08:00][sql] SHOW FULL COLUMNS FROM `cmf_portal_post` [ RunTime:0.000891s ]
[2026-05-27T16:52:36+08:00][sql] SELECT `p`.`id`,`p`.`post_title`,`p`.`post_excerpt`,`p`.`thumbnail`,`p`.`create_time`,`c`.`category_id` FROM `cmf_portal_post` `p` INNER JOIN `cmf_portal_category_post` `c` ON `p`.`id`=`c`.`post_id` WHERE (  `p`.`post_type` = '8' ) AND `p`.`delete_time` = '0' ORDER BY `c`.`list_order` ASC,`p`.`create_time` DESC [ RunTime:0.000568s ]
[2026-05-27T16:52:36+08:00][sql] SELECT `id`,`post_title`,`post_excerpt`,`more` FROM `cmf_portal_post` WHERE (  `post_type` = 3 ) AND `cmf_portal_post`.`delete_time` = '0' ORDER BY `create_time` DESC [ RunTime:0.000255s ]
[2026-05-27T16:52:36+08:00][sql] SHOW FULL COLUMNS FROM `cmf_theme_file` [ RunTime:0.001503s ]
[2026-05-27T16:52:36+08:00][sql] SELECT `more`,`file`,`id` FROM `cmf_theme_file` WHERE  `theme` = 'simpleboot3'  AND (  `is_public` = 1 OR `file` = 'portal/index' ) ORDER BY `is_public` DESC [ RunTime:0.000423s ]
[2026-05-27T16:52:36+08:00][sql] SELECT `option_value` FROM `cmf_option` WHERE  `option_name` = 'storage' LIMIT 1 [ RunTime:0.000490s ]
[2026-05-27T16:53:51+08:00][sql] CONNECT:[ UseTime:0.000825s ] mysql:host=127.0.0.1;port=3306;dbname=nucleon;charset=utf8mb4
[2026-05-27T16:53:51+08:00][sql] SHOW FULL COLUMNS FROM `cmf_option` [ RunTime:0.001388s ]
[2026-05-27T16:53:51+08:00][sql] SELECT `option_value` FROM `cmf_option` WHERE  `option_name` = 'cdn_settings' LIMIT 1 [ RunTime:0.000616s ]
[2026-05-27T16:53:51+08:00][sql] SELECT `option_value` FROM `cmf_option` WHERE  `option_name` = 'cdn_settings' LIMIT 1 [ RunTime:0.000391s ]
[2026-05-27T16:53:51+08:00][sql] SHOW FULL COLUMNS FROM `cmf_product_category` [ RunTime:0.001361s ]
[2026-05-27T16:53:51+08:00][sql] SELECT * FROM `cmf_product_category` WHERE  `parent_id` = 0 ORDER BY `list_order` ASC,`create_time` DESC [ RunTime:0.000321s ]
[2026-05-27T16:53:51+08:00][sql] SELECT * FROM `cmf_product_category` WHERE  `parent_id` IN (28,19,22,23,25,30,27) [ RunTime:0.000368s ]
[2026-05-27T16:53:51+08:00][sql] SHOW FULL COLUMNS FROM `cmf_portal_category` [ RunTime:0.001124s ]
[2026-05-27T16:53:51+08:00][sql] SELECT * FROM `cmf_portal_category` WHERE (  `type` = 8 ) AND `cmf_portal_category`.`delete_time` = '0' ORDER BY `list_order` ASC [ RunTime:0.000374s ]
[2026-05-27T16:53:51+08:00][sql] SHOW FULL COLUMNS FROM `cmf_slide_item` [ RunTime:0.001038s ]
[2026-05-27T16:53:51+08:00][sql] SELECT `title`,`description`,`image`,`url`,`target`,`content` FROM `cmf_slide_item` WHERE  `slide_id` = 1 ORDER BY `list_order` ASC [ RunTime:0.000330s ]
[2026-05-27T16:53:51+08:00][sql] SHOW FULL COLUMNS FROM `cmf_slide` [ RunTime:0.000840s ]
[2026-05-27T16:53:51+08:00][sql] SELECT * FROM `cmf_slide` WHERE  `name` LIKE '%choose%' OR `name` LIKE '%选择%' LIMIT 1 [ RunTime:0.000840s ]
[2026-05-27T16:53:51+08:00][sql] SELECT `title`,`description`,`image`,`url`,`target`,`content` FROM `cmf_slide_item` WHERE  `slide_id` = 14  AND `status` = 1 ORDER BY `list_order` ASC [ RunTime:0.000360s ]
[2026-05-27T16:53:51+08:00][sql] SELECT * FROM `cmf_product_category` WHERE  `parent_id` = 0  AND `recommend` = 1 ORDER BY `list_order` ASC,`create_time` DESC [ RunTime:0.000320s ]
[2026-05-27T16:53:51+08:00][sql] SHOW FULL COLUMNS FROM `cmf_product` [ RunTime:0.001201s ]
[2026-05-27T16:53:51+08:00][sql] SELECT `id`,`title`,`thumbnail`,`industry` FROM `cmf_product` WHERE  `is_recommended` = 1  AND `category_id` = 28 ORDER BY `list_order` ASC LIMIT 6 [ RunTime:0.000769s ]
[2026-05-27T16:53:51+08:00][sql] SELECT `id`,`title`,`thumbnail`,`industry` FROM `cmf_product` WHERE  `is_recommended` = 1  AND `category_id` = 19 ORDER BY `list_order` ASC LIMIT 6 [ RunTime:0.000566s ]
[2026-05-27T16:53:51+08:00][sql] SELECT `id`,`title`,`thumbnail`,`industry` FROM `cmf_product` WHERE  `is_recommended` = 1  AND `category_id` = 23 ORDER BY `list_order` ASC LIMIT 6 [ RunTime:0.000398s ]
[2026-05-27T16:53:51+08:00][sql] SELECT `id`,`title`,`thumbnail`,`industry` FROM `cmf_product` WHERE  `is_recommended` = 1  AND `category_id` = 25 ORDER BY `list_order` ASC LIMIT 6 [ RunTime:0.000348s ]
[2026-05-27T16:53:51+08:00][sql] SELECT `id`,`title`,`thumbnail`,`industry` FROM `cmf_product` WHERE  `is_recommended` = 1  AND `category_id` = 30 ORDER BY `list_order` ASC LIMIT 6 [ RunTime:0.000392s ]
[2026-05-27T16:53:51+08:00][sql] SHOW FULL COLUMNS FROM `cmf_portal_post` [ RunTime:0.001137s ]
[2026-05-27T16:53:51+08:00][sql] SELECT `p`.`id`,`p`.`post_title`,`p`.`post_excerpt`,`p`.`thumbnail`,`p`.`create_time`,`c`.`category_id` FROM `cmf_portal_post` `p` INNER JOIN `cmf_portal_category_post` `c` ON `p`.`id`=`c`.`post_id` WHERE (  `p`.`post_type` = '8' ) AND `p`.`delete_time` = '0' ORDER BY `c`.`list_order` ASC,`p`.`create_time` DESC [ RunTime:0.001489s ]
[2026-05-27T16:53:51+08:00][sql] SELECT `id`,`post_title`,`post_excerpt`,`more` FROM `cmf_portal_post` WHERE (  `post_type` = 3 ) AND `cmf_portal_post`.`delete_time` = '0' ORDER BY `create_time` DESC [ RunTime:0.000371s ]
[2026-05-27T16:53:51+08:00][sql] SHOW FULL COLUMNS FROM `cmf_theme_file` [ RunTime:0.001075s ]
[2026-05-27T16:53:51+08:00][sql] SELECT `more`,`file`,`id` FROM `cmf_theme_file` WHERE  `theme` = 'simpleboot3'  AND (  `is_public` = 1 OR `file` = 'portal/index' ) ORDER BY `is_public` DESC [ RunTime:0.000353s ]
[2026-05-27T16:53:51+08:00][sql] SELECT `option_value` FROM `cmf_option` WHERE  `option_name` = 'storage' LIMIT 1 [ RunTime:0.000439s ]
[2026-05-27T16:54:10+08:00][sql] CONNECT:[ UseTime:0.001262s ] mysql:host=127.0.0.1;port=3306;dbname=nucleon;charset=utf8mb4
[2026-05-27T16:54:10+08:00][sql] SHOW FULL COLUMNS FROM `cmf_option` [ RunTime:0.002142s ]
[2026-05-27T16:54:10+08:00][sql] SELECT `option_value` FROM `cmf_option` WHERE  `option_name` = 'cdn_settings' LIMIT 1 [ RunTime:0.000318s ]
[2026-05-27T16:54:10+08:00][sql] SELECT `option_value` FROM `cmf_option` WHERE  `option_name` = 'cdn_settings' LIMIT 1 [ RunTime:0.000386s ]
[2026-05-27T16:54:10+08:00][sql] SHOW FULL COLUMNS FROM `cmf_product_category` [ RunTime:0.001208s ]
[2026-05-27T16:54:10+08:00][sql] SELECT * FROM `cmf_product_category` WHERE  `parent_id` = 0 ORDER BY `list_order` ASC,`create_time` DESC [ RunTime:0.000300s ]
[2026-05-27T16:54:10+08:00][sql] SELECT * FROM `cmf_product_category` WHERE  `parent_id` IN (28,19,22,23,25,30,27) [ RunTime:0.000312s ]
[2026-05-27T16:54:10+08:00][sql] SHOW FULL COLUMNS FROM `cmf_portal_category` [ RunTime:0.001552s ]
[2026-05-27T16:54:10+08:00][sql] SELECT * FROM `cmf_portal_category` WHERE (  `type` = 8 ) AND `cmf_portal_category`.`delete_time` = '0' ORDER BY `list_order` ASC [ RunTime:0.000390s ]
[2026-05-27T16:54:10+08:00][sql] SHOW FULL COLUMNS FROM `cmf_slide_item` [ RunTime:0.001323s ]
[2026-05-27T16:54:10+08:00][sql] SELECT `title`,`description`,`image`,`url`,`target`,`content` FROM `cmf_slide_item` WHERE  `slide_id` = 1 ORDER BY `list_order` ASC [ RunTime:0.000427s ]
[2026-05-27T16:54:10+08:00][sql] SHOW FULL COLUMNS FROM `cmf_slide` [ RunTime:0.001304s ]
[2026-05-27T16:54:10+08:00][sql] SELECT * FROM `cmf_slide` WHERE  `name` LIKE '%choose%' OR `name` LIKE '%选择%' LIMIT 1 [ RunTime:0.000393s ]
[2026-05-27T16:54:10+08:00][sql] SELECT `title`,`description`,`image`,`url`,`target`,`content` FROM `cmf_slide_item` WHERE  `slide_id` = 14  AND `status` = 1 ORDER BY `list_order` ASC [ RunTime:0.000413s ]
[2026-05-27T16:54:10+08:00][sql] SELECT * FROM `cmf_product_category` WHERE  `parent_id` = 0  AND `recommend` = 1 ORDER BY `list_order` ASC,`create_time` DESC [ RunTime:0.000579s ]
[2026-05-27T16:54:10+08:00][sql] SHOW FULL COLUMNS FROM `cmf_product` [ RunTime:0.001435s ]
[2026-05-27T16:54:10+08:00][sql] SELECT `id`,`title`,`thumbnail`,`industry` FROM `cmf_product` WHERE  `is_recommended` = 1  AND `category_id` = 28 ORDER BY `list_order` ASC LIMIT 6 [ RunTime:0.000519s ]
[2026-05-27T16:54:10+08:00][sql] SELECT `id`,`title`,`thumbnail`,`industry` FROM `cmf_product` WHERE  `is_recommended` = 1  AND `category_id` = 19 ORDER BY `list_order` ASC LIMIT 6 [ RunTime:0.000397s ]
[2026-05-27T16:54:10+08:00][sql] SELECT `id`,`title`,`thumbnail`,`industry` FROM `cmf_product` WHERE  `is_recommended` = 1  AND `category_id` = 23 ORDER BY `list_order` ASC LIMIT 6 [ RunTime:0.000344s ]
[2026-05-27T16:54:10+08:00][sql] SELECT `id`,`title`,`thumbnail`,`industry` FROM `cmf_product` WHERE  `is_recommended` = 1  AND `category_id` = 25 ORDER BY `list_order` ASC LIMIT 6 [ RunTime:0.000312s ]
[2026-05-27T16:54:10+08:00][sql] SELECT `id`,`title`,`thumbnail`,`industry` FROM `cmf_product` WHERE  `is_recommended` = 1  AND `category_id` = 30 ORDER BY `list_order` ASC LIMIT 6 [ RunTime:0.000327s ]
[2026-05-27T16:54:10+08:00][sql] SHOW FULL COLUMNS FROM `cmf_portal_post` [ RunTime:0.001163s ]
[2026-05-27T16:54:10+08:00][sql] SELECT `p`.`id`,`p`.`post_title`,`p`.`post_excerpt`,`p`.`thumbnail`,`p`.`create_time`,`c`.`category_id` FROM `cmf_portal_post` `p` INNER JOIN `cmf_portal_category_post` `c` ON `p`.`id`=`c`.`post_id` WHERE (  `p`.`post_type` = '8' ) AND `p`.`delete_time` = '0' ORDER BY `c`.`list_order` ASC,`p`.`create_time` DESC [ RunTime:0.000608s ]
[2026-05-27T16:54:10+08:00][sql] SELECT `id`,`post_title`,`post_excerpt`,`more` FROM `cmf_portal_post` WHERE (  `post_type` = 3 ) AND `cmf_portal_post`.`delete_time` = '0' ORDER BY `create_time` DESC [ RunTime:0.000349s ]
[2026-05-27T16:54:10+08:00][sql] SHOW FULL COLUMNS FROM `cmf_theme_file` [ RunTime:0.001135s ]
[2026-05-27T16:54:10+08:00][sql] SELECT `more`,`file`,`id` FROM `cmf_theme_file` WHERE  `theme` = 'simpleboot3'  AND (  `is_public` = 1 OR `file` = 'portal/index' ) ORDER BY `is_public` DESC [ RunTime:0.000322s ]
[2026-05-27T16:54:10+08:00][sql] SELECT `option_value` FROM `cmf_option` WHERE  `option_name` = 'storage' LIMIT 1 [ RunTime:0.000382s ]
[2026-05-27T16:54:26+08:00][sql] CONNECT:[ UseTime:0.001653s ] mysql:host=127.0.0.1;port=3306;dbname=nucleon;charset=utf8mb4
[2026-05-27T16:54:26+08:00][sql] SHOW FULL COLUMNS FROM `cmf_option` [ RunTime:0.001477s ]
[2026-05-27T16:54:26+08:00][sql] SELECT `option_value` FROM `cmf_option` WHERE  `option_name` = 'cdn_settings' LIMIT 1 [ RunTime:0.000313s ]
[2026-05-27T16:54:26+08:00][sql] SELECT `option_value` FROM `cmf_option` WHERE  `option_name` = 'cdn_settings' LIMIT 1 [ RunTime:0.000295s ]
[2026-05-27T16:54:26+08:00][sql] SHOW FULL COLUMNS FROM `cmf_product_category` [ RunTime:0.001124s ]
[2026-05-27T16:54:26+08:00][sql] SELECT * FROM `cmf_product_category` WHERE  `parent_id` = 0 ORDER BY `list_order` ASC,`create_time` DESC [ RunTime:0.000345s ]
[2026-05-27T16:54:26+08:00][sql] SELECT * FROM `cmf_product_category` WHERE  `parent_id` IN (28,19,22,23,25,30,27) [ RunTime:0.000304s ]
[2026-05-27T16:54:26+08:00][sql] SHOW FULL COLUMNS FROM `cmf_portal_category` [ RunTime:0.001714s ]
[2026-05-27T16:54:26+08:00][sql] SELECT * FROM `cmf_portal_category` WHERE (  `type` = 8 ) AND `cmf_portal_category`.`delete_time` = '0' ORDER BY `list_order` ASC [ RunTime:0.000731s ]
[2026-05-27T16:54:26+08:00][sql] SHOW FULL COLUMNS FROM `cmf_slide_item` [ RunTime:0.001258s ]
[2026-05-27T16:54:26+08:00][sql] SELECT `title`,`description`,`image` FROM `cmf_slide_item` WHERE  `slide_id` = 5  AND `status` = 1 ORDER BY `list_order` ASC,`id` DESC LIMIT 1 [ RunTime:0.000460s ]
[2026-05-27T16:54:26+08:00][sql] SELECT `option_value` FROM `cmf_option` WHERE  `option_name` = 'quote_site' LIMIT 1 [ RunTime:0.000257s ]
[2026-05-27T16:54:26+08:00][sql] SHOW FULL COLUMNS FROM `cmf_theme_file` [ RunTime:0.001189s ]
[2026-05-27T16:54:26+08:00][sql] SELECT `more`,`file`,`id` FROM `cmf_theme_file` WHERE  `theme` = 'simpleboot3'  AND (  `is_public` = 1 OR `file` = 'portal/quote' ) ORDER BY `is_public` DESC [ RunTime:0.000325s ]
[2026-05-27T16:54:26+08:00][sql] SELECT `option_value` FROM `cmf_option` WHERE  `option_name` = 'storage' LIMIT 1 [ RunTime:0.000537s ]
[2026-05-27T16:55:34+08:00][sql] CONNECT:[ UseTime:0.001765s ] mysql:host=127.0.0.1;port=3306;dbname=nucleon;charset=utf8mb4
[2026-05-27T16:55:34+08:00][sql] SHOW FULL COLUMNS FROM `cmf_option` [ RunTime:0.002519s ]
[2026-05-27T16:55:34+08:00][sql] SELECT `option_value` FROM `cmf_option` WHERE  `option_name` = 'cdn_settings' LIMIT 1 [ RunTime:0.000328s ]
[2026-05-27T16:55:34+08:00][sql] SELECT `option_value` FROM `cmf_option` WHERE  `option_name` = 'cdn_settings' LIMIT 1 [ RunTime:0.000912s ]
[2026-05-27T16:55:34+08:00][sql] SHOW FULL COLUMNS FROM `cmf_product_category` [ RunTime:0.002330s ]
[2026-05-27T16:55:34+08:00][sql] SELECT * FROM `cmf_product_category` WHERE  `parent_id` = 0 ORDER BY `list_order` ASC,`create_time` DESC [ RunTime:0.000769s ]
[2026-05-27T16:55:34+08:00][sql] SELECT * FROM `cmf_product_category` WHERE  `parent_id` IN (28,19,22,23,25,30,27) [ RunTime:0.000779s ]
[2026-05-27T16:55:34+08:00][sql] SHOW FULL COLUMNS FROM `cmf_portal_category` [ RunTime:0.001899s ]
[2026-05-27T16:55:34+08:00][sql] SELECT * FROM `cmf_portal_category` WHERE (  `type` = 8 ) AND `cmf_portal_category`.`delete_time` = '0' ORDER BY `list_order` ASC [ RunTime:0.000703s ]
[2026-05-27T16:55:34+08:00][sql] SHOW FULL COLUMNS FROM `cmf_product` [ RunTime:0.002718s ]
[2026-05-27T16:55:34+08:00][sql] SELECT COUNT(*) AS think_count FROM `cmf_product` WHERE  `category_id` = 28 LIMIT 1 [ RunTime:0.000652s ]
[2026-05-27T16:55:34+08:00][sql] SELECT COUNT(*) AS think_count FROM `cmf_product` WHERE  `category_id` = 19 LIMIT 1 [ RunTime:0.000353s ]
[2026-05-27T16:55:34+08:00][sql] SELECT COUNT(*) AS think_count FROM `cmf_product` WHERE  `category_id` = 22 LIMIT 1 [ RunTime:0.000273s ]
[2026-05-27T16:55:34+08:00][sql] SELECT COUNT(*) AS think_count FROM `cmf_product` WHERE  `category_id` = 23 LIMIT 1 [ RunTime:0.000297s ]
[2026-05-27T16:55:34+08:00][sql] SELECT COUNT(*) AS think_count FROM `cmf_product` WHERE  `category_id` = 25 LIMIT 1 [ RunTime:0.000247s ]
[2026-05-27T16:55:34+08:00][sql] SELECT COUNT(*) AS think_count FROM `cmf_product` WHERE  `category_id` = 30 LIMIT 1 [ RunTime:0.000240s ]
[2026-05-27T16:55:34+08:00][sql] SELECT COUNT(*) AS think_count FROM `cmf_product` WHERE  `category_id` = 27 LIMIT 1 [ RunTime:0.000241s ]
[2026-05-27T16:55:34+08:00][sql] SELECT COUNT(*) AS think_count FROM `cmf_product` LIMIT 1 [ RunTime:0.000231s ]
[2026-05-27T16:55:34+08:00][sql] SELECT `id`,`category_id`,`title`,`thumbnail`,`industry`,`overview` FROM `cmf_product` ORDER BY `list_order` ASC,`create_time` DESC LIMIT 0,12 [ RunTime:0.001182s ]
[2026-05-27T16:55:34+08:00][sql] SHOW FULL COLUMNS FROM `cmf_slide_item` [ RunTime:0.001632s ]
[2026-05-27T16:55:34+08:00][sql] SELECT `title`,`description`,`image` FROM `cmf_slide_item` WHERE  `slide_id` = 2  AND `status` = 1 ORDER BY `list_order` ASC,`id` DESC LIMIT 1 [ RunTime:0.000742s ]
[2026-05-27T16:55:34+08:00][sql] SELECT `option_value` FROM `cmf_option` WHERE  `option_name` = 'storage' LIMIT 1 [ RunTime:0.000386s ]
[2026-05-27T16:55:34+08:00][sql] SHOW FULL COLUMNS FROM `cmf_portal_post` [ RunTime:0.002101s ]
[2026-05-27T16:55:34+08:00][sql] SELECT `id`,`post_title`,`post_excerpt`,`more` FROM `cmf_portal_post` WHERE (  `post_type` = 3 ) AND `cmf_portal_post`.`delete_time` = '0' ORDER BY `create_time` DESC [ RunTime:0.001190s ]
[2026-05-27T16:55:34+08:00][sql] SHOW FULL COLUMNS FROM `cmf_theme_file` [ RunTime:0.001409s ]
[2026-05-27T16:55:34+08:00][sql] SELECT `more`,`file`,`id` FROM `cmf_theme_file` WHERE  `theme` = 'simpleboot3'  AND (  `is_public` = 1 OR `file` = 'portal/product' ) ORDER BY `is_public` DESC [ RunTime:0.000694s ]
[2026-05-27T16:55:43+08:00][sql] CONNECT:[ UseTime:0.000983s ] mysql:host=127.0.0.1;port=3306;dbname=nucleon;charset=utf8mb4
[2026-05-27T16:55:43+08:00][sql] SHOW FULL COLUMNS FROM `cmf_option` [ RunTime:0.001931s ]
[2026-05-27T16:55:43+08:00][sql] SELECT `option_value` FROM `cmf_option` WHERE  `option_name` = 'cdn_settings' LIMIT 1 [ RunTime:0.000305s ]
[2026-05-27T16:55:43+08:00][sql] SELECT `option_value` FROM `cmf_option` WHERE  `option_name` = 'cdn_settings' LIMIT 1 [ RunTime:0.000282s ]
[2026-05-27T16:55:43+08:00][sql] SHOW FULL COLUMNS FROM `cmf_product_category` [ RunTime:0.001061s ]
[2026-05-27T16:55:43+08:00][sql] SELECT * FROM `cmf_product_category` WHERE  `parent_id` = 0 ORDER BY `list_order` ASC,`create_time` DESC [ RunTime:0.001122s ]
[2026-05-27T16:55:43+08:00][sql] SELECT * FROM `cmf_product_category` WHERE  `parent_id` IN (28,19,22,23,25,30,27) [ RunTime:0.000353s ]
[2026-05-27T16:55:43+08:00][sql] SHOW FULL COLUMNS FROM `cmf_portal_category` [ RunTime:0.001182s ]
[2026-05-27T16:55:43+08:00][sql] SELECT * FROM `cmf_portal_category` WHERE (  `type` = 8 ) AND `cmf_portal_category`.`delete_time` = '0' ORDER BY `list_order` ASC [ RunTime:0.001106s ]
[2026-05-27T16:55:43+08:00][sql] SELECT * FROM `cmf_product_category` WHERE  `id` = 28 LIMIT 1 [ RunTime:0.000396s ]
[2026-05-27T16:55:43+08:00][sql] SHOW FULL COLUMNS FROM `cmf_product` [ RunTime:0.001376s ]
[2026-05-27T16:55:43+08:00][sql] SELECT COUNT(*) AS think_count FROM `cmf_product` WHERE  `category_id` = 28 LIMIT 1 [ RunTime:0.000472s ]
[2026-05-27T16:55:43+08:00][sql] SELECT COUNT(*) AS think_count FROM `cmf_product` WHERE  `category_id` = 19 LIMIT 1 [ RunTime:0.000259s ]
[2026-05-27T16:55:43+08:00][sql] SELECT COUNT(*) AS think_count FROM `cmf_product` WHERE  `category_id` = 22 LIMIT 1 [ RunTime:0.000273s ]
[2026-05-27T16:55:43+08:00][sql] SELECT COUNT(*) AS think_count FROM `cmf_product` WHERE  `category_id` = 23 LIMIT 1 [ RunTime:0.000224s ]
[2026-05-27T16:55:43+08:00][sql] SELECT COUNT(*) AS think_count FROM `cmf_product` WHERE  `category_id` = 25 LIMIT 1 [ RunTime:0.000270s ]
[2026-05-27T16:55:43+08:00][sql] SELECT COUNT(*) AS think_count FROM `cmf_product` WHERE  `category_id` = 30 LIMIT 1 [ RunTime:0.000246s ]
[2026-05-27T16:55:43+08:00][sql] SELECT COUNT(*) AS think_count FROM `cmf_product` WHERE  `category_id` = 27 LIMIT 1 [ RunTime:0.000231s ]
[2026-05-27T16:55:43+08:00][sql] SELECT COUNT(*) AS think_count FROM `cmf_product` WHERE  `category_id` = 28 LIMIT 1 [ RunTime:0.000246s ]
[2026-05-27T16:55:43+08:00][sql] SELECT `id`,`category_id`,`title`,`thumbnail`,`industry`,`overview` FROM `cmf_product` WHERE  `category_id` = 28 ORDER BY `list_order` ASC,`create_time` DESC LIMIT 0,12 [ RunTime:0.000617s ]
[2026-05-27T16:55:43+08:00][sql] SHOW FULL COLUMNS FROM `cmf_slide_item` [ RunTime:0.000975s ]
[2026-05-27T16:55:43+08:00][sql] SELECT `title`,`description`,`image` FROM `cmf_slide_item` WHERE  `slide_id` = 2  AND `status` = 1 ORDER BY `list_order` ASC,`id` DESC LIMIT 1 [ RunTime:0.000563s ]
[2026-05-27T16:55:43+08:00][sql] SELECT `option_value` FROM `cmf_option` WHERE  `option_name` = 'storage' LIMIT 1 [ RunTime:0.000289s ]
[2026-05-27T16:55:43+08:00][sql] SELECT `option_value` FROM `cmf_option` WHERE  `option_name` = 'product_category_faq_settings' LIMIT 1 [ RunTime:0.000352s ]
[2026-05-27T16:55:43+08:00][sql] SHOW FULL COLUMNS FROM `cmf_portal_post` [ RunTime:0.001477s ]
[2026-05-27T16:55:43+08:00][sql] SELECT `id`,`post_title`,`post_excerpt`,`more` FROM `cmf_portal_post` WHERE (  `post_type` = 3 ) AND `cmf_portal_post`.`delete_time` = '0' ORDER BY `create_time` DESC [ RunTime:0.000627s ]
[2026-05-27T16:55:43+08:00][sql] SHOW FULL COLUMNS FROM `cmf_theme_file` [ RunTime:0.001418s ]
[2026-05-27T16:55:43+08:00][sql] SELECT `more`,`file`,`id` FROM `cmf_theme_file` WHERE  `theme` = 'simpleboot3'  AND (  `is_public` = 1 OR `file` = 'portal/product' ) ORDER BY `is_public` DESC [ RunTime:0.000598s ]
[2026-05-27T16:55:54+08:00][sql] CONNECT:[ UseTime:0.000675s ] mysql:host=127.0.0.1;port=3306;dbname=nucleon;charset=utf8mb4
[2026-05-27T16:55:54+08:00][sql] SHOW FULL COLUMNS FROM `cmf_option` [ RunTime:0.001731s ]
[2026-05-27T16:55:54+08:00][sql] SELECT `option_value` FROM `cmf_option` WHERE  `option_name` = 'cdn_settings' LIMIT 1 [ RunTime:0.000407s ]
[2026-05-27T16:55:54+08:00][sql] SELECT `option_value` FROM `cmf_option` WHERE  `option_name` = 'cdn_settings' LIMIT 1 [ RunTime:0.000291s ]
[2026-05-27T16:55:54+08:00][sql] SHOW FULL COLUMNS FROM `cmf_product_category` [ RunTime:0.000868s ]
[2026-05-27T16:55:54+08:00][sql] SELECT * FROM `cmf_product_category` WHERE  `parent_id` = 0 ORDER BY `list_order` ASC,`create_time` DESC [ RunTime:0.000376s ]
[2026-05-27T16:55:54+08:00][sql] SELECT * FROM `cmf_product_category` WHERE  `parent_id` IN (28,19,22,23,25,30,27) [ RunTime:0.000300s ]
[2026-05-27T16:55:54+08:00][sql] SHOW FULL COLUMNS FROM `cmf_portal_category` [ RunTime:0.000844s ]
[2026-05-27T16:55:54+08:00][sql] SELECT * FROM `cmf_portal_category` WHERE (  `type` = 8 ) AND `cmf_portal_category`.`delete_time` = '0' ORDER BY `list_order` ASC [ RunTime:0.000325s ]
[2026-05-27T16:55:54+08:00][sql] SHOW FULL COLUMNS FROM `cmf_slide_item` [ RunTime:0.000745s ]
[2026-05-27T16:55:54+08:00][sql] SELECT `title`,`description`,`image`,`url`,`target`,`content` FROM `cmf_slide_item` WHERE  `slide_id` = 1 ORDER BY `list_order` ASC [ RunTime:0.000268s ]
[2026-05-27T16:55:54+08:00][sql] SHOW FULL COLUMNS FROM `cmf_slide` [ RunTime:0.000677s ]
[2026-05-27T16:55:54+08:00][sql] SELECT * FROM `cmf_slide` WHERE  `name` LIKE '%choose%' OR `name` LIKE '%选择%' LIMIT 1 [ RunTime:0.000281s ]
[2026-05-27T16:55:54+08:00][sql] SELECT `title`,`description`,`image`,`url`,`target`,`content` FROM `cmf_slide_item` WHERE  `slide_id` = 14  AND `status` = 1 ORDER BY `list_order` ASC [ RunTime:0.000260s ]
[2026-05-27T16:55:54+08:00][sql] SELECT * FROM `cmf_product_category` WHERE  `parent_id` = 0  AND `recommend` = 1 ORDER BY `list_order` ASC,`create_time` DESC [ RunTime:0.000255s ]
[2026-05-27T16:55:54+08:00][sql] SHOW FULL COLUMNS FROM `cmf_product` [ RunTime:0.001451s ]
[2026-05-27T16:55:54+08:00][sql] SELECT `id`,`title`,`thumbnail`,`industry` FROM `cmf_product` WHERE  `is_recommended` = 1  AND `category_id` = 28 ORDER BY `list_order` ASC LIMIT 6 [ RunTime:0.000762s ]
[2026-05-27T16:55:54+08:00][sql] SELECT `id`,`title`,`thumbnail`,`industry` FROM `cmf_product` WHERE  `is_recommended` = 1  AND `category_id` = 19 ORDER BY `list_order` ASC LIMIT 6 [ RunTime:0.000387s ]
[2026-05-27T16:55:54+08:00][sql] SELECT `id`,`title`,`thumbnail`,`industry` FROM `cmf_product` WHERE  `is_recommended` = 1  AND `category_id` = 23 ORDER BY `list_order` ASC LIMIT 6 [ RunTime:0.000348s ]
[2026-05-27T16:55:54+08:00][sql] SELECT `id`,`title`,`thumbnail`,`industry` FROM `cmf_product` WHERE  `is_recommended` = 1  AND `category_id` = 25 ORDER BY `list_order` ASC LIMIT 6 [ RunTime:0.000295s ]
[2026-05-27T16:55:54+08:00][sql] SELECT `id`,`title`,`thumbnail`,`industry` FROM `cmf_product` WHERE  `is_recommended` = 1  AND `category_id` = 30 ORDER BY `list_order` ASC LIMIT 6 [ RunTime:0.000241s ]
[2026-05-27T16:55:54+08:00][sql] SHOW FULL COLUMNS FROM `cmf_portal_post` [ RunTime:0.000942s ]
[2026-05-27T16:55:54+08:00][sql] SELECT `p`.`id`,`p`.`post_title`,`p`.`post_excerpt`,`p`.`thumbnail`,`p`.`create_time`,`c`.`category_id` FROM `cmf_portal_post` `p` INNER JOIN `cmf_portal_category_post` `c` ON `p`.`id`=`c`.`post_id` WHERE (  `p`.`post_type` = '8' ) AND `p`.`delete_time` = '0' ORDER BY `c`.`list_order` ASC,`p`.`create_time` DESC [ RunTime:0.000516s ]
[2026-05-27T16:55:54+08:00][sql] SELECT `id`,`post_title`,`post_excerpt`,`more` FROM `cmf_portal_post` WHERE (  `post_type` = 3 ) AND `cmf_portal_post`.`delete_time` = '0' ORDER BY `create_time` DESC [ RunTime:0.000284s ]
[2026-05-27T16:55:54+08:00][sql] SHOW FULL COLUMNS FROM `cmf_theme_file` [ RunTime:0.000757s ]
[2026-05-27T16:55:54+08:00][sql] SELECT `more`,`file`,`id` FROM `cmf_theme_file` WHERE  `theme` = 'simpleboot3'  AND (  `is_public` = 1 OR `file` = 'portal/index' ) ORDER BY `is_public` DESC [ RunTime:0.000315s ]
[2026-05-27T16:55:54+08:00][sql] SELECT `option_value` FROM `cmf_option` WHERE  `option_name` = 'storage' LIMIT 1 [ RunTime:0.000205s ]
[2026-05-27T16:57:43+08:00][sql] CONNECT:[ UseTime:0.001491s ] mysql:host=127.0.0.1;port=3306;dbname=nucleon;charset=utf8mb4
[2026-05-27T16:57:43+08:00][sql] SHOW FULL COLUMNS FROM `cmf_option` [ RunTime:0.001445s ]
[2026-05-27T16:57:43+08:00][sql] SELECT `option_value` FROM `cmf_option` WHERE  `option_name` = 'cdn_settings' LIMIT 1 [ RunTime:0.000255s ]
[2026-05-27T16:57:43+08:00][sql] SELECT `option_value` FROM `cmf_option` WHERE  `option_name` = 'cdn_settings' LIMIT 1 [ RunTime:0.000249s ]
[2026-05-27T16:57:43+08:00][sql] SHOW FULL COLUMNS FROM `cmf_product_category` [ RunTime:0.001059s ]
[2026-05-27T16:57:43+08:00][sql] SELECT * FROM `cmf_product_category` WHERE  `parent_id` = 0 ORDER BY `list_order` ASC,`create_time` DESC [ RunTime:0.000449s ]
[2026-05-27T16:57:43+08:00][sql] SELECT * FROM `cmf_product_category` WHERE  `parent_id` IN (28,19,22,23,25,30,27) [ RunTime:0.000279s ]
[2026-05-27T16:57:43+08:00][sql] SHOW FULL COLUMNS FROM `cmf_portal_category` [ RunTime:0.002264s ]
[2026-05-27T16:57:43+08:00][sql] SELECT * FROM `cmf_portal_category` WHERE (  `type` = 8 ) AND `cmf_portal_category`.`delete_time` = '0' ORDER BY `list_order` ASC [ RunTime:0.000587s ]
[2026-05-27T16:57:43+08:00][sql] SHOW FULL COLUMNS FROM `cmf_product` [ RunTime:0.001440s ]
[2026-05-27T16:57:43+08:00][sql] SELECT COUNT(*) AS think_count FROM `cmf_product` WHERE  `category_id` = 28 LIMIT 1 [ RunTime:0.000398s ]
[2026-05-27T16:57:43+08:00][sql] SELECT COUNT(*) AS think_count FROM `cmf_product` WHERE  `category_id` = 19 LIMIT 1 [ RunTime:0.000299s ]
[2026-05-27T16:57:43+08:00][sql] SELECT COUNT(*) AS think_count FROM `cmf_product` WHERE  `category_id` = 22 LIMIT 1 [ RunTime:0.000239s ]
[2026-05-27T16:57:43+08:00][sql] SELECT COUNT(*) AS think_count FROM `cmf_product` WHERE  `category_id` = 23 LIMIT 1 [ RunTime:0.000269s ]
[2026-05-27T16:57:43+08:00][sql] SELECT COUNT(*) AS think_count FROM `cmf_product` WHERE  `category_id` = 25 LIMIT 1 [ RunTime:0.000240s ]
[2026-05-27T16:57:43+08:00][sql] SELECT COUNT(*) AS think_count FROM `cmf_product` WHERE  `category_id` = 30 LIMIT 1 [ RunTime:0.000250s ]
[2026-05-27T16:57:43+08:00][sql] SELECT COUNT(*) AS think_count FROM `cmf_product` WHERE  `category_id` = 27 LIMIT 1 [ RunTime:0.000265s ]
[2026-05-27T16:57:43+08:00][sql] SELECT COUNT(*) AS think_count FROM `cmf_product` LIMIT 1 [ RunTime:0.000208s ]
[2026-05-27T16:57:43+08:00][sql] SELECT `id`,`category_id`,`title`,`thumbnail`,`industry`,`overview` FROM `cmf_product` ORDER BY `list_order` ASC,`create_time` DESC LIMIT 0,12 [ RunTime:0.000798s ]
[2026-05-27T16:57:43+08:00][sql] SHOW FULL COLUMNS FROM `cmf_slide_item` [ RunTime:0.001056s ]
[2026-05-27T16:57:43+08:00][sql] SELECT `title`,`description`,`image` FROM `cmf_slide_item` WHERE  `slide_id` = 2  AND `status` = 1 ORDER BY `list_order` ASC,`id` DESC LIMIT 1 [ RunTime:0.000408s ]
[2026-05-27T16:57:43+08:00][sql] SELECT `option_value` FROM `cmf_option` WHERE  `option_name` = 'storage' LIMIT 1 [ RunTime:0.000255s ]
[2026-05-27T16:57:43+08:00][sql] SHOW FULL COLUMNS FROM `cmf_portal_post` [ RunTime:0.001852s ]
[2026-05-27T16:57:43+08:00][sql] SELECT `id`,`post_title`,`post_excerpt`,`more` FROM `cmf_portal_post` WHERE (  `post_type` = 3 ) AND `cmf_portal_post`.`delete_time` = '0' ORDER BY `create_time` DESC [ RunTime:0.000748s ]
[2026-05-27T16:57:43+08:00][sql] SHOW FULL COLUMNS FROM `cmf_theme_file` [ RunTime:0.001004s ]
[2026-05-27T16:57:43+08:00][sql] SELECT `more`,`file`,`id` FROM `cmf_theme_file` WHERE  `theme` = 'simpleboot3'  AND (  `is_public` = 1 OR `file` = 'portal/product' ) ORDER BY `is_public` DESC [ RunTime:0.000334s ]
[2026-05-27T16:58:27+08:00][sql] CONNECT:[ UseTime:0.000853s ] mysql:host=127.0.0.1;port=3306;dbname=nucleon;charset=utf8mb4
[2026-05-27T16:58:27+08:00][sql] SHOW FULL COLUMNS FROM `cmf_option` [ RunTime:0.001509s ]
[2026-05-27T16:58:27+08:00][sql] SELECT `option_value` FROM `cmf_option` WHERE  `option_name` = 'cdn_settings' LIMIT 1 [ RunTime:0.000294s ]
[2026-05-27T16:58:27+08:00][sql] SELECT `option_value` FROM `cmf_option` WHERE  `option_name` = 'cdn_settings' LIMIT 1 [ RunTime:0.000492s ]
[2026-05-27T16:58:27+08:00][sql] SHOW FULL COLUMNS FROM `cmf_product_category` [ RunTime:0.001212s ]
[2026-05-27T16:58:27+08:00][sql] SELECT * FROM `cmf_product_category` WHERE  `parent_id` = 0 ORDER BY `list_order` ASC,`create_time` DESC [ RunTime:0.000528s ]
[2026-05-27T16:58:27+08:00][sql] SELECT * FROM `cmf_product_category` WHERE  `parent_id` IN (28,19,22,23,25,30,27) [ RunTime:0.000320s ]
[2026-05-27T16:58:27+08:00][sql] SHOW FULL COLUMNS FROM `cmf_portal_category` [ RunTime:0.001174s ]
[2026-05-27T16:58:27+08:00][sql] SELECT * FROM `cmf_portal_category` WHERE (  `type` = 8 ) AND `cmf_portal_category`.`delete_time` = '0' ORDER BY `list_order` ASC [ RunTime:0.000391s ]
[2026-05-27T16:58:27+08:00][sql] SHOW FULL COLUMNS FROM `cmf_slide_item` [ RunTime:0.001084s ]
[2026-05-27T16:58:27+08:00][sql] SELECT `title`,`description`,`image`,`url`,`target`,`content` FROM `cmf_slide_item` WHERE  `slide_id` = 1 ORDER BY `list_order` ASC [ RunTime:0.000379s ]
[2026-05-27T16:58:27+08:00][sql] SHOW FULL COLUMNS FROM `cmf_slide` [ RunTime:0.000932s ]
[2026-05-27T16:58:27+08:00][sql] SELECT * FROM `cmf_slide` WHERE  `name` LIKE '%choose%' OR `name` LIKE '%选择%' LIMIT 1 [ RunTime:0.000531s ]
[2026-05-27T16:58:27+08:00][sql] SELECT `title`,`description`,`image`,`url`,`target`,`content` FROM `cmf_slide_item` WHERE  `slide_id` = 14  AND `status` = 1 ORDER BY `list_order` ASC [ RunTime:0.000363s ]
[2026-05-27T16:58:27+08:00][sql] SELECT * FROM `cmf_product_category` WHERE  `parent_id` = 0  AND `recommend` = 1 ORDER BY `list_order` ASC,`create_time` DESC [ RunTime:0.000295s ]
[2026-05-27T16:58:27+08:00][sql] SHOW FULL COLUMNS FROM `cmf_product` [ RunTime:0.001217s ]
[2026-05-27T16:58:27+08:00][sql] SELECT `id`,`title`,`thumbnail`,`industry` FROM `cmf_product` WHERE  `is_recommended` = 1  AND `category_id` = 28 ORDER BY `list_order` ASC LIMIT 6 [ RunTime:0.000802s ]
[2026-05-27T16:58:27+08:00][sql] SELECT `id`,`title`,`thumbnail`,`industry` FROM `cmf_product` WHERE  `is_recommended` = 1  AND `category_id` = 19 ORDER BY `list_order` ASC LIMIT 6 [ RunTime:0.000466s ]
[2026-05-27T16:58:27+08:00][sql] SELECT `id`,`title`,`thumbnail`,`industry` FROM `cmf_product` WHERE  `is_recommended` = 1  AND `category_id` = 23 ORDER BY `list_order` ASC LIMIT 6 [ RunTime:0.000370s ]
[2026-05-27T16:58:27+08:00][sql] SELECT `id`,`title`,`thumbnail`,`industry` FROM `cmf_product` WHERE  `is_recommended` = 1  AND `category_id` = 25 ORDER BY `list_order` ASC LIMIT 6 [ RunTime:0.000425s ]
[2026-05-27T16:58:27+08:00][sql] SELECT `id`,`title`,`thumbnail`,`industry` FROM `cmf_product` WHERE  `is_recommended` = 1  AND `category_id` = 30 ORDER BY `list_order` ASC LIMIT 6 [ RunTime:0.000323s ]
[2026-05-27T16:58:27+08:00][sql] SHOW FULL COLUMNS FROM `cmf_portal_post` [ RunTime:0.001329s ]
[2026-05-27T16:58:27+08:00][sql] SELECT `p`.`id`,`p`.`post_title`,`p`.`post_excerpt`,`p`.`thumbnail`,`p`.`create_time`,`c`.`category_id` FROM `cmf_portal_post` `p` INNER JOIN `cmf_portal_category_post` `c` ON `p`.`id`=`c`.`post_id` WHERE (  `p`.`post_type` = '8' ) AND `p`.`delete_time` = '0' ORDER BY `c`.`list_order` ASC,`p`.`create_time` DESC [ RunTime:0.000629s ]
[2026-05-27T16:58:27+08:00][sql] SELECT `id`,`post_title`,`post_excerpt`,`more` FROM `cmf_portal_post` WHERE (  `post_type` = 3 ) AND `cmf_portal_post`.`delete_time` = '0' ORDER BY `create_time` DESC [ RunTime:0.000359s ]
[2026-05-27T16:58:27+08:00][sql] SHOW FULL COLUMNS FROM `cmf_theme_file` [ RunTime:0.001161s ]
[2026-05-27T16:58:27+08:00][sql] SELECT `more`,`file`,`id` FROM `cmf_theme_file` WHERE  `theme` = 'simpleboot3'  AND (  `is_public` = 1 OR `file` = 'portal/index' ) ORDER BY `is_public` DESC [ RunTime:0.000392s ]
[2026-05-27T16:58:27+08:00][sql] SELECT `option_value` FROM `cmf_option` WHERE  `option_name` = 'storage' LIMIT 1 [ RunTime:0.000268s ]
[2026-05-27T16:59:21+08:00][sql] CONNECT:[ UseTime:0.018424s ] mysql:host=127.0.0.1;port=3306;dbname=nucleon;charset=utf8mb4
[2026-05-27T16:59:21+08:00][sql] SHOW FULL COLUMNS FROM `cmf_option` [ RunTime:0.003163s ]
[2026-05-27T16:59:21+08:00][sql] SELECT `option_value` FROM `cmf_option` WHERE  `option_name` = 'cdn_settings' LIMIT 1 [ RunTime:0.000526s ]
[2026-05-27T16:59:21+08:00][sql] SELECT `option_value` FROM `cmf_option` WHERE  `option_name` = 'cdn_settings' LIMIT 1 [ RunTime:0.000545s ]
[2026-05-27T16:59:21+08:00][sql] SHOW FULL COLUMNS FROM `cmf_product_category` [ RunTime:0.002310s ]
[2026-05-27T16:59:21+08:00][sql] SELECT * FROM `cmf_product_category` WHERE  `parent_id` = 0 ORDER BY `list_order` ASC,`create_time` DESC [ RunTime:0.000533s ]
[2026-05-27T16:59:21+08:00][sql] SELECT * FROM `cmf_product_category` WHERE  `parent_id` IN (28,19,22,23,25,30,27) [ RunTime:0.000757s ]
[2026-05-27T16:59:21+08:00][sql] SHOW FULL COLUMNS FROM `cmf_portal_category` [ RunTime:0.001483s ]
[2026-05-27T16:59:21+08:00][sql] SELECT * FROM `cmf_portal_category` WHERE (  `type` = 8 ) AND `cmf_portal_category`.`delete_time` = '0' ORDER BY `list_order` ASC [ RunTime:0.000499s ]
[2026-05-27T16:59:21+08:00][sql] SHOW FULL COLUMNS FROM `cmf_product` [ RunTime:0.001161s ]
[2026-05-27T16:59:21+08:00][sql] SELECT COUNT(*) AS think_count FROM `cmf_product` WHERE  `category_id` = 28 LIMIT 1 [ RunTime:0.000386s ]
[2026-05-27T16:59:21+08:00][sql] SELECT COUNT(*) AS think_count FROM `cmf_product` WHERE  `category_id` = 19 LIMIT 1 [ RunTime:0.000310s ]
[2026-05-27T16:59:21+08:00][sql] SELECT COUNT(*) AS think_count FROM `cmf_product` WHERE  `category_id` = 22 LIMIT 1 [ RunTime:0.000297s ]
[2026-05-27T16:59:21+08:00][sql] SELECT COUNT(*) AS think_count FROM `cmf_product` WHERE  `category_id` = 23 LIMIT 1 [ RunTime:0.000246s ]
[2026-05-27T16:59:21+08:00][sql] SELECT COUNT(*) AS think_count FROM `cmf_product` WHERE  `category_id` = 25 LIMIT 1 [ RunTime:0.000209s ]
[2026-05-27T16:59:21+08:00][sql] SELECT COUNT(*) AS think_count FROM `cmf_product` WHERE  `category_id` = 30 LIMIT 1 [ RunTime:0.000219s ]
[2026-05-27T16:59:21+08:00][sql] SELECT COUNT(*) AS think_count FROM `cmf_product` WHERE  `category_id` = 27 LIMIT 1 [ RunTime:0.000202s ]
[2026-05-27T16:59:21+08:00][sql] SELECT COUNT(*) AS think_count FROM `cmf_product` LIMIT 1 [ RunTime:0.000356s ]
[2026-05-27T16:59:21+08:00][sql] SELECT `id`,`category_id`,`title`,`thumbnail`,`industry`,`overview` FROM `cmf_product` ORDER BY `list_order` ASC,`create_time` DESC LIMIT 0,12 [ RunTime:0.001138s ]
[2026-05-27T16:59:21+08:00][sql] SHOW FULL COLUMNS FROM `cmf_slide_item` [ RunTime:0.001636s ]
[2026-05-27T16:59:21+08:00][sql] SELECT `title`,`description`,`image` FROM `cmf_slide_item` WHERE  `slide_id` = 2  AND `status` = 1 ORDER BY `list_order` ASC,`id` DESC LIMIT 1 [ RunTime:0.001080s ]
[2026-05-27T16:59:21+08:00][sql] SELECT `option_value` FROM `cmf_option` WHERE  `option_name` = 'storage' LIMIT 1 [ RunTime:0.000332s ]
[2026-05-27T16:59:21+08:00][sql] SHOW FULL COLUMNS FROM `cmf_portal_post` [ RunTime:0.001115s ]
[2026-05-27T16:59:21+08:00][sql] SELECT `id`,`post_title`,`post_excerpt`,`more` FROM `cmf_portal_post` WHERE (  `post_type` = 3 ) AND `cmf_portal_post`.`delete_time` = '0' ORDER BY `create_time` DESC [ RunTime:0.000417s ]
[2026-05-27T16:59:21+08:00][sql] SHOW FULL COLUMNS FROM `cmf_theme_file` [ RunTime:0.001078s ]
[2026-05-27T16:59:21+08:00][sql] SELECT `more`,`file`,`id` FROM `cmf_theme_file` WHERE  `theme` = 'simpleboot3'  AND (  `is_public` = 1 OR `file` = 'portal/product' ) ORDER BY `is_public` DESC [ RunTime:0.000337s ]
[2026-05-27T17:00:55+08:00][sql] CONNECT:[ UseTime:0.001205s ] mysql:host=127.0.0.1;port=3306;dbname=nucleon;charset=utf8mb4
[2026-05-27T17:00:55+08:00][sql] SHOW FULL COLUMNS FROM `cmf_option` [ RunTime:0.001854s ]
[2026-05-27T17:00:55+08:00][sql] SELECT `option_value` FROM `cmf_option` WHERE  `option_name` = 'cdn_settings' LIMIT 1 [ RunTime:0.000319s ]
[2026-05-27T17:00:55+08:00][sql] SELECT `option_value` FROM `cmf_option` WHERE  `option_name` = 'cdn_settings' LIMIT 1 [ RunTime:0.000747s ]
[2026-05-27T17:00:55+08:00][sql] SHOW FULL COLUMNS FROM `cmf_product_category` [ RunTime:0.002220s ]
[2026-05-27T17:00:55+08:00][sql] SELECT * FROM `cmf_product_category` WHERE  `parent_id` = 0 ORDER BY `list_order` ASC,`create_time` DESC [ RunTime:0.000890s ]
[2026-05-27T17:00:55+08:00][sql] SELECT * FROM `cmf_product_category` WHERE  `parent_id` IN (28,19,22,23,25,30,27) [ RunTime:0.000766s ]
[2026-05-27T17:00:55+08:00][sql] SHOW FULL COLUMNS FROM `cmf_portal_category` [ RunTime:0.001718s ]
[2026-05-27T17:00:55+08:00][sql] SELECT * FROM `cmf_portal_category` WHERE (  `type` = 8 ) AND `cmf_portal_category`.`delete_time` = '0' ORDER BY `list_order` ASC [ RunTime:0.000582s ]
[2026-05-27T17:00:55+08:00][sql] SHOW FULL COLUMNS FROM `cmf_slide_item` [ RunTime:0.001799s ]
[2026-05-27T17:00:55+08:00][sql] SELECT `title`,`description`,`image`,`url`,`target`,`content` FROM `cmf_slide_item` WHERE  `slide_id` = 1 ORDER BY `list_order` ASC [ RunTime:0.005220s ]
[2026-05-27T17:00:55+08:00][sql] SHOW FULL COLUMNS FROM `cmf_slide` [ RunTime:0.001460s ]
[2026-05-27T17:00:55+08:00][sql] SELECT * FROM `cmf_slide` WHERE  `name` LIKE '%choose%' OR `name` LIKE '%选择%' LIMIT 1 [ RunTime:0.000736s ]
[2026-05-27T17:00:55+08:00][sql] SELECT `title`,`description`,`image`,`url`,`target`,`content` FROM `cmf_slide_item` WHERE  `slide_id` = 14  AND `status` = 1 ORDER BY `list_order` ASC [ RunTime:0.000684s ]
[2026-05-27T17:00:55+08:00][sql] SELECT * FROM `cmf_product_category` WHERE  `parent_id` = 0  AND `recommend` = 1 ORDER BY `list_order` ASC,`create_time` DESC [ RunTime:0.000696s ]
[2026-05-27T17:00:55+08:00][sql] SHOW FULL COLUMNS FROM `cmf_product` [ RunTime:0.001615s ]
[2026-05-27T17:00:55+08:00][sql] SELECT `id`,`title`,`thumbnail`,`industry` FROM `cmf_product` WHERE  `is_recommended` = 1  AND `category_id` = 28 ORDER BY `list_order` ASC LIMIT 6 [ RunTime:0.000894s ]
[2026-05-27T17:00:55+08:00][sql] SELECT `id`,`title`,`thumbnail`,`industry` FROM `cmf_product` WHERE  `is_recommended` = 1  AND `category_id` = 19 ORDER BY `list_order` ASC LIMIT 6 [ RunTime:0.000501s ]
[2026-05-27T17:00:55+08:00][sql] SELECT `id`,`title`,`thumbnail`,`industry` FROM `cmf_product` WHERE  `is_recommended` = 1  AND `category_id` = 23 ORDER BY `list_order` ASC LIMIT 6 [ RunTime:0.000427s ]
[2026-05-27T17:00:55+08:00][sql] SELECT `id`,`title`,`thumbnail`,`industry` FROM `cmf_product` WHERE  `is_recommended` = 1  AND `category_id` = 25 ORDER BY `list_order` ASC LIMIT 6 [ RunTime:0.000555s ]
[2026-05-27T17:00:55+08:00][sql] SELECT `id`,`title`,`thumbnail`,`industry` FROM `cmf_product` WHERE  `is_recommended` = 1  AND `category_id` = 30 ORDER BY `list_order` ASC LIMIT 6 [ RunTime:0.000488s ]
[2026-05-27T17:00:55+08:00][sql] SHOW FULL COLUMNS FROM `cmf_portal_post` [ RunTime:0.002598s ]
[2026-05-27T17:00:55+08:00][sql] SELECT `p`.`id`,`p`.`post_title`,`p`.`post_excerpt`,`p`.`thumbnail`,`p`.`create_time`,`c`.`category_id` FROM `cmf_portal_post` `p` INNER JOIN `cmf_portal_category_post` `c` ON `p`.`id`=`c`.`post_id` WHERE (  `p`.`post_type` = '8' ) AND `p`.`delete_time` = '0' ORDER BY `c`.`list_order` ASC,`p`.`create_time` DESC [ RunTime:0.001683s ]
[2026-05-27T17:00:55+08:00][sql] SELECT `id`,`post_title`,`post_excerpt`,`more` FROM `cmf_portal_post` WHERE (  `post_type` = 3 ) AND `cmf_portal_post`.`delete_time` = '0' ORDER BY `create_time` DESC [ RunTime:0.000730s ]
[2026-05-27T17:00:55+08:00][sql] SHOW FULL COLUMNS FROM `cmf_theme_file` [ RunTime:0.001298s ]
[2026-05-27T17:00:55+08:00][sql] SELECT `more`,`file`,`id` FROM `cmf_theme_file` WHERE  `theme` = 'simpleboot3'  AND (  `is_public` = 1 OR `file` = 'portal/index' ) ORDER BY `is_public` DESC [ RunTime:0.000574s ]
[2026-05-27T17:00:55+08:00][sql] SELECT `option_value` FROM `cmf_option` WHERE  `option_name` = 'storage' LIMIT 1 [ RunTime:0.001044s ]
[2026-05-27T17:02:05+08:00][sql] CONNECT:[ UseTime:0.000896s ] mysql:host=127.0.0.1;port=3306;dbname=nucleon;charset=utf8mb4
[2026-05-27T17:02:05+08:00][sql] SHOW FULL COLUMNS FROM `cmf_option` [ RunTime:0.001297s ]
[2026-05-27T17:02:05+08:00][sql] SELECT `option_value` FROM `cmf_option` WHERE  `option_name` = 'cdn_settings' LIMIT 1 [ RunTime:0.000267s ]
[2026-05-27T17:02:05+08:00][sql] SELECT `option_value` FROM `cmf_option` WHERE  `option_name` = 'cdn_settings' LIMIT 1 [ RunTime:0.000334s ]
[2026-05-27T17:02:05+08:00][sql] SHOW FULL COLUMNS FROM `cmf_product_category` [ RunTime:0.001040s ]
[2026-05-27T17:02:05+08:00][sql] SELECT * FROM `cmf_product_category` WHERE  `parent_id` = 0 ORDER BY `list_order` ASC,`create_time` DESC [ RunTime:0.000532s ]
[2026-05-27T17:02:05+08:00][sql] SELECT * FROM `cmf_product_category` WHERE  `parent_id` IN (28,19,22,23,25,30,27) [ RunTime:0.000291s ]
[2026-05-27T17:02:05+08:00][sql] SHOW FULL COLUMNS FROM `cmf_portal_category` [ RunTime:0.000920s ]
[2026-05-27T17:02:05+08:00][sql] SELECT * FROM `cmf_portal_category` WHERE (  `type` = 8 ) AND `cmf_portal_category`.`delete_time` = '0' ORDER BY `list_order` ASC [ RunTime:0.000285s ]
[2026-05-27T17:02:05+08:00][sql] SHOW FULL COLUMNS FROM `cmf_product` [ RunTime:0.001051s ]
[2026-05-27T17:02:05+08:00][sql] SELECT COUNT(*) AS think_count FROM `cmf_product` WHERE  `category_id` = 28 LIMIT 1 [ RunTime:0.000291s ]
[2026-05-27T17:02:05+08:00][sql] SELECT COUNT(*) AS think_count FROM `cmf_product` WHERE  `category_id` = 19 LIMIT 1 [ RunTime:0.000214s ]
[2026-05-27T17:02:05+08:00][sql] SELECT COUNT(*) AS think_count FROM `cmf_product` WHERE  `category_id` = 22 LIMIT 1 [ RunTime:0.000191s ]
[2026-05-27T17:02:05+08:00][sql] SELECT COUNT(*) AS think_count FROM `cmf_product` WHERE  `category_id` = 23 LIMIT 1 [ RunTime:0.000208s ]
[2026-05-27T17:02:05+08:00][sql] SELECT COUNT(*) AS think_count FROM `cmf_product` WHERE  `category_id` = 25 LIMIT 1 [ RunTime:0.000213s ]
[2026-05-27T17:02:05+08:00][sql] SELECT COUNT(*) AS think_count FROM `cmf_product` WHERE  `category_id` = 30 LIMIT 1 [ RunTime:0.000255s ]
[2026-05-27T17:02:05+08:00][sql] SELECT COUNT(*) AS think_count FROM `cmf_product` WHERE  `category_id` = 27 LIMIT 1 [ RunTime:0.000189s ]
[2026-05-27T17:02:05+08:00][sql] SELECT COUNT(*) AS think_count FROM `cmf_product` LIMIT 1 [ RunTime:0.000169s ]
[2026-05-27T17:02:05+08:00][sql] SELECT `id`,`category_id`,`title`,`thumbnail`,`industry`,`overview` FROM `cmf_product` ORDER BY `list_order` ASC,`create_time` DESC LIMIT 0,12 [ RunTime:0.000555s ]
[2026-05-27T17:02:05+08:00][sql] SHOW FULL COLUMNS FROM `cmf_slide_item` [ RunTime:0.001644s ]
[2026-05-27T17:02:05+08:00][sql] SELECT `title`,`description`,`image` FROM `cmf_slide_item` WHERE  `slide_id` = 2  AND `status` = 1 ORDER BY `list_order` ASC,`id` DESC LIMIT 1 [ RunTime:0.000343s ]
[2026-05-27T17:02:05+08:00][sql] SELECT `option_value` FROM `cmf_option` WHERE  `option_name` = 'storage' LIMIT 1 [ RunTime:0.000223s ]
[2026-05-27T17:02:05+08:00][sql] SHOW FULL COLUMNS FROM `cmf_portal_post` [ RunTime:0.001289s ]
[2026-05-27T17:02:05+08:00][sql] SELECT `id`,`post_title`,`post_excerpt`,`more` FROM `cmf_portal_post` WHERE (  `post_type` = 3 ) AND `cmf_portal_post`.`delete_time` = '0' ORDER BY `create_time` DESC [ RunTime:0.000340s ]
[2026-05-27T17:02:05+08:00][sql] SHOW FULL COLUMNS FROM `cmf_theme_file` [ RunTime:0.000793s ]
[2026-05-27T17:02:05+08:00][sql] SELECT `more`,`file`,`id` FROM `cmf_theme_file` WHERE  `theme` = 'simpleboot3'  AND (  `is_public` = 1 OR `file` = 'portal/product' ) ORDER BY `is_public` DESC [ RunTime:0.000290s ]
[2026-05-27T17:02:07+08:00][sql] CONNECT:[ UseTime:0.000833s ] mysql:host=127.0.0.1;port=3306;dbname=nucleon;charset=utf8mb4
[2026-05-27T17:02:07+08:00][sql] SHOW FULL COLUMNS FROM `cmf_option` [ RunTime:0.001272s ]
[2026-05-27T17:02:07+08:00][sql] SELECT `option_value` FROM `cmf_option` WHERE  `option_name` = 'cdn_settings' LIMIT 1 [ RunTime:0.000287s ]
[2026-05-27T17:02:07+08:00][sql] SELECT `option_value` FROM `cmf_option` WHERE  `option_name` = 'cdn_settings' LIMIT 1 [ RunTime:0.000513s ]
[2026-05-27T17:02:07+08:00][sql] SHOW FULL COLUMNS FROM `cmf_product_category` [ RunTime:0.001133s ]
[2026-05-27T17:02:07+08:00][sql] SELECT * FROM `cmf_product_category` WHERE  `parent_id` = 0 ORDER BY `list_order` ASC,`create_time` DESC [ RunTime:0.000446s ]
[2026-05-27T17:02:07+08:00][sql] SELECT * FROM `cmf_product_category` WHERE  `parent_id` IN (28,19,22,23,25,30,27) [ RunTime:0.000368s ]
[2026-05-27T17:02:07+08:00][sql] SHOW FULL COLUMNS FROM `cmf_portal_category` [ RunTime:0.001185s ]
[2026-05-27T17:02:07+08:00][sql] SELECT * FROM `cmf_portal_category` WHERE (  `type` = 8 ) AND `cmf_portal_category`.`delete_time` = '0' ORDER BY `list_order` ASC [ RunTime:0.000458s ]
[2026-05-27T17:02:07+08:00][sql] SHOW FULL COLUMNS FROM `cmf_slide_item` [ RunTime:0.001011s ]
[2026-05-27T17:02:07+08:00][sql] SELECT `title`,`description`,`image`,`url`,`target`,`content` FROM `cmf_slide_item` WHERE  `slide_id` = 1 ORDER BY `list_order` ASC [ RunTime:0.000406s ]
[2026-05-27T17:02:07+08:00][sql] SHOW FULL COLUMNS FROM `cmf_slide` [ RunTime:0.000848s ]
[2026-05-27T17:02:07+08:00][sql] SELECT * FROM `cmf_slide` WHERE  `name` LIKE '%choose%' OR `name` LIKE '%选择%' LIMIT 1 [ RunTime:0.000568s ]
[2026-05-27T17:02:07+08:00][sql] SELECT `title`,`description`,`image`,`url`,`target`,`content` FROM `cmf_slide_item` WHERE  `slide_id` = 14  AND `status` = 1 ORDER BY `list_order` ASC [ RunTime:0.000415s ]
[2026-05-27T17:02:07+08:00][sql] SELECT * FROM `cmf_product_category` WHERE  `parent_id` = 0  AND `recommend` = 1 ORDER BY `list_order` ASC,`create_time` DESC [ RunTime:0.000393s ]
[2026-05-27T17:02:07+08:00][sql] SHOW FULL COLUMNS FROM `cmf_product` [ RunTime:0.001294s ]
[2026-05-27T17:02:07+08:00][sql] SELECT `id`,`title`,`thumbnail`,`industry` FROM `cmf_product` WHERE  `is_recommended` = 1  AND `category_id` = 28 ORDER BY `list_order` ASC LIMIT 6 [ RunTime:0.000717s ]
[2026-05-27T17:02:07+08:00][sql] SELECT `id`,`title`,`thumbnail`,`industry` FROM `cmf_product` WHERE  `is_recommended` = 1  AND `category_id` = 19 ORDER BY `list_order` ASC LIMIT 6 [ RunTime:0.000400s ]
[2026-05-27T17:02:07+08:00][sql] SELECT `id`,`title`,`thumbnail`,`industry` FROM `cmf_product` WHERE  `is_recommended` = 1  AND `category_id` = 23 ORDER BY `list_order` ASC LIMIT 6 [ RunTime:0.000347s ]
[2026-05-27T17:02:07+08:00][sql] SELECT `id`,`title`,`thumbnail`,`industry` FROM `cmf_product` WHERE  `is_recommended` = 1  AND `category_id` = 25 ORDER BY `list_order` ASC LIMIT 6 [ RunTime:0.000480s ]
[2026-05-27T17:02:07+08:00][sql] SELECT `id`,`title`,`thumbnail`,`industry` FROM `cmf_product` WHERE  `is_recommended` = 1  AND `category_id` = 30 ORDER BY `list_order` ASC LIMIT 6 [ RunTime:0.000332s ]
[2026-05-27T17:02:07+08:00][sql] SHOW FULL COLUMNS FROM `cmf_portal_post` [ RunTime:0.001430s ]
[2026-05-27T17:02:07+08:00][sql] SELECT `p`.`id`,`p`.`post_title`,`p`.`post_excerpt`,`p`.`thumbnail`,`p`.`create_time`,`c`.`category_id` FROM `cmf_portal_post` `p` INNER JOIN `cmf_portal_category_post` `c` ON `p`.`id`=`c`.`post_id` WHERE (  `p`.`post_type` = '8' ) AND `p`.`delete_time` = '0' ORDER BY `c`.`list_order` ASC,`p`.`create_time` DESC [ RunTime:0.000774s ]
[2026-05-27T17:02:07+08:00][sql] SELECT `id`,`post_title`,`post_excerpt`,`more` FROM `cmf_portal_post` WHERE (  `post_type` = 3 ) AND `cmf_portal_post`.`delete_time` = '0' ORDER BY `create_time` DESC [ RunTime:0.000340s ]
[2026-05-27T17:02:07+08:00][sql] SHOW FULL COLUMNS FROM `cmf_theme_file` [ RunTime:0.001019s ]
[2026-05-27T17:02:07+08:00][sql] SELECT `more`,`file`,`id` FROM `cmf_theme_file` WHERE  `theme` = 'simpleboot3'  AND (  `is_public` = 1 OR `file` = 'portal/index' ) ORDER BY `is_public` DESC [ RunTime:0.000451s ]
[2026-05-27T17:02:07+08:00][sql] SELECT `option_value` FROM `cmf_option` WHERE  `option_name` = 'storage' LIMIT 1 [ RunTime:0.000501s ]
[2026-05-27T17:04:47+08:00][sql] CONNECT:[ UseTime:0.001619s ] mysql:host=127.0.0.1;port=3306;dbname=nucleon;charset=utf8mb4
[2026-05-27T17:04:47+08:00][sql] SHOW FULL COLUMNS FROM `cmf_option` [ RunTime:0.001457s ]
[2026-05-27T17:04:47+08:00][sql] SELECT `option_value` FROM `cmf_option` WHERE  `option_name` = 'cdn_settings' LIMIT 1 [ RunTime:0.000325s ]
[2026-05-27T17:04:47+08:00][sql] SELECT `option_value` FROM `cmf_option` WHERE  `option_name` = 'cdn_settings' LIMIT 1 [ RunTime:0.000306s ]
[2026-05-27T17:04:47+08:00][sql] SHOW FULL COLUMNS FROM `cmf_product_category` [ RunTime:0.001272s ]
[2026-05-27T17:04:47+08:00][sql] SELECT * FROM `cmf_product_category` WHERE  `parent_id` = 0 ORDER BY `list_order` ASC,`create_time` DESC [ RunTime:0.000323s ]
[2026-05-27T17:04:47+08:00][sql] SELECT * FROM `cmf_product_category` WHERE  `parent_id` IN (28,19,22,23,25,30,27) [ RunTime:0.000678s ]
[2026-05-27T17:04:47+08:00][sql] SHOW FULL COLUMNS FROM `cmf_portal_category` [ RunTime:0.001275s ]
[2026-05-27T17:04:47+08:00][sql] SELECT * FROM `cmf_portal_category` WHERE (  `type` = 8 ) AND `cmf_portal_category`.`delete_time` = '0' ORDER BY `list_order` ASC [ RunTime:0.000356s ]
[2026-05-27T17:04:47+08:00][sql] SHOW FULL COLUMNS FROM `cmf_slide_item` [ RunTime:0.000839s ]
[2026-05-27T17:04:47+08:00][sql] SELECT `title`,`description`,`image`,`url`,`target`,`content` FROM `cmf_slide_item` WHERE  `slide_id` = 1 ORDER BY `list_order` ASC [ RunTime:0.000244s ]
[2026-05-27T17:04:47+08:00][sql] SHOW FULL COLUMNS FROM `cmf_slide` [ RunTime:0.000768s ]
[2026-05-27T17:04:47+08:00][sql] SELECT * FROM `cmf_slide` WHERE  `name` LIKE '%choose%' OR `name` LIKE '%选择%' LIMIT 1 [ RunTime:0.000416s ]
[2026-05-27T17:04:47+08:00][sql] SELECT `title`,`description`,`image`,`url`,`target`,`content` FROM `cmf_slide_item` WHERE  `slide_id` = 14  AND `status` = 1 ORDER BY `list_order` ASC [ RunTime:0.000272s ]
[2026-05-27T17:04:47+08:00][sql] SELECT * FROM `cmf_product_category` WHERE  `parent_id` = 0  AND `recommend` = 1 ORDER BY `list_order` ASC,`create_time` DESC [ RunTime:0.000381s ]
[2026-05-27T17:04:47+08:00][sql] SHOW FULL COLUMNS FROM `cmf_product` [ RunTime:0.001027s ]
[2026-05-27T17:04:47+08:00][sql] SELECT `id`,`title`,`thumbnail`,`industry` FROM `cmf_product` WHERE  `is_recommended` = 1  AND `category_id` = 28 ORDER BY `list_order` ASC LIMIT 6 [ RunTime:0.000526s ]
[2026-05-27T17:04:47+08:00][sql] SELECT `id`,`title`,`thumbnail`,`industry` FROM `cmf_product` WHERE  `is_recommended` = 1  AND `category_id` = 19 ORDER BY `list_order` ASC LIMIT 6 [ RunTime:0.000735s ]
[2026-05-27T17:04:47+08:00][sql] SELECT `id`,`title`,`thumbnail`,`industry` FROM `cmf_product` WHERE  `is_recommended` = 1  AND `category_id` = 23 ORDER BY `list_order` ASC LIMIT 6 [ RunTime:0.000382s ]
[2026-05-27T17:04:47+08:00][sql] SELECT `id`,`title`,`thumbnail`,`industry` FROM `cmf_product` WHERE  `is_recommended` = 1  AND `category_id` = 25 ORDER BY `list_order` ASC LIMIT 6 [ RunTime:0.000334s ]
[2026-05-27T17:04:47+08:00][sql] SELECT `id`,`title`,`thumbnail`,`industry` FROM `cmf_product` WHERE  `is_recommended` = 1  AND `category_id` = 30 ORDER BY `list_order` ASC LIMIT 6 [ RunTime:0.000258s ]
[2026-05-27T17:04:47+08:00][sql] SHOW FULL COLUMNS FROM `cmf_portal_post` [ RunTime:0.001248s ]
[2026-05-27T17:04:47+08:00][sql] SELECT `p`.`id`,`p`.`post_title`,`p`.`post_excerpt`,`p`.`thumbnail`,`p`.`create_time`,`c`.`category_id` FROM `cmf_portal_post` `p` INNER JOIN `cmf_portal_category_post` `c` ON `p`.`id`=`c`.`post_id` WHERE (  `p`.`post_type` = '8' ) AND `p`.`delete_time` = '0' ORDER BY `c`.`list_order` ASC,`p`.`create_time` DESC [ RunTime:0.001407s ]
[2026-05-27T17:04:47+08:00][sql] SELECT `id`,`post_title`,`post_excerpt`,`more` FROM `cmf_portal_post` WHERE (  `post_type` = 3 ) AND `cmf_portal_post`.`delete_time` = '0' ORDER BY `create_time` DESC [ RunTime:0.000304s ]
[2026-05-27T17:04:47+08:00][sql] SHOW FULL COLUMNS FROM `cmf_theme_file` [ RunTime:0.000843s ]
[2026-05-27T17:04:47+08:00][sql] SELECT `more`,`file`,`id` FROM `cmf_theme_file` WHERE  `theme` = 'simpleboot3'  AND (  `is_public` = 1 OR `file` = 'portal/index' ) ORDER BY `is_public` DESC [ RunTime:0.000318s ]
[2026-05-27T17:04:47+08:00][sql] SELECT `option_value` FROM `cmf_option` WHERE  `option_name` = 'storage' LIMIT 1 [ RunTime:0.000806s ]
[2026-05-27T17:17:32+08:00][sql] CONNECT:[ UseTime:0.003754s ] mysql:host=127.0.0.1;port=3306;dbname=nucleon;charset=utf8mb4
[2026-05-27T17:17:32+08:00][sql] SHOW FULL COLUMNS FROM `cmf_option` [ RunTime:0.001975s ]
[2026-05-27T17:17:32+08:00][sql] SELECT `option_value` FROM `cmf_option` WHERE  `option_name` = 'cdn_settings' LIMIT 1 [ RunTime:0.000342s ]
[2026-05-27T17:17:32+08:00][sql] SELECT `option_value` FROM `cmf_option` WHERE  `option_name` = 'cdn_settings' LIMIT 1 [ RunTime:0.000674s ]
[2026-05-27T17:17:32+08:00][sql] SHOW FULL COLUMNS FROM `cmf_product_category` [ RunTime:0.002491s ]
[2026-05-27T17:17:32+08:00][sql] SELECT * FROM `cmf_product_category` WHERE  `parent_id` = 0 ORDER BY `list_order` ASC,`create_time` DESC [ RunTime:0.000802s ]
[2026-05-27T17:17:32+08:00][sql] SELECT * FROM `cmf_product_category` WHERE  `parent_id` IN (28,19,22,23,25,30,27) [ RunTime:0.000926s ]
[2026-05-27T17:17:32+08:00][sql] SHOW FULL COLUMNS FROM `cmf_portal_category` [ RunTime:0.002179s ]
[2026-05-27T17:17:32+08:00][sql] SELECT * FROM `cmf_portal_category` WHERE (  `type` = 8 ) AND `cmf_portal_category`.`delete_time` = '0' ORDER BY `list_order` ASC [ RunTime:0.000526s ]
[2026-05-27T17:17:32+08:00][sql] SHOW FULL COLUMNS FROM `cmf_slide_item` [ RunTime:0.001938s ]
[2026-05-27T17:17:32+08:00][sql] SELECT `title`,`description`,`image`,`url`,`target`,`content` FROM `cmf_slide_item` WHERE  `slide_id` = 1 ORDER BY `list_order` ASC [ RunTime:0.000920s ]
[2026-05-27T17:17:32+08:00][sql] SHOW FULL COLUMNS FROM `cmf_slide` [ RunTime:0.001818s ]
[2026-05-27T17:17:32+08:00][sql] SELECT * FROM `cmf_slide` WHERE  `name` LIKE '%choose%' OR `name` LIKE '%选择%' LIMIT 1 [ RunTime:0.000442s ]
[2026-05-27T17:17:32+08:00][sql] SELECT `title`,`description`,`image`,`url`,`target`,`content` FROM `cmf_slide_item` WHERE  `slide_id` = 14  AND `status` = 1 ORDER BY `list_order` ASC [ RunTime:0.000401s ]
[2026-05-27T17:17:32+08:00][sql] SELECT * FROM `cmf_product_category` WHERE  `parent_id` = 0  AND `recommend` = 1 ORDER BY `list_order` ASC,`create_time` DESC [ RunTime:0.000402s ]
[2026-05-27T17:17:32+08:00][sql] SHOW FULL COLUMNS FROM `cmf_product` [ RunTime:0.001399s ]
[2026-05-27T17:17:32+08:00][sql] SELECT `id`,`title`,`thumbnail`,`industry` FROM `cmf_product` WHERE  `is_recommended` = 1  AND `category_id` = 28 ORDER BY `list_order` ASC LIMIT 6 [ RunTime:0.000602s ]
[2026-05-27T17:17:32+08:00][sql] SELECT `id`,`title`,`thumbnail`,`industry` FROM `cmf_product` WHERE  `is_recommended` = 1  AND `category_id` = 19 ORDER BY `list_order` ASC LIMIT 6 [ RunTime:0.000491s ]
[2026-05-27T17:17:32+08:00][sql] SELECT `id`,`title`,`thumbnail`,`industry` FROM `cmf_product` WHERE  `is_recommended` = 1  AND `category_id` = 23 ORDER BY `list_order` ASC LIMIT 6 [ RunTime:0.000369s ]
[2026-05-27T17:17:32+08:00][sql] SELECT `id`,`title`,`thumbnail`,`industry` FROM `cmf_product` WHERE  `is_recommended` = 1  AND `category_id` = 25 ORDER BY `list_order` ASC LIMIT 6 [ RunTime:0.000327s ]
[2026-05-27T17:17:32+08:00][sql] SELECT `id`,`title`,`thumbnail`,`industry` FROM `cmf_product` WHERE  `is_recommended` = 1  AND `category_id` = 30 ORDER BY `list_order` ASC LIMIT 6 [ RunTime:0.000344s ]
[2026-05-27T17:17:32+08:00][sql] SHOW FULL COLUMNS FROM `cmf_portal_post` [ RunTime:0.002069s ]
[2026-05-27T17:17:32+08:00][sql] SELECT `p`.`id`,`p`.`post_title`,`p`.`post_excerpt`,`p`.`thumbnail`,`p`.`create_time`,`c`.`category_id` FROM `cmf_portal_post` `p` INNER JOIN `cmf_portal_category_post` `c` ON `p`.`id`=`c`.`post_id` WHERE (  `p`.`post_type` = '8' ) AND `p`.`delete_time` = '0' ORDER BY `c`.`list_order` ASC,`p`.`create_time` DESC [ RunTime:0.001000s ]
[2026-05-27T17:17:32+08:00][sql] SELECT `id`,`post_title`,`post_excerpt`,`more` FROM `cmf_portal_post` WHERE (  `post_type` = 3 ) AND `cmf_portal_post`.`delete_time` = '0' ORDER BY `create_time` DESC [ RunTime:0.000552s ]
[2026-05-27T17:17:32+08:00][sql] SHOW FULL COLUMNS FROM `cmf_theme_file` [ RunTime:0.001274s ]
[2026-05-27T17:17:32+08:00][sql] SELECT `more`,`file`,`id` FROM `cmf_theme_file` WHERE  `theme` = 'simpleboot3'  AND (  `is_public` = 1 OR `file` = 'portal/index' ) ORDER BY `is_public` DESC [ RunTime:0.000367s ]
[2026-05-27T17:17:32+08:00][sql] SELECT `option_value` FROM `cmf_option` WHERE  `option_name` = 'storage' LIMIT 1 [ RunTime:0.000331s ]
[2026-05-27T18:03:24+08:00][sql] CONNECT:[ UseTime:0.009730s ] mysql:host=127.0.0.1;port=3306;dbname=nucleon;charset=utf8mb4
[2026-05-27T18:03:24+08:00][sql] SHOW FULL COLUMNS FROM `cmf_option` [ RunTime:0.009799s ]
[2026-05-27T18:03:24+08:00][sql] SELECT `option_value` FROM `cmf_option` WHERE  `option_name` = 'cdn_settings' LIMIT 1 [ RunTime:0.001182s ]
[2026-05-27T18:03:24+08:00][sql] SELECT `option_value` FROM `cmf_option` WHERE  `option_name` = 'cdn_settings' LIMIT 1 [ RunTime:0.001182s ]
[2026-05-27T18:03:24+08:00][sql] SHOW FULL COLUMNS FROM `cmf_product_category` [ RunTime:0.002514s ]
[2026-05-27T18:03:24+08:00][sql] SELECT * FROM `cmf_product_category` WHERE  `parent_id` = 0 ORDER BY `list_order` ASC,`create_time` DESC [ RunTime:0.001792s ]
[2026-05-27T18:03:24+08:00][sql] SELECT * FROM `cmf_product_category` WHERE  `parent_id` IN (28,19,22,23,25,30,27) [ RunTime:0.000605s ]
[2026-05-27T18:03:24+08:00][sql] SHOW FULL COLUMNS FROM `cmf_portal_category` [ RunTime:0.001708s ]
[2026-05-27T18:03:24+08:00][sql] SELECT * FROM `cmf_portal_category` WHERE (  `type` = 8 ) AND `cmf_portal_category`.`delete_time` = '0' ORDER BY `list_order` ASC [ RunTime:0.000672s ]
[2026-05-27T18:03:24+08:00][sql] SHOW FULL COLUMNS FROM `cmf_product` [ RunTime:0.003364s ]
[2026-05-27T18:03:24+08:00][sql] SELECT COUNT(*) AS think_count FROM `cmf_product` WHERE  `category_id` = 28 LIMIT 1 [ RunTime:0.001107s ]
[2026-05-27T18:03:24+08:00][sql] SELECT COUNT(*) AS think_count FROM `cmf_product` WHERE  `category_id` = 19 LIMIT 1 [ RunTime:0.000451s ]
[2026-05-27T18:03:24+08:00][sql] SELECT COUNT(*) AS think_count FROM `cmf_product` WHERE  `category_id` = 22 LIMIT 1 [ RunTime:0.000338s ]
[2026-05-27T18:03:24+08:00][sql] SELECT COUNT(*) AS think_count FROM `cmf_product` WHERE  `category_id` = 23 LIMIT 1 [ RunTime:0.000360s ]
[2026-05-27T18:03:24+08:00][sql] SELECT COUNT(*) AS think_count FROM `cmf_product` WHERE  `category_id` = 25 LIMIT 1 [ RunTime:0.000351s ]
[2026-05-27T18:03:24+08:00][sql] SELECT COUNT(*) AS think_count FROM `cmf_product` WHERE  `category_id` = 30 LIMIT 1 [ RunTime:0.000248s ]
[2026-05-27T18:03:24+08:00][sql] SELECT COUNT(*) AS think_count FROM `cmf_product` WHERE  `category_id` = 27 LIMIT 1 [ RunTime:0.000310s ]
[2026-05-27T18:03:24+08:00][sql] SELECT COUNT(*) AS think_count FROM `cmf_product` LIMIT 1 [ RunTime:0.000330s ]
[2026-05-27T18:03:24+08:00][sql] SELECT `id`,`category_id`,`title`,`thumbnail`,`industry`,`overview` FROM `cmf_product` ORDER BY `list_order` ASC,`create_time` DESC LIMIT 0,12 [ RunTime:0.003082s ]
[2026-05-27T18:03:24+08:00][sql] SHOW FULL COLUMNS FROM `cmf_slide_item` [ RunTime:0.003731s ]
[2026-05-27T18:03:24+08:00][sql] SELECT `title`,`description`,`image` FROM `cmf_slide_item` WHERE  `slide_id` = 2  AND `status` = 1 ORDER BY `list_order` ASC,`id` DESC LIMIT 1 [ RunTime:0.000881s ]
[2026-05-27T18:03:24+08:00][sql] SELECT `option_value` FROM `cmf_option` WHERE  `option_name` = 'storage' LIMIT 1 [ RunTime:0.000496s ]
[2026-05-27T18:03:24+08:00][sql] SHOW FULL COLUMNS FROM `cmf_portal_post` [ RunTime:0.004275s ]
[2026-05-27T18:03:24+08:00][sql] SELECT `id`,`post_title`,`post_excerpt`,`more` FROM `cmf_portal_post` WHERE (  `post_type` = 3 ) AND `cmf_portal_post`.`delete_time` = '0' ORDER BY `create_time` DESC [ RunTime:0.001060s ]
[2026-05-27T18:03:24+08:00][sql] SHOW FULL COLUMNS FROM `cmf_theme_file` [ RunTime:0.002528s ]
[2026-05-27T18:03:24+08:00][sql] SELECT `more`,`file`,`id` FROM `cmf_theme_file` WHERE  `theme` = 'simpleboot3'  AND (  `is_public` = 1 OR `file` = 'portal/product' ) ORDER BY `is_public` DESC [ RunTime:0.001020s ]
[2026-05-27T18:03:33+08:00][sql] CONNECT:[ UseTime:0.002472s ] mysql:host=127.0.0.1;port=3306;dbname=nucleon;charset=utf8mb4
[2026-05-27T18:03:33+08:00][sql] SHOW FULL COLUMNS FROM `cmf_plugin` [ RunTime:0.004215s ]
[2026-05-27T18:03:33+08:00][sql] SELECT `config` FROM `cmf_plugin` WHERE  `name` = 'SwitchTheme' LIMIT 1 [ RunTime:0.004058s ]
[2026-05-27T18:03:33+08:00][sql] SHOW FULL COLUMNS FROM `cmf_option` [ RunTime:0.002944s ]
[2026-05-27T18:03:33+08:00][sql] SELECT `option_value` FROM `cmf_option` WHERE  `option_name` = 'cdn_settings' LIMIT 1 [ RunTime:0.000796s ]
[2026-05-27T18:03:33+08:00][sql] SELECT `option_value` FROM `cmf_option` WHERE  `option_name` = 'cdn_settings' LIMIT 1 [ RunTime:0.000760s ]
[2026-05-27T18:03:33+08:00][sql] SHOW FULL COLUMNS FROM `cmf_product_category` [ RunTime:0.001529s ]
[2026-05-27T18:03:33+08:00][sql] SELECT * FROM `cmf_product_category` WHERE  `parent_id` = 0 ORDER BY `list_order` ASC,`create_time` DESC [ RunTime:0.000578s ]
[2026-05-27T18:03:33+08:00][sql] SELECT * FROM `cmf_product_category` WHERE  `parent_id` IN (28,19,22,23,25,30,27) [ RunTime:0.000413s ]
[2026-05-27T18:03:33+08:00][sql] SHOW FULL COLUMNS FROM `cmf_portal_category` [ RunTime:0.001426s ]
[2026-05-27T18:03:33+08:00][sql] SELECT * FROM `cmf_portal_category` WHERE (  `type` = 8 ) AND `cmf_portal_category`.`delete_time` = '0' ORDER BY `list_order` ASC [ RunTime:0.000473s ]
[2026-05-27T18:03:33+08:00][sql] SHOW FULL COLUMNS FROM `cmf_product` [ RunTime:0.002928s ]
[2026-05-27T18:03:33+08:00][sql] SELECT COUNT(*) AS think_count FROM `cmf_product` WHERE  `category_id` = 28 LIMIT 1 [ RunTime:0.000711s ]
[2026-05-27T18:03:33+08:00][sql] SELECT COUNT(*) AS think_count FROM `cmf_product` WHERE  `category_id` = 19 LIMIT 1 [ RunTime:0.000355s ]
[2026-05-27T18:03:33+08:00][sql] SELECT COUNT(*) AS think_count FROM `cmf_product` WHERE  `category_id` = 22 LIMIT 1 [ RunTime:0.000313s ]
[2026-05-27T18:03:33+08:00][sql] SELECT COUNT(*) AS think_count FROM `cmf_product` WHERE  `category_id` = 23 LIMIT 1 [ RunTime:0.000311s ]
[2026-05-27T18:03:33+08:00][sql] SELECT COUNT(*) AS think_count FROM `cmf_product` WHERE  `category_id` = 25 LIMIT 1 [ RunTime:0.000282s ]
[2026-05-27T18:03:33+08:00][sql] SELECT COUNT(*) AS think_count FROM `cmf_product` WHERE  `category_id` = 30 LIMIT 1 [ RunTime:0.000301s ]
[2026-05-27T18:03:33+08:00][sql] SELECT COUNT(*) AS think_count FROM `cmf_product` WHERE  `category_id` = 27 LIMIT 1 [ RunTime:0.000356s ]
[2026-05-27T18:03:33+08:00][sql] SELECT COUNT(*) AS think_count FROM `cmf_product` LIMIT 1 [ RunTime:0.000277s ]
[2026-05-27T18:03:33+08:00][sql] SELECT `id`,`category_id`,`title`,`thumbnail`,`industry`,`overview` FROM `cmf_product` ORDER BY `list_order` ASC,`create_time` DESC LIMIT 0,12 [ RunTime:0.001011s ]
[2026-05-27T18:03:33+08:00][sql] SHOW FULL COLUMNS FROM `cmf_slide_item` [ RunTime:0.001376s ]
[2026-05-27T18:03:33+08:00][sql] SELECT `title`,`description`,`image` FROM `cmf_slide_item` WHERE  `slide_id` = 2  AND `status` = 1 ORDER BY `list_order` ASC,`id` DESC LIMIT 1 [ RunTime:0.000521s ]
[2026-05-27T18:03:33+08:00][sql] SELECT `option_value` FROM `cmf_option` WHERE  `option_name` = 'storage' LIMIT 1 [ RunTime:0.000347s ]
[2026-05-27T18:03:33+08:00][sql] SHOW FULL COLUMNS FROM `cmf_portal_post` [ RunTime:0.003180s ]
[2026-05-27T18:03:33+08:00][sql] SELECT `id`,`post_title`,`post_excerpt`,`more` FROM `cmf_portal_post` WHERE (  `post_type` = 3 ) AND `cmf_portal_post`.`delete_time` = '0' ORDER BY `create_time` DESC [ RunTime:0.001434s ]
[2026-05-27T18:03:33+08:00][sql] SHOW FULL COLUMNS FROM `cmf_theme_file` [ RunTime:0.002220s ]
[2026-05-27T18:03:33+08:00][sql] SELECT `more`,`file`,`id` FROM `cmf_theme_file` WHERE  `theme` = 'simpleboot3'  AND (  `is_public` = 1 OR `file` = 'portal/product' ) ORDER BY `is_public` DESC [ RunTime:0.000959s ]
[2026-05-27T18:03:41+08:00][sql] CONNECT:[ UseTime:0.001093s ] mysql:host=127.0.0.1;port=3306;dbname=nucleon;charset=utf8mb4
[2026-05-27T18:03:41+08:00][sql] SHOW FULL COLUMNS FROM `cmf_option` [ RunTime:0.001982s ]
[2026-05-27T18:03:41+08:00][sql] SELECT `option_value` FROM `cmf_option` WHERE  `option_name` = 'cdn_settings' LIMIT 1 [ RunTime:0.000287s ]
[2026-05-27T18:03:41+08:00][sql] SELECT `option_value` FROM `cmf_option` WHERE  `option_name` = 'cdn_settings' LIMIT 1 [ RunTime:0.000694s ]
[2026-05-27T18:03:41+08:00][sql] SHOW FULL COLUMNS FROM `cmf_product_category` [ RunTime:0.001539s ]
[2026-05-27T18:03:41+08:00][sql] SELECT * FROM `cmf_product_category` WHERE  `parent_id` = 0 ORDER BY `list_order` ASC,`create_time` DESC [ RunTime:0.000506s ]
[2026-05-27T18:03:41+08:00][sql] SELECT * FROM `cmf_product_category` WHERE  `parent_id` IN (28,19,22,23,25,30,27) [ RunTime:0.000410s ]
[2026-05-27T18:03:41+08:00][sql] SHOW FULL COLUMNS FROM `cmf_portal_category` [ RunTime:0.001784s ]
[2026-05-27T18:03:41+08:00][sql] SELECT * FROM `cmf_portal_category` WHERE (  `type` = 8 ) AND `cmf_portal_category`.`delete_time` = '0' ORDER BY `list_order` ASC [ RunTime:0.000562s ]
[2026-05-27T18:03:41+08:00][sql] SHOW FULL COLUMNS FROM `cmf_slide_item` [ RunTime:0.001053s ]
[2026-05-27T18:03:41+08:00][sql] SELECT `title`,`description`,`image`,`url`,`target`,`content` FROM `cmf_slide_item` WHERE  `slide_id` = 1 ORDER BY `list_order` ASC [ RunTime:0.000453s ]
[2026-05-27T18:03:41+08:00][sql] SHOW FULL COLUMNS FROM `cmf_slide` [ RunTime:0.001173s ]
[2026-05-27T18:03:41+08:00][sql] SELECT * FROM `cmf_slide` WHERE  `name` LIKE '%choose%' OR `name` LIKE '%选择%' LIMIT 1 [ RunTime:0.000472s ]
[2026-05-27T18:03:41+08:00][sql] SELECT `title`,`description`,`image`,`url`,`target`,`content` FROM `cmf_slide_item` WHERE  `slide_id` = 14  AND `status` = 1 ORDER BY `list_order` ASC [ RunTime:0.000421s ]
[2026-05-27T18:03:41+08:00][sql] SELECT * FROM `cmf_product_category` WHERE  `parent_id` = 0  AND `recommend` = 1 ORDER BY `list_order` ASC,`create_time` DESC [ RunTime:0.000404s ]
[2026-05-27T18:03:41+08:00][sql] SHOW FULL COLUMNS FROM `cmf_product` [ RunTime:0.001216s ]
[2026-05-27T18:03:41+08:00][sql] SELECT `id`,`title`,`thumbnail`,`industry` FROM `cmf_product` WHERE  `is_recommended` = 1  AND `category_id` = 28 ORDER BY `list_order` ASC LIMIT 6 [ RunTime:0.000626s ]
[2026-05-27T18:03:41+08:00][sql] SELECT `id`,`title`,`thumbnail`,`industry` FROM `cmf_product` WHERE  `is_recommended` = 1  AND `category_id` = 19 ORDER BY `list_order` ASC LIMIT 6 [ RunTime:0.000428s ]
[2026-05-27T18:03:41+08:00][sql] SELECT `id`,`title`,`thumbnail`,`industry` FROM `cmf_product` WHERE  `is_recommended` = 1  AND `category_id` = 23 ORDER BY `list_order` ASC LIMIT 6 [ RunTime:0.000377s ]
[2026-05-27T18:03:41+08:00][sql] SELECT `id`,`title`,`thumbnail`,`industry` FROM `cmf_product` WHERE  `is_recommended` = 1  AND `category_id` = 25 ORDER BY `list_order` ASC LIMIT 6 [ RunTime:0.000292s ]
[2026-05-27T18:03:41+08:00][sql] SELECT `id`,`title`,`thumbnail`,`industry` FROM `cmf_product` WHERE  `is_recommended` = 1  AND `category_id` = 30 ORDER BY `list_order` ASC LIMIT 6 [ RunTime:0.000343s ]
[2026-05-27T18:03:41+08:00][sql] SHOW FULL COLUMNS FROM `cmf_portal_post` [ RunTime:0.001147s ]
[2026-05-27T18:03:41+08:00][sql] SELECT `p`.`id`,`p`.`post_title`,`p`.`post_excerpt`,`p`.`thumbnail`,`p`.`create_time`,`c`.`category_id` FROM `cmf_portal_post` `p` INNER JOIN `cmf_portal_category_post` `c` ON `p`.`id`=`c`.`post_id` WHERE (  `p`.`post_type` = '8' ) AND `p`.`delete_time` = '0' ORDER BY `c`.`list_order` ASC,`p`.`create_time` DESC [ RunTime:0.000964s ]
[2026-05-27T18:03:41+08:00][sql] SELECT `id`,`post_title`,`post_excerpt`,`more` FROM `cmf_portal_post` WHERE (  `post_type` = 3 ) AND `cmf_portal_post`.`delete_time` = '0' ORDER BY `create_time` DESC [ RunTime:0.000389s ]
[2026-05-27T18:03:41+08:00][sql] SHOW FULL COLUMNS FROM `cmf_theme_file` [ RunTime:0.001181s ]
[2026-05-27T18:03:41+08:00][sql] SELECT `more`,`file`,`id` FROM `cmf_theme_file` WHERE  `theme` = 'simpleboot3'  AND (  `is_public` = 1 OR `file` = 'portal/index' ) ORDER BY `is_public` DESC [ RunTime:0.000407s ]
[2026-05-27T18:03:41+08:00][sql] SELECT `option_value` FROM `cmf_option` WHERE  `option_name` = 'storage' LIMIT 1 [ RunTime:0.000543s ]
[2026-05-27T18:35:38+08:00][sql] CONNECT:[ UseTime:0.003632s ] mysql:host=127.0.0.1;port=3306;dbname=nucleon;charset=utf8mb4
[2026-05-27T18:35:38+08:00][sql] SHOW FULL COLUMNS FROM `cmf_plugin` [ RunTime:0.003085s ]
[2026-05-27T18:35:38+08:00][sql] SELECT `config` FROM `cmf_plugin` WHERE  `name` = 'SwitchTheme' LIMIT 1 [ RunTime:0.002671s ]
[2026-05-27T18:35:38+08:00][sql] SHOW FULL COLUMNS FROM `cmf_option` [ RunTime:0.002190s ]
[2026-05-27T18:35:38+08:00][sql] SELECT `option_value` FROM `cmf_option` WHERE  `option_name` = 'cdn_settings' LIMIT 1 [ RunTime:0.000485s ]
[2026-05-27T18:35:38+08:00][sql] SELECT `option_value` FROM `cmf_option` WHERE  `option_name` = 'cdn_settings' LIMIT 1 [ RunTime:0.000628s ]
[2026-05-27T18:35:38+08:00][sql] SHOW FULL COLUMNS FROM `cmf_product_category` [ RunTime:0.001505s ]
[2026-05-27T18:35:38+08:00][sql] SELECT * FROM `cmf_product_category` WHERE  `parent_id` = 0 ORDER BY `list_order` ASC,`create_time` DESC [ RunTime:0.000731s ]
[2026-05-27T18:35:38+08:00][sql] SELECT * FROM `cmf_product_category` WHERE  `parent_id` IN (28,19,22,23,25,30,27) [ RunTime:0.001001s ]
[2026-05-27T18:35:38+08:00][sql] SHOW FULL COLUMNS FROM `cmf_portal_category` [ RunTime:0.001780s ]
[2026-05-27T18:35:38+08:00][sql] SELECT * FROM `cmf_portal_category` WHERE (  `type` = 8 ) AND `cmf_portal_category`.`delete_time` = '0' ORDER BY `list_order` ASC [ RunTime:0.000535s ]
[2026-05-27T18:35:38+08:00][sql] SHOW FULL COLUMNS FROM `cmf_product` [ RunTime:0.001499s ]
[2026-05-27T18:35:38+08:00][sql] SELECT COUNT(*) AS think_count FROM `cmf_product` WHERE  `category_id` = 28 LIMIT 1 [ RunTime:0.000530s ]
[2026-05-27T18:35:38+08:00][sql] SELECT COUNT(*) AS think_count FROM `cmf_product` WHERE  `category_id` = 19 LIMIT 1 [ RunTime:0.000287s ]
[2026-05-27T18:35:38+08:00][sql] SELECT COUNT(*) AS think_count FROM `cmf_product` WHERE  `category_id` = 22 LIMIT 1 [ RunTime:0.000278s ]
[2026-05-27T18:35:38+08:00][sql] SELECT COUNT(*) AS think_count FROM `cmf_product` WHERE  `category_id` = 23 LIMIT 1 [ RunTime:0.000281s ]
[2026-05-27T18:35:38+08:00][sql] SELECT COUNT(*) AS think_count FROM `cmf_product` WHERE  `category_id` = 25 LIMIT 1 [ RunTime:0.000284s ]
[2026-05-27T18:35:38+08:00][sql] SELECT COUNT(*) AS think_count FROM `cmf_product` WHERE  `category_id` = 30 LIMIT 1 [ RunTime:0.000294s ]
[2026-05-27T18:35:38+08:00][sql] SELECT COUNT(*) AS think_count FROM `cmf_product` WHERE  `category_id` = 27 LIMIT 1 [ RunTime:0.000321s ]
[2026-05-27T18:35:38+08:00][sql] SELECT COUNT(*) AS think_count FROM `cmf_product` LIMIT 1 [ RunTime:0.000247s ]
[2026-05-27T18:35:38+08:00][sql] SELECT `id`,`category_id`,`title`,`thumbnail`,`industry`,`overview` FROM `cmf_product` ORDER BY `list_order` ASC,`create_time` DESC LIMIT 0,12 [ RunTime:0.001221s ]
[2026-05-27T18:35:38+08:00][sql] SHOW FULL COLUMNS FROM `cmf_slide_item` [ RunTime:0.001220s ]
[2026-05-27T18:35:38+08:00][sql] SELECT `title`,`description`,`image` FROM `cmf_slide_item` WHERE  `slide_id` = 2  AND `status` = 1 ORDER BY `list_order` ASC,`id` DESC LIMIT 1 [ RunTime:0.000501s ]
[2026-05-27T18:35:38+08:00][sql] SELECT `option_value` FROM `cmf_option` WHERE  `option_name` = 'storage' LIMIT 1 [ RunTime:0.000370s ]
[2026-05-27T18:35:38+08:00][sql] SHOW FULL COLUMNS FROM `cmf_portal_post` [ RunTime:0.002406s ]
[2026-05-27T18:35:38+08:00][sql] SELECT `id`,`post_title`,`post_excerpt`,`more` FROM `cmf_portal_post` WHERE (  `post_type` = 3 ) AND `cmf_portal_post`.`delete_time` = '0' ORDER BY `create_time` DESC [ RunTime:0.000697s ]
[2026-05-27T18:35:38+08:00][sql] SHOW FULL COLUMNS FROM `cmf_theme_file` [ RunTime:0.001110s ]
[2026-05-27T18:35:38+08:00][sql] SELECT `more`,`file`,`id` FROM `cmf_theme_file` WHERE  `theme` = 'simpleboot3'  AND (  `is_public` = 1 OR `file` = 'portal/product' ) ORDER BY `is_public` DESC [ RunTime:0.000423s ]
[2026-05-27T18:35:40+08:00][sql] CONNECT:[ UseTime:0.001913s ] mysql:host=127.0.0.1;port=3306;dbname=nucleon;charset=utf8mb4
[2026-05-27T18:35:40+08:00][sql] SHOW FULL COLUMNS FROM `cmf_option` [ RunTime:0.002922s ]
[2026-05-27T18:35:40+08:00][sql] SELECT `option_value` FROM `cmf_option` WHERE  `option_name` = 'cdn_settings' LIMIT 1 [ RunTime:0.000458s ]
[2026-05-27T18:35:40+08:00][sql] SELECT `option_value` FROM `cmf_option` WHERE  `option_name` = 'cdn_settings' LIMIT 1 [ RunTime:0.001188s ]
[2026-05-27T18:35:40+08:00][sql] SHOW FULL COLUMNS FROM `cmf_product_category` [ RunTime:0.002620s ]
[2026-05-27T18:35:40+08:00][sql] SELECT * FROM `cmf_product_category` WHERE  `parent_id` = 0 ORDER BY `list_order` ASC,`create_time` DESC [ RunTime:0.000978s ]
[2026-05-27T18:35:40+08:00][sql] SELECT * FROM `cmf_product_category` WHERE  `parent_id` IN (28,19,22,23,25,30,27) [ RunTime:0.001105s ]
[2026-05-27T18:35:40+08:00][sql] SHOW FULL COLUMNS FROM `cmf_portal_category` [ RunTime:0.003164s ]
[2026-05-27T18:35:40+08:00][sql] SELECT * FROM `cmf_portal_category` WHERE (  `type` = 8 ) AND `cmf_portal_category`.`delete_time` = '0' ORDER BY `list_order` ASC [ RunTime:0.000949s ]
[2026-05-27T18:35:40+08:00][sql] SHOW FULL COLUMNS FROM `cmf_product` [ RunTime:0.003184s ]
[2026-05-27T18:35:40+08:00][sql] SELECT * FROM `cmf_product` WHERE  `id` = 73 LIMIT 1 [ RunTime:0.002225s ]
[2026-05-27T18:35:40+08:00][sql] SELECT * FROM `cmf_product_category` WHERE  `id` = 22 LIMIT 1 [ RunTime:0.000965s ]
[2026-05-27T18:35:40+08:00][sql] SELECT `option_value` FROM `cmf_option` WHERE  `option_name` = 'product_setting' LIMIT 1 [ RunTime:0.000823s ]
[2026-05-27T18:35:40+08:00][sql] SELECT `id`,`title`,`industry`,`thumbnail` FROM `cmf_product` WHERE  `id` <> 73  AND `is_recommended` = 1  AND `category_id` = 22 ORDER BY RAND() LIMIT 4 [ RunTime:0.002620s ]
[2026-05-27T18:35:40+08:00][sql] SHOW FULL COLUMNS FROM `cmf_slide_item` [ RunTime:0.003359s ]
[2026-05-27T18:35:40+08:00][sql] SELECT `title`,`description`,`image` FROM `cmf_slide_item` WHERE  `slide_id` = 2  AND `status` = 1 ORDER BY `list_order` ASC,`id` DESC LIMIT 1 [ RunTime:0.001790s ]
[2026-05-27T18:35:40+08:00][sql] SHOW FULL COLUMNS FROM `cmf_theme_file` [ RunTime:0.004271s ]
[2026-05-27T18:35:40+08:00][sql] SELECT `more`,`file`,`id` FROM `cmf_theme_file` WHERE  `theme` = 'simpleboot3'  AND (  `is_public` = 1 OR `file` = 'portal/product-info' ) ORDER BY `is_public` DESC [ RunTime:0.001432s ]
[2026-05-27T18:35:40+08:00][sql] SELECT `option_value` FROM `cmf_option` WHERE  `option_name` = 'storage' LIMIT 1 [ RunTime:0.000438s ]
[2026-05-27T18:36:06+08:00][sql] CONNECT:[ UseTime:0.000987s ] mysql:host=127.0.0.1;port=3306;dbname=nucleon;charset=utf8mb4
[2026-05-27T18:36:06+08:00][sql] SHOW FULL COLUMNS FROM `cmf_option` [ RunTime:0.002056s ]
[2026-05-27T18:36:06+08:00][sql] SELECT `option_value` FROM `cmf_option` WHERE  `option_name` = 'cdn_settings' LIMIT 1 [ RunTime:0.000469s ]
[2026-05-27T18:36:06+08:00][sql] SELECT `option_value` FROM `cmf_option` WHERE  `option_name` = 'cdn_settings' LIMIT 1 [ RunTime:0.000417s ]
[2026-05-27T18:36:06+08:00][sql] SHOW FULL COLUMNS FROM `cmf_product_category` [ RunTime:0.001218s ]
[2026-05-27T18:36:06+08:00][sql] SELECT * FROM `cmf_product_category` WHERE  `parent_id` = 0 ORDER BY `list_order` ASC,`create_time` DESC [ RunTime:0.000464s ]
[2026-05-27T18:36:06+08:00][sql] SELECT * FROM `cmf_product_category` WHERE  `parent_id` IN (28,19,22,23,25,30,27) [ RunTime:0.000328s ]
[2026-05-27T18:36:06+08:00][sql] SHOW FULL COLUMNS FROM `cmf_portal_category` [ RunTime:0.001382s ]
[2026-05-27T18:36:06+08:00][sql] SELECT * FROM `cmf_portal_category` WHERE (  `type` = 8 ) AND `cmf_portal_category`.`delete_time` = '0' ORDER BY `list_order` ASC [ RunTime:0.000500s ]
[2026-05-27T18:36:06+08:00][sql] SHOW FULL COLUMNS FROM `cmf_slide_item` [ RunTime:0.001121s ]
[2026-05-27T18:36:06+08:00][sql] SELECT `title`,`description`,`image`,`url`,`target`,`content` FROM `cmf_slide_item` WHERE  `slide_id` = 1 ORDER BY `list_order` ASC [ RunTime:0.000419s ]
[2026-05-27T18:36:06+08:00][sql] SHOW FULL COLUMNS FROM `cmf_slide` [ RunTime:0.001027s ]
[2026-05-27T18:36:06+08:00][sql] SELECT * FROM `cmf_slide` WHERE  `name` LIKE '%choose%' OR `name` LIKE '%选择%' LIMIT 1 [ RunTime:0.001658s ]
[2026-05-27T18:36:06+08:00][sql] SELECT `title`,`description`,`image`,`url`,`target`,`content` FROM `cmf_slide_item` WHERE  `slide_id` = 14  AND `status` = 1 ORDER BY `list_order` ASC [ RunTime:0.000404s ]
[2026-05-27T18:36:06+08:00][sql] SELECT * FROM `cmf_product_category` WHERE  `parent_id` = 0  AND `recommend` = 1 ORDER BY `list_order` ASC,`create_time` DESC [ RunTime:0.000399s ]
[2026-05-27T18:36:06+08:00][sql] SHOW FULL COLUMNS FROM `cmf_product` [ RunTime:0.001357s ]
[2026-05-27T18:36:06+08:00][sql] SELECT `id`,`title`,`thumbnail`,`industry` FROM `cmf_product` WHERE  `is_recommended` = 1  AND `category_id` = 28 ORDER BY `list_order` ASC LIMIT 6 [ RunTime:0.000575s ]
[2026-05-27T18:36:06+08:00][sql] SELECT `id`,`title`,`thumbnail`,`industry` FROM `cmf_product` WHERE  `is_recommended` = 1  AND `category_id` = 19 ORDER BY `list_order` ASC LIMIT 6 [ RunTime:0.000423s ]
[2026-05-27T18:36:06+08:00][sql] SELECT `id`,`title`,`thumbnail`,`industry` FROM `cmf_product` WHERE  `is_recommended` = 1  AND `category_id` = 23 ORDER BY `list_order` ASC LIMIT 6 [ RunTime:0.000454s ]
[2026-05-27T18:36:06+08:00][sql] SELECT `id`,`title`,`thumbnail`,`industry` FROM `cmf_product` WHERE  `is_recommended` = 1  AND `category_id` = 25 ORDER BY `list_order` ASC LIMIT 6 [ RunTime:0.000633s ]
[2026-05-27T18:36:06+08:00][sql] SELECT `id`,`title`,`thumbnail`,`industry` FROM `cmf_product` WHERE  `is_recommended` = 1  AND `category_id` = 30 ORDER BY `list_order` ASC LIMIT 6 [ RunTime:0.000612s ]
[2026-05-27T18:36:06+08:00][sql] SHOW FULL COLUMNS FROM `cmf_portal_post` [ RunTime:0.001715s ]
[2026-05-27T18:36:06+08:00][sql] SELECT `p`.`id`,`p`.`post_title`,`p`.`post_excerpt`,`p`.`thumbnail`,`p`.`create_time`,`c`.`category_id` FROM `cmf_portal_post` `p` INNER JOIN `cmf_portal_category_post` `c` ON `p`.`id`=`c`.`post_id` WHERE (  `p`.`post_type` = '8' ) AND `p`.`delete_time` = '0' ORDER BY `c`.`list_order` ASC,`p`.`create_time` DESC [ RunTime:0.001610s ]
[2026-05-27T18:36:06+08:00][sql] SELECT `id`,`post_title`,`post_excerpt`,`more` FROM `cmf_portal_post` WHERE (  `post_type` = 3 ) AND `cmf_portal_post`.`delete_time` = '0' ORDER BY `create_time` DESC [ RunTime:0.000405s ]
[2026-05-27T18:36:06+08:00][sql] SHOW FULL COLUMNS FROM `cmf_theme_file` [ RunTime:0.001772s ]
[2026-05-27T18:36:06+08:00][sql] SELECT `more`,`file`,`id` FROM `cmf_theme_file` WHERE  `theme` = 'simpleboot3'  AND (  `is_public` = 1 OR `file` = 'portal/index' ) ORDER BY `is_public` DESC [ RunTime:0.000453s ]
[2026-05-27T18:36:06+08:00][sql] SELECT `option_value` FROM `cmf_option` WHERE  `option_name` = 'storage' LIMIT 1 [ RunTime:0.000754s ]
[2026-05-27T18:36:48+08:00][sql] CONNECT:[ UseTime:0.004722s ] mysql:host=127.0.0.1;port=3306;dbname=nucleon;charset=utf8mb4
[2026-05-27T18:36:48+08:00][sql] SHOW FULL COLUMNS FROM `cmf_option` [ RunTime:0.002724s ]
[2026-05-27T18:36:48+08:00][sql] SELECT `option_value` FROM `cmf_option` WHERE  `option_name` = 'cdn_settings' LIMIT 1 [ RunTime:0.000439s ]
[2026-05-27T18:36:48+08:00][sql] SELECT `option_value` FROM `cmf_option` WHERE  `option_name` = 'cdn_settings' LIMIT 1 [ RunTime:0.000674s ]
[2026-05-27T18:36:48+08:00][sql] SHOW FULL COLUMNS FROM `cmf_product_category` [ RunTime:0.001352s ]
[2026-05-27T18:36:48+08:00][sql] SELECT * FROM `cmf_product_category` WHERE  `parent_id` = 0 ORDER BY `list_order` ASC,`create_time` DESC [ RunTime:0.000517s ]
[2026-05-27T18:36:48+08:00][sql] SELECT * FROM `cmf_product_category` WHERE  `parent_id` IN (28,19,22,23,25,30,27) [ RunTime:0.000304s ]
[2026-05-27T18:36:48+08:00][sql] SHOW FULL COLUMNS FROM `cmf_portal_category` [ RunTime:0.001512s ]
[2026-05-27T18:36:48+08:00][sql] SELECT * FROM `cmf_portal_category` WHERE (  `type` = 8 ) AND `cmf_portal_category`.`delete_time` = '0' ORDER BY `list_order` ASC [ RunTime:0.000609s ]
[2026-05-27T18:36:48+08:00][sql] SHOW FULL COLUMNS FROM `cmf_slide_item` [ RunTime:0.001246s ]
[2026-05-27T18:36:48+08:00][sql] SELECT `title`,`description`,`image` FROM `cmf_slide_item` WHERE  `slide_id` = 4  AND `status` = 1 ORDER BY `list_order` ASC,`id` DESC LIMIT 1 [ RunTime:0.000471s ]
[2026-05-27T18:36:48+08:00][sql] SHOW FULL COLUMNS FROM `cmf_theme_file` [ RunTime:0.001988s ]
[2026-05-27T18:36:48+08:00][sql] SELECT `more`,`file`,`id` FROM `cmf_theme_file` WHERE  `theme` = 'simpleboot3'  AND (  `is_public` = 1 OR `file` = 'portal/about' ) ORDER BY `is_public` DESC [ RunTime:0.002292s ]
[2026-05-27T18:36:48+08:00][sql] SELECT `option_value` FROM `cmf_option` WHERE  `option_name` = 'storage' LIMIT 1 [ RunTime:0.001259s ]
[2026-05-27T18:37:48+08:00][sql] CONNECT:[ UseTime:0.001196s ] mysql:host=127.0.0.1;port=3306;dbname=nucleon;charset=utf8mb4
[2026-05-27T18:37:48+08:00][sql] SHOW FULL COLUMNS FROM `cmf_option` [ RunTime:0.003802s ]
[2026-05-27T18:37:48+08:00][sql] SELECT `option_value` FROM `cmf_option` WHERE  `option_name` = 'cdn_settings' LIMIT 1 [ RunTime:0.000675s ]
[2026-05-27T18:37:48+08:00][sql] SELECT `option_value` FROM `cmf_option` WHERE  `option_name` = 'cdn_settings' LIMIT 1 [ RunTime:0.000421s ]
[2026-05-27T18:37:48+08:00][sql] SHOW FULL COLUMNS FROM `cmf_product_category` [ RunTime:0.001363s ]
[2026-05-27T18:37:48+08:00][sql] SELECT * FROM `cmf_product_category` WHERE  `parent_id` = 0 ORDER BY `list_order` ASC,`create_time` DESC [ RunTime:0.000498s ]
[2026-05-27T18:37:48+08:00][sql] SELECT * FROM `cmf_product_category` WHERE  `parent_id` IN (28,19,22,23,25,30,27) [ RunTime:0.000654s ]
[2026-05-27T18:37:48+08:00][sql] SHOW FULL COLUMNS FROM `cmf_portal_category` [ RunTime:0.002449s ]
[2026-05-27T18:37:48+08:00][sql] SELECT * FROM `cmf_portal_category` WHERE (  `type` = 8 ) AND `cmf_portal_category`.`delete_time` = '0' ORDER BY `list_order` ASC [ RunTime:0.000765s ]
[2026-05-27T18:37:48+08:00][sql] SHOW FULL COLUMNS FROM `cmf_slide_item` [ RunTime:0.001432s ]
[2026-05-27T18:37:48+08:00][sql] SELECT `title`,`description`,`image`,`url`,`target`,`content` FROM `cmf_slide_item` WHERE  `slide_id` = 1 ORDER BY `list_order` ASC [ RunTime:0.000439s ]
[2026-05-27T18:37:48+08:00][sql] SHOW FULL COLUMNS FROM `cmf_slide` [ RunTime:0.000933s ]
[2026-05-27T18:37:48+08:00][sql] SELECT * FROM `cmf_slide` WHERE  `name` LIKE '%choose%' OR `name` LIKE '%选择%' LIMIT 1 [ RunTime:0.000451s ]
[2026-05-27T18:37:48+08:00][sql] SELECT `title`,`description`,`image`,`url`,`target`,`content` FROM `cmf_slide_item` WHERE  `slide_id` = 14  AND `status` = 1 ORDER BY `list_order` ASC [ RunTime:0.000378s ]
[2026-05-27T18:37:48+08:00][sql] SELECT * FROM `cmf_product_category` WHERE  `parent_id` = 0  AND `recommend` = 1 ORDER BY `list_order` ASC,`create_time` DESC [ RunTime:0.000389s ]
[2026-05-27T18:37:48+08:00][sql] SHOW FULL COLUMNS FROM `cmf_product` [ RunTime:0.001442s ]
[2026-05-27T18:37:48+08:00][sql] SELECT `id`,`title`,`thumbnail`,`industry` FROM `cmf_product` WHERE  `is_recommended` = 1  AND `category_id` = 28 ORDER BY `list_order` ASC LIMIT 6 [ RunTime:0.001266s ]
[2026-05-27T18:37:48+08:00][sql] SELECT `id`,`title`,`thumbnail`,`industry` FROM `cmf_product` WHERE  `is_recommended` = 1  AND `category_id` = 19 ORDER BY `list_order` ASC LIMIT 6 [ RunTime:0.000794s ]
[2026-05-27T18:37:48+08:00][sql] SELECT `id`,`title`,`thumbnail`,`industry` FROM `cmf_product` WHERE  `is_recommended` = 1  AND `category_id` = 23 ORDER BY `list_order` ASC LIMIT 6 [ RunTime:0.001016s ]
[2026-05-27T18:37:48+08:00][sql] SELECT `id`,`title`,`thumbnail`,`industry` FROM `cmf_product` WHERE  `is_recommended` = 1  AND `category_id` = 25 ORDER BY `list_order` ASC LIMIT 6 [ RunTime:0.001059s ]
[2026-05-27T18:37:48+08:00][sql] SELECT `id`,`title`,`thumbnail`,`industry` FROM `cmf_product` WHERE  `is_recommended` = 1  AND `category_id` = 30 ORDER BY `list_order` ASC LIMIT 6 [ RunTime:0.000514s ]
[2026-05-27T18:37:48+08:00][sql] SHOW FULL COLUMNS FROM `cmf_portal_post` [ RunTime:0.001655s ]
[2026-05-27T18:37:48+08:00][sql] SELECT `p`.`id`,`p`.`post_title`,`p`.`post_excerpt`,`p`.`thumbnail`,`p`.`create_time`,`c`.`category_id` FROM `cmf_portal_post` `p` INNER JOIN `cmf_portal_category_post` `c` ON `p`.`id`=`c`.`post_id` WHERE (  `p`.`post_type` = '8' ) AND `p`.`delete_time` = '0' ORDER BY `c`.`list_order` ASC,`p`.`create_time` DESC [ RunTime:0.000981s ]
[2026-05-27T18:37:48+08:00][sql] SELECT `id`,`post_title`,`post_excerpt`,`more` FROM `cmf_portal_post` WHERE (  `post_type` = 3 ) AND `cmf_portal_post`.`delete_time` = '0' ORDER BY `create_time` DESC [ RunTime:0.000423s ]
[2026-05-27T18:37:48+08:00][sql] SHOW FULL COLUMNS FROM `cmf_theme_file` [ RunTime:0.001108s ]
[2026-05-27T18:37:48+08:00][sql] SELECT `more`,`file`,`id` FROM `cmf_theme_file` WHERE  `theme` = 'simpleboot3'  AND (  `is_public` = 1 OR `file` = 'portal/index' ) ORDER BY `is_public` DESC [ RunTime:0.000552s ]
[2026-05-27T18:37:48+08:00][sql] SELECT `option_value` FROM `cmf_option` WHERE  `option_name` = 'storage' LIMIT 1 [ RunTime:0.000959s ]
