[2026-06-05T09:25:41+08:00][sql] CONNECT:[ UseTime:0.006770s ] mysql:host=127.0.0.1;port=3306;dbname=nucleon;charset=utf8mb4
[2026-06-05T09:25:41+08:00][sql] SHOW FULL COLUMNS FROM `cmf_plugin` [ RunTime:0.014490s ]
[2026-06-05T09:25:41+08:00][sql] SELECT `config` FROM `cmf_plugin` WHERE  `name` = 'SwitchTheme' LIMIT 1 [ RunTime:0.005550s ]
[2026-06-05T09:25:41+08:00][sql] SHOW FULL COLUMNS FROM `cmf_option` [ RunTime:0.001817s ]
[2026-06-05T09:25:41+08:00][sql] SELECT `option_value` FROM `cmf_option` WHERE  `option_name` = 'cdn_settings' LIMIT 1 [ RunTime:0.004602s ]
[2026-06-05T09:25:41+08:00][sql] SELECT `option_value` FROM `cmf_option` WHERE  `option_name` = 'cdn_settings' LIMIT 1 [ RunTime:0.000824s ]
[2026-06-05T09:25:41+08:00][sql] SHOW FULL COLUMNS FROM `cmf_product_category` [ RunTime:0.002618s ]
[2026-06-05T09:25:41+08:00][sql] SELECT * FROM `cmf_product_category` WHERE  `parent_id` = 0 ORDER BY `list_order` ASC,`create_time` DESC [ RunTime:0.004445s ]
[2026-06-05T09:25:41+08:00][sql] SELECT * FROM `cmf_product_category` WHERE  `parent_id` IN (28,19,22,23,25,30,27) [ RunTime:0.000604s ]
[2026-06-05T09:25:41+08:00][sql] SHOW FULL COLUMNS FROM `cmf_portal_category` [ RunTime:0.002270s ]
[2026-06-05T09:25:41+08:00][sql] SELECT * FROM `cmf_portal_category` WHERE (  `type` = 8 ) AND `cmf_portal_category`.`delete_time` = '0' ORDER BY `list_order` ASC [ RunTime:0.002938s ]
[2026-06-05T09:25:41+08:00][sql] SHOW FULL COLUMNS FROM `cmf_slide_item` [ RunTime:0.001884s ]
[2026-06-05T09:25:41+08:00][sql] SELECT `title`,`description`,`image`,`url`,`target`,`content` FROM `cmf_slide_item` WHERE  `slide_id` = 1 ORDER BY `list_order` ASC [ RunTime:0.002351s ]
[2026-06-05T09:25:41+08:00][sql] SHOW FULL COLUMNS FROM `cmf_slide` [ RunTime:0.000900s ]
[2026-06-05T09:25:41+08:00][sql] SELECT * FROM `cmf_slide` WHERE  `name` LIKE '%choose%' OR `name` LIKE '%选择%' LIMIT 1 [ RunTime:0.002246s ]
[2026-06-05T09:25:41+08:00][sql] SELECT `title`,`description`,`image`,`url`,`target`,`content` FROM `cmf_slide_item` WHERE  `slide_id` = 14  AND `status` = 1 ORDER BY `list_order` ASC [ RunTime:0.000396s ]
[2026-06-05T09:25:41+08:00][sql] SELECT * FROM `cmf_product_category` WHERE  `parent_id` = 0  AND `recommend` = 1 ORDER BY `list_order` ASC,`create_time` DESC [ RunTime:0.000781s ]
[2026-06-05T09:25:41+08:00][sql] SHOW FULL COLUMNS FROM `cmf_product` [ RunTime:0.002507s ]
[2026-06-05T09:25:41+08:00][sql] SELECT `id`,`title`,`thumbnail`,`industry` FROM `cmf_product` WHERE  `is_recommended` = 1  AND `category_id` = 28 ORDER BY `list_order` ASC LIMIT 6 [ RunTime:0.004089s ]
[2026-06-05T09:25:41+08:00][sql] SELECT `id`,`title`,`thumbnail`,`industry` FROM `cmf_product` WHERE  `is_recommended` = 1  AND `category_id` = 19 ORDER BY `list_order` ASC LIMIT 6 [ RunTime:0.000971s ]
[2026-06-05T09:25:41+08:00][sql] SELECT `id`,`title`,`thumbnail`,`industry` FROM `cmf_product` WHERE  `is_recommended` = 1  AND `category_id` = 23 ORDER BY `list_order` ASC LIMIT 6 [ RunTime:0.000457s ]
[2026-06-05T09:25:41+08:00][sql] SELECT `id`,`title`,`thumbnail`,`industry` FROM `cmf_product` WHERE  `is_recommended` = 1  AND `category_id` = 25 ORDER BY `list_order` ASC LIMIT 6 [ RunTime:0.000509s ]
[2026-06-05T09:25:41+08:00][sql] SELECT `id`,`title`,`thumbnail`,`industry` FROM `cmf_product` WHERE  `is_recommended` = 1  AND `category_id` = 30 ORDER BY `list_order` ASC LIMIT 6 [ RunTime:0.000370s ]
[2026-06-05T09:25:41+08:00][sql] SHOW FULL COLUMNS FROM `cmf_portal_post` [ RunTime:0.001973s ]
[2026-06-05T09:25:41+08:00][sql] SELECT `p`.`id`,`p`.`post_title`,`p`.`post_excerpt`,`p`.`thumbnail`,`p`.`create_time`,`c`.`category_id` FROM `cmf_portal_post` `p` INNER JOIN `cmf_portal_category_post` `c` ON `p`.`id`=`c`.`post_id` WHERE (  `p`.`post_type` = '8' ) AND `p`.`delete_time` = '0' ORDER BY `c`.`list_order` ASC,`p`.`create_time` DESC [ RunTime:0.002582s ]
[2026-06-05T09:25:41+08:00][sql] SELECT `id`,`post_title`,`post_excerpt`,`more` FROM `cmf_portal_post` WHERE (  `post_type` = 3 ) AND `cmf_portal_post`.`delete_time` = '0' ORDER BY `create_time` DESC [ RunTime:0.000510s ]
[2026-06-05T09:25:41+08:00][sql] SHOW FULL COLUMNS FROM `cmf_theme_file` [ RunTime:0.001649s ]
[2026-06-05T09:25:41+08:00][sql] SELECT `more`,`file`,`id` FROM `cmf_theme_file` WHERE  `theme` = 'simpleboot3'  AND (  `is_public` = 1 OR `file` = 'portal/index' ) ORDER BY `is_public` DESC [ RunTime:0.002796s ]
[2026-06-05T09:25:41+08:00][sql] SELECT `option_value` FROM `cmf_option` WHERE  `option_name` = 'storage' LIMIT 1 [ RunTime:0.000434s ]
[2026-06-05T09:25:45+08:00][sql] CONNECT:[ UseTime:0.001959s ] mysql:host=127.0.0.1;port=3306;dbname=nucleon;charset=utf8mb4
[2026-06-05T09:25:45+08:00][sql] SHOW FULL COLUMNS FROM `cmf_option` [ RunTime:0.005541s ]
[2026-06-05T09:25:45+08:00][sql] SELECT `option_value` FROM `cmf_option` WHERE  `option_name` = 'cdn_settings' LIMIT 1 [ RunTime:0.001258s ]
[2026-06-05T09:25:45+08:00][sql] SELECT `option_value` FROM `cmf_option` WHERE  `option_name` = 'cdn_settings' LIMIT 1 [ RunTime:0.001140s ]
[2026-06-05T09:25:45+08:00][sql] SHOW FULL COLUMNS FROM `cmf_product_category` [ RunTime:0.002581s ]
[2026-06-05T09:25:45+08:00][sql] SELECT * FROM `cmf_product_category` WHERE  `parent_id` = 0 ORDER BY `list_order` ASC,`create_time` DESC [ RunTime:0.002806s ]
[2026-06-05T09:25:45+08:00][sql] SELECT * FROM `cmf_product_category` WHERE  `parent_id` IN (28,19,22,23,25,30,27) [ RunTime:0.000436s ]
[2026-06-05T09:25:45+08:00][sql] SHOW FULL COLUMNS FROM `cmf_portal_category` [ RunTime:0.001363s ]
[2026-06-05T09:25:45+08:00][sql] SELECT * FROM `cmf_portal_category` WHERE (  `type` = 8 ) AND `cmf_portal_category`.`delete_time` = '0' ORDER BY `list_order` ASC [ RunTime:0.001806s ]
[2026-06-05T09:25:45+08:00][sql] SHOW FULL COLUMNS FROM `cmf_slide_item` [ RunTime:0.001455s ]
[2026-06-05T09:25:45+08:00][sql] SELECT `title`,`description`,`image` FROM `cmf_slide_item` WHERE  `slide_id` = 5  AND `status` = 1 ORDER BY `list_order` ASC,`id` DESC LIMIT 1 [ RunTime:0.002121s ]
[2026-06-05T09:25:45+08:00][sql] SELECT `option_value` FROM `cmf_option` WHERE  `option_name` = 'quote_site' LIMIT 1 [ RunTime:0.000284s ]
[2026-06-05T09:25:45+08:00][sql] SHOW FULL COLUMNS FROM `cmf_theme_file` [ RunTime:0.001560s ]
[2026-06-05T09:25:45+08:00][sql] SELECT `more`,`file`,`id` FROM `cmf_theme_file` WHERE  `theme` = 'simpleboot3'  AND (  `is_public` = 1 OR `file` = 'portal/quote' ) ORDER BY `is_public` DESC [ RunTime:0.001370s ]
[2026-06-05T09:25:45+08:00][sql] SELECT `option_value` FROM `cmf_option` WHERE  `option_name` = 'storage' LIMIT 1 [ RunTime:0.000590s ]
[2026-06-05T09:25:55+08:00][sql] CONNECT:[ UseTime:0.018391s ] mysql:host=127.0.0.1;port=3306;dbname=nucleon;charset=utf8mb4
[2026-06-05T09:25:55+08:00][sql] SHOW FULL COLUMNS FROM `cmf_hook` [ RunTime:0.004313s ]
[2026-06-05T09:25:55+08:00][sql] SELECT `hook` FROM `cmf_hook` WHERE  `app` = 'admin' [ RunTime:0.001610s ]
[2026-06-05T09:25:55+08:00][sql] SHOW FULL COLUMNS FROM `cmf_hook_plugin` [ RunTime:0.002062s ]
[2026-06-05T09:25:55+08:00][sql] SELECT `hook`,`plugin` FROM `cmf_hook_plugin` WHERE  `status` = 1  AND `hook` IN ('admin_dashboard','admin_login','admin_theme_design_view','admin_setting_site_view','admin_setting_clear_cache_view','admin_nav_index_view','admin_link_index_view','admin_slide_index_view','admin_user_index_view','admin_rbac_index_view','admin_index_index_view','admin_recycle_bin_index_view','admin_menu_index_view','admin_custom_login_open','admin_slide_item_index_view','admin_slide_item_add_view','admin_slide_item_edit_view','admin_user_add_view','admin_user_edit_view','admin_rbac_role_add_view','admin_rbac_role_edit_view','admin_rbac_authorize_view','admin_api_import_view') ORDER BY `list_order` ASC [ RunTime:0.001323s ]
[2026-06-05T09:25:55+08:00][sql] SHOW FULL COLUMNS FROM `cmf_option` [ RunTime:0.001100s ]
[2026-06-05T09:25:55+08:00][sql] SELECT `option_value` FROM `cmf_option` WHERE  `option_name` = 'cdn_settings' LIMIT 1 [ RunTime:0.000565s ]
[2026-06-05T09:25:55+08:00][sql] SELECT `option_value` FROM `cmf_option` WHERE  `option_name` = 'admin_settings' LIMIT 1 [ RunTime:0.000274s ]
[2026-06-05T09:25:55+08:00][sql] CONNECT:[ UseTime:0.001209s ] mysql:host=127.0.0.1;port=3306;dbname=nucleon;charset=utf8mb4
[2026-06-05T09:25:55+08:00][sql] SHOW FULL COLUMNS FROM `cmf_option` [ RunTime:0.004552s ]
[2026-06-05T09:25:55+08:00][sql] SELECT `option_value` FROM `cmf_option` WHERE  `option_name` = 'cdn_settings' LIMIT 1 [ RunTime:0.001632s ]
[2026-06-05T09:26:08+08:00][sql] CONNECT:[ UseTime:0.001043s ] mysql:host=127.0.0.1;port=3306;dbname=nucleon;charset=utf8mb4
[2026-06-05T09:26:08+08:00][sql] SHOW FULL COLUMNS FROM `cmf_option` [ RunTime:0.003219s ]
[2026-06-05T09:26:08+08:00][sql] SELECT `option_value` FROM `cmf_option` WHERE  `option_name` = 'cdn_settings' LIMIT 1 [ RunTime:0.000808s ]
[2026-06-05T09:26:08+08:00][sql] SHOW FULL COLUMNS FROM `cmf_user` [ RunTime:0.002062s ]
[2026-06-05T09:26:08+08:00][sql] SELECT * FROM `cmf_user` WHERE  `user_login` = 'antop002' LIMIT 1 [ RunTime:0.002250s ]
[2026-06-05T09:26:08+08:00][sql] SHOW FULL COLUMNS FROM `cmf_role_user` [ RunTime:0.001377s ]
[2026-06-05T09:26:08+08:00][sql] SELECT `role_id` FROM `cmf_role_user` `a` INNER JOIN `cmf_role` `b` ON `a`.`role_id`=`b`.`id` WHERE  `user_id` = 1  AND `status` = '1' LIMIT 1 [ RunTime:0.002325s ]
[2026-06-05T09:26:08+08:00][sql] SHOW FULL COLUMNS FROM `cmf_user_token` [ RunTime:0.000802s ]
[2026-06-05T09:26:08+08:00][sql] SELECT * FROM `cmf_user_token` WHERE  `user_id` = 1  AND `device_type` = 'web' LIMIT 1 [ RunTime:0.000630s ]
[2026-06-05T09:26:08+08:00][sql] UPDATE `cmf_user`  SET `last_login_ip` = '::1' , `last_login_time` = 1780622768  WHERE  `id` = 1 [ RunTime:0.023839s ]
[2026-06-05T09:26:10+08:00][sql] CONNECT:[ UseTime:0.000875s ] mysql:host=127.0.0.1;port=3306;dbname=nucleon;charset=utf8mb4
[2026-06-05T09:26:10+08:00][sql] SHOW FULL COLUMNS FROM `cmf_option` [ RunTime:0.002585s ]
[2026-06-05T09:26:10+08:00][sql] SELECT `option_value` FROM `cmf_option` WHERE  `option_name` = 'cdn_settings' LIMIT 1 [ RunTime:0.001082s ]
[2026-06-05T09:26:10+08:00][sql] SHOW FULL COLUMNS FROM `cmf_user` [ RunTime:0.001371s ]
[2026-06-05T09:26:10+08:00][sql] SELECT * FROM `cmf_user` WHERE  `id` = 1 LIMIT 1 [ RunTime:0.001599s ]
[2026-06-05T09:26:10+08:00][sql] SHOW FULL COLUMNS FROM `cmf_admin_menu` [ RunTime:0.001779s ]
[2026-06-05T09:26:10+08:00][sql] SELECT * FROM `cmf_admin_menu` WHERE  `parent_id` = 0  AND `status` = 1 ORDER BY `list_order` ASC [ RunTime:0.003431s ]
[2026-06-05T09:26:10+08:00][sql] SELECT * FROM `cmf_admin_menu` WHERE  `parent_id` = 71  AND `status` = 1 ORDER BY `list_order` ASC [ RunTime:0.000400s ]
[2026-06-05T09:26:10+08:00][sql] SELECT * FROM `cmf_admin_menu` WHERE  `parent_id` = 78  AND `status` = 1 ORDER BY `list_order` ASC [ RunTime:0.000360s ]
[2026-06-05T09:26:10+08:00][sql] SELECT * FROM `cmf_admin_menu` WHERE  `parent_id` = 213  AND `status` = 1 ORDER BY `list_order` ASC [ RunTime:0.000419s ]
[2026-06-05T09:26:10+08:00][sql] SELECT * FROM `cmf_admin_menu` WHERE  `parent_id` = 214  AND `status` = 1 ORDER BY `list_order` ASC [ RunTime:0.000336s ]
[2026-06-05T09:26:10+08:00][sql] SELECT * FROM `cmf_admin_menu` WHERE  `parent_id` = 215  AND `status` = 1 ORDER BY `list_order` ASC [ RunTime:0.000259s ]
[2026-06-05T09:26:10+08:00][sql] SELECT * FROM `cmf_admin_menu` WHERE  `parent_id` = 217  AND `status` = 1 ORDER BY `list_order` ASC [ RunTime:0.000363s ]
[2026-06-05T09:26:10+08:00][sql] SELECT * FROM `cmf_admin_menu` WHERE  `parent_id` = 219  AND `status` = 1 ORDER BY `list_order` ASC [ RunTime:0.000273s ]
[2026-06-05T09:26:10+08:00][sql] SELECT * FROM `cmf_admin_menu` WHERE  `parent_id` = 220  AND `status` = 1 ORDER BY `list_order` ASC [ RunTime:0.000253s ]
[2026-06-05T09:26:10+08:00][sql] SELECT * FROM `cmf_admin_menu` WHERE  `parent_id` = 225  AND `status` = 1 ORDER BY `list_order` ASC [ RunTime:0.000248s ]
[2026-06-05T09:26:10+08:00][sql] SELECT * FROM `cmf_admin_menu` WHERE  `parent_id` = 221  AND `status` = 1 ORDER BY `list_order` ASC [ RunTime:0.000342s ]
[2026-06-05T09:26:10+08:00][sql] SELECT * FROM `cmf_admin_menu` WHERE  `parent_id` = 222  AND `status` = 1 ORDER BY `list_order` ASC [ RunTime:0.000283s ]
[2026-06-05T09:26:10+08:00][sql] SELECT * FROM `cmf_admin_menu` WHERE  `parent_id` = 223  AND `status` = 1 ORDER BY `list_order` ASC [ RunTime:0.000317s ]
[2026-06-05T09:26:10+08:00][sql] SELECT * FROM `cmf_admin_menu` WHERE  `parent_id` = 224  AND `status` = 1 ORDER BY `list_order` ASC [ RunTime:0.000248s ]
[2026-06-05T09:26:10+08:00][sql] SELECT * FROM `cmf_admin_menu` WHERE  `parent_id` = 226  AND `status` = 1 ORDER BY `list_order` ASC [ RunTime:0.000252s ]
[2026-06-05T09:26:10+08:00][sql] SELECT * FROM `cmf_admin_menu` WHERE  `parent_id` = 227  AND `status` = 1 ORDER BY `list_order` ASC [ RunTime:0.000482s ]
[2026-06-05T09:26:10+08:00][sql] SELECT * FROM `cmf_admin_menu` ORDER BY `app` ASC,`controller` ASC,`action` ASC [ RunTime:0.001558s ]
[2026-06-05T09:26:11+08:00][sql] CONNECT:[ UseTime:0.000855s ] mysql:host=127.0.0.1;port=3306;dbname=nucleon;charset=utf8mb4
[2026-06-05T09:26:11+08:00][sql] SHOW FULL COLUMNS FROM `cmf_option` [ RunTime:0.003260s ]
[2026-06-05T09:26:11+08:00][sql] SELECT `option_value` FROM `cmf_option` WHERE  `option_name` = 'cdn_settings' LIMIT 1 [ RunTime:0.001558s ]
[2026-06-05T09:26:11+08:00][sql] SHOW FULL COLUMNS FROM `cmf_user` [ RunTime:0.001950s ]
[2026-06-05T09:26:11+08:00][sql] SELECT * FROM `cmf_user` WHERE  `id` = 1 LIMIT 1 [ RunTime:0.000909s ]
[2026-06-05T09:26:11+08:00][sql] SELECT `option_value` FROM `cmf_option` WHERE  `option_name` = 'cdn_settings' LIMIT 1 [ RunTime:0.000237s ]
[2026-06-05T09:26:11+08:00][sql] SELECT `option_value` FROM `cmf_option` WHERE  `option_name` = 'cmf_settings' LIMIT 1 [ RunTime:0.000247s ]
[2026-06-05T09:26:11+08:00][sql] SELECT `option_value` FROM `cmf_option` WHERE  `option_name` = 'product_setting' LIMIT 1 [ RunTime:0.000319s ]
[2026-06-05T09:26:11+08:00][sql] SELECT `option_value` FROM `cmf_option` WHERE  `option_name` = 'storage' LIMIT 1 [ RunTime:0.000629s ]
[2026-06-05T09:28:32+08:00][sql] CONNECT:[ UseTime:0.001830s ] mysql:host=127.0.0.1;port=3306;dbname=nucleon;charset=utf8mb4
[2026-06-05T09:28:32+08:00][sql] SHOW FULL COLUMNS FROM `cmf_option` [ RunTime:0.006837s ]
[2026-06-05T09:28:32+08:00][sql] SELECT `option_value` FROM `cmf_option` WHERE  `option_name` = 'cdn_settings' LIMIT 1 [ RunTime:0.002099s ]
[2026-06-05T09:28:32+08:00][sql] SELECT `option_value` FROM `cmf_option` WHERE  `option_name` = 'cdn_settings' LIMIT 1 [ RunTime:0.000288s ]
[2026-06-05T09:28:32+08:00][sql] SHOW FULL COLUMNS FROM `cmf_product_category` [ RunTime:0.001287s ]
[2026-06-05T09:28:32+08:00][sql] SELECT * FROM `cmf_product_category` WHERE  `parent_id` = 0 ORDER BY `list_order` ASC,`create_time` DESC [ RunTime:0.003054s ]
[2026-06-05T09:28:32+08:00][sql] SELECT * FROM `cmf_product_category` WHERE  `parent_id` IN (28,19,22,23,25,30,27) [ RunTime:0.000320s ]
[2026-06-05T09:28:32+08:00][sql] SHOW FULL COLUMNS FROM `cmf_portal_category` [ RunTime:0.000928s ]
[2026-06-05T09:28:32+08:00][sql] SELECT * FROM `cmf_portal_category` WHERE (  `type` = 8 ) AND `cmf_portal_category`.`delete_time` = '0' ORDER BY `list_order` ASC [ RunTime:0.000993s ]
[2026-06-05T09:28:32+08:00][sql] SHOW FULL COLUMNS FROM `cmf_slide_item` [ RunTime:0.001776s ]
[2026-06-05T09:28:32+08:00][sql] SELECT `title`,`description`,`image`,`url`,`target`,`content` FROM `cmf_slide_item` WHERE  `slide_id` = 1 ORDER BY `list_order` ASC [ RunTime:0.000467s ]
[2026-06-05T09:28:32+08:00][sql] SHOW FULL COLUMNS FROM `cmf_slide` [ RunTime:0.000742s ]
[2026-06-05T09:28:32+08:00][sql] SELECT * FROM `cmf_slide` WHERE  `name` LIKE '%choose%' OR `name` LIKE '%选择%' LIMIT 1 [ RunTime:0.000646s ]
[2026-06-05T09:28:32+08:00][sql] SELECT `title`,`description`,`image`,`url`,`target`,`content` FROM `cmf_slide_item` WHERE  `slide_id` = 14  AND `status` = 1 ORDER BY `list_order` ASC [ RunTime:0.000303s ]
[2026-06-05T09:28:32+08:00][sql] SELECT * FROM `cmf_product_category` WHERE  `parent_id` = 0  AND `recommend` = 1 ORDER BY `list_order` ASC,`create_time` DESC [ RunTime:0.000478s ]
[2026-06-05T09:28:32+08:00][sql] SHOW FULL COLUMNS FROM `cmf_product` [ RunTime:0.001567s ]
[2026-06-05T09:28:32+08:00][sql] SELECT `id`,`title`,`thumbnail`,`industry` FROM `cmf_product` WHERE  `is_recommended` = 1  AND `category_id` = 28 ORDER BY `list_order` ASC LIMIT 6 [ RunTime:0.002167s ]
[2026-06-05T09:28:32+08:00][sql] SELECT `id`,`title`,`thumbnail`,`industry` FROM `cmf_product` WHERE  `is_recommended` = 1  AND `category_id` = 19 ORDER BY `list_order` ASC LIMIT 6 [ RunTime:0.000377s ]
[2026-06-05T09:28:32+08:00][sql] SELECT `id`,`title`,`thumbnail`,`industry` FROM `cmf_product` WHERE  `is_recommended` = 1  AND `category_id` = 23 ORDER BY `list_order` ASC LIMIT 6 [ RunTime:0.001295s ]
[2026-06-05T09:28:32+08:00][sql] SELECT `id`,`title`,`thumbnail`,`industry` FROM `cmf_product` WHERE  `is_recommended` = 1  AND `category_id` = 25 ORDER BY `list_order` ASC LIMIT 6 [ RunTime:0.000428s ]
[2026-06-05T09:28:32+08:00][sql] SELECT `id`,`title`,`thumbnail`,`industry` FROM `cmf_product` WHERE  `is_recommended` = 1  AND `category_id` = 30 ORDER BY `list_order` ASC LIMIT 6 [ RunTime:0.000267s ]
[2026-06-05T09:28:32+08:00][sql] SHOW FULL COLUMNS FROM `cmf_portal_post` [ RunTime:0.001421s ]
[2026-06-05T09:28:32+08:00][sql] SELECT `p`.`id`,`p`.`post_title`,`p`.`post_excerpt`,`p`.`thumbnail`,`p`.`create_time`,`c`.`category_id` FROM `cmf_portal_post` `p` INNER JOIN `cmf_portal_category_post` `c` ON `p`.`id`=`c`.`post_id` WHERE (  `p`.`post_type` = '8' ) AND `p`.`delete_time` = '0' ORDER BY `c`.`list_order` ASC,`p`.`create_time` DESC [ RunTime:0.002486s ]
[2026-06-05T09:28:32+08:00][sql] SELECT `id`,`post_title`,`post_excerpt`,`more` FROM `cmf_portal_post` WHERE (  `post_type` = 3 ) AND `cmf_portal_post`.`delete_time` = '0' ORDER BY `create_time` DESC [ RunTime:0.000356s ]
[2026-06-05T09:28:32+08:00][sql] SHOW FULL COLUMNS FROM `cmf_theme_file` [ RunTime:0.001319s ]
[2026-06-05T09:28:32+08:00][sql] SELECT `more`,`file`,`id` FROM `cmf_theme_file` WHERE  `theme` = 'simpleboot3_mobile'  AND (  `is_public` = 1 OR `file` = 'portal/index' ) ORDER BY `is_public` DESC [ RunTime:0.001597s ]
[2026-06-05T09:28:32+08:00][sql] SELECT `option_value` FROM `cmf_option` WHERE  `option_name` = 'storage' LIMIT 1 [ RunTime:0.000483s ]
[2026-06-05T09:29:07+08:00][sql] CONNECT:[ UseTime:0.002104s ] mysql:host=127.0.0.1;port=3306;dbname=nucleon;charset=utf8mb4
[2026-06-05T09:29:07+08:00][sql] SHOW FULL COLUMNS FROM `cmf_option` [ RunTime:0.008144s ]
[2026-06-05T09:29:07+08:00][sql] SELECT `option_value` FROM `cmf_option` WHERE  `option_name` = 'cdn_settings' LIMIT 1 [ RunTime:0.003966s ]
[2026-06-05T09:29:07+08:00][sql] SELECT `option_value` FROM `cmf_option` WHERE  `option_name` = 'cdn_settings' LIMIT 1 [ RunTime:0.000719s ]
[2026-06-05T09:29:07+08:00][sql] SHOW FULL COLUMNS FROM `cmf_product_category` [ RunTime:0.001428s ]
[2026-06-05T09:29:07+08:00][sql] SELECT * FROM `cmf_product_category` WHERE  `parent_id` = 0 ORDER BY `list_order` ASC,`create_time` DESC [ RunTime:0.004031s ]
[2026-06-05T09:29:07+08:00][sql] SELECT * FROM `cmf_product_category` WHERE  `parent_id` IN (28,19,22,23,25,30,27) [ RunTime:0.000390s ]
[2026-06-05T09:29:07+08:00][sql] SHOW FULL COLUMNS FROM `cmf_portal_category` [ RunTime:0.001928s ]
[2026-06-05T09:29:07+08:00][sql] SELECT * FROM `cmf_portal_category` WHERE (  `type` = 8 ) AND `cmf_portal_category`.`delete_time` = '0' ORDER BY `list_order` ASC [ RunTime:0.002010s ]
[2026-06-05T09:29:07+08:00][sql] SHOW FULL COLUMNS FROM `cmf_slide_item` [ RunTime:0.001080s ]
[2026-06-05T09:29:07+08:00][sql] SELECT `title`,`description`,`image`,`url`,`target`,`content` FROM `cmf_slide_item` WHERE  `slide_id` = 1 ORDER BY `list_order` ASC [ RunTime:0.000771s ]
[2026-06-05T09:29:07+08:00][sql] SHOW FULL COLUMNS FROM `cmf_slide` [ RunTime:0.000926s ]
[2026-06-05T09:29:07+08:00][sql] SELECT * FROM `cmf_slide` WHERE  `name` LIKE '%choose%' OR `name` LIKE '%选择%' LIMIT 1 [ RunTime:0.001638s ]
[2026-06-05T09:29:07+08:00][sql] SELECT `title`,`description`,`image`,`url`,`target`,`content` FROM `cmf_slide_item` WHERE  `slide_id` = 14  AND `status` = 1 ORDER BY `list_order` ASC [ RunTime:0.000353s ]
[2026-06-05T09:29:07+08:00][sql] SELECT * FROM `cmf_product_category` WHERE  `parent_id` = 0  AND `recommend` = 1 ORDER BY `list_order` ASC,`create_time` DESC [ RunTime:0.000455s ]
[2026-06-05T09:29:07+08:00][sql] SHOW FULL COLUMNS FROM `cmf_product` [ RunTime:0.001586s ]
[2026-06-05T09:29:07+08:00][sql] SELECT `id`,`title`,`thumbnail`,`industry` FROM `cmf_product` WHERE  `is_recommended` = 1  AND `category_id` = 28 ORDER BY `list_order` ASC LIMIT 6 [ RunTime:0.002050s ]
[2026-06-05T09:29:07+08:00][sql] SELECT `id`,`title`,`thumbnail`,`industry` FROM `cmf_product` WHERE  `is_recommended` = 1  AND `category_id` = 19 ORDER BY `list_order` ASC LIMIT 6 [ RunTime:0.000553s ]
[2026-06-05T09:29:07+08:00][sql] SELECT `id`,`title`,`thumbnail`,`industry` FROM `cmf_product` WHERE  `is_recommended` = 1  AND `category_id` = 23 ORDER BY `list_order` ASC LIMIT 6 [ RunTime:0.001112s ]
[2026-06-05T09:29:07+08:00][sql] SELECT `id`,`title`,`thumbnail`,`industry` FROM `cmf_product` WHERE  `is_recommended` = 1  AND `category_id` = 25 ORDER BY `list_order` ASC LIMIT 6 [ RunTime:0.000338s ]
[2026-06-05T09:29:07+08:00][sql] SELECT `id`,`title`,`thumbnail`,`industry` FROM `cmf_product` WHERE  `is_recommended` = 1  AND `category_id` = 30 ORDER BY `list_order` ASC LIMIT 6 [ RunTime:0.000308s ]
[2026-06-05T09:29:07+08:00][sql] SHOW FULL COLUMNS FROM `cmf_portal_post` [ RunTime:0.001954s ]
[2026-06-05T09:29:07+08:00][sql] SELECT `p`.`id`,`p`.`post_title`,`p`.`post_excerpt`,`p`.`thumbnail`,`p`.`create_time`,`c`.`category_id` FROM `cmf_portal_post` `p` INNER JOIN `cmf_portal_category_post` `c` ON `p`.`id`=`c`.`post_id` WHERE (  `p`.`post_type` = '8' ) AND `p`.`delete_time` = '0' ORDER BY `c`.`list_order` ASC,`p`.`create_time` DESC [ RunTime:0.002211s ]
[2026-06-05T09:29:07+08:00][sql] SELECT `id`,`post_title`,`post_excerpt`,`more` FROM `cmf_portal_post` WHERE (  `post_type` = 3 ) AND `cmf_portal_post`.`delete_time` = '0' ORDER BY `create_time` DESC [ RunTime:0.000446s ]
[2026-06-05T09:29:07+08:00][sql] SHOW FULL COLUMNS FROM `cmf_theme_file` [ RunTime:0.002091s ]
[2026-06-05T09:29:07+08:00][sql] SELECT `more`,`file`,`id` FROM `cmf_theme_file` WHERE  `theme` = 'simpleboot3'  AND (  `is_public` = 1 OR `file` = 'portal/index' ) ORDER BY `is_public` DESC [ RunTime:0.001838s ]
[2026-06-05T09:29:07+08:00][sql] SELECT `option_value` FROM `cmf_option` WHERE  `option_name` = 'storage' LIMIT 1 [ RunTime:0.000464s ]
[2026-06-05T09:29:24+08:00][sql] CONNECT:[ UseTime:0.002314s ] mysql:host=127.0.0.1;port=3306;dbname=nucleon;charset=utf8mb4
[2026-06-05T09:29:24+08:00][sql] SHOW FULL COLUMNS FROM `cmf_option` [ RunTime:0.004262s ]
[2026-06-05T09:29:24+08:00][sql] SELECT `option_value` FROM `cmf_option` WHERE  `option_name` = 'cdn_settings' LIMIT 1 [ RunTime:0.000775s ]
[2026-06-05T09:29:24+08:00][sql] SELECT `option_value` FROM `cmf_option` WHERE  `option_name` = 'cdn_settings' LIMIT 1 [ RunTime:0.001014s ]
[2026-06-05T09:29:24+08:00][sql] SHOW FULL COLUMNS FROM `cmf_product_category` [ RunTime:0.002330s ]
[2026-06-05T09:29:24+08:00][sql] SELECT * FROM `cmf_product_category` WHERE  `parent_id` = 0 ORDER BY `list_order` ASC,`create_time` DESC [ RunTime:0.001155s ]
[2026-06-05T09:29:24+08:00][sql] SELECT * FROM `cmf_product_category` WHERE  `parent_id` IN (28,19,22,23,25,30,27) [ RunTime:0.000688s ]
[2026-06-05T09:29:24+08:00][sql] SHOW FULL COLUMNS FROM `cmf_portal_category` [ RunTime:0.001653s ]
[2026-06-05T09:29:24+08:00][sql] SELECT * FROM `cmf_portal_category` WHERE (  `type` = 8 ) AND `cmf_portal_category`.`delete_time` = '0' ORDER BY `list_order` ASC [ RunTime:0.001916s ]
[2026-06-05T09:29:24+08:00][sql] SHOW FULL COLUMNS FROM `cmf_slide_item` [ RunTime:0.003211s ]
[2026-06-05T09:29:24+08:00][sql] SELECT `title`,`description`,`image`,`url`,`target`,`content` FROM `cmf_slide_item` WHERE  `slide_id` = 1 ORDER BY `list_order` ASC [ RunTime:0.002787s ]
[2026-06-05T09:29:24+08:00][sql] SHOW FULL COLUMNS FROM `cmf_slide` [ RunTime:0.001448s ]
[2026-06-05T09:29:24+08:00][sql] SELECT * FROM `cmf_slide` WHERE  `name` LIKE '%choose%' OR `name` LIKE '%选择%' LIMIT 1 [ RunTime:0.001149s ]
[2026-06-05T09:29:24+08:00][sql] SELECT `title`,`description`,`image`,`url`,`target`,`content` FROM `cmf_slide_item` WHERE  `slide_id` = 14  AND `status` = 1 ORDER BY `list_order` ASC [ RunTime:0.000422s ]
[2026-06-05T09:29:24+08:00][sql] SELECT * FROM `cmf_product_category` WHERE  `parent_id` = 0  AND `recommend` = 1 ORDER BY `list_order` ASC,`create_time` DESC [ RunTime:0.000515s ]
[2026-06-05T09:29:24+08:00][sql] SHOW FULL COLUMNS FROM `cmf_product` [ RunTime:0.001819s ]
[2026-06-05T09:29:24+08:00][sql] SELECT `id`,`title`,`thumbnail`,`industry` FROM `cmf_product` WHERE  `is_recommended` = 1  AND `category_id` = 28 ORDER BY `list_order` ASC LIMIT 6 [ RunTime:0.002019s ]
[2026-06-05T09:29:24+08:00][sql] SELECT `id`,`title`,`thumbnail`,`industry` FROM `cmf_product` WHERE  `is_recommended` = 1  AND `category_id` = 19 ORDER BY `list_order` ASC LIMIT 6 [ RunTime:0.000696s ]
[2026-06-05T09:29:24+08:00][sql] SELECT `id`,`title`,`thumbnail`,`industry` FROM `cmf_product` WHERE  `is_recommended` = 1  AND `category_id` = 23 ORDER BY `list_order` ASC LIMIT 6 [ RunTime:0.000556s ]
[2026-06-05T09:29:24+08:00][sql] SELECT `id`,`title`,`thumbnail`,`industry` FROM `cmf_product` WHERE  `is_recommended` = 1  AND `category_id` = 25 ORDER BY `list_order` ASC LIMIT 6 [ RunTime:0.000468s ]
[2026-06-05T09:29:24+08:00][sql] SELECT `id`,`title`,`thumbnail`,`industry` FROM `cmf_product` WHERE  `is_recommended` = 1  AND `category_id` = 30 ORDER BY `list_order` ASC LIMIT 6 [ RunTime:0.000385s ]
[2026-06-05T09:29:24+08:00][sql] SHOW FULL COLUMNS FROM `cmf_portal_post` [ RunTime:0.002406s ]
[2026-06-05T09:29:24+08:00][sql] SELECT `p`.`id`,`p`.`post_title`,`p`.`post_excerpt`,`p`.`thumbnail`,`p`.`create_time`,`c`.`category_id` FROM `cmf_portal_post` `p` INNER JOIN `cmf_portal_category_post` `c` ON `p`.`id`=`c`.`post_id` WHERE (  `p`.`post_type` = '8' ) AND `p`.`delete_time` = '0' ORDER BY `c`.`list_order` ASC,`p`.`create_time` DESC [ RunTime:0.002000s ]
[2026-06-05T09:29:24+08:00][sql] SELECT `id`,`post_title`,`post_excerpt`,`more` FROM `cmf_portal_post` WHERE (  `post_type` = 3 ) AND `cmf_portal_post`.`delete_time` = '0' ORDER BY `create_time` DESC [ RunTime:0.000508s ]
[2026-06-05T09:29:24+08:00][sql] SHOW FULL COLUMNS FROM `cmf_theme_file` [ RunTime:0.002442s ]
[2026-06-05T09:29:24+08:00][sql] SELECT `more`,`file`,`id` FROM `cmf_theme_file` WHERE  `theme` = 'simpleboot3'  AND (  `is_public` = 1 OR `file` = 'portal/index' ) ORDER BY `is_public` DESC [ RunTime:0.001280s ]
[2026-06-05T09:29:24+08:00][sql] SELECT `option_value` FROM `cmf_option` WHERE  `option_name` = 'storage' LIMIT 1 [ RunTime:0.000713s ]
[2026-06-05T09:29:26+08:00][sql] CONNECT:[ UseTime:0.001602s ] mysql:host=127.0.0.1;port=3306;dbname=nucleon;charset=utf8mb4
[2026-06-05T09:29:26+08:00][sql] SHOW FULL COLUMNS FROM `cmf_option` [ RunTime:0.003745s ]
[2026-06-05T09:29:26+08:00][sql] SELECT `option_value` FROM `cmf_option` WHERE  `option_name` = 'cdn_settings' LIMIT 1 [ RunTime:0.001090s ]
[2026-06-05T09:29:26+08:00][sql] SELECT `option_value` FROM `cmf_option` WHERE  `option_name` = 'cdn_settings' LIMIT 1 [ RunTime:0.000932s ]
[2026-06-05T09:29:26+08:00][sql] SHOW FULL COLUMNS FROM `cmf_product_category` [ RunTime:0.000950s ]
[2026-06-05T09:29:26+08:00][sql] SELECT * FROM `cmf_product_category` WHERE  `parent_id` = 0 ORDER BY `list_order` ASC,`create_time` DESC [ RunTime:0.000997s ]
[2026-06-05T09:29:26+08:00][sql] SELECT * FROM `cmf_product_category` WHERE  `parent_id` IN (28,19,22,23,25,30,27) [ RunTime:0.000382s ]
[2026-06-05T09:29:26+08:00][sql] SHOW FULL COLUMNS FROM `cmf_portal_category` [ RunTime:0.001798s ]
[2026-06-05T09:29:26+08:00][sql] SELECT * FROM `cmf_portal_category` WHERE (  `type` = 8 ) AND `cmf_portal_category`.`delete_time` = '0' ORDER BY `list_order` ASC [ RunTime:0.000954s ]
[2026-06-05T09:29:26+08:00][sql] SHOW FULL COLUMNS FROM `cmf_slide_item` [ RunTime:0.001391s ]
[2026-06-05T09:29:26+08:00][sql] SELECT `title`,`description`,`image` FROM `cmf_slide_item` WHERE  `slide_id` = 5  AND `status` = 1 ORDER BY `list_order` ASC,`id` DESC LIMIT 1 [ RunTime:0.001096s ]
[2026-06-05T09:29:26+08:00][sql] SHOW FULL COLUMNS FROM `cmf_theme_file` [ RunTime:0.000825s ]
[2026-06-05T09:29:26+08:00][sql] SELECT `more`,`file`,`id` FROM `cmf_theme_file` WHERE  `theme` = 'simpleboot3'  AND (  `is_public` = 1 OR `file` = 'portal/quote' ) ORDER BY `is_public` DESC [ RunTime:0.002110s ]
[2026-06-05T09:29:26+08:00][sql] SELECT `option_value` FROM `cmf_option` WHERE  `option_name` = 'storage' LIMIT 1 [ RunTime:0.000702s ]
[2026-06-05T09:29:33+08:00][sql] CONNECT:[ UseTime:0.000842s ] mysql:host=127.0.0.1;port=3306;dbname=nucleon;charset=utf8mb4
[2026-06-05T09:29:33+08:00][sql] SHOW FULL COLUMNS FROM `cmf_option` [ RunTime:0.001313s ]
[2026-06-05T09:29:33+08:00][sql] SELECT `option_value` FROM `cmf_option` WHERE  `option_name` = 'cdn_settings' LIMIT 1 [ RunTime:0.002123s ]
[2026-06-05T09:29:33+08:00][sql] SELECT `option_value` FROM `cmf_option` WHERE  `option_name` = 'cdn_settings' LIMIT 1 [ RunTime:0.000485s ]
[2026-06-05T09:29:33+08:00][sql] SHOW FULL COLUMNS FROM `cmf_product_category` [ RunTime:0.000973s ]
[2026-06-05T09:29:33+08:00][sql] SELECT * FROM `cmf_product_category` WHERE  `parent_id` = 0 ORDER BY `list_order` ASC,`create_time` DESC [ RunTime:0.000449s ]
[2026-06-05T09:29:33+08:00][sql] SELECT * FROM `cmf_product_category` WHERE  `parent_id` IN (28,19,22,23,25,30,27) [ RunTime:0.000296s ]
[2026-06-05T09:29:33+08:00][sql] SHOW FULL COLUMNS FROM `cmf_portal_category` [ RunTime:0.000869s ]
[2026-06-05T09:29:33+08:00][sql] SELECT * FROM `cmf_portal_category` WHERE (  `type` = 8 ) AND `cmf_portal_category`.`delete_time` = '0' ORDER BY `list_order` ASC [ RunTime:0.001447s ]
[2026-06-05T09:29:33+08:00][sql] SHOW FULL COLUMNS FROM `cmf_slide_item` [ RunTime:0.000953s ]
[2026-06-05T09:29:33+08:00][sql] SELECT `title`,`description`,`image` FROM `cmf_slide_item` WHERE  `slide_id` = 5  AND `status` = 1 ORDER BY `list_order` ASC,`id` DESC LIMIT 1 [ RunTime:0.000809s ]
[2026-06-05T09:29:33+08:00][sql] SHOW FULL COLUMNS FROM `cmf_theme_file` [ RunTime:0.000866s ]
[2026-06-05T09:29:33+08:00][sql] SELECT `more`,`file`,`id` FROM `cmf_theme_file` WHERE  `theme` = 'simpleboot3'  AND (  `is_public` = 1 OR `file` = 'portal/quote' ) ORDER BY `is_public` DESC [ RunTime:0.000525s ]
[2026-06-05T09:29:33+08:00][sql] SELECT `option_value` FROM `cmf_option` WHERE  `option_name` = 'storage' LIMIT 1 [ RunTime:0.000464s ]
[2026-06-05T09:29:35+08:00][sql] CONNECT:[ UseTime:0.000949s ] mysql:host=127.0.0.1;port=3306;dbname=nucleon;charset=utf8mb4
[2026-06-05T09:29:35+08:00][sql] SHOW FULL COLUMNS FROM `cmf_option` [ RunTime:0.003768s ]
[2026-06-05T09:29:35+08:00][sql] SELECT `option_value` FROM `cmf_option` WHERE  `option_name` = 'cdn_settings' LIMIT 1 [ RunTime:0.001344s ]
[2026-06-05T09:29:35+08:00][sql] SELECT `option_value` FROM `cmf_option` WHERE  `option_name` = 'cdn_settings' LIMIT 1 [ RunTime:0.000464s ]
[2026-06-05T09:29:35+08:00][sql] SHOW FULL COLUMNS FROM `cmf_product_category` [ RunTime:0.001197s ]
[2026-06-05T09:29:35+08:00][sql] SELECT * FROM `cmf_product_category` WHERE  `parent_id` = 0 ORDER BY `list_order` ASC,`create_time` DESC [ RunTime:0.000529s ]
[2026-06-05T09:29:35+08:00][sql] SELECT * FROM `cmf_product_category` WHERE  `parent_id` IN (28,19,22,23,25,30,27) [ RunTime:0.000273s ]
[2026-06-05T09:29:35+08:00][sql] SHOW FULL COLUMNS FROM `cmf_portal_category` [ RunTime:0.001123s ]
[2026-06-05T09:29:35+08:00][sql] SELECT * FROM `cmf_portal_category` WHERE (  `type` = 8 ) AND `cmf_portal_category`.`delete_time` = '0' ORDER BY `list_order` ASC [ RunTime:0.000531s ]
[2026-06-05T09:29:35+08:00][sql] SHOW FULL COLUMNS FROM `cmf_slide_item` [ RunTime:0.001774s ]
[2026-06-05T09:29:35+08:00][sql] SELECT `title`,`description`,`image`,`url`,`target`,`content` FROM `cmf_slide_item` WHERE  `slide_id` = 1 ORDER BY `list_order` ASC [ RunTime:0.000926s ]
[2026-06-05T09:29:35+08:00][sql] SHOW FULL COLUMNS FROM `cmf_slide` [ RunTime:0.001849s ]
[2026-06-05T09:29:35+08:00][sql] SELECT * FROM `cmf_slide` WHERE  `name` LIKE '%choose%' OR `name` LIKE '%选择%' LIMIT 1 [ RunTime:0.001021s ]
[2026-06-05T09:29:35+08:00][sql] SELECT `title`,`description`,`image`,`url`,`target`,`content` FROM `cmf_slide_item` WHERE  `slide_id` = 14  AND `status` = 1 ORDER BY `list_order` ASC [ RunTime:0.000598s ]
[2026-06-05T09:29:35+08:00][sql] SELECT * FROM `cmf_product_category` WHERE  `parent_id` = 0  AND `recommend` = 1 ORDER BY `list_order` ASC,`create_time` DESC [ RunTime:0.000560s ]
[2026-06-05T09:29:35+08:00][sql] SHOW FULL COLUMNS FROM `cmf_product` [ RunTime:0.001886s ]
[2026-06-05T09:29:35+08:00][sql] SELECT `id`,`title`,`thumbnail`,`industry` FROM `cmf_product` WHERE  `is_recommended` = 1  AND `category_id` = 28 ORDER BY `list_order` ASC LIMIT 6 [ RunTime:0.000720s ]
[2026-06-05T09:29:35+08:00][sql] SELECT `id`,`title`,`thumbnail`,`industry` FROM `cmf_product` WHERE  `is_recommended` = 1  AND `category_id` = 19 ORDER BY `list_order` ASC LIMIT 6 [ RunTime:0.000339s ]
[2026-06-05T09:29:35+08:00][sql] SELECT `id`,`title`,`thumbnail`,`industry` FROM `cmf_product` WHERE  `is_recommended` = 1  AND `category_id` = 23 ORDER BY `list_order` ASC LIMIT 6 [ RunTime:0.000319s ]
[2026-06-05T09:29:35+08:00][sql] SELECT `id`,`title`,`thumbnail`,`industry` FROM `cmf_product` WHERE  `is_recommended` = 1  AND `category_id` = 25 ORDER BY `list_order` ASC LIMIT 6 [ RunTime:0.000262s ]
[2026-06-05T09:29:35+08:00][sql] SELECT `id`,`title`,`thumbnail`,`industry` FROM `cmf_product` WHERE  `is_recommended` = 1  AND `category_id` = 30 ORDER BY `list_order` ASC LIMIT 6 [ RunTime:0.000237s ]
[2026-06-05T09:29:35+08:00][sql] SHOW FULL COLUMNS FROM `cmf_portal_post` [ RunTime:0.001297s ]
[2026-06-05T09:29:35+08:00][sql] SELECT `p`.`id`,`p`.`post_title`,`p`.`post_excerpt`,`p`.`thumbnail`,`p`.`create_time`,`c`.`category_id` FROM `cmf_portal_post` `p` INNER JOIN `cmf_portal_category_post` `c` ON `p`.`id`=`c`.`post_id` WHERE (  `p`.`post_type` = '8' ) AND `p`.`delete_time` = '0' ORDER BY `c`.`list_order` ASC,`p`.`create_time` DESC [ RunTime:0.001255s ]
[2026-06-05T09:29:35+08:00][sql] SELECT `id`,`post_title`,`post_excerpt`,`more` FROM `cmf_portal_post` WHERE (  `post_type` = 3 ) AND `cmf_portal_post`.`delete_time` = '0' ORDER BY `create_time` DESC [ RunTime:0.000718s ]
[2026-06-05T09:29:35+08:00][sql] SHOW FULL COLUMNS FROM `cmf_theme_file` [ RunTime:0.001314s ]
[2026-06-05T09:29:35+08:00][sql] SELECT `more`,`file`,`id` FROM `cmf_theme_file` WHERE  `theme` = 'simpleboot3'  AND (  `is_public` = 1 OR `file` = 'portal/index' ) ORDER BY `is_public` DESC [ RunTime:0.000482s ]
[2026-06-05T09:29:35+08:00][sql] SELECT `option_value` FROM `cmf_option` WHERE  `option_name` = 'storage' LIMIT 1 [ RunTime:0.000316s ]
[2026-06-05T09:29:37+08:00][sql] CONNECT:[ UseTime:0.002029s ] mysql:host=127.0.0.1;port=3306;dbname=nucleon;charset=utf8mb4
[2026-06-05T09:29:37+08:00][sql] SHOW FULL COLUMNS FROM `cmf_option` [ RunTime:0.003682s ]
[2026-06-05T09:29:37+08:00][sql] SELECT `option_value` FROM `cmf_option` WHERE  `option_name` = 'cdn_settings' LIMIT 1 [ RunTime:0.002782s ]
[2026-06-05T09:29:37+08:00][sql] SELECT `option_value` FROM `cmf_option` WHERE  `option_name` = 'cdn_settings' LIMIT 1 [ RunTime:0.000854s ]
[2026-06-05T09:29:37+08:00][sql] SHOW FULL COLUMNS FROM `cmf_product_category` [ RunTime:0.001983s ]
[2026-06-05T09:29:37+08:00][sql] SELECT * FROM `cmf_product_category` WHERE  `parent_id` = 0 ORDER BY `list_order` ASC,`create_time` DESC [ RunTime:0.001202s ]
[2026-06-05T09:29:37+08:00][sql] SELECT * FROM `cmf_product_category` WHERE  `parent_id` IN (28,19,22,23,25,30,27) [ RunTime:0.000372s ]
[2026-06-05T09:29:37+08:00][sql] SHOW FULL COLUMNS FROM `cmf_portal_category` [ RunTime:0.001645s ]
[2026-06-05T09:29:37+08:00][sql] SELECT * FROM `cmf_portal_category` WHERE (  `type` = 8 ) AND `cmf_portal_category`.`delete_time` = '0' ORDER BY `list_order` ASC [ RunTime:0.000660s ]
[2026-06-05T09:29:37+08:00][sql] SHOW FULL COLUMNS FROM `cmf_slide_item` [ RunTime:0.001459s ]
[2026-06-05T09:29:37+08:00][sql] SELECT `title`,`description`,`image` FROM `cmf_slide_item` WHERE  `slide_id` = 5  AND `status` = 1 ORDER BY `list_order` ASC,`id` DESC LIMIT 1 [ RunTime:0.000841s ]
[2026-06-05T09:29:37+08:00][sql] SHOW FULL COLUMNS FROM `cmf_theme_file` [ RunTime:0.001995s ]
[2026-06-05T09:29:37+08:00][sql] SELECT `more`,`file`,`id` FROM `cmf_theme_file` WHERE  `theme` = 'simpleboot3'  AND (  `is_public` = 1 OR `file` = 'portal/quote' ) ORDER BY `is_public` DESC [ RunTime:0.001386s ]
[2026-06-05T09:29:37+08:00][sql] SELECT `option_value` FROM `cmf_option` WHERE  `option_name` = 'storage' LIMIT 1 [ RunTime:0.000662s ]
[2026-06-05T09:31:38+08:00][sql] CONNECT:[ UseTime:0.000993s ] mysql:host=127.0.0.1;port=3306;dbname=nucleon;charset=utf8mb4
[2026-06-05T09:31:38+08:00][sql] SHOW FULL COLUMNS FROM `cmf_option` [ RunTime:0.002171s ]
[2026-06-05T09:31:38+08:00][sql] SELECT `option_value` FROM `cmf_option` WHERE  `option_name` = 'cdn_settings' LIMIT 1 [ RunTime:0.000836s ]
[2026-06-05T09:31:38+08:00][sql] SELECT `option_value` FROM `cmf_option` WHERE  `option_name` = 'cdn_settings' LIMIT 1 [ RunTime:0.000359s ]
[2026-06-05T09:31:38+08:00][sql] SHOW FULL COLUMNS FROM `cmf_product_category` [ RunTime:0.001209s ]
[2026-06-05T09:31:38+08:00][sql] SELECT * FROM `cmf_product_category` WHERE  `parent_id` = 0 ORDER BY `list_order` ASC,`create_time` DESC [ RunTime:0.002106s ]
[2026-06-05T09:31:38+08:00][sql] SELECT * FROM `cmf_product_category` WHERE  `parent_id` IN (28,19,22,23,25,30,27) [ RunTime:0.000529s ]
[2026-06-05T09:31:38+08:00][sql] SHOW FULL COLUMNS FROM `cmf_portal_category` [ RunTime:0.002418s ]
[2026-06-05T09:31:38+08:00][sql] SELECT * FROM `cmf_portal_category` WHERE (  `type` = 8 ) AND `cmf_portal_category`.`delete_time` = '0' ORDER BY `list_order` ASC [ RunTime:0.000779s ]
[2026-06-05T09:31:38+08:00][sql] SHOW FULL COLUMNS FROM `cmf_slide_item` [ RunTime:0.001201s ]
[2026-06-05T09:31:38+08:00][sql] SELECT `title`,`description`,`image`,`url`,`target`,`content` FROM `cmf_slide_item` WHERE  `slide_id` = 1 ORDER BY `list_order` ASC [ RunTime:0.002256s ]
[2026-06-05T09:31:38+08:00][sql] SHOW FULL COLUMNS FROM `cmf_slide` [ RunTime:0.001048s ]
[2026-06-05T09:31:38+08:00][sql] SELECT * FROM `cmf_slide` WHERE  `name` LIKE '%choose%' OR `name` LIKE '%选择%' LIMIT 1 [ RunTime:0.000772s ]
[2026-06-05T09:31:38+08:00][sql] SELECT `title`,`description`,`image`,`url`,`target`,`content` FROM `cmf_slide_item` WHERE  `slide_id` = 14  AND `status` = 1 ORDER BY `list_order` ASC [ RunTime:0.000376s ]
[2026-06-05T09:31:38+08:00][sql] SELECT * FROM `cmf_product_category` WHERE  `parent_id` = 0  AND `recommend` = 1 ORDER BY `list_order` ASC,`create_time` DESC [ RunTime:0.000343s ]
[2026-06-05T09:31:38+08:00][sql] SHOW FULL COLUMNS FROM `cmf_product` [ RunTime:0.001270s ]
[2026-06-05T09:31:38+08:00][sql] SELECT `id`,`title`,`thumbnail`,`industry` FROM `cmf_product` WHERE  `is_recommended` = 1  AND `category_id` = 28 ORDER BY `list_order` ASC LIMIT 6 [ RunTime:0.000743s ]
[2026-06-05T09:31:38+08:00][sql] SELECT `id`,`title`,`thumbnail`,`industry` FROM `cmf_product` WHERE  `is_recommended` = 1  AND `category_id` = 19 ORDER BY `list_order` ASC LIMIT 6 [ RunTime:0.000445s ]
[2026-06-05T09:31:38+08:00][sql] SELECT `id`,`title`,`thumbnail`,`industry` FROM `cmf_product` WHERE  `is_recommended` = 1  AND `category_id` = 23 ORDER BY `list_order` ASC LIMIT 6 [ RunTime:0.001108s ]
[2026-06-05T09:31:38+08:00][sql] SELECT `id`,`title`,`thumbnail`,`industry` FROM `cmf_product` WHERE  `is_recommended` = 1  AND `category_id` = 25 ORDER BY `list_order` ASC LIMIT 6 [ RunTime:0.000347s ]
[2026-06-05T09:31:38+08:00][sql] SELECT `id`,`title`,`thumbnail`,`industry` FROM `cmf_product` WHERE  `is_recommended` = 1  AND `category_id` = 30 ORDER BY `list_order` ASC LIMIT 6 [ RunTime:0.000457s ]
[2026-06-05T09:31:38+08:00][sql] SHOW FULL COLUMNS FROM `cmf_portal_post` [ RunTime:0.001845s ]
[2026-06-05T09:31:38+08:00][sql] SELECT `p`.`id`,`p`.`post_title`,`p`.`post_excerpt`,`p`.`thumbnail`,`p`.`create_time`,`c`.`category_id` FROM `cmf_portal_post` `p` INNER JOIN `cmf_portal_category_post` `c` ON `p`.`id`=`c`.`post_id` WHERE (  `p`.`post_type` = '8' ) AND `p`.`delete_time` = '0' ORDER BY `c`.`list_order` ASC,`p`.`create_time` DESC [ RunTime:0.000876s ]
[2026-06-05T09:31:38+08:00][sql] SELECT `id`,`post_title`,`post_excerpt`,`more` FROM `cmf_portal_post` WHERE (  `post_type` = 3 ) AND `cmf_portal_post`.`delete_time` = '0' ORDER BY `create_time` DESC [ RunTime:0.000371s ]
[2026-06-05T09:31:38+08:00][sql] SHOW FULL COLUMNS FROM `cmf_theme_file` [ RunTime:0.001212s ]
[2026-06-05T09:31:38+08:00][sql] SELECT `more`,`file`,`id` FROM `cmf_theme_file` WHERE  `theme` = 'simpleboot3'  AND (  `is_public` = 1 OR `file` = 'portal/index' ) ORDER BY `is_public` DESC [ RunTime:0.000535s ]
[2026-06-05T09:31:38+08:00][sql] SELECT `option_value` FROM `cmf_option` WHERE  `option_name` = 'storage' LIMIT 1 [ RunTime:0.000625s ]
[2026-06-05T09:33:40+08:00][sql] CONNECT:[ UseTime:0.001174s ] mysql:host=127.0.0.1;port=3306;dbname=nucleon;charset=utf8mb4
[2026-06-05T09:33:40+08:00][sql] SHOW FULL COLUMNS FROM `cmf_option` [ RunTime:0.002625s ]
[2026-06-05T09:33:40+08:00][sql] SELECT `option_value` FROM `cmf_option` WHERE  `option_name` = 'cdn_settings' LIMIT 1 [ RunTime:0.000405s ]
[2026-06-05T09:33:40+08:00][sql] SELECT `option_value` FROM `cmf_option` WHERE  `option_name` = 'cdn_settings' LIMIT 1 [ RunTime:0.000536s ]
[2026-06-05T09:33:40+08:00][sql] SHOW FULL COLUMNS FROM `cmf_product_category` [ RunTime:0.001314s ]
[2026-06-05T09:33:40+08:00][sql] SELECT * FROM `cmf_product_category` WHERE  `parent_id` = 0 ORDER BY `list_order` ASC,`create_time` DESC [ RunTime:0.000524s ]
[2026-06-05T09:33:40+08:00][sql] SELECT * FROM `cmf_product_category` WHERE  `parent_id` IN (28,19,22,23,25,30,27) [ RunTime:0.000304s ]
[2026-06-05T09:33:40+08:00][sql] SHOW FULL COLUMNS FROM `cmf_portal_category` [ RunTime:0.001091s ]
[2026-06-05T09:33:40+08:00][sql] SELECT * FROM `cmf_portal_category` WHERE (  `type` = 8 ) AND `cmf_portal_category`.`delete_time` = '0' ORDER BY `list_order` ASC [ RunTime:0.000471s ]
[2026-06-05T09:33:44+08:00][sql] CONNECT:[ UseTime:0.000832s ] mysql:host=127.0.0.1;port=3306;dbname=nucleon;charset=utf8mb4
[2026-06-05T09:33:44+08:00][sql] SHOW FULL COLUMNS FROM `cmf_option` [ RunTime:0.001366s ]
[2026-06-05T09:33:44+08:00][sql] SELECT `option_value` FROM `cmf_option` WHERE  `option_name` = 'cdn_settings' LIMIT 1 [ RunTime:0.000274s ]
[2026-06-05T09:33:44+08:00][sql] SELECT `option_value` FROM `cmf_option` WHERE  `option_name` = 'cdn_settings' LIMIT 1 [ RunTime:0.000298s ]
[2026-06-05T09:33:44+08:00][sql] SHOW FULL COLUMNS FROM `cmf_product_category` [ RunTime:0.001131s ]
[2026-06-05T09:33:44+08:00][sql] SELECT * FROM `cmf_product_category` WHERE  `parent_id` = 0 ORDER BY `list_order` ASC,`create_time` DESC [ RunTime:0.000361s ]
[2026-06-05T09:33:44+08:00][sql] SELECT * FROM `cmf_product_category` WHERE  `parent_id` IN (28,19,22,23,25,30,27) [ RunTime:0.000328s ]
[2026-06-05T09:33:44+08:00][sql] SHOW FULL COLUMNS FROM `cmf_portal_category` [ RunTime:0.001436s ]
[2026-06-05T09:33:44+08:00][sql] SELECT * FROM `cmf_portal_category` WHERE (  `type` = 8 ) AND `cmf_portal_category`.`delete_time` = '0' ORDER BY `list_order` ASC [ RunTime:0.000391s ]
[2026-06-05T09:37:45+08:00][sql] CONNECT:[ UseTime:0.000869s ] mysql:host=127.0.0.1;port=3306;dbname=nucleon;charset=utf8mb4
[2026-06-05T09:37:45+08:00][sql] SHOW FULL COLUMNS FROM `cmf_option` [ RunTime:0.002319s ]
[2026-06-05T09:37:45+08:00][sql] SELECT `option_value` FROM `cmf_option` WHERE  `option_name` = 'cdn_settings' LIMIT 1 [ RunTime:0.000498s ]
[2026-06-05T09:37:45+08:00][sql] SELECT `option_value` FROM `cmf_option` WHERE  `option_name` = 'cdn_settings' LIMIT 1 [ RunTime:0.000401s ]
[2026-06-05T09:37:45+08:00][sql] SHOW FULL COLUMNS FROM `cmf_product_category` [ RunTime:0.000916s ]
[2026-06-05T09:37:45+08:00][sql] SELECT * FROM `cmf_product_category` WHERE  `parent_id` = 0 ORDER BY `list_order` ASC,`create_time` DESC [ RunTime:0.000288s ]
[2026-06-05T09:37:45+08:00][sql] SELECT * FROM `cmf_product_category` WHERE  `parent_id` IN (28,19,22,23,25,30,27) [ RunTime:0.000256s ]
[2026-06-05T09:37:45+08:00][sql] SHOW FULL COLUMNS FROM `cmf_portal_category` [ RunTime:0.000878s ]
[2026-06-05T09:37:45+08:00][sql] SELECT * FROM `cmf_portal_category` WHERE (  `type` = 8 ) AND `cmf_portal_category`.`delete_time` = '0' ORDER BY `list_order` ASC [ RunTime:0.000273s ]
[2026-06-05T09:37:45+08:00][sql] SHOW FULL COLUMNS FROM `cmf_slide_item` [ RunTime:0.000994s ]
[2026-06-05T09:37:45+08:00][sql] SELECT `title`,`description`,`image`,`url`,`target`,`content` FROM `cmf_slide_item` WHERE  `slide_id` = 1 ORDER BY `list_order` ASC [ RunTime:0.000280s ]
[2026-06-05T09:37:45+08:00][sql] SHOW FULL COLUMNS FROM `cmf_slide` [ RunTime:0.000703s ]
[2026-06-05T09:37:45+08:00][sql] SELECT * FROM `cmf_slide` WHERE  `name` LIKE '%choose%' OR `name` LIKE '%选择%' LIMIT 1 [ RunTime:0.000484s ]
[2026-06-05T09:37:45+08:00][sql] SELECT `title`,`description`,`image`,`url`,`target`,`content` FROM `cmf_slide_item` WHERE  `slide_id` = 14  AND `status` = 1 ORDER BY `list_order` ASC [ RunTime:0.000270s ]
[2026-06-05T09:37:45+08:00][sql] SELECT * FROM `cmf_product_category` WHERE  `parent_id` = 0  AND `recommend` = 1 ORDER BY `list_order` ASC,`create_time` DESC [ RunTime:0.000324s ]
[2026-06-05T09:37:45+08:00][sql] SHOW FULL COLUMNS FROM `cmf_product` [ RunTime:0.001019s ]
[2026-06-05T09:37:45+08:00][sql] SELECT `id`,`title`,`thumbnail`,`industry` FROM `cmf_product` WHERE  `is_recommended` = 1  AND `category_id` = 28 ORDER BY `list_order` ASC LIMIT 6 [ RunTime:0.000667s ]
[2026-06-05T09:37:45+08:00][sql] SELECT `id`,`title`,`thumbnail`,`industry` FROM `cmf_product` WHERE  `is_recommended` = 1  AND `category_id` = 19 ORDER BY `list_order` ASC LIMIT 6 [ RunTime:0.000394s ]
[2026-06-05T09:37:45+08:00][sql] SELECT `id`,`title`,`thumbnail`,`industry` FROM `cmf_product` WHERE  `is_recommended` = 1  AND `category_id` = 23 ORDER BY `list_order` ASC LIMIT 6 [ RunTime:0.000271s ]
[2026-06-05T09:37:45+08:00][sql] SELECT `id`,`title`,`thumbnail`,`industry` FROM `cmf_product` WHERE  `is_recommended` = 1  AND `category_id` = 25 ORDER BY `list_order` ASC LIMIT 6 [ RunTime:0.000224s ]
[2026-06-05T09:37:45+08:00][sql] SELECT `id`,`title`,`thumbnail`,`industry` FROM `cmf_product` WHERE  `is_recommended` = 1  AND `category_id` = 30 ORDER BY `list_order` ASC LIMIT 6 [ RunTime:0.000236s ]
[2026-06-05T09:37:45+08:00][sql] SHOW FULL COLUMNS FROM `cmf_portal_post` [ RunTime:0.000959s ]
[2026-06-05T09:37:45+08:00][sql] SELECT `p`.`id`,`p`.`post_title`,`p`.`post_excerpt`,`p`.`thumbnail`,`p`.`create_time`,`c`.`category_id` FROM `cmf_portal_post` `p` INNER JOIN `cmf_portal_category_post` `c` ON `p`.`id`=`c`.`post_id` WHERE (  `p`.`post_type` = '8' ) AND `p`.`delete_time` = '0' ORDER BY `c`.`list_order` ASC,`p`.`create_time` DESC [ RunTime:0.001446s ]
[2026-06-05T09:37:45+08:00][sql] SELECT `id`,`post_title`,`post_excerpt`,`more` FROM `cmf_portal_post` WHERE (  `post_type` = 3 ) AND `cmf_portal_post`.`delete_time` = '0' ORDER BY `create_time` DESC [ RunTime:0.000290s ]
[2026-06-05T09:37:45+08:00][sql] SHOW FULL COLUMNS FROM `cmf_theme_file` [ RunTime:0.001076s ]
[2026-06-05T09:37:45+08:00][sql] SELECT `more`,`file`,`id` FROM `cmf_theme_file` WHERE  `theme` = 'simpleboot3'  AND (  `is_public` = 1 OR `file` = 'portal/index' ) ORDER BY `is_public` DESC [ RunTime:0.000389s ]
[2026-06-05T09:37:45+08:00][sql] SELECT `option_value` FROM `cmf_option` WHERE  `option_name` = 'storage' LIMIT 1 [ RunTime:0.000451s ]
[2026-06-05T09:37:55+08:00][sql] CONNECT:[ UseTime:0.021384s ] mysql:host=127.0.0.1;port=3306;dbname=nucleon;charset=utf8mb4
[2026-06-05T09:37:55+08:00][sql] SHOW FULL COLUMNS FROM `cmf_option` [ RunTime:0.001492s ]
[2026-06-05T09:37:55+08:00][sql] SELECT `option_value` FROM `cmf_option` WHERE  `option_name` = 'cdn_settings' LIMIT 1 [ RunTime:0.000291s ]
[2026-06-05T09:37:55+08:00][sql] SELECT `option_value` FROM `cmf_option` WHERE  `option_name` = 'cdn_settings' LIMIT 1 [ RunTime:0.001004s ]
[2026-06-05T09:37:55+08:00][sql] SHOW FULL COLUMNS FROM `cmf_product_category` [ RunTime:0.002242s ]
[2026-06-05T09:37:55+08:00][sql] SELECT * FROM `cmf_product_category` WHERE  `parent_id` = 0 ORDER BY `list_order` ASC,`create_time` DESC [ RunTime:0.001871s ]
[2026-06-05T09:37:55+08:00][sql] SELECT * FROM `cmf_product_category` WHERE  `parent_id` IN (28,19,22,23,25,30,27) [ RunTime:0.000833s ]
[2026-06-05T09:37:55+08:00][sql] SHOW FULL COLUMNS FROM `cmf_portal_category` [ RunTime:0.001657s ]
[2026-06-05T09:37:55+08:00][sql] SELECT * FROM `cmf_portal_category` WHERE (  `type` = 8 ) AND `cmf_portal_category`.`delete_time` = '0' ORDER BY `list_order` ASC [ RunTime:0.000618s ]
[2026-06-05T09:37:55+08:00][sql] SHOW FULL COLUMNS FROM `cmf_message` [ RunTime:0.002096s ]
[2026-06-05T09:37:55+08:00][sql] INSERT INTO `cmf_message` SET `name` = 'are you rady' , `phone` = '+1 1 (212) 1' , `email` = 'radyareyou@gmail.com' , `content` = '1212' , `type` = 2 , `ip` = '::1' , `create_time` = 1780623475 [ RunTime:0.006685s ]
[2026-06-05T09:38:18+08:00][sql] CONNECT:[ UseTime:0.000899s ] mysql:host=127.0.0.1;port=3306;dbname=nucleon;charset=utf8mb4
[2026-06-05T09:38:18+08:00][sql] SHOW FULL COLUMNS FROM `cmf_option` [ RunTime:0.001446s ]
[2026-06-05T09:38:18+08:00][sql] SELECT `option_value` FROM `cmf_option` WHERE  `option_name` = 'cdn_settings' LIMIT 1 [ RunTime:0.000295s ]
[2026-06-05T09:38:18+08:00][sql] SELECT `option_value` FROM `cmf_option` WHERE  `option_name` = 'cdn_settings' LIMIT 1 [ RunTime:0.000856s ]
[2026-06-05T09:38:18+08:00][sql] SHOW FULL COLUMNS FROM `cmf_product_category` [ RunTime:0.001939s ]
[2026-06-05T09:38:18+08:00][sql] SELECT * FROM `cmf_product_category` WHERE  `parent_id` = 0 ORDER BY `list_order` ASC,`create_time` DESC [ RunTime:0.001301s ]
[2026-06-05T09:38:18+08:00][sql] SELECT * FROM `cmf_product_category` WHERE  `parent_id` IN (28,19,22,23,25,30,27) [ RunTime:0.000515s ]
[2026-06-05T09:38:18+08:00][sql] SHOW FULL COLUMNS FROM `cmf_portal_category` [ RunTime:0.001311s ]
[2026-06-05T09:38:18+08:00][sql] SELECT * FROM `cmf_portal_category` WHERE (  `type` = 8 ) AND `cmf_portal_category`.`delete_time` = '0' ORDER BY `list_order` ASC [ RunTime:0.001195s ]
[2026-06-05T09:38:18+08:00][sql] SHOW FULL COLUMNS FROM `cmf_product` [ RunTime:0.002559s ]
[2026-06-05T09:38:18+08:00][sql] SELECT COUNT(*) AS think_count FROM `cmf_product` WHERE  `category_id` = 28 LIMIT 1 [ RunTime:0.004110s ]
[2026-06-05T09:38:18+08:00][sql] SELECT COUNT(*) AS think_count FROM `cmf_product` WHERE  `category_id` = 19 LIMIT 1 [ RunTime:0.000387s ]
[2026-06-05T09:38:18+08:00][sql] SELECT COUNT(*) AS think_count FROM `cmf_product` WHERE  `category_id` = 22 LIMIT 1 [ RunTime:0.000297s ]
[2026-06-05T09:38:18+08:00][sql] SELECT COUNT(*) AS think_count FROM `cmf_product` WHERE  `category_id` = 23 LIMIT 1 [ RunTime:0.000238s ]
[2026-06-05T09:38:18+08:00][sql] SELECT COUNT(*) AS think_count FROM `cmf_product` WHERE  `category_id` = 25 LIMIT 1 [ RunTime:0.000259s ]
[2026-06-05T09:38:18+08:00][sql] SELECT COUNT(*) AS think_count FROM `cmf_product` WHERE  `category_id` = 30 LIMIT 1 [ RunTime:0.000263s ]
[2026-06-05T09:38:18+08:00][sql] SELECT COUNT(*) AS think_count FROM `cmf_product` WHERE  `category_id` = 27 LIMIT 1 [ RunTime:0.000271s ]
[2026-06-05T09:38:18+08:00][sql] SELECT COUNT(*) AS think_count FROM `cmf_product` LIMIT 1 [ RunTime:0.000321s ]
[2026-06-05T09:38:18+08:00][sql] SELECT `id`,`category_id`,`title`,`thumbnail`,`industry`,`overview` FROM `cmf_product` ORDER BY `list_order` ASC,`create_time` DESC LIMIT 0,12 [ RunTime:0.002115s ]
[2026-06-05T09:38:18+08:00][sql] SHOW FULL COLUMNS FROM `cmf_slide_item` [ RunTime:0.001642s ]
[2026-06-05T09:38:18+08:00][sql] SELECT `title`,`description`,`image` FROM `cmf_slide_item` WHERE  `slide_id` = 2  AND `status` = 1 ORDER BY `list_order` ASC,`id` DESC LIMIT 1 [ RunTime:0.001229s ]
[2026-06-05T09:38:18+08:00][sql] SELECT `option_value` FROM `cmf_option` WHERE  `option_name` = 'storage' LIMIT 1 [ RunTime:0.000257s ]
[2026-06-05T09:38:18+08:00][sql] SHOW FULL COLUMNS FROM `cmf_portal_post` [ RunTime:0.001293s ]
[2026-06-05T09:38:18+08:00][sql] SELECT `id`,`post_title`,`post_excerpt`,`more` FROM `cmf_portal_post` WHERE (  `post_type` = 3 ) AND `cmf_portal_post`.`delete_time` = '0' ORDER BY `create_time` DESC [ RunTime:0.000607s ]
[2026-06-05T09:38:18+08:00][sql] SHOW FULL COLUMNS FROM `cmf_theme_file` [ RunTime:0.001010s ]
[2026-06-05T09:38:18+08:00][sql] SELECT `more`,`file`,`id` FROM `cmf_theme_file` WHERE  `theme` = 'simpleboot3'  AND (  `is_public` = 1 OR `file` = 'portal/product' ) ORDER BY `is_public` DESC [ RunTime:0.000947s ]
[2026-06-05T09:38:20+08:00][sql] CONNECT:[ UseTime:0.000864s ] mysql:host=127.0.0.1;port=3306;dbname=nucleon;charset=utf8mb4
[2026-06-05T09:38:20+08:00][sql] SHOW FULL COLUMNS FROM `cmf_option` [ RunTime:0.001576s ]
[2026-06-05T09:38:20+08:00][sql] SELECT `option_value` FROM `cmf_option` WHERE  `option_name` = 'cdn_settings' LIMIT 1 [ RunTime:0.000330s ]
[2026-06-05T09:38:20+08:00][sql] SELECT `option_value` FROM `cmf_option` WHERE  `option_name` = 'cdn_settings' LIMIT 1 [ RunTime:0.000436s ]
[2026-06-05T09:38:20+08:00][sql] SHOW FULL COLUMNS FROM `cmf_product_category` [ RunTime:0.001208s ]
[2026-06-05T09:38:20+08:00][sql] SELECT * FROM `cmf_product_category` WHERE  `parent_id` = 0 ORDER BY `list_order` ASC,`create_time` DESC [ RunTime:0.001479s ]
[2026-06-05T09:38:20+08:00][sql] SELECT * FROM `cmf_product_category` WHERE  `parent_id` IN (28,19,22,23,25,30,27) [ RunTime:0.000490s ]
[2026-06-05T09:38:20+08:00][sql] SHOW FULL COLUMNS FROM `cmf_portal_category` [ RunTime:0.001242s ]
[2026-06-05T09:38:20+08:00][sql] SELECT * FROM `cmf_portal_category` WHERE (  `type` = 8 ) AND `cmf_portal_category`.`delete_time` = '0' ORDER BY `list_order` ASC [ RunTime:0.000726s ]
[2026-06-05T09:38:20+08:00][sql] SHOW FULL COLUMNS FROM `cmf_slide_item` [ RunTime:0.001031s ]
[2026-06-05T09:38:20+08:00][sql] SELECT `title`,`description`,`image`,`url`,`target`,`content` FROM `cmf_slide_item` WHERE  `slide_id` = 1 ORDER BY `list_order` ASC [ RunTime:0.000427s ]
[2026-06-05T09:38:20+08:00][sql] SHOW FULL COLUMNS FROM `cmf_slide` [ RunTime:0.000971s ]
[2026-06-05T09:38:20+08:00][sql] SELECT * FROM `cmf_slide` WHERE  `name` LIKE '%choose%' OR `name` LIKE '%选择%' LIMIT 1 [ RunTime:0.000590s ]
[2026-06-05T09:38:20+08:00][sql] SELECT `title`,`description`,`image`,`url`,`target`,`content` FROM `cmf_slide_item` WHERE  `slide_id` = 14  AND `status` = 1 ORDER BY `list_order` ASC [ RunTime:0.000316s ]
[2026-06-05T09:38:20+08:00][sql] SELECT * FROM `cmf_product_category` WHERE  `parent_id` = 0  AND `recommend` = 1 ORDER BY `list_order` ASC,`create_time` DESC [ RunTime:0.000350s ]
[2026-06-05T09:38:20+08:00][sql] SHOW FULL COLUMNS FROM `cmf_product` [ RunTime:0.001050s ]
[2026-06-05T09:38:20+08:00][sql] SELECT `id`,`title`,`thumbnail`,`industry` FROM `cmf_product` WHERE  `is_recommended` = 1  AND `category_id` = 28 ORDER BY `list_order` ASC LIMIT 6 [ RunTime:0.000862s ]
[2026-06-05T09:38:20+08:00][sql] SELECT `id`,`title`,`thumbnail`,`industry` FROM `cmf_product` WHERE  `is_recommended` = 1  AND `category_id` = 19 ORDER BY `list_order` ASC LIMIT 6 [ RunTime:0.000311s ]
[2026-06-05T09:38:20+08:00][sql] SELECT `id`,`title`,`thumbnail`,`industry` FROM `cmf_product` WHERE  `is_recommended` = 1  AND `category_id` = 23 ORDER BY `list_order` ASC LIMIT 6 [ RunTime:0.000298s ]
[2026-06-05T09:38:20+08:00][sql] SELECT `id`,`title`,`thumbnail`,`industry` FROM `cmf_product` WHERE  `is_recommended` = 1  AND `category_id` = 25 ORDER BY `list_order` ASC LIMIT 6 [ RunTime:0.000246s ]
[2026-06-05T09:38:20+08:00][sql] SELECT `id`,`title`,`thumbnail`,`industry` FROM `cmf_product` WHERE  `is_recommended` = 1  AND `category_id` = 30 ORDER BY `list_order` ASC LIMIT 6 [ RunTime:0.000237s ]
[2026-06-05T09:38:20+08:00][sql] SHOW FULL COLUMNS FROM `cmf_portal_post` [ RunTime:0.001277s ]
[2026-06-05T09:38:20+08:00][sql] SELECT `p`.`id`,`p`.`post_title`,`p`.`post_excerpt`,`p`.`thumbnail`,`p`.`create_time`,`c`.`category_id` FROM `cmf_portal_post` `p` INNER JOIN `cmf_portal_category_post` `c` ON `p`.`id`=`c`.`post_id` WHERE (  `p`.`post_type` = '8' ) AND `p`.`delete_time` = '0' ORDER BY `c`.`list_order` ASC,`p`.`create_time` DESC [ RunTime:0.000866s ]
[2026-06-05T09:38:20+08:00][sql] SELECT `id`,`post_title`,`post_excerpt`,`more` FROM `cmf_portal_post` WHERE (  `post_type` = 3 ) AND `cmf_portal_post`.`delete_time` = '0' ORDER BY `create_time` DESC [ RunTime:0.000356s ]
[2026-06-05T09:38:20+08:00][sql] SHOW FULL COLUMNS FROM `cmf_theme_file` [ RunTime:0.001432s ]
[2026-06-05T09:38:20+08:00][sql] SELECT `more`,`file`,`id` FROM `cmf_theme_file` WHERE  `theme` = 'simpleboot3'  AND (  `is_public` = 1 OR `file` = 'portal/index' ) ORDER BY `is_public` DESC [ RunTime:0.000504s ]
[2026-06-05T09:38:20+08:00][sql] SELECT `option_value` FROM `cmf_option` WHERE  `option_name` = 'storage' LIMIT 1 [ RunTime:0.000348s ]
[2026-06-05T09:46:17+08:00][sql] CONNECT:[ UseTime:0.001287s ] mysql:host=127.0.0.1;port=3306;dbname=nucleon;charset=utf8mb4
[2026-06-05T09:46:17+08:00][sql] SHOW FULL COLUMNS FROM `cmf_option` [ RunTime:0.001643s ]
[2026-06-05T09:46:17+08:00][sql] SELECT `option_value` FROM `cmf_option` WHERE  `option_name` = 'cdn_settings' LIMIT 1 [ RunTime:0.000562s ]
[2026-06-05T09:46:17+08:00][sql] SELECT `option_value` FROM `cmf_option` WHERE  `option_name` = 'cdn_settings' LIMIT 1 [ RunTime:0.000701s ]
[2026-06-05T09:46:17+08:00][sql] SHOW FULL COLUMNS FROM `cmf_product_category` [ RunTime:0.001692s ]
[2026-06-05T09:46:17+08:00][sql] SELECT * FROM `cmf_product_category` WHERE  `parent_id` = 0 ORDER BY `list_order` ASC,`create_time` DESC [ RunTime:0.001319s ]
[2026-06-05T09:46:17+08:00][sql] SELECT * FROM `cmf_product_category` WHERE  `parent_id` IN (28,19,22,23,25,30,27) [ RunTime:0.000373s ]
[2026-06-05T09:46:17+08:00][sql] SHOW FULL COLUMNS FROM `cmf_portal_category` [ RunTime:0.001311s ]
[2026-06-05T09:46:17+08:00][sql] SELECT * FROM `cmf_portal_category` WHERE (  `type` = 8 ) AND `cmf_portal_category`.`delete_time` = '0' ORDER BY `list_order` ASC [ RunTime:0.000813s ]
[2026-06-05T09:46:17+08:00][sql] SHOW FULL COLUMNS FROM `cmf_slide_item` [ RunTime:0.000876s ]
[2026-06-05T09:46:17+08:00][sql] SELECT `title`,`description`,`image`,`url`,`target`,`content` FROM `cmf_slide_item` WHERE  `slide_id` = 1 ORDER BY `list_order` ASC [ RunTime:0.000658s ]
[2026-06-05T09:46:17+08:00][sql] SHOW FULL COLUMNS FROM `cmf_slide` [ RunTime:0.001148s ]
[2026-06-05T09:46:17+08:00][sql] SELECT * FROM `cmf_slide` WHERE  `name` LIKE '%choose%' OR `name` LIKE '%选择%' LIMIT 1 [ RunTime:0.001468s ]
[2026-06-05T09:46:17+08:00][sql] SELECT `title`,`description`,`image`,`url`,`target`,`content` FROM `cmf_slide_item` WHERE  `slide_id` = 14  AND `status` = 1 ORDER BY `list_order` ASC [ RunTime:0.000513s ]
[2026-06-05T09:46:17+08:00][sql] SELECT * FROM `cmf_product_category` WHERE  `parent_id` = 0  AND `recommend` = 1 ORDER BY `list_order` ASC,`create_time` DESC [ RunTime:0.000308s ]
[2026-06-05T09:46:17+08:00][sql] SHOW FULL COLUMNS FROM `cmf_product` [ RunTime:0.001222s ]
[2026-06-05T09:46:17+08:00][sql] SELECT `id`,`title`,`thumbnail`,`industry` FROM `cmf_product` WHERE  `is_recommended` = 1  AND `category_id` = 28 ORDER BY `list_order` ASC LIMIT 6 [ RunTime:0.000642s ]
[2026-06-05T09:46:17+08:00][sql] SELECT `id`,`title`,`thumbnail`,`industry` FROM `cmf_product` WHERE  `is_recommended` = 1  AND `category_id` = 19 ORDER BY `list_order` ASC LIMIT 6 [ RunTime:0.000425s ]
[2026-06-05T09:46:17+08:00][sql] SELECT `id`,`title`,`thumbnail`,`industry` FROM `cmf_product` WHERE  `is_recommended` = 1  AND `category_id` = 23 ORDER BY `list_order` ASC LIMIT 6 [ RunTime:0.000279s ]
[2026-06-05T09:46:17+08:00][sql] SELECT `id`,`title`,`thumbnail`,`industry` FROM `cmf_product` WHERE  `is_recommended` = 1  AND `category_id` = 25 ORDER BY `list_order` ASC LIMIT 6 [ RunTime:0.000237s ]
[2026-06-05T09:46:17+08:00][sql] SELECT `id`,`title`,`thumbnail`,`industry` FROM `cmf_product` WHERE  `is_recommended` = 1  AND `category_id` = 30 ORDER BY `list_order` ASC LIMIT 6 [ RunTime:0.000187s ]
[2026-06-05T09:46:17+08:00][sql] SHOW FULL COLUMNS FROM `cmf_portal_post` [ RunTime:0.001052s ]
[2026-06-05T09:46:17+08:00][sql] SELECT `p`.`id`,`p`.`post_title`,`p`.`post_excerpt`,`p`.`thumbnail`,`p`.`create_time`,`c`.`category_id` FROM `cmf_portal_post` `p` INNER JOIN `cmf_portal_category_post` `c` ON `p`.`id`=`c`.`post_id` WHERE (  `p`.`post_type` = '8' ) AND `p`.`delete_time` = '0' ORDER BY `c`.`list_order` ASC,`p`.`create_time` DESC [ RunTime:0.001598s ]
[2026-06-05T09:46:17+08:00][sql] SELECT `id`,`post_title`,`post_excerpt`,`more` FROM `cmf_portal_post` WHERE (  `post_type` = 3 ) AND `cmf_portal_post`.`delete_time` = '0' ORDER BY `create_time` DESC [ RunTime:0.000329s ]
[2026-06-05T09:46:17+08:00][sql] SHOW FULL COLUMNS FROM `cmf_theme_file` [ RunTime:0.001179s ]
[2026-06-05T09:46:17+08:00][sql] SELECT `more`,`file`,`id` FROM `cmf_theme_file` WHERE  `theme` = 'simpleboot3'  AND (  `is_public` = 1 OR `file` = 'portal/index' ) ORDER BY `is_public` DESC [ RunTime:0.000452s ]
[2026-06-05T09:46:17+08:00][sql] SELECT `option_value` FROM `cmf_option` WHERE  `option_name` = 'storage' LIMIT 1 [ RunTime:0.000457s ]
[2026-06-05T09:46:25+08:00][sql] CONNECT:[ UseTime:0.001743s ] mysql:host=127.0.0.1;port=3306;dbname=nucleon;charset=utf8mb4
[2026-06-05T09:46:25+08:00][sql] SHOW FULL COLUMNS FROM `cmf_option` [ RunTime:0.002171s ]
[2026-06-05T09:46:25+08:00][sql] SELECT `option_value` FROM `cmf_option` WHERE  `option_name` = 'cdn_settings' LIMIT 1 [ RunTime:0.000341s ]
[2026-06-05T09:46:25+08:00][sql] SELECT `option_value` FROM `cmf_option` WHERE  `option_name` = 'cdn_settings' LIMIT 1 [ RunTime:0.000799s ]
[2026-06-05T09:46:25+08:00][sql] SHOW FULL COLUMNS FROM `cmf_product_category` [ RunTime:0.001720s ]
[2026-06-05T09:46:25+08:00][sql] SELECT * FROM `cmf_product_category` WHERE  `parent_id` = 0 ORDER BY `list_order` ASC,`create_time` DESC [ RunTime:0.001831s ]
[2026-06-05T09:46:25+08:00][sql] SELECT * FROM `cmf_product_category` WHERE  `parent_id` IN (28,19,22,23,25,30,27) [ RunTime:0.000376s ]
[2026-06-05T09:46:25+08:00][sql] SHOW FULL COLUMNS FROM `cmf_portal_category` [ RunTime:0.001334s ]
[2026-06-05T09:46:25+08:00][sql] SELECT * FROM `cmf_portal_category` WHERE (  `type` = 8 ) AND `cmf_portal_category`.`delete_time` = '0' ORDER BY `list_order` ASC [ RunTime:0.000997s ]
[2026-06-05T09:46:25+08:00][sql] SHOW FULL COLUMNS FROM `cmf_message` [ RunTime:0.001558s ]
[2026-06-05T09:46:25+08:00][sql] INSERT INTO `cmf_message` SET `name` = 'qwe' , `phone` = '+1 1 23' , `email` = 'xiaolanlan2003@gmail.com' , `content` = '123123' , `type` = 2 , `ip` = '::1' , `create_time` = 1780623985 [ RunTime:0.001922s ]
[2026-06-05T09:46:27+08:00][sql] CONNECT:[ UseTime:0.000915s ] mysql:host=127.0.0.1;port=3306;dbname=nucleon;charset=utf8mb4
[2026-06-05T09:46:27+08:00][sql] SHOW FULL COLUMNS FROM `cmf_option` [ RunTime:0.001386s ]
[2026-06-05T09:46:27+08:00][sql] SELECT `option_value` FROM `cmf_option` WHERE  `option_name` = 'cdn_settings' LIMIT 1 [ RunTime:0.000327s ]
[2026-06-05T09:46:27+08:00][sql] SELECT `option_value` FROM `cmf_option` WHERE  `option_name` = 'cdn_settings' LIMIT 1 [ RunTime:0.000283s ]
[2026-06-05T09:46:27+08:00][sql] SHOW FULL COLUMNS FROM `cmf_product_category` [ RunTime:0.001071s ]
[2026-06-05T09:46:27+08:00][sql] SELECT * FROM `cmf_product_category` WHERE  `parent_id` = 0 ORDER BY `list_order` ASC,`create_time` DESC [ RunTime:0.000326s ]
[2026-06-05T09:46:27+08:00][sql] SELECT * FROM `cmf_product_category` WHERE  `parent_id` IN (28,19,22,23,25,30,27) [ RunTime:0.000308s ]
[2026-06-05T09:46:27+08:00][sql] SHOW FULL COLUMNS FROM `cmf_portal_category` [ RunTime:0.001292s ]
[2026-06-05T09:46:27+08:00][sql] SELECT * FROM `cmf_portal_category` WHERE (  `type` = 8 ) AND `cmf_portal_category`.`delete_time` = '0' ORDER BY `list_order` ASC [ RunTime:0.000371s ]
[2026-06-05T09:46:27+08:00][sql] SHOW FULL COLUMNS FROM `cmf_message` [ RunTime:0.001317s ]
[2026-06-05T09:46:27+08:00][sql] INSERT INTO `cmf_message` SET `name` = 'qwe' , `phone` = '+1 1 23' , `email` = 'xiaolanlan2003@gmail.com' , `content` = '123123' , `type` = 2 , `ip` = '::1' , `create_time` = 1780623987 [ RunTime:0.000655s ]
[2026-06-05T17:57:26+08:00][sql] CONNECT:[ UseTime:0.000926s ] mysql:host=127.0.0.1;port=3306;dbname=nucleon;charset=utf8mb4
[2026-06-05T17:57:26+08:00][sql] SHOW FULL COLUMNS FROM `cmf_plugin` [ RunTime:0.003341s ]
[2026-06-05T17:57:26+08:00][sql] SELECT `config` FROM `cmf_plugin` WHERE  `name` = 'SwitchTheme' LIMIT 1 [ RunTime:0.001085s ]
[2026-06-05T17:57:26+08:00][sql] SHOW FULL COLUMNS FROM `cmf_option` [ RunTime:0.001649s ]
[2026-06-05T17:57:26+08:00][sql] SELECT `option_value` FROM `cmf_option` WHERE  `option_name` = 'cdn_settings' LIMIT 1 [ RunTime:0.000614s ]
[2026-06-05T17:57:26+08:00][sql] SELECT `option_value` FROM `cmf_option` WHERE  `option_name` = 'cdn_settings' LIMIT 1 [ RunTime:0.000546s ]
[2026-06-05T17:57:26+08:00][sql] SHOW FULL COLUMNS FROM `cmf_product_category` [ RunTime:0.001190s ]
[2026-06-05T17:57:26+08:00][sql] SELECT * FROM `cmf_product_category` WHERE  `parent_id` = 0 ORDER BY `list_order` ASC,`create_time` DESC [ RunTime:0.000696s ]
[2026-06-05T17:57:26+08:00][sql] SELECT * FROM `cmf_product_category` WHERE  `parent_id` IN (28,19,22,23,25,30,27) [ RunTime:0.000755s ]
[2026-06-05T17:57:26+08:00][sql] SHOW FULL COLUMNS FROM `cmf_portal_category` [ RunTime:0.001948s ]
[2026-06-05T17:57:26+08:00][sql] SELECT * FROM `cmf_portal_category` WHERE (  `type` = 8 ) AND `cmf_portal_category`.`delete_time` = '0' ORDER BY `list_order` ASC [ RunTime:0.000892s ]
[2026-06-05T17:57:26+08:00][sql] SHOW FULL COLUMNS FROM `cmf_slide_item` [ RunTime:0.001515s ]
[2026-06-05T17:57:26+08:00][sql] SELECT `title`,`description`,`image`,`url`,`target`,`content` FROM `cmf_slide_item` WHERE  `slide_id` = 1 ORDER BY `list_order` ASC [ RunTime:0.000807s ]
[2026-06-05T17:57:26+08:00][sql] SHOW FULL COLUMNS FROM `cmf_slide` [ RunTime:0.000944s ]
[2026-06-05T17:57:26+08:00][sql] SELECT * FROM `cmf_slide` WHERE  `name` LIKE '%choose%' OR `name` LIKE '%选择%' LIMIT 1 [ RunTime:0.000659s ]
[2026-06-05T17:57:26+08:00][sql] SELECT `title`,`description`,`image`,`url`,`target`,`content` FROM `cmf_slide_item` WHERE  `slide_id` = 14  AND `status` = 1 ORDER BY `list_order` ASC [ RunTime:0.000310s ]
[2026-06-05T17:57:26+08:00][sql] SELECT * FROM `cmf_product_category` WHERE  `parent_id` = 0  AND `recommend` = 1 ORDER BY `list_order` ASC,`create_time` DESC [ RunTime:0.000524s ]
[2026-06-05T17:57:26+08:00][sql] SHOW FULL COLUMNS FROM `cmf_product` [ RunTime:0.001485s ]
[2026-06-05T17:57:26+08:00][sql] SELECT `id`,`title`,`thumbnail`,`industry` FROM `cmf_product` WHERE  `is_recommended` = 1  AND `category_id` = 28 ORDER BY `list_order` ASC LIMIT 6 [ RunTime:0.001686s ]
[2026-06-05T17:57:26+08:00][sql] SELECT `id`,`title`,`thumbnail`,`industry` FROM `cmf_product` WHERE  `is_recommended` = 1  AND `category_id` = 19 ORDER BY `list_order` ASC LIMIT 6 [ RunTime:0.000758s ]
[2026-06-05T17:57:26+08:00][sql] SELECT `id`,`title`,`thumbnail`,`industry` FROM `cmf_product` WHERE  `is_recommended` = 1  AND `category_id` = 23 ORDER BY `list_order` ASC LIMIT 6 [ RunTime:0.000364s ]
[2026-06-05T17:57:26+08:00][sql] SELECT `id`,`title`,`thumbnail`,`industry` FROM `cmf_product` WHERE  `is_recommended` = 1  AND `category_id` = 25 ORDER BY `list_order` ASC LIMIT 6 [ RunTime:0.000350s ]
[2026-06-05T17:57:26+08:00][sql] SELECT `id`,`title`,`thumbnail`,`industry` FROM `cmf_product` WHERE  `is_recommended` = 1  AND `category_id` = 30 ORDER BY `list_order` ASC LIMIT 6 [ RunTime:0.000276s ]
[2026-06-05T17:57:26+08:00][sql] SHOW FULL COLUMNS FROM `cmf_portal_post` [ RunTime:0.001605s ]
[2026-06-05T17:57:26+08:00][sql] SELECT `p`.`id`,`p`.`post_title`,`p`.`post_excerpt`,`p`.`thumbnail`,`p`.`create_time`,`c`.`category_id` FROM `cmf_portal_post` `p` INNER JOIN `cmf_portal_category_post` `c` ON `p`.`id`=`c`.`post_id` WHERE (  `p`.`post_type` = '8' ) AND `p`.`delete_time` = '0' ORDER BY `c`.`list_order` ASC,`p`.`create_time` DESC [ RunTime:0.001424s ]
[2026-06-05T17:57:26+08:00][sql] SELECT `id`,`post_title`,`post_excerpt`,`more` FROM `cmf_portal_post` WHERE (  `post_type` = 3 ) AND `cmf_portal_post`.`delete_time` = '0' ORDER BY `create_time` DESC [ RunTime:0.000375s ]
[2026-06-05T17:57:26+08:00][sql] SHOW FULL COLUMNS FROM `cmf_theme_file` [ RunTime:0.001553s ]
[2026-06-05T17:57:26+08:00][sql] SELECT `more`,`file`,`id` FROM `cmf_theme_file` WHERE  `theme` = 'simpleboot3'  AND (  `is_public` = 1 OR `file` = 'portal/index' ) ORDER BY `is_public` DESC [ RunTime:0.001010s ]
[2026-06-05T17:57:26+08:00][sql] SELECT `option_value` FROM `cmf_option` WHERE  `option_name` = 'storage' LIMIT 1 [ RunTime:0.000463s ]
[2026-06-05T17:57:30+08:00][sql] CONNECT:[ UseTime:0.001529s ] mysql:host=127.0.0.1;port=3306;dbname=nucleon;charset=utf8mb4
[2026-06-05T17:57:30+08:00][sql] SHOW FULL COLUMNS FROM `cmf_option` [ RunTime:0.001800s ]
[2026-06-05T17:57:30+08:00][sql] SELECT `option_value` FROM `cmf_option` WHERE  `option_name` = 'cdn_settings' LIMIT 1 [ RunTime:0.000424s ]
[2026-06-05T17:57:30+08:00][sql] SELECT `option_value` FROM `cmf_option` WHERE  `option_name` = 'cdn_settings' LIMIT 1 [ RunTime:0.000301s ]
[2026-06-05T17:57:30+08:00][sql] SHOW FULL COLUMNS FROM `cmf_product_category` [ RunTime:0.001107s ]
[2026-06-05T17:57:30+08:00][sql] SELECT * FROM `cmf_product_category` WHERE  `parent_id` = 0 ORDER BY `list_order` ASC,`create_time` DESC [ RunTime:0.000750s ]
[2026-06-05T17:57:30+08:00][sql] SELECT * FROM `cmf_product_category` WHERE  `parent_id` IN (28,19,22,23,25,30,27) [ RunTime:0.000394s ]
[2026-06-05T17:57:30+08:00][sql] SHOW FULL COLUMNS FROM `cmf_portal_category` [ RunTime:0.001442s ]
[2026-06-05T17:57:30+08:00][sql] SELECT * FROM `cmf_portal_category` WHERE (  `type` = 8 ) AND `cmf_portal_category`.`delete_time` = '0' ORDER BY `list_order` ASC [ RunTime:0.000555s ]
[2026-06-05T17:57:30+08:00][sql] SHOW FULL COLUMNS FROM `cmf_slide_item` [ RunTime:0.000839s ]
[2026-06-05T17:57:30+08:00][sql] SELECT `title`,`description`,`image` FROM `cmf_slide_item` WHERE  `slide_id` = 12  AND `status` = 1 ORDER BY `list_order` ASC,`id` DESC LIMIT 1 [ RunTime:0.000640s ]
[2026-06-05T17:57:30+08:00][sql] SELECT * FROM `cmf_portal_category` WHERE (  `id` = 0  AND `status` = 1 ) AND `cmf_portal_category`.`delete_time` = '0' LIMIT 1 [ RunTime:0.000342s ]
[2026-06-05T17:57:30+08:00][sql] SHOW FULL COLUMNS FROM `cmf_portal_post` [ RunTime:0.001096s ]
[2026-06-05T17:57:30+08:00][sql] SELECT COUNT(*) AS think_count FROM `cmf_portal_post` `p` LEFT JOIN `cmf_portal_category_post` `c` ON `p`.`id`=`c`.`post_id` WHERE (  `post_type` = 8 ) AND `p`.`delete_time` = '0' LIMIT 1 [ RunTime:0.000828s ]
[2026-06-05T17:57:30+08:00][sql] SELECT `p`.`id`,`p`.`post_title`,`p`.`thumbnail`,`p`.`more`,c.category_id as cid,`p`.`post_excerpt`,`p`.`create_time` FROM `cmf_portal_post` `p` LEFT JOIN `cmf_portal_category_post` `c` ON `p`.`id`=`c`.`post_id` WHERE (  `post_type` = 8 ) AND `p`.`delete_time` = '0' ORDER BY `c`.`list_order` ASC,`p`.`create_time` DESC LIMIT 0,6 [ RunTime:0.000504s ]
[2026-06-05T17:57:30+08:00][sql] SHOW FULL COLUMNS FROM `cmf_theme_file` [ RunTime:0.002003s ]
[2026-06-05T17:57:30+08:00][sql] SELECT `more`,`file`,`id` FROM `cmf_theme_file` WHERE  `theme` = 'simpleboot3'  AND (  `is_public` = 1 OR `file` = 'portal/news' ) ORDER BY `is_public` DESC [ RunTime:0.000782s ]
[2026-06-05T17:57:30+08:00][sql] SELECT `option_value` FROM `cmf_option` WHERE  `option_name` = 'storage' LIMIT 1 [ RunTime:0.000660s ]
[2026-06-05T17:57:31+08:00][sql] CONNECT:[ UseTime:0.000798s ] mysql:host=127.0.0.1;port=3306;dbname=nucleon;charset=utf8mb4
[2026-06-05T17:57:31+08:00][sql] SHOW FULL COLUMNS FROM `cmf_option` [ RunTime:0.001565s ]
[2026-06-05T17:57:31+08:00][sql] SELECT `option_value` FROM `cmf_option` WHERE  `option_name` = 'cdn_settings' LIMIT 1 [ RunTime:0.000313s ]
[2026-06-05T17:57:31+08:00][sql] SELECT `option_value` FROM `cmf_option` WHERE  `option_name` = 'cdn_settings' LIMIT 1 [ RunTime:0.000353s ]
[2026-06-05T17:57:31+08:00][sql] SHOW FULL COLUMNS FROM `cmf_product_category` [ RunTime:0.001132s ]
[2026-06-05T17:57:31+08:00][sql] SELECT * FROM `cmf_product_category` WHERE  `parent_id` = 0 ORDER BY `list_order` ASC,`create_time` DESC [ RunTime:0.000560s ]
[2026-06-05T17:57:31+08:00][sql] SELECT * FROM `cmf_product_category` WHERE  `parent_id` IN (28,19,22,23,25,30,27) [ RunTime:0.000398s ]
[2026-06-05T17:57:31+08:00][sql] SHOW FULL COLUMNS FROM `cmf_portal_category` [ RunTime:0.001207s ]
[2026-06-05T17:57:31+08:00][sql] SELECT * FROM `cmf_portal_category` WHERE (  `type` = 8 ) AND `cmf_portal_category`.`delete_time` = '0' ORDER BY `list_order` ASC [ RunTime:0.000499s ]
[2026-06-05T17:57:31+08:00][sql] SELECT * FROM `cmf_portal_category` WHERE (  `id` = 2  AND `status` = 1 ) AND `cmf_portal_category`.`delete_time` = '0' LIMIT 1 [ RunTime:0.000348s ]
[2026-06-05T17:57:31+08:00][sql] SHOW FULL COLUMNS FROM `cmf_portal_post` [ RunTime:0.001077s ]
[2026-06-05T17:57:31+08:00][sql] SELECT `post`.* FROM `cmf_portal_post` `post` INNER JOIN `cmf_portal_category_post` `relation` ON `post`.`id`=`relation`.`post_id` WHERE (  `post`.`post_type` = '8'  AND `post`.`delete_time` = '0'  AND `relation`.`category_id` = '2'  AND `relation`.`post_id` = '26' ) AND `post`.`delete_time` = '0' LIMIT 1 [ RunTime:0.000942s ]
[2026-06-05T17:57:31+08:00][sql] SHOW FULL COLUMNS FROM `cmf_slide_item` [ RunTime:0.000920s ]
[2026-06-05T17:57:31+08:00][sql] SELECT `title`,`description`,`image` FROM `cmf_slide_item` WHERE  `slide_id` = 12  AND `status` = 1 ORDER BY `list_order` ASC,`id` DESC LIMIT 1 [ RunTime:0.000756s ]
[2026-06-05T17:57:31+08:00][sql] UPDATE `cmf_portal_post`  SET `post_hits` = `post_hits` + 1  WHERE (  `id` = 26 ) AND `cmf_portal_post`.`delete_time` = '0' [ RunTime:0.006806s ]
[2026-06-05T17:57:31+08:00][sql] SELECT `post`.* FROM `cmf_portal_post` `post` INNER JOIN `cmf_portal_category_post` `relation` ON `post`.`id`=`relation`.`post_id` WHERE (  `post`.`post_type` = '8'  AND `post`.`delete_time` = '0'  AND `relation`.`category_id` = '2'  AND `relation`.`post_id` = '26'  AND `relation`.`post_id` = '26' ) AND `post`.`delete_time` = '0' LIMIT 1 [ RunTime:0.000640s ]
[2026-06-05T17:57:31+08:00][sql] SELECT `post`.* FROM `cmf_portal_post` `post` INNER JOIN `cmf_portal_category_post` `relation` ON `post`.`id`=`relation`.`post_id` WHERE (  `post`.`post_type` = '8'  AND `post`.`delete_time` = '0'  AND `relation`.`category_id` = '2'  AND `relation`.`post_id` = '26'  AND `relation`.`post_id` < '26' ) AND `post`.`delete_time` = '0' ORDER BY `id` DESC LIMIT 1 [ RunTime:0.000381s ]
[2026-06-05T17:57:31+08:00][sql] SELECT `post`.* FROM `cmf_portal_post` `post` INNER JOIN `cmf_portal_category_post` `relation` ON `post`.`id`=`relation`.`post_id` WHERE (  `post`.`post_type` = '8'  AND `post`.`delete_time` = '0'  AND `relation`.`category_id` = '2'  AND `relation`.`post_id` = '26'  AND `relation`.`post_id` > '26' ) AND `post`.`delete_time` = '0' ORDER BY `id` DESC LIMIT 1 [ RunTime:0.000359s ]
[2026-06-05T17:57:31+08:00][sql] SHOW FULL COLUMNS FROM `cmf_theme_file` [ RunTime:0.001066s ]
[2026-06-05T17:57:31+08:00][sql] SELECT `more`,`file`,`id` FROM `cmf_theme_file` WHERE  `theme` = 'simpleboot3'  AND (  `is_public` = 1 OR `file` = 'portal/news-info' ) ORDER BY `is_public` DESC [ RunTime:0.000477s ]
[2026-06-05T17:57:31+08:00][sql] SELECT `option_value` FROM `cmf_option` WHERE  `option_name` = 'storage' LIMIT 1 [ RunTime:0.000421s ]
[2026-06-05T17:57:36+08:00][sql] CONNECT:[ UseTime:0.000754s ] mysql:host=127.0.0.1;port=3306;dbname=nucleon;charset=utf8mb4
[2026-06-05T17:57:36+08:00][sql] SHOW FULL COLUMNS FROM `cmf_option` [ RunTime:0.001722s ]
[2026-06-05T17:57:36+08:00][sql] SELECT `option_value` FROM `cmf_option` WHERE  `option_name` = 'cdn_settings' LIMIT 1 [ RunTime:0.000493s ]
[2026-06-05T17:57:36+08:00][sql] SELECT `option_value` FROM `cmf_option` WHERE  `option_name` = 'cdn_settings' LIMIT 1 [ RunTime:0.000234s ]
[2026-06-05T17:57:36+08:00][sql] SHOW FULL COLUMNS FROM `cmf_product_category` [ RunTime:0.001117s ]
[2026-06-05T17:57:36+08:00][sql] SELECT * FROM `cmf_product_category` WHERE  `parent_id` = 0 ORDER BY `list_order` ASC,`create_time` DESC [ RunTime:0.000732s ]
[2026-06-05T17:57:36+08:00][sql] SELECT * FROM `cmf_product_category` WHERE  `parent_id` IN (28,19,22,23,25,30,27) [ RunTime:0.000911s ]
[2026-06-05T17:57:36+08:00][sql] SHOW FULL COLUMNS FROM `cmf_portal_category` [ RunTime:0.001812s ]
[2026-06-05T17:57:36+08:00][sql] SELECT * FROM `cmf_portal_category` WHERE (  `type` = 8 ) AND `cmf_portal_category`.`delete_time` = '0' ORDER BY `list_order` ASC [ RunTime:0.000606s ]
[2026-06-05T17:57:36+08:00][sql] SELECT * FROM `cmf_portal_category` WHERE (  `id` = 2  AND `status` = 1 ) AND `cmf_portal_category`.`delete_time` = '0' LIMIT 1 [ RunTime:0.000601s ]
[2026-06-05T17:57:36+08:00][sql] SHOW FULL COLUMNS FROM `cmf_portal_post` [ RunTime:0.001253s ]
[2026-06-05T17:57:36+08:00][sql] SELECT `post`.* FROM `cmf_portal_post` `post` INNER JOIN `cmf_portal_category_post` `relation` ON `post`.`id`=`relation`.`post_id` WHERE (  `post`.`post_type` = '8'  AND `post`.`delete_time` = '0'  AND `relation`.`category_id` = '2'  AND `relation`.`post_id` = '26' ) AND `post`.`delete_time` = '0' LIMIT 1 [ RunTime:0.001262s ]
[2026-06-05T17:57:36+08:00][sql] SHOW FULL COLUMNS FROM `cmf_slide_item` [ RunTime:0.001349s ]
[2026-06-05T17:57:36+08:00][sql] SELECT `title`,`description`,`image` FROM `cmf_slide_item` WHERE  `slide_id` = 12  AND `status` = 1 ORDER BY `list_order` ASC,`id` DESC LIMIT 1 [ RunTime:0.000839s ]
[2026-06-05T17:57:36+08:00][sql] UPDATE `cmf_portal_post`  SET `post_hits` = `post_hits` + 1  WHERE (  `id` = 26 ) AND `cmf_portal_post`.`delete_time` = '0' [ RunTime:0.005069s ]
[2026-06-05T17:57:36+08:00][sql] SELECT `post`.* FROM `cmf_portal_post` `post` INNER JOIN `cmf_portal_category_post` `relation` ON `post`.`id`=`relation`.`post_id` WHERE (  `post`.`post_type` = '8'  AND `post`.`delete_time` = '0'  AND `relation`.`category_id` = '2'  AND `relation`.`post_id` = '26'  AND `relation`.`post_id` = '26' ) AND `post`.`delete_time` = '0' LIMIT 1 [ RunTime:0.000527s ]
[2026-06-05T17:57:36+08:00][sql] SELECT `post`.* FROM `cmf_portal_post` `post` INNER JOIN `cmf_portal_category_post` `relation` ON `post`.`id`=`relation`.`post_id` WHERE (  `post`.`post_type` = '8'  AND `post`.`delete_time` = '0'  AND `relation`.`category_id` = '2'  AND `relation`.`post_id` = '26'  AND `relation`.`post_id` < '26' ) AND `post`.`delete_time` = '0' ORDER BY `id` DESC LIMIT 1 [ RunTime:0.000325s ]
[2026-06-05T17:57:36+08:00][sql] SELECT `post`.* FROM `cmf_portal_post` `post` INNER JOIN `cmf_portal_category_post` `relation` ON `post`.`id`=`relation`.`post_id` WHERE (  `post`.`post_type` = '8'  AND `post`.`delete_time` = '0'  AND `relation`.`category_id` = '2'  AND `relation`.`post_id` = '26'  AND `relation`.`post_id` > '26' ) AND `post`.`delete_time` = '0' ORDER BY `id` DESC LIMIT 1 [ RunTime:0.000275s ]
[2026-06-05T17:57:36+08:00][sql] SHOW FULL COLUMNS FROM `cmf_theme_file` [ RunTime:0.000893s ]
[2026-06-05T17:57:36+08:00][sql] SELECT `more`,`file`,`id` FROM `cmf_theme_file` WHERE  `theme` = 'simpleboot3'  AND (  `is_public` = 1 OR `file` = 'portal/news-info' ) ORDER BY `is_public` DESC [ RunTime:0.000401s ]
[2026-06-05T17:57:36+08:00][sql] SELECT `option_value` FROM `cmf_option` WHERE  `option_name` = 'storage' LIMIT 1 [ RunTime:0.000319s ]
[2026-06-05T17:57:37+08:00][sql] CONNECT:[ UseTime:0.001087s ] mysql:host=127.0.0.1;port=3306;dbname=nucleon;charset=utf8mb4
[2026-06-05T17:57:37+08:00][sql] SHOW FULL COLUMNS FROM `cmf_option` [ RunTime:0.002768s ]
[2026-06-05T17:57:37+08:00][sql] SELECT `option_value` FROM `cmf_option` WHERE  `option_name` = 'cdn_settings' LIMIT 1 [ RunTime:0.000522s ]
[2026-06-05T17:57:37+08:00][sql] SELECT `option_value` FROM `cmf_option` WHERE  `option_name` = 'cdn_settings' LIMIT 1 [ RunTime:0.000364s ]
[2026-06-05T17:57:37+08:00][sql] SHOW FULL COLUMNS FROM `cmf_product_category` [ RunTime:0.001466s ]
[2026-06-05T17:57:37+08:00][sql] SELECT * FROM `cmf_product_category` WHERE  `parent_id` = 0 ORDER BY `list_order` ASC,`create_time` DESC [ RunTime:0.000547s ]
[2026-06-05T17:57:37+08:00][sql] SELECT * FROM `cmf_product_category` WHERE  `parent_id` IN (28,19,22,23,25,30,27) [ RunTime:0.000452s ]
[2026-06-05T17:57:37+08:00][sql] SHOW FULL COLUMNS FROM `cmf_portal_category` [ RunTime:0.001433s ]
[2026-06-05T17:57:37+08:00][sql] SELECT * FROM `cmf_portal_category` WHERE (  `type` = 8 ) AND `cmf_portal_category`.`delete_time` = '0' ORDER BY `list_order` ASC [ RunTime:0.001064s ]
[2026-06-05T17:57:37+08:00][sql] SELECT * FROM `cmf_portal_category` WHERE (  `id` = 1  AND `status` = 1 ) AND `cmf_portal_category`.`delete_time` = '0' LIMIT 1 [ RunTime:0.000594s ]
[2026-06-05T17:57:37+08:00][sql] SHOW FULL COLUMNS FROM `cmf_portal_post` [ RunTime:0.001612s ]
[2026-06-05T17:57:37+08:00][sql] SELECT `post`.* FROM `cmf_portal_post` `post` INNER JOIN `cmf_portal_category_post` `relation` ON `post`.`id`=`relation`.`post_id` WHERE (  `post`.`post_type` = '8'  AND `post`.`delete_time` = '0'  AND `relation`.`category_id` = '1'  AND `relation`.`post_id` = '14' ) AND `post`.`delete_time` = '0' LIMIT 1 [ RunTime:0.000923s ]
[2026-06-05T17:57:37+08:00][sql] SHOW FULL COLUMNS FROM `cmf_slide_item` [ RunTime:0.001330s ]
[2026-06-05T17:57:37+08:00][sql] SELECT `title`,`description`,`image` FROM `cmf_slide_item` WHERE  `slide_id` = 12  AND `status` = 1 ORDER BY `list_order` ASC,`id` DESC LIMIT 1 [ RunTime:0.000728s ]
[2026-06-05T17:57:37+08:00][sql] UPDATE `cmf_portal_post`  SET `post_hits` = `post_hits` + 1  WHERE (  `id` = 14 ) AND `cmf_portal_post`.`delete_time` = '0' [ RunTime:0.004270s ]
[2026-06-05T17:57:37+08:00][sql] SELECT `post`.* FROM `cmf_portal_post` `post` INNER JOIN `cmf_portal_category_post` `relation` ON `post`.`id`=`relation`.`post_id` WHERE (  `post`.`post_type` = '8'  AND `post`.`delete_time` = '0'  AND `relation`.`category_id` = '1'  AND `relation`.`post_id` = '14'  AND `relation`.`post_id` = '14' ) AND `post`.`delete_time` = '0' LIMIT 1 [ RunTime:0.001056s ]
[2026-06-05T17:57:37+08:00][sql] SELECT `post`.* FROM `cmf_portal_post` `post` INNER JOIN `cmf_portal_category_post` `relation` ON `post`.`id`=`relation`.`post_id` WHERE (  `post`.`post_type` = '8'  AND `post`.`delete_time` = '0'  AND `relation`.`category_id` = '1'  AND `relation`.`post_id` = '14'  AND `relation`.`post_id` < '14' ) AND `post`.`delete_time` = '0' ORDER BY `id` DESC LIMIT 1 [ RunTime:0.000664s ]
[2026-06-05T17:57:37+08:00][sql] SELECT `post`.* FROM `cmf_portal_post` `post` INNER JOIN `cmf_portal_category_post` `relation` ON `post`.`id`=`relation`.`post_id` WHERE (  `post`.`post_type` = '8'  AND `post`.`delete_time` = '0'  AND `relation`.`category_id` = '1'  AND `relation`.`post_id` = '14'  AND `relation`.`post_id` > '14' ) AND `post`.`delete_time` = '0' ORDER BY `id` DESC LIMIT 1 [ RunTime:0.000631s ]
[2026-06-05T17:57:37+08:00][sql] SHOW FULL COLUMNS FROM `cmf_theme_file` [ RunTime:0.001398s ]
[2026-06-05T17:57:37+08:00][sql] SELECT `more`,`file`,`id` FROM `cmf_theme_file` WHERE  `theme` = 'simpleboot3'  AND (  `is_public` = 1 OR `file` = 'portal/news-info' ) ORDER BY `is_public` DESC [ RunTime:0.000617s ]
[2026-06-05T17:57:37+08:00][sql] SELECT `option_value` FROM `cmf_option` WHERE  `option_name` = 'storage' LIMIT 1 [ RunTime:0.000573s ]
[2026-06-05T17:57:41+08:00][sql] CONNECT:[ UseTime:0.000750s ] mysql:host=127.0.0.1;port=3306;dbname=nucleon;charset=utf8mb4
[2026-06-05T17:57:41+08:00][sql] SHOW FULL COLUMNS FROM `cmf_option` [ RunTime:0.001426s ]
[2026-06-05T17:57:41+08:00][sql] SELECT `option_value` FROM `cmf_option` WHERE  `option_name` = 'cdn_settings' LIMIT 1 [ RunTime:0.000346s ]
[2026-06-05T17:57:41+08:00][sql] SELECT `option_value` FROM `cmf_option` WHERE  `option_name` = 'cdn_settings' LIMIT 1 [ RunTime:0.000251s ]
[2026-06-05T17:57:41+08:00][sql] SHOW FULL COLUMNS FROM `cmf_product_category` [ RunTime:0.001022s ]
[2026-06-05T17:57:41+08:00][sql] SELECT * FROM `cmf_product_category` WHERE  `parent_id` = 0 ORDER BY `list_order` ASC,`create_time` DESC [ RunTime:0.000456s ]
[2026-06-05T17:57:41+08:00][sql] SELECT * FROM `cmf_product_category` WHERE  `parent_id` IN (28,19,22,23,25,30,27) [ RunTime:0.000284s ]
[2026-06-05T17:57:41+08:00][sql] SHOW FULL COLUMNS FROM `cmf_portal_category` [ RunTime:0.001428s ]
[2026-06-05T17:57:41+08:00][sql] SELECT * FROM `cmf_portal_category` WHERE (  `type` = 8 ) AND `cmf_portal_category`.`delete_time` = '0' ORDER BY `list_order` ASC [ RunTime:0.000570s ]
[2026-06-05T17:57:41+08:00][sql] SELECT * FROM `cmf_portal_category` WHERE (  `id` = 1  AND `status` = 1 ) AND `cmf_portal_category`.`delete_time` = '0' LIMIT 1 [ RunTime:0.000334s ]
[2026-06-05T17:57:41+08:00][sql] SHOW FULL COLUMNS FROM `cmf_portal_post` [ RunTime:0.001156s ]
[2026-06-05T17:57:41+08:00][sql] SELECT `post`.* FROM `cmf_portal_post` `post` INNER JOIN `cmf_portal_category_post` `relation` ON `post`.`id`=`relation`.`post_id` WHERE (  `post`.`post_type` = '8'  AND `post`.`delete_time` = '0'  AND `relation`.`category_id` = '1'  AND `relation`.`post_id` = '10' ) AND `post`.`delete_time` = '0' LIMIT 1 [ RunTime:0.000739s ]
[2026-06-05T17:57:41+08:00][sql] SHOW FULL COLUMNS FROM `cmf_slide_item` [ RunTime:0.000964s ]
[2026-06-05T17:57:41+08:00][sql] SELECT `title`,`description`,`image` FROM `cmf_slide_item` WHERE  `slide_id` = 12  AND `status` = 1 ORDER BY `list_order` ASC,`id` DESC LIMIT 1 [ RunTime:0.000521s ]
[2026-06-05T17:57:41+08:00][sql] UPDATE `cmf_portal_post`  SET `post_hits` = `post_hits` + 1  WHERE (  `id` = 10 ) AND `cmf_portal_post`.`delete_time` = '0' [ RunTime:0.005836s ]
[2026-06-05T17:57:41+08:00][sql] SELECT `post`.* FROM `cmf_portal_post` `post` INNER JOIN `cmf_portal_category_post` `relation` ON `post`.`id`=`relation`.`post_id` WHERE (  `post`.`post_type` = '8'  AND `post`.`delete_time` = '0'  AND `relation`.`category_id` = '1'  AND `relation`.`post_id` = '10'  AND `relation`.`post_id` = '10' ) AND `post`.`delete_time` = '0' LIMIT 1 [ RunTime:0.000682s ]
[2026-06-05T17:57:41+08:00][sql] SELECT `post`.* FROM `cmf_portal_post` `post` INNER JOIN `cmf_portal_category_post` `relation` ON `post`.`id`=`relation`.`post_id` WHERE (  `post`.`post_type` = '8'  AND `post`.`delete_time` = '0'  AND `relation`.`category_id` = '1'  AND `relation`.`post_id` = '10'  AND `relation`.`post_id` < '10' ) AND `post`.`delete_time` = '0' ORDER BY `id` DESC LIMIT 1 [ RunTime:0.000416s ]
[2026-06-05T17:57:41+08:00][sql] SELECT `post`.* FROM `cmf_portal_post` `post` INNER JOIN `cmf_portal_category_post` `relation` ON `post`.`id`=`relation`.`post_id` WHERE (  `post`.`post_type` = '8'  AND `post`.`delete_time` = '0'  AND `relation`.`category_id` = '1'  AND `relation`.`post_id` = '10'  AND `relation`.`post_id` > '10' ) AND `post`.`delete_time` = '0' ORDER BY `id` DESC LIMIT 1 [ RunTime:0.000360s ]
[2026-06-05T17:57:41+08:00][sql] SHOW FULL COLUMNS FROM `cmf_theme_file` [ RunTime:0.002687s ]
[2026-06-05T17:57:41+08:00][sql] SELECT `more`,`file`,`id` FROM `cmf_theme_file` WHERE  `theme` = 'simpleboot3'  AND (  `is_public` = 1 OR `file` = 'portal/news-info' ) ORDER BY `is_public` DESC [ RunTime:0.000522s ]
[2026-06-05T17:57:41+08:00][sql] SELECT `option_value` FROM `cmf_option` WHERE  `option_name` = 'storage' LIMIT 1 [ RunTime:0.000332s ]
[2026-06-05T17:57:44+08:00][sql] CONNECT:[ UseTime:0.000815s ] mysql:host=127.0.0.1;port=3306;dbname=nucleon;charset=utf8mb4
[2026-06-05T17:57:44+08:00][sql] SHOW FULL COLUMNS FROM `cmf_option` [ RunTime:0.001495s ]
[2026-06-05T17:57:44+08:00][sql] SELECT `option_value` FROM `cmf_option` WHERE  `option_name` = 'cdn_settings' LIMIT 1 [ RunTime:0.000560s ]
[2026-06-05T17:57:44+08:00][sql] SELECT `option_value` FROM `cmf_option` WHERE  `option_name` = 'cdn_settings' LIMIT 1 [ RunTime:0.000431s ]
[2026-06-05T17:57:44+08:00][sql] SHOW FULL COLUMNS FROM `cmf_product_category` [ RunTime:0.001023s ]
[2026-06-05T17:57:44+08:00][sql] SELECT * FROM `cmf_product_category` WHERE  `parent_id` = 0 ORDER BY `list_order` ASC,`create_time` DESC [ RunTime:0.000552s ]
[2026-06-05T17:57:44+08:00][sql] SELECT * FROM `cmf_product_category` WHERE  `parent_id` IN (28,19,22,23,25,30,27) [ RunTime:0.000596s ]
[2026-06-05T17:57:44+08:00][sql] SHOW FULL COLUMNS FROM `cmf_portal_category` [ RunTime:0.001160s ]
[2026-06-05T17:57:44+08:00][sql] SELECT * FROM `cmf_portal_category` WHERE (  `type` = 8 ) AND `cmf_portal_category`.`delete_time` = '0' ORDER BY `list_order` ASC [ RunTime:0.000449s ]
[2026-06-05T17:57:44+08:00][sql] SELECT * FROM `cmf_portal_category` WHERE (  `id` = 2  AND `status` = 1 ) AND `cmf_portal_category`.`delete_time` = '0' LIMIT 1 [ RunTime:0.000367s ]
[2026-06-05T17:57:44+08:00][sql] SHOW FULL COLUMNS FROM `cmf_portal_post` [ RunTime:0.001017s ]
[2026-06-05T17:57:44+08:00][sql] SELECT `post`.* FROM `cmf_portal_post` `post` INNER JOIN `cmf_portal_category_post` `relation` ON `post`.`id`=`relation`.`post_id` WHERE (  `post`.`post_type` = '8'  AND `post`.`delete_time` = '0'  AND `relation`.`category_id` = '2'  AND `relation`.`post_id` = '26' ) AND `post`.`delete_time` = '0' LIMIT 1 [ RunTime:0.001601s ]
[2026-06-05T17:57:44+08:00][sql] SHOW FULL COLUMNS FROM `cmf_slide_item` [ RunTime:0.000908s ]
[2026-06-05T17:57:44+08:00][sql] SELECT `title`,`description`,`image` FROM `cmf_slide_item` WHERE  `slide_id` = 12  AND `status` = 1 ORDER BY `list_order` ASC,`id` DESC LIMIT 1 [ RunTime:0.000534s ]
[2026-06-05T17:57:44+08:00][sql] UPDATE `cmf_portal_post`  SET `post_hits` = `post_hits` + 1  WHERE (  `id` = 26 ) AND `cmf_portal_post`.`delete_time` = '0' [ RunTime:0.005433s ]
[2026-06-05T17:57:44+08:00][sql] SELECT `post`.* FROM `cmf_portal_post` `post` INNER JOIN `cmf_portal_category_post` `relation` ON `post`.`id`=`relation`.`post_id` WHERE (  `post`.`post_type` = '8'  AND `post`.`delete_time` = '0'  AND `relation`.`category_id` = '2'  AND `relation`.`post_id` = '26'  AND `relation`.`post_id` = '26' ) AND `post`.`delete_time` = '0' LIMIT 1 [ RunTime:0.000730s ]
[2026-06-05T17:57:44+08:00][sql] SELECT `post`.* FROM `cmf_portal_post` `post` INNER JOIN `cmf_portal_category_post` `relation` ON `post`.`id`=`relation`.`post_id` WHERE (  `post`.`post_type` = '8'  AND `post`.`delete_time` = '0'  AND `relation`.`category_id` = '2'  AND `relation`.`post_id` = '26'  AND `relation`.`post_id` < '26' ) AND `post`.`delete_time` = '0' ORDER BY `id` DESC LIMIT 1 [ RunTime:0.000396s ]
[2026-06-05T17:57:44+08:00][sql] SELECT `post`.* FROM `cmf_portal_post` `post` INNER JOIN `cmf_portal_category_post` `relation` ON `post`.`id`=`relation`.`post_id` WHERE (  `post`.`post_type` = '8'  AND `post`.`delete_time` = '0'  AND `relation`.`category_id` = '2'  AND `relation`.`post_id` = '26'  AND `relation`.`post_id` > '26' ) AND `post`.`delete_time` = '0' ORDER BY `id` DESC LIMIT 1 [ RunTime:0.000302s ]
[2026-06-05T17:57:44+08:00][sql] SHOW FULL COLUMNS FROM `cmf_theme_file` [ RunTime:0.001132s ]
[2026-06-05T17:57:44+08:00][sql] SELECT `more`,`file`,`id` FROM `cmf_theme_file` WHERE  `theme` = 'simpleboot3'  AND (  `is_public` = 1 OR `file` = 'portal/news-info' ) ORDER BY `is_public` DESC [ RunTime:0.000451s ]
[2026-06-05T17:57:44+08:00][sql] SELECT `option_value` FROM `cmf_option` WHERE  `option_name` = 'storage' LIMIT 1 [ RunTime:0.000412s ]
[2026-06-05T18:14:20+08:00][sql] CONNECT:[ UseTime:0.001363s ] mysql:host=127.0.0.1;port=3306;dbname=nucleon;charset=utf8mb4
[2026-06-05T18:14:20+08:00][sql] SHOW FULL COLUMNS FROM `cmf_option` [ RunTime:0.002125s ]
[2026-06-05T18:14:20+08:00][sql] SELECT `option_value` FROM `cmf_option` WHERE  `option_name` = 'cdn_settings' LIMIT 1 [ RunTime:0.000566s ]
[2026-06-05T18:14:20+08:00][sql] SELECT `option_value` FROM `cmf_option` WHERE  `option_name` = 'cdn_settings' LIMIT 1 [ RunTime:0.000500s ]
[2026-06-05T18:14:20+08:00][sql] SHOW FULL COLUMNS FROM `cmf_product_category` [ RunTime:0.001252s ]
[2026-06-05T18:14:20+08:00][sql] SELECT * FROM `cmf_product_category` WHERE  `parent_id` = 0 ORDER BY `list_order` ASC,`create_time` DESC [ RunTime:0.000679s ]
[2026-06-05T18:14:20+08:00][sql] SELECT * FROM `cmf_product_category` WHERE  `parent_id` IN (28,19,22,23,25,30,27) [ RunTime:0.000328s ]
[2026-06-05T18:14:20+08:00][sql] SHOW FULL COLUMNS FROM `cmf_portal_category` [ RunTime:0.001509s ]
[2026-06-05T18:14:20+08:00][sql] SELECT * FROM `cmf_portal_category` WHERE (  `type` = 8 ) AND `cmf_portal_category`.`delete_time` = '0' ORDER BY `list_order` ASC [ RunTime:0.000802s ]
[2026-06-05T18:14:20+08:00][sql] SHOW FULL COLUMNS FROM `cmf_slide_item` [ RunTime:0.001510s ]
[2026-06-05T18:14:20+08:00][sql] SELECT `title`,`description`,`image`,`url`,`target`,`content` FROM `cmf_slide_item` WHERE  `slide_id` = 1 ORDER BY `list_order` ASC [ RunTime:0.001906s ]
[2026-06-05T18:14:20+08:00][sql] SHOW FULL COLUMNS FROM `cmf_slide` [ RunTime:0.001459s ]
[2026-06-05T18:14:20+08:00][sql] SELECT * FROM `cmf_slide` WHERE  `name` LIKE '%choose%' OR `name` LIKE '%选择%' LIMIT 1 [ RunTime:0.000631s ]
[2026-06-05T18:14:20+08:00][sql] SELECT `title`,`description`,`image`,`url`,`target`,`content` FROM `cmf_slide_item` WHERE  `slide_id` = 14  AND `status` = 1 ORDER BY `list_order` ASC [ RunTime:0.000470s ]
[2026-06-05T18:14:20+08:00][sql] SELECT * FROM `cmf_product_category` WHERE  `parent_id` = 0  AND `recommend` = 1 ORDER BY `list_order` ASC,`create_time` DESC [ RunTime:0.000374s ]
[2026-06-05T18:14:20+08:00][sql] SHOW FULL COLUMNS FROM `cmf_product` [ RunTime:0.001402s ]
[2026-06-05T18:14:20+08:00][sql] SELECT `id`,`title`,`thumbnail`,`industry` FROM `cmf_product` WHERE  `is_recommended` = 1  AND `category_id` = 28 ORDER BY `list_order` ASC LIMIT 6 [ RunTime:0.000775s ]
[2026-06-05T18:14:20+08:00][sql] SELECT `id`,`title`,`thumbnail`,`industry` FROM `cmf_product` WHERE  `is_recommended` = 1  AND `category_id` = 19 ORDER BY `list_order` ASC LIMIT 6 [ RunTime:0.000448s ]
[2026-06-05T18:14:20+08:00][sql] SELECT `id`,`title`,`thumbnail`,`industry` FROM `cmf_product` WHERE  `is_recommended` = 1  AND `category_id` = 23 ORDER BY `list_order` ASC LIMIT 6 [ RunTime:0.000535s ]
[2026-06-05T18:14:20+08:00][sql] SELECT `id`,`title`,`thumbnail`,`industry` FROM `cmf_product` WHERE  `is_recommended` = 1  AND `category_id` = 25 ORDER BY `list_order` ASC LIMIT 6 [ RunTime:0.000454s ]
[2026-06-05T18:14:20+08:00][sql] SELECT `id`,`title`,`thumbnail`,`industry` FROM `cmf_product` WHERE  `is_recommended` = 1  AND `category_id` = 30 ORDER BY `list_order` ASC LIMIT 6 [ RunTime:0.000592s ]
[2026-06-05T18:14:20+08:00][sql] SHOW FULL COLUMNS FROM `cmf_portal_post` [ RunTime:0.002484s ]
[2026-06-05T18:14:20+08:00][sql] SELECT `p`.`id`,`p`.`post_title`,`p`.`post_excerpt`,`p`.`thumbnail`,`p`.`create_time`,`c`.`category_id` FROM `cmf_portal_post` `p` INNER JOIN `cmf_portal_category_post` `c` ON `p`.`id`=`c`.`post_id` WHERE (  `p`.`post_type` = '8' ) AND `p`.`delete_time` = '0' ORDER BY `c`.`list_order` ASC,`p`.`create_time` DESC [ RunTime:0.001892s ]
[2026-06-05T18:14:20+08:00][sql] SELECT `id`,`post_title`,`post_excerpt`,`more` FROM `cmf_portal_post` WHERE (  `post_type` = 3 ) AND `cmf_portal_post`.`delete_time` = '0' ORDER BY `create_time` DESC [ RunTime:0.000827s ]
[2026-06-05T18:14:20+08:00][sql] SHOW FULL COLUMNS FROM `cmf_theme_file` [ RunTime:0.001968s ]
[2026-06-05T18:14:20+08:00][sql] SELECT `more`,`file`,`id` FROM `cmf_theme_file` WHERE  `theme` = 'simpleboot3'  AND (  `is_public` = 1 OR `file` = 'portal/index' ) ORDER BY `is_public` DESC [ RunTime:0.000952s ]
[2026-06-05T18:14:20+08:00][sql] SELECT `option_value` FROM `cmf_option` WHERE  `option_name` = 'storage' LIMIT 1 [ RunTime:0.000954s ]
[2026-06-05T18:14:27+08:00][sql] CONNECT:[ UseTime:0.001145s ] mysql:host=127.0.0.1;port=3306;dbname=nucleon;charset=utf8mb4
[2026-06-05T18:14:27+08:00][sql] SHOW FULL COLUMNS FROM `cmf_option` [ RunTime:0.002684s ]
[2026-06-05T18:14:27+08:00][sql] SELECT `option_value` FROM `cmf_option` WHERE  `option_name` = 'cdn_settings' LIMIT 1 [ RunTime:0.000682s ]
[2026-06-05T18:14:28+08:00][sql] CONNECT:[ UseTime:0.000909s ] mysql:host=127.0.0.1;port=3306;dbname=nucleon;charset=utf8mb4
[2026-06-05T18:14:28+08:00][sql] SHOW FULL COLUMNS FROM `cmf_option` [ RunTime:0.001354s ]
[2026-06-05T18:14:28+08:00][sql] SELECT `option_value` FROM `cmf_option` WHERE  `option_name` = 'cdn_settings' LIMIT 1 [ RunTime:0.000288s ]
[2026-06-05T18:14:37+08:00][sql] CONNECT:[ UseTime:0.014471s ] mysql:host=127.0.0.1;port=3306;dbname=nucleon;charset=utf8mb4
[2026-06-05T18:14:37+08:00][sql] SHOW FULL COLUMNS FROM `cmf_option` [ RunTime:0.001423s ]
[2026-06-05T18:14:37+08:00][sql] SELECT `option_value` FROM `cmf_option` WHERE  `option_name` = 'cdn_settings' LIMIT 1 [ RunTime:0.000449s ]
[2026-06-05T18:14:46+08:00][sql] CONNECT:[ UseTime:0.000750s ] mysql:host=127.0.0.1;port=3306;dbname=nucleon;charset=utf8mb4
[2026-06-05T18:14:46+08:00][sql] SHOW FULL COLUMNS FROM `cmf_option` [ RunTime:0.001455s ]
[2026-06-05T18:14:46+08:00][sql] SELECT `option_value` FROM `cmf_option` WHERE  `option_name` = 'cdn_settings' LIMIT 1 [ RunTime:0.000500s ]
[2026-06-05T18:14:46+08:00][sql] SHOW FULL COLUMNS FROM `cmf_user` [ RunTime:0.001481s ]
[2026-06-05T18:14:46+08:00][sql] SELECT * FROM `cmf_user` WHERE  `user_login` = 'antop002' LIMIT 1 [ RunTime:0.000690s ]
[2026-06-05T18:14:46+08:00][sql] SHOW FULL COLUMNS FROM `cmf_role_user` [ RunTime:0.001132s ]
[2026-06-05T18:14:46+08:00][sql] SELECT `role_id` FROM `cmf_role_user` `a` INNER JOIN `cmf_role` `b` ON `a`.`role_id`=`b`.`id` WHERE  `user_id` = 1  AND `status` = '1' LIMIT 1 [ RunTime:0.001248s ]
[2026-06-05T18:14:46+08:00][sql] SHOW FULL COLUMNS FROM `cmf_user_token` [ RunTime:0.001328s ]
[2026-06-05T18:14:46+08:00][sql] SELECT * FROM `cmf_user_token` WHERE  `user_id` = 1  AND `device_type` = 'web' LIMIT 1 [ RunTime:0.000670s ]
[2026-06-05T18:14:46+08:00][sql] UPDATE `cmf_user`  SET `last_login_ip` = '::1' , `last_login_time` = 1780654486  WHERE  `id` = 1 [ RunTime:0.002986s ]
[2026-06-05T18:14:48+08:00][sql] CONNECT:[ UseTime:0.000820s ] mysql:host=127.0.0.1;port=3306;dbname=nucleon;charset=utf8mb4
[2026-06-05T18:14:48+08:00][sql] SHOW FULL COLUMNS FROM `cmf_option` [ RunTime:0.001685s ]
[2026-06-05T18:14:48+08:00][sql] SELECT `option_value` FROM `cmf_option` WHERE  `option_name` = 'cdn_settings' LIMIT 1 [ RunTime:0.000440s ]
[2026-06-05T18:14:48+08:00][sql] SHOW FULL COLUMNS FROM `cmf_user` [ RunTime:0.001700s ]
[2026-06-05T18:14:48+08:00][sql] SELECT * FROM `cmf_user` WHERE  `id` = 1 LIMIT 1 [ RunTime:0.000530s ]
[2026-06-05T18:14:48+08:00][sql] SHOW FULL COLUMNS FROM `cmf_admin_menu` [ RunTime:0.001487s ]
[2026-06-05T18:14:48+08:00][sql] SELECT * FROM `cmf_admin_menu` ORDER BY `app` ASC,`controller` ASC,`action` ASC [ RunTime:0.001226s ]
[2026-06-05T18:14:48+08:00][sql] CONNECT:[ UseTime:0.000736s ] mysql:host=127.0.0.1;port=3306;dbname=nucleon;charset=utf8mb4
[2026-06-05T18:14:48+08:00][sql] SHOW FULL COLUMNS FROM `cmf_option` [ RunTime:0.001206s ]
[2026-06-05T18:14:48+08:00][sql] SELECT `option_value` FROM `cmf_option` WHERE  `option_name` = 'cdn_settings' LIMIT 1 [ RunTime:0.000347s ]
[2026-06-05T18:14:48+08:00][sql] SHOW FULL COLUMNS FROM `cmf_user` [ RunTime:0.001400s ]
[2026-06-05T18:14:48+08:00][sql] SELECT * FROM `cmf_user` WHERE  `id` = 1 LIMIT 1 [ RunTime:0.000507s ]
[2026-06-05T18:14:48+08:00][sql] SELECT `option_value` FROM `cmf_option` WHERE  `option_name` = 'cdn_settings' LIMIT 1 [ RunTime:0.000226s ]
[2026-06-05T18:14:48+08:00][sql] SELECT `option_value` FROM `cmf_option` WHERE  `option_name` = 'cmf_settings' LIMIT 1 [ RunTime:0.000212s ]
[2026-06-05T18:14:48+08:00][sql] SELECT `option_value` FROM `cmf_option` WHERE  `option_name` = 'storage' LIMIT 1 [ RunTime:0.000537s ]
