[2026-06-12T16:27:59+08:00][sql] CONNECT:[ UseTime:0.015475s ] mysql:host=127.0.0.1;port=3306;dbname=nucleon;charset=utf8mb4
[2026-06-12T16:27:59+08:00][sql] SHOW FULL COLUMNS FROM `cmf_hook` [ RunTime:0.002521s ]
[2026-06-12T16:27:59+08:00][sql] SELECT `hook`,`id` FROM `cmf_hook` WHERE  (  (  `app` = '' OR `app` = 'cmf' )  AND `type` = 3 ) OR `type` = 1 [ RunTime:0.000412s ]
[2026-06-12T16:27:59+08:00][sql] SHOW FULL COLUMNS FROM `cmf_hook_plugin` [ RunTime:0.000888s ]
[2026-06-12T16:27:59+08:00][sql] SELECT `hook`,`plugin` FROM `cmf_hook_plugin` WHERE  `status` = 1  AND `hook` IN ('app_begin','module_init','action_begin','view_filter','app_end','log_write','response_end','admin_init','home_init','send_mobile_verification_code','body_start','before_head_end','footer_start','before_footer','before_footer_end','before_body_end','left_sidebar_start','before_left_sidebar_end','right_sidebar_start','before_right_sidebar_end','comment','guestbook','switch_theme','after_content','before_content','log_write_done','switch_admin_theme','captcha_image','user_login_start') ORDER BY `list_order` ASC [ RunTime:0.000340s ]
[2026-06-12T16:27:59+08:00][sql] SELECT `hook` FROM `cmf_hook` WHERE  `app` = 'portal' [ RunTime:0.000479s ]
[2026-06-12T16:27:59+08:00][sql] SELECT `hook`,`plugin` FROM `cmf_hook_plugin` WHERE  `status` = 1  AND `hook` IN ('portal_before_assign_article','portal_admin_after_save_article','portal_admin_article_index_view','portal_admin_article_add_view','portal_admin_article_edit_view','portal_admin_category_index_view','portal_admin_category_add_view','portal_admin_category_edit_view','portal_admin_page_index_view','portal_admin_page_add_view','portal_admin_page_edit_view','portal_admin_tag_index_view','portal_admin_article_edit_view_right_sidebar','portal_admin_article_edit_view_main') ORDER BY `list_order` ASC [ RunTime:0.000367s ]
[2026-06-12T16:27:59+08:00][sql] SHOW FULL COLUMNS FROM `cmf_plugin` [ RunTime:0.001279s ]
[2026-06-12T16:27:59+08:00][sql] SELECT `config` FROM `cmf_plugin` WHERE  `name` = 'SwitchTheme' LIMIT 1 [ RunTime:0.001089s ]
[2026-06-12T16:27:59+08:00][sql] SHOW FULL COLUMNS FROM `cmf_option` [ RunTime:0.002036s ]
[2026-06-12T16:27:59+08:00][sql] SELECT `option_value` FROM `cmf_option` WHERE  `option_name` = 'cdn_settings' LIMIT 1 [ RunTime:0.000326s ]
[2026-06-12T16:27:59+08:00][sql] SELECT `option_value` FROM `cmf_option` WHERE  `option_name` = 'cdn_settings' LIMIT 1 [ RunTime:0.000415s ]
[2026-06-12T16:27:59+08:00][sql] SHOW FULL COLUMNS FROM `cmf_product_category` [ RunTime:0.001222s ]
[2026-06-12T16:27:59+08:00][sql] SELECT * FROM `cmf_product_category` WHERE  `parent_id` = 0 ORDER BY `list_order` ASC,`create_time` DESC [ RunTime:0.000554s ]
[2026-06-12T16:27:59+08:00][sql] SELECT * FROM `cmf_product_category` WHERE  `parent_id` IN (28,19,22,23,25,30,27) [ RunTime:0.000346s ]
[2026-06-12T16:27:59+08:00][sql] SHOW FULL COLUMNS FROM `cmf_portal_category` [ RunTime:0.001841s ]
[2026-06-12T16:27:59+08:00][sql] SELECT * FROM `cmf_portal_category` WHERE (  `type` = 8 ) AND `cmf_portal_category`.`delete_time` = '0' ORDER BY `list_order` ASC [ RunTime:0.000647s ]
[2026-06-12T16:27:59+08:00][sql] SELECT `option_value` FROM `cmf_option` WHERE  `option_name` = 'site_info' LIMIT 1 [ RunTime:0.000324s ]
[2026-06-12T16:27:59+08:00][sql] SELECT `option_value` FROM `cmf_option` WHERE  `option_name` = 'product_category_hero_settings' LIMIT 1 [ RunTime:0.000342s ]
[2026-06-12T16:27:59+08:00][sql] SHOW FULL COLUMNS FROM `cmf_product` [ RunTime:0.001528s ]
[2026-06-12T16:27:59+08:00][sql] SELECT COUNT(*) AS think_count FROM `cmf_product` WHERE  `category_id` = 28 LIMIT 1 [ RunTime:0.000476s ]
[2026-06-12T16:27:59+08:00][sql] SELECT COUNT(*) AS think_count FROM `cmf_product` WHERE  `category_id` = 19 LIMIT 1 [ RunTime:0.000286s ]
[2026-06-12T16:27:59+08:00][sql] SELECT COUNT(*) AS think_count FROM `cmf_product` WHERE  `category_id` = 22 LIMIT 1 [ RunTime:0.000242s ]
[2026-06-12T16:27:59+08:00][sql] SELECT COUNT(*) AS think_count FROM `cmf_product` WHERE  `category_id` = 23 LIMIT 1 [ RunTime:0.000243s ]
[2026-06-12T16:27:59+08:00][sql] SELECT COUNT(*) AS think_count FROM `cmf_product` WHERE  `category_id` = 25 LIMIT 1 [ RunTime:0.000220s ]
[2026-06-12T16:27:59+08:00][sql] SELECT COUNT(*) AS think_count FROM `cmf_product` WHERE  `category_id` = 30 LIMIT 1 [ RunTime:0.000200s ]
[2026-06-12T16:27:59+08:00][sql] SELECT COUNT(*) AS think_count FROM `cmf_product` WHERE  `category_id` = 27 LIMIT 1 [ RunTime:0.000202s ]
[2026-06-12T16:27:59+08:00][sql] SELECT COUNT(*) AS think_count FROM `cmf_product` LIMIT 1 [ RunTime:0.000264s ]
[2026-06-12T16:27:59+08:00][sql] SELECT `id`,`category_id`,`title`,`thumbnail`,`industry`,`overview` FROM `cmf_product` ORDER BY `list_order` ASC,`create_time` DESC LIMIT 0,12 [ RunTime:0.000847s ]
[2026-06-12T16:27:59+08:00][sql] SHOW FULL COLUMNS FROM `cmf_slide_item` [ RunTime:0.001757s ]
[2026-06-12T16:27:59+08:00][sql] SELECT `title`,`description`,`image` FROM `cmf_slide_item` WHERE  `slide_id` = 2  AND `status` = 1 ORDER BY `list_order` ASC,`id` DESC LIMIT 1 [ RunTime:0.000618s ]
[2026-06-12T16:27:59+08:00][sql] SELECT `option_value` FROM `cmf_option` WHERE  `option_name` = 'storage' LIMIT 1 [ RunTime:0.000254s ]
[2026-06-12T16:27:59+08:00][sql] SELECT `option_value` FROM `cmf_option` WHERE  `option_name` = 'product_category_faq_settings' LIMIT 1 [ RunTime:0.000271s ]
[2026-06-12T16:27:59+08:00][sql] SHOW FULL COLUMNS FROM `cmf_portal_post` [ RunTime:0.001316s ]
[2026-06-12T16:27:59+08:00][sql] SELECT `id`,`post_title`,`post_excerpt`,`more` FROM `cmf_portal_post` WHERE (  `post_type` = 3 ) AND `cmf_portal_post`.`delete_time` = '0' ORDER BY `create_time` DESC [ RunTime:0.000573s ]
[2026-06-12T16:27:59+08:00][sql] SHOW FULL COLUMNS FROM `cmf_theme_file` [ RunTime:0.000974s ]
[2026-06-12T16:27:59+08:00][sql] SELECT `more`,`file`,`id` FROM `cmf_theme_file` WHERE  `theme` = 'simpleboot3'  AND (  `is_public` = 1 OR `file` = 'portal/product' ) ORDER BY `is_public` DESC [ RunTime:0.000411s ]
[2026-06-12T16:27:59+08:00][sql] SHOW FULL COLUMNS FROM `cmf_route` [ RunTime:0.001384s ]
[2026-06-12T16:27:59+08:00][sql] SELECT * FROM `cmf_route` WHERE  `status` = 1 ORDER BY `list_order` ASC [ RunTime:0.000655s ]
[2026-06-12T16:28:03+08:00][sql] CONNECT:[ UseTime:0.001496s ] mysql:host=127.0.0.1;port=3306;dbname=nucleon;charset=utf8mb4
[2026-06-12T16:28:03+08:00][sql] SHOW FULL COLUMNS FROM `cmf_option` [ RunTime:0.002038s ]
[2026-06-12T16:28:03+08:00][sql] SELECT `option_value` FROM `cmf_option` WHERE  `option_name` = 'cdn_settings' LIMIT 1 [ RunTime:0.000297s ]
[2026-06-12T16:28:03+08:00][sql] SELECT `option_value` FROM `cmf_option` WHERE  `option_name` = 'cdn_settings' LIMIT 1 [ RunTime:0.000377s ]
[2026-06-12T16:28:03+08:00][sql] SHOW FULL COLUMNS FROM `cmf_product_category` [ RunTime:0.001214s ]
[2026-06-12T16:28:03+08:00][sql] SELECT * FROM `cmf_product_category` WHERE  `parent_id` = 0 ORDER BY `list_order` ASC,`create_time` DESC [ RunTime:0.000358s ]
[2026-06-12T16:28:03+08:00][sql] SELECT * FROM `cmf_product_category` WHERE  `parent_id` IN (28,19,22,23,25,30,27) [ RunTime:0.000358s ]
[2026-06-12T16:28:03+08:00][sql] SHOW FULL COLUMNS FROM `cmf_portal_category` [ RunTime:0.002182s ]
[2026-06-12T16:28:03+08:00][sql] SELECT * FROM `cmf_portal_category` WHERE (  `type` = 8 ) AND `cmf_portal_category`.`delete_time` = '0' ORDER BY `list_order` ASC [ RunTime:0.000382s ]
[2026-06-12T16:28:03+08:00][sql] SHOW FULL COLUMNS FROM `cmf_product` [ RunTime:0.001593s ]
[2026-06-12T16:28:03+08:00][sql] SELECT COUNT(*) AS think_count FROM `cmf_product` WHERE  `category_id` = 28 LIMIT 1 [ RunTime:0.000471s ]
[2026-06-12T16:28:03+08:00][sql] SELECT COUNT(*) AS think_count FROM `cmf_product` WHERE  `category_id` = 19 LIMIT 1 [ RunTime:0.000377s ]
[2026-06-12T16:28:03+08:00][sql] SELECT COUNT(*) AS think_count FROM `cmf_product` WHERE  `category_id` = 22 LIMIT 1 [ RunTime:0.000258s ]
[2026-06-12T16:28:03+08:00][sql] SELECT COUNT(*) AS think_count FROM `cmf_product` WHERE  `category_id` = 23 LIMIT 1 [ RunTime:0.000260s ]
[2026-06-12T16:28:03+08:00][sql] SELECT COUNT(*) AS think_count FROM `cmf_product` WHERE  `category_id` = 25 LIMIT 1 [ RunTime:0.000219s ]
[2026-06-12T16:28:03+08:00][sql] SELECT COUNT(*) AS think_count FROM `cmf_product` WHERE  `category_id` = 30 LIMIT 1 [ RunTime:0.000221s ]
[2026-06-12T16:28:03+08:00][sql] SELECT COUNT(*) AS think_count FROM `cmf_product` WHERE  `category_id` = 27 LIMIT 1 [ RunTime:0.000227s ]
[2026-06-12T16:28:03+08:00][sql] SELECT COUNT(*) AS think_count FROM `cmf_product` LIMIT 1 [ RunTime:0.000214s ]
[2026-06-12T16:28:03+08:00][sql] SELECT `id`,`category_id`,`title`,`thumbnail`,`industry`,`overview` FROM `cmf_product` ORDER BY `list_order` ASC,`create_time` DESC LIMIT 0,12 [ RunTime:0.000877s ]
[2026-06-12T16:28:03+08:00][sql] SHOW FULL COLUMNS FROM `cmf_slide_item` [ RunTime:0.002056s ]
[2026-06-12T16:28:03+08:00][sql] SELECT `title`,`description`,`image` FROM `cmf_slide_item` WHERE  `slide_id` = 2  AND `status` = 1 ORDER BY `list_order` ASC,`id` DESC LIMIT 1 [ RunTime:0.000730s ]
[2026-06-12T16:28:03+08:00][sql] SELECT `option_value` FROM `cmf_option` WHERE  `option_name` = 'storage' LIMIT 1 [ RunTime:0.000559s ]
[2026-06-12T16:28:03+08:00][sql] SHOW FULL COLUMNS FROM `cmf_portal_post` [ RunTime:0.001866s ]
[2026-06-12T16:28:03+08:00][sql] SELECT `id`,`post_title`,`post_excerpt`,`more` FROM `cmf_portal_post` WHERE (  `post_type` = 3 ) AND `cmf_portal_post`.`delete_time` = '0' ORDER BY `create_time` DESC [ RunTime:0.000635s ]
[2026-06-12T16:28:03+08:00][sql] SHOW FULL COLUMNS FROM `cmf_theme_file` [ RunTime:0.001125s ]
[2026-06-12T16:28:03+08:00][sql] SELECT `more`,`file`,`id` FROM `cmf_theme_file` WHERE  `theme` = 'simpleboot3'  AND (  `is_public` = 1 OR `file` = 'portal/product' ) ORDER BY `is_public` DESC [ RunTime:0.000348s ]
[2026-06-12T16:28:20+08:00][sql] CONNECT:[ UseTime:0.001043s ] mysql:host=127.0.0.1;port=3306;dbname=nucleon;charset=utf8mb4
[2026-06-12T16:28:20+08:00][sql] SHOW FULL COLUMNS FROM `cmf_option` [ RunTime:0.001624s ]
[2026-06-12T16:28:20+08:00][sql] SELECT `option_value` FROM `cmf_option` WHERE  `option_name` = 'cdn_settings' LIMIT 1 [ RunTime:0.000298s ]
[2026-06-12T16:28:20+08:00][sql] SELECT `option_value` FROM `cmf_option` WHERE  `option_name` = 'cdn_settings' LIMIT 1 [ RunTime:0.000327s ]
[2026-06-12T16:28:20+08:00][sql] SHOW FULL COLUMNS FROM `cmf_product_category` [ RunTime:0.001129s ]
[2026-06-12T16:28:20+08:00][sql] SELECT * FROM `cmf_product_category` WHERE  `parent_id` = 0 ORDER BY `list_order` ASC,`create_time` DESC [ RunTime:0.000318s ]
[2026-06-12T16:28:20+08:00][sql] SELECT * FROM `cmf_product_category` WHERE  `parent_id` IN (28,19,22,23,25,30,27) [ RunTime:0.000308s ]
[2026-06-12T16:28:20+08:00][sql] SHOW FULL COLUMNS FROM `cmf_portal_category` [ RunTime:0.001575s ]
[2026-06-12T16:28:20+08:00][sql] SELECT * FROM `cmf_portal_category` WHERE (  `type` = 8 ) AND `cmf_portal_category`.`delete_time` = '0' ORDER BY `list_order` ASC [ RunTime:0.000401s ]
[2026-06-12T16:28:20+08:00][sql] SELECT * FROM `cmf_product_category` WHERE  `id` = 19 LIMIT 1 [ RunTime:0.000287s ]
[2026-06-12T16:28:20+08:00][sql] SHOW FULL COLUMNS FROM `cmf_product` [ RunTime:0.001278s ]
[2026-06-12T16:28:20+08:00][sql] SELECT COUNT(*) AS think_count FROM `cmf_product` WHERE  `category_id` = 28 LIMIT 1 [ RunTime:0.000308s ]
[2026-06-12T16:28:20+08:00][sql] SELECT COUNT(*) AS think_count FROM `cmf_product` WHERE  `category_id` = 19 LIMIT 1 [ RunTime:0.000281s ]
[2026-06-12T16:28:20+08:00][sql] SELECT COUNT(*) AS think_count FROM `cmf_product` WHERE  `category_id` = 22 LIMIT 1 [ RunTime:0.000238s ]
[2026-06-12T16:28:20+08:00][sql] SELECT COUNT(*) AS think_count FROM `cmf_product` WHERE  `category_id` = 23 LIMIT 1 [ RunTime:0.000231s ]
[2026-06-12T16:28:20+08:00][sql] SELECT COUNT(*) AS think_count FROM `cmf_product` WHERE  `category_id` = 25 LIMIT 1 [ RunTime:0.000211s ]
[2026-06-12T16:28:20+08:00][sql] SELECT COUNT(*) AS think_count FROM `cmf_product` WHERE  `category_id` = 30 LIMIT 1 [ RunTime:0.000249s ]
[2026-06-12T16:28:20+08:00][sql] SELECT COUNT(*) AS think_count FROM `cmf_product` WHERE  `category_id` = 27 LIMIT 1 [ RunTime:0.000247s ]
[2026-06-12T16:28:20+08:00][sql] SELECT COUNT(*) AS think_count FROM `cmf_product` WHERE  `category_id` = 19 LIMIT 1 [ RunTime:0.000264s ]
[2026-06-12T16:28:20+08:00][sql] SELECT `id`,`category_id`,`title`,`thumbnail`,`industry`,`overview` FROM `cmf_product` WHERE  `category_id` = 19 ORDER BY `list_order` ASC,`create_time` DESC LIMIT 0,12 [ RunTime:0.000469s ]
[2026-06-12T16:28:20+08:00][sql] SHOW FULL COLUMNS FROM `cmf_slide_item` [ RunTime:0.001015s ]
[2026-06-12T16:28:20+08:00][sql] SELECT `title`,`description`,`image` FROM `cmf_slide_item` WHERE  `slide_id` = 2  AND `status` = 1 ORDER BY `list_order` ASC,`id` DESC LIMIT 1 [ RunTime:0.000349s ]
[2026-06-12T16:28:20+08:00][sql] SELECT `option_value` FROM `cmf_option` WHERE  `option_name` = 'storage' LIMIT 1 [ RunTime:0.000244s ]
[2026-06-12T16:28:20+08:00][sql] SHOW FULL COLUMNS FROM `cmf_portal_post` [ RunTime:0.001157s ]
[2026-06-12T16:28:20+08:00][sql] SELECT `id`,`post_title`,`post_excerpt`,`more` FROM `cmf_portal_post` WHERE (  `post_type` = 3 ) AND `cmf_portal_post`.`delete_time` = '0' ORDER BY `create_time` DESC [ RunTime:0.000492s ]
[2026-06-12T16:28:20+08:00][sql] SHOW FULL COLUMNS FROM `cmf_theme_file` [ RunTime:0.001256s ]
[2026-06-12T16:28:20+08:00][sql] SELECT `more`,`file`,`id` FROM `cmf_theme_file` WHERE  `theme` = 'simpleboot3'  AND (  `is_public` = 1 OR `file` = 'portal/product' ) ORDER BY `is_public` DESC [ RunTime:0.000422s ]
[2026-06-12T16:28:24+08:00][sql] CONNECT:[ UseTime:0.001092s ] mysql:host=127.0.0.1;port=3306;dbname=nucleon;charset=utf8mb4
[2026-06-12T16:28:24+08:00][sql] SHOW FULL COLUMNS FROM `cmf_option` [ RunTime:0.001282s ]
[2026-06-12T16:28:24+08:00][sql] SELECT `option_value` FROM `cmf_option` WHERE  `option_name` = 'cdn_settings' LIMIT 1 [ RunTime:0.000265s ]
[2026-06-12T16:28:24+08:00][sql] SELECT `option_value` FROM `cmf_option` WHERE  `option_name` = 'cdn_settings' LIMIT 1 [ RunTime:0.000273s ]
[2026-06-12T16:28:24+08:00][sql] SHOW FULL COLUMNS FROM `cmf_product_category` [ RunTime:0.001047s ]
[2026-06-12T16:28:24+08:00][sql] SELECT * FROM `cmf_product_category` WHERE  `parent_id` = 0 ORDER BY `list_order` ASC,`create_time` DESC [ RunTime:0.000330s ]
[2026-06-12T16:28:24+08:00][sql] SELECT * FROM `cmf_product_category` WHERE  `parent_id` IN (28,19,22,23,25,30,27) [ RunTime:0.000284s ]
[2026-06-12T16:28:24+08:00][sql] SHOW FULL COLUMNS FROM `cmf_portal_category` [ RunTime:0.001080s ]
[2026-06-12T16:28:24+08:00][sql] SELECT * FROM `cmf_portal_category` WHERE (  `type` = 8 ) AND `cmf_portal_category`.`delete_time` = '0' ORDER BY `list_order` ASC [ RunTime:0.001114s ]
[2026-06-12T16:28:24+08:00][sql] SHOW FULL COLUMNS FROM `cmf_slide_item` [ RunTime:0.001113s ]
[2026-06-12T16:28:24+08:00][sql] SELECT `title`,`description`,`image`,`url`,`target`,`content` FROM `cmf_slide_item` WHERE  `slide_id` = 1 ORDER BY `list_order` ASC [ RunTime:0.000328s ]
[2026-06-12T16:28:24+08:00][sql] SHOW FULL COLUMNS FROM `cmf_slide` [ RunTime:0.000941s ]
[2026-06-12T16:28:24+08:00][sql] SELECT * FROM `cmf_slide` WHERE  `name` LIKE '%choose%' OR `name` LIKE '%选择%' LIMIT 1 [ RunTime:0.000414s ]
[2026-06-12T16:28:24+08:00][sql] SELECT `title`,`description`,`image`,`url`,`target`,`content` FROM `cmf_slide_item` WHERE  `slide_id` = 14  AND `status` = 1 ORDER BY `list_order` ASC [ RunTime:0.000332s ]
[2026-06-12T16:28:24+08:00][sql] SELECT * FROM `cmf_product_category` WHERE  `parent_id` = 0  AND `recommend` = 1 ORDER BY `list_order` ASC,`create_time` DESC [ RunTime:0.000318s ]
[2026-06-12T16:28:24+08:00][sql] SHOW FULL COLUMNS FROM `cmf_product` [ RunTime:0.001250s ]
[2026-06-12T16:28:24+08:00][sql] SELECT `id`,`title`,`thumbnail`,`industry` FROM `cmf_product` WHERE  `is_recommended` = 1  AND `category_id` = 28 ORDER BY `list_order` ASC LIMIT 6 [ RunTime:0.000608s ]
[2026-06-12T16:28:24+08:00][sql] SELECT `id`,`title`,`thumbnail`,`industry` FROM `cmf_product` WHERE  `is_recommended` = 1  AND `category_id` = 19 ORDER BY `list_order` ASC LIMIT 6 [ RunTime:0.000358s ]
[2026-06-12T16:28:24+08:00][sql] SELECT `id`,`title`,`thumbnail`,`industry` FROM `cmf_product` WHERE  `is_recommended` = 1  AND `category_id` = 23 ORDER BY `list_order` ASC LIMIT 6 [ RunTime:0.000368s ]
[2026-06-12T16:28:24+08:00][sql] SELECT `id`,`title`,`thumbnail`,`industry` FROM `cmf_product` WHERE  `is_recommended` = 1  AND `category_id` = 25 ORDER BY `list_order` ASC LIMIT 6 [ RunTime:0.000290s ]
[2026-06-12T16:28:24+08:00][sql] SELECT `id`,`title`,`thumbnail`,`industry` FROM `cmf_product` WHERE  `is_recommended` = 1  AND `category_id` = 30 ORDER BY `list_order` ASC LIMIT 6 [ RunTime:0.000280s ]
[2026-06-12T16:28:24+08:00][sql] SELECT `option_value` FROM `cmf_option` WHERE  `option_name` = 'index_setting' LIMIT 1 [ RunTime:0.000237s ]
[2026-06-12T16:28:24+08:00][sql] SELECT `option_value` FROM `cmf_option` WHERE  `option_name` = 'about_site' LIMIT 1 [ RunTime:0.000317s ]
[2026-06-12T16:28:24+08:00][sql] SHOW FULL COLUMNS FROM `cmf_portal_post` [ RunTime:0.001801s ]
[2026-06-12T16:28:24+08:00][sql] SELECT `p`.`id`,`p`.`post_title`,`p`.`post_excerpt`,`p`.`thumbnail`,`p`.`create_time`,`c`.`category_id` FROM `cmf_portal_post` `p` INNER JOIN `cmf_portal_category_post` `c` ON `p`.`id`=`c`.`post_id` WHERE (  `p`.`post_type` = '8' ) AND `p`.`delete_time` = '0' ORDER BY `c`.`list_order` ASC,`p`.`create_time` DESC [ RunTime:0.001189s ]
[2026-06-12T16:28:24+08:00][sql] SELECT `id`,`post_title`,`post_excerpt`,`more` FROM `cmf_portal_post` WHERE (  `post_type` = 3 ) AND `cmf_portal_post`.`delete_time` = '0' ORDER BY `create_time` DESC [ RunTime:0.000430s ]
[2026-06-12T16:28:24+08:00][sql] SHOW FULL COLUMNS FROM `cmf_theme_file` [ RunTime:0.001058s ]
[2026-06-12T16:28:24+08:00][sql] SELECT `more`,`file`,`id` FROM `cmf_theme_file` WHERE  `theme` = 'simpleboot3'  AND (  `is_public` = 1 OR `file` = 'portal/index' ) ORDER BY `is_public` DESC [ RunTime:0.000492s ]
[2026-06-12T16:28:24+08:00][sql] SELECT `option_value` FROM `cmf_option` WHERE  `option_name` = 'storage' LIMIT 1 [ RunTime:0.000433s ]
[2026-06-12T16:28:27+08:00][sql] CONNECT:[ UseTime:0.001010s ] mysql:host=127.0.0.1;port=3306;dbname=nucleon;charset=utf8mb4
[2026-06-12T16:28:27+08:00][sql] SHOW FULL COLUMNS FROM `cmf_option` [ RunTime:0.001498s ]
[2026-06-12T16:28:27+08:00][sql] SELECT `option_value` FROM `cmf_option` WHERE  `option_name` = 'cdn_settings' LIMIT 1 [ RunTime:0.000738s ]
[2026-06-12T16:28:27+08:00][sql] SELECT `option_value` FROM `cmf_option` WHERE  `option_name` = 'cdn_settings' LIMIT 1 [ RunTime:0.000404s ]
[2026-06-12T16:28:27+08:00][sql] SHOW FULL COLUMNS FROM `cmf_product_category` [ RunTime:0.001269s ]
[2026-06-12T16:28:27+08:00][sql] SELECT * FROM `cmf_product_category` WHERE  `parent_id` = 0 ORDER BY `list_order` ASC,`create_time` DESC [ RunTime:0.000370s ]
[2026-06-12T16:28:27+08:00][sql] SELECT * FROM `cmf_product_category` WHERE  `parent_id` IN (28,19,22,23,25,30,27) [ RunTime:0.000333s ]
[2026-06-12T16:28:27+08:00][sql] SHOW FULL COLUMNS FROM `cmf_portal_category` [ RunTime:0.001733s ]
[2026-06-12T16:28:27+08:00][sql] SELECT * FROM `cmf_portal_category` WHERE (  `type` = 8 ) AND `cmf_portal_category`.`delete_time` = '0' ORDER BY `list_order` ASC [ RunTime:0.000426s ]
[2026-06-12T16:28:27+08:00][sql] SHOW FULL COLUMNS FROM `cmf_slide_item` [ RunTime:0.001206s ]
[2026-06-12T16:28:27+08:00][sql] SELECT `title`,`description`,`image`,`url`,`target`,`content` FROM `cmf_slide_item` WHERE  `slide_id` = 1 ORDER BY `list_order` ASC [ RunTime:0.000388s ]
[2026-06-12T16:28:27+08:00][sql] SHOW FULL COLUMNS FROM `cmf_slide` [ RunTime:0.000944s ]
[2026-06-12T16:28:27+08:00][sql] SELECT * FROM `cmf_slide` WHERE  `name` LIKE '%choose%' OR `name` LIKE '%选择%' LIMIT 1 [ RunTime:0.000430s ]
[2026-06-12T16:28:27+08:00][sql] SELECT `title`,`description`,`image`,`url`,`target`,`content` FROM `cmf_slide_item` WHERE  `slide_id` = 14  AND `status` = 1 ORDER BY `list_order` ASC [ RunTime:0.000438s ]
[2026-06-12T16:28:27+08:00][sql] SELECT * FROM `cmf_product_category` WHERE  `parent_id` = 0  AND `recommend` = 1 ORDER BY `list_order` ASC,`create_time` DESC [ RunTime:0.000427s ]
[2026-06-12T16:28:27+08:00][sql] SHOW FULL COLUMNS FROM `cmf_product` [ RunTime:0.001586s ]
[2026-06-12T16:28:27+08:00][sql] SELECT `id`,`title`,`thumbnail`,`industry` FROM `cmf_product` WHERE  `is_recommended` = 1  AND `category_id` = 28 ORDER BY `list_order` ASC LIMIT 6 [ RunTime:0.000609s ]
[2026-06-12T16:28:27+08:00][sql] SELECT `id`,`title`,`thumbnail`,`industry` FROM `cmf_product` WHERE  `is_recommended` = 1  AND `category_id` = 19 ORDER BY `list_order` ASC LIMIT 6 [ RunTime:0.000452s ]
[2026-06-12T16:28:27+08:00][sql] SELECT `id`,`title`,`thumbnail`,`industry` FROM `cmf_product` WHERE  `is_recommended` = 1  AND `category_id` = 23 ORDER BY `list_order` ASC LIMIT 6 [ RunTime:0.000483s ]
[2026-06-12T16:28:27+08:00][sql] SELECT `id`,`title`,`thumbnail`,`industry` FROM `cmf_product` WHERE  `is_recommended` = 1  AND `category_id` = 25 ORDER BY `list_order` ASC LIMIT 6 [ RunTime:0.000339s ]
[2026-06-12T16:28:27+08:00][sql] SELECT `id`,`title`,`thumbnail`,`industry` FROM `cmf_product` WHERE  `is_recommended` = 1  AND `category_id` = 30 ORDER BY `list_order` ASC LIMIT 6 [ RunTime:0.000313s ]
[2026-06-12T16:28:27+08:00][sql] SHOW FULL COLUMNS FROM `cmf_portal_post` [ RunTime:0.002874s ]
[2026-06-12T16:28:27+08:00][sql] SELECT `p`.`id`,`p`.`post_title`,`p`.`post_excerpt`,`p`.`thumbnail`,`p`.`create_time`,`c`.`category_id` FROM `cmf_portal_post` `p` INNER JOIN `cmf_portal_category_post` `c` ON `p`.`id`=`c`.`post_id` WHERE (  `p`.`post_type` = '8' ) AND `p`.`delete_time` = '0' ORDER BY `c`.`list_order` ASC,`p`.`create_time` DESC [ RunTime:0.001201s ]
[2026-06-12T16:28:27+08:00][sql] SELECT `id`,`post_title`,`post_excerpt`,`more` FROM `cmf_portal_post` WHERE (  `post_type` = 3 ) AND `cmf_portal_post`.`delete_time` = '0' ORDER BY `create_time` DESC [ RunTime:0.000462s ]
[2026-06-12T16:28:27+08:00][sql] SHOW FULL COLUMNS FROM `cmf_theme_file` [ RunTime:0.001353s ]
[2026-06-12T16:28:27+08:00][sql] SELECT `more`,`file`,`id` FROM `cmf_theme_file` WHERE  `theme` = 'simpleboot3'  AND (  `is_public` = 1 OR `file` = 'portal/index' ) ORDER BY `is_public` DESC [ RunTime:0.000384s ]
[2026-06-12T16:28:27+08:00][sql] SELECT `option_value` FROM `cmf_option` WHERE  `option_name` = 'storage' LIMIT 1 [ RunTime:0.000850s ]
[2026-06-12T16:28:37+08:00][sql] CONNECT:[ UseTime:0.001235s ] mysql:host=127.0.0.1;port=3306;dbname=nucleon;charset=utf8mb4
[2026-06-12T16:28:37+08:00][sql] SHOW FULL COLUMNS FROM `cmf_option` [ RunTime:0.001377s ]
[2026-06-12T16:28:37+08:00][sql] SELECT `option_value` FROM `cmf_option` WHERE  `option_name` = 'cdn_settings' LIMIT 1 [ RunTime:0.000264s ]
[2026-06-12T16:28:37+08:00][sql] SELECT `option_value` FROM `cmf_option` WHERE  `option_name` = 'cdn_settings' LIMIT 1 [ RunTime:0.000308s ]
[2026-06-12T16:28:37+08:00][sql] SHOW FULL COLUMNS FROM `cmf_product_category` [ RunTime:0.001109s ]
[2026-06-12T16:28:37+08:00][sql] SELECT * FROM `cmf_product_category` WHERE  `parent_id` = 0 ORDER BY `list_order` ASC,`create_time` DESC [ RunTime:0.000330s ]
[2026-06-12T16:28:37+08:00][sql] SELECT * FROM `cmf_product_category` WHERE  `parent_id` IN (28,19,22,23,25,30,27) [ RunTime:0.000308s ]
[2026-06-12T16:28:37+08:00][sql] SHOW FULL COLUMNS FROM `cmf_portal_category` [ RunTime:0.001146s ]
[2026-06-12T16:28:37+08:00][sql] SELECT * FROM `cmf_portal_category` WHERE (  `type` = 8 ) AND `cmf_portal_category`.`delete_time` = '0' ORDER BY `list_order` ASC [ RunTime:0.000341s ]
[2026-06-12T16:28:37+08:00][sql] SHOW FULL COLUMNS FROM `cmf_product` [ RunTime:0.001473s ]
[2026-06-12T16:28:37+08:00][sql] SELECT COUNT(*) AS think_count FROM `cmf_product` WHERE  `category_id` = 28 LIMIT 1 [ RunTime:0.000330s ]
[2026-06-12T16:28:37+08:00][sql] SELECT COUNT(*) AS think_count FROM `cmf_product` WHERE  `category_id` = 19 LIMIT 1 [ RunTime:0.000275s ]
[2026-06-12T16:28:37+08:00][sql] SELECT COUNT(*) AS think_count FROM `cmf_product` WHERE  `category_id` = 22 LIMIT 1 [ RunTime:0.000214s ]
[2026-06-12T16:28:37+08:00][sql] SELECT COUNT(*) AS think_count FROM `cmf_product` WHERE  `category_id` = 23 LIMIT 1 [ RunTime:0.000488s ]
[2026-06-12T16:28:37+08:00][sql] SELECT COUNT(*) AS think_count FROM `cmf_product` WHERE  `category_id` = 25 LIMIT 1 [ RunTime:0.000287s ]
[2026-06-12T16:28:37+08:00][sql] SELECT COUNT(*) AS think_count FROM `cmf_product` WHERE  `category_id` = 30 LIMIT 1 [ RunTime:0.000261s ]
[2026-06-12T16:28:37+08:00][sql] SELECT COUNT(*) AS think_count FROM `cmf_product` WHERE  `category_id` = 27 LIMIT 1 [ RunTime:0.000260s ]
[2026-06-12T16:28:37+08:00][sql] SELECT COUNT(*) AS think_count FROM `cmf_product` LIMIT 1 [ RunTime:0.000213s ]
[2026-06-12T16:28:37+08:00][sql] SELECT `id`,`category_id`,`title`,`thumbnail`,`industry`,`overview` FROM `cmf_product` ORDER BY `list_order` ASC,`create_time` DESC LIMIT 0,12 [ RunTime:0.000758s ]
[2026-06-12T16:28:37+08:00][sql] SHOW FULL COLUMNS FROM `cmf_slide_item` [ RunTime:0.001387s ]
[2026-06-12T16:28:37+08:00][sql] SELECT `title`,`description`,`image` FROM `cmf_slide_item` WHERE  `slide_id` = 2  AND `status` = 1 ORDER BY `list_order` ASC,`id` DESC LIMIT 1 [ RunTime:0.000517s ]
[2026-06-12T16:28:37+08:00][sql] SELECT `option_value` FROM `cmf_option` WHERE  `option_name` = 'storage' LIMIT 1 [ RunTime:0.000351s ]
[2026-06-12T16:28:37+08:00][sql] SHOW FULL COLUMNS FROM `cmf_portal_post` [ RunTime:0.001618s ]
[2026-06-12T16:28:37+08:00][sql] SELECT `id`,`post_title`,`post_excerpt`,`more` FROM `cmf_portal_post` WHERE (  `post_type` = 3 ) AND `cmf_portal_post`.`delete_time` = '0' ORDER BY `create_time` DESC [ RunTime:0.000675s ]
[2026-06-12T16:28:37+08:00][sql] SHOW FULL COLUMNS FROM `cmf_theme_file` [ RunTime:0.001445s ]
[2026-06-12T16:28:37+08:00][sql] SELECT `more`,`file`,`id` FROM `cmf_theme_file` WHERE  `theme` = 'simpleboot3'  AND (  `is_public` = 1 OR `file` = 'portal/product' ) ORDER BY `is_public` DESC [ RunTime:0.000408s ]
[2026-06-12T16:28:38+08:00][sql] CONNECT:[ UseTime:0.000838s ] mysql:host=127.0.0.1;port=3306;dbname=nucleon;charset=utf8mb4
[2026-06-12T16:28:38+08:00][sql] SHOW FULL COLUMNS FROM `cmf_option` [ RunTime:0.001349s ]
[2026-06-12T16:28:38+08:00][sql] SELECT `option_value` FROM `cmf_option` WHERE  `option_name` = 'cdn_settings' LIMIT 1 [ RunTime:0.000293s ]
[2026-06-12T16:28:38+08:00][sql] SELECT `option_value` FROM `cmf_option` WHERE  `option_name` = 'cdn_settings' LIMIT 1 [ RunTime:0.000502s ]
[2026-06-12T16:28:38+08:00][sql] SHOW FULL COLUMNS FROM `cmf_product_category` [ RunTime:0.001225s ]
[2026-06-12T16:28:38+08:00][sql] SELECT * FROM `cmf_product_category` WHERE  `parent_id` = 0 ORDER BY `list_order` ASC,`create_time` DESC [ RunTime:0.000343s ]
[2026-06-12T16:28:38+08:00][sql] SELECT * FROM `cmf_product_category` WHERE  `parent_id` IN (28,19,22,23,25,30,27) [ RunTime:0.000323s ]
[2026-06-12T16:28:38+08:00][sql] SHOW FULL COLUMNS FROM `cmf_portal_category` [ RunTime:0.001180s ]
[2026-06-12T16:28:38+08:00][sql] SELECT * FROM `cmf_portal_category` WHERE (  `type` = 8 ) AND `cmf_portal_category`.`delete_time` = '0' ORDER BY `list_order` ASC [ RunTime:0.000492s ]
[2026-06-12T16:28:38+08:00][sql] SELECT * FROM `cmf_product_category` WHERE  `id` = 28 LIMIT 1 [ RunTime:0.000282s ]
[2026-06-12T16:28:38+08:00][sql] SHOW FULL COLUMNS FROM `cmf_product` [ RunTime:0.001257s ]
[2026-06-12T16:28:38+08:00][sql] SELECT COUNT(*) AS think_count FROM `cmf_product` WHERE  `category_id` = 28 LIMIT 1 [ RunTime:0.000288s ]
[2026-06-12T16:28:38+08:00][sql] SELECT COUNT(*) AS think_count FROM `cmf_product` WHERE  `category_id` = 19 LIMIT 1 [ RunTime:0.000279s ]
[2026-06-12T16:28:38+08:00][sql] SELECT COUNT(*) AS think_count FROM `cmf_product` WHERE  `category_id` = 22 LIMIT 1 [ RunTime:0.000243s ]
[2026-06-12T16:28:38+08:00][sql] SELECT COUNT(*) AS think_count FROM `cmf_product` WHERE  `category_id` = 23 LIMIT 1 [ RunTime:0.000260s ]
[2026-06-12T16:28:38+08:00][sql] SELECT COUNT(*) AS think_count FROM `cmf_product` WHERE  `category_id` = 25 LIMIT 1 [ RunTime:0.000265s ]
[2026-06-12T16:28:38+08:00][sql] SELECT COUNT(*) AS think_count FROM `cmf_product` WHERE  `category_id` = 30 LIMIT 1 [ RunTime:0.000282s ]
[2026-06-12T16:28:38+08:00][sql] SELECT COUNT(*) AS think_count FROM `cmf_product` WHERE  `category_id` = 27 LIMIT 1 [ RunTime:0.000247s ]
[2026-06-12T16:28:38+08:00][sql] SELECT COUNT(*) AS think_count FROM `cmf_product` WHERE  `category_id` = 28 LIMIT 1 [ RunTime:0.000286s ]
[2026-06-12T16:28:38+08:00][sql] SELECT `id`,`category_id`,`title`,`thumbnail`,`industry`,`overview` FROM `cmf_product` WHERE  `category_id` = 28 ORDER BY `list_order` ASC,`create_time` DESC LIMIT 0,12 [ RunTime:0.000763s ]
[2026-06-12T16:28:38+08:00][sql] SHOW FULL COLUMNS FROM `cmf_slide_item` [ RunTime:0.002584s ]
[2026-06-12T16:28:38+08:00][sql] SELECT `title`,`description`,`image` FROM `cmf_slide_item` WHERE  `slide_id` = 2  AND `status` = 1 ORDER BY `list_order` ASC,`id` DESC LIMIT 1 [ RunTime:0.000588s ]
[2026-06-12T16:28:38+08:00][sql] SELECT `option_value` FROM `cmf_option` WHERE  `option_name` = 'storage' LIMIT 1 [ RunTime:0.000255s ]
[2026-06-12T16:28:38+08:00][sql] SHOW FULL COLUMNS FROM `cmf_portal_post` [ RunTime:0.001414s ]
[2026-06-12T16:28:38+08:00][sql] SELECT `id`,`post_title`,`post_excerpt`,`more` FROM `cmf_portal_post` WHERE (  `post_type` = 3 ) AND `cmf_portal_post`.`delete_time` = '0' ORDER BY `create_time` DESC [ RunTime:0.000422s ]
[2026-06-12T16:28:38+08:00][sql] SHOW FULL COLUMNS FROM `cmf_theme_file` [ RunTime:0.000959s ]
[2026-06-12T16:28:38+08:00][sql] SELECT `more`,`file`,`id` FROM `cmf_theme_file` WHERE  `theme` = 'simpleboot3'  AND (  `is_public` = 1 OR `file` = 'portal/product' ) ORDER BY `is_public` DESC [ RunTime:0.000333s ]
[2026-06-12T16:28:40+08:00][sql] CONNECT:[ UseTime:0.000891s ] mysql:host=127.0.0.1;port=3306;dbname=nucleon;charset=utf8mb4
[2026-06-12T16:28:40+08:00][sql] SHOW FULL COLUMNS FROM `cmf_option` [ RunTime:0.002341s ]
[2026-06-12T16:28:40+08:00][sql] SELECT `option_value` FROM `cmf_option` WHERE  `option_name` = 'cdn_settings' LIMIT 1 [ RunTime:0.000359s ]
[2026-06-12T16:28:40+08:00][sql] SELECT `option_value` FROM `cmf_option` WHERE  `option_name` = 'cdn_settings' LIMIT 1 [ RunTime:0.000437s ]
[2026-06-12T16:28:40+08:00][sql] SHOW FULL COLUMNS FROM `cmf_product_category` [ RunTime:0.001288s ]
[2026-06-12T16:28:40+08:00][sql] SELECT * FROM `cmf_product_category` WHERE  `parent_id` = 0 ORDER BY `list_order` ASC,`create_time` DESC [ RunTime:0.000337s ]
[2026-06-12T16:28:40+08:00][sql] SELECT * FROM `cmf_product_category` WHERE  `parent_id` IN (28,19,22,23,25,30,27) [ RunTime:0.000314s ]
[2026-06-12T16:28:40+08:00][sql] SHOW FULL COLUMNS FROM `cmf_portal_category` [ RunTime:0.001163s ]
[2026-06-12T16:28:40+08:00][sql] SELECT * FROM `cmf_portal_category` WHERE (  `type` = 8 ) AND `cmf_portal_category`.`delete_time` = '0' ORDER BY `list_order` ASC [ RunTime:0.000314s ]
[2026-06-12T16:28:40+08:00][sql] SHOW FULL COLUMNS FROM `cmf_product` [ RunTime:0.003014s ]
[2026-06-12T16:28:40+08:00][sql] SELECT * FROM `cmf_product` WHERE  `id` = 62 LIMIT 1 [ RunTime:0.001117s ]
[2026-06-12T16:28:40+08:00][sql] SELECT * FROM `cmf_product_category` WHERE  `id` = 28 LIMIT 1 [ RunTime:0.000430s ]
[2026-06-12T16:28:40+08:00][sql] SELECT `option_value` FROM `cmf_option` WHERE  `option_name` = 'product_setting' LIMIT 1 [ RunTime:0.000580s ]
[2026-06-12T16:28:40+08:00][sql] SELECT `id`,`title`,`industry`,`thumbnail` FROM `cmf_product` WHERE  `id` <> 62  AND `is_recommended` = 1  AND `category_id` = 28 ORDER BY RAND() LIMIT 4 [ RunTime:0.001078s ]
[2026-06-12T16:28:40+08:00][sql] SHOW FULL COLUMNS FROM `cmf_slide_item` [ RunTime:0.001266s ]
[2026-06-12T16:28:40+08:00][sql] SELECT `title`,`description`,`image` FROM `cmf_slide_item` WHERE  `slide_id` = 2  AND `status` = 1 ORDER BY `list_order` ASC,`id` DESC LIMIT 1 [ RunTime:0.000506s ]
[2026-06-12T16:28:40+08:00][sql] SHOW FULL COLUMNS FROM `cmf_theme_file` [ RunTime:0.001115s ]
[2026-06-12T16:28:40+08:00][sql] SELECT `more`,`file`,`id` FROM `cmf_theme_file` WHERE  `theme` = 'simpleboot3'  AND (  `is_public` = 1 OR `file` = 'portal/product-info' ) ORDER BY `is_public` DESC [ RunTime:0.000462s ]
[2026-06-12T16:28:40+08:00][sql] SELECT `option_value` FROM `cmf_option` WHERE  `option_name` = 'storage' LIMIT 1 [ RunTime:0.000548s ]
[2026-06-12T16:32:47+08:00][sql] CONNECT:[ UseTime:0.016674s ] mysql:host=127.0.0.1;port=3306;dbname=nucleon;charset=utf8mb4
[2026-06-12T16:32:47+08:00][sql] SHOW FULL COLUMNS FROM `cmf_option` [ RunTime:0.002522s ]
[2026-06-12T16:32:47+08:00][sql] SELECT `option_value` FROM `cmf_option` WHERE  `option_name` = 'cdn_settings' LIMIT 1 [ RunTime:0.000504s ]
[2026-06-12T16:32:47+08:00][sql] SELECT `option_value` FROM `cmf_option` WHERE  `option_name` = 'cdn_settings' LIMIT 1 [ RunTime:0.000340s ]
[2026-06-12T16:32:47+08:00][sql] SHOW FULL COLUMNS FROM `cmf_product_category` [ RunTime:0.001190s ]
[2026-06-12T16:32:47+08:00][sql] SELECT * FROM `cmf_product_category` WHERE  `parent_id` = 0 ORDER BY `list_order` ASC,`create_time` DESC [ RunTime:0.000350s ]
[2026-06-12T16:32:47+08:00][sql] SELECT * FROM `cmf_product_category` WHERE  `parent_id` IN (28,19,22,23,25,30,27) [ RunTime:0.000305s ]
[2026-06-12T16:32:47+08:00][sql] SHOW FULL COLUMNS FROM `cmf_portal_category` [ RunTime:0.001561s ]
[2026-06-12T16:32:47+08:00][sql] SELECT * FROM `cmf_portal_category` WHERE (  `type` = 8 ) AND `cmf_portal_category`.`delete_time` = '0' ORDER BY `list_order` ASC [ RunTime:0.000338s ]
[2026-06-12T16:32:47+08:00][sql] SHOW FULL COLUMNS FROM `cmf_slide_item` [ RunTime:0.001012s ]
[2026-06-12T16:32:47+08:00][sql] SELECT `title`,`description`,`image`,`url`,`target`,`content` FROM `cmf_slide_item` WHERE  `slide_id` = 1 ORDER BY `list_order` ASC [ RunTime:0.000414s ]
[2026-06-12T16:32:47+08:00][sql] SHOW FULL COLUMNS FROM `cmf_slide` [ RunTime:0.001205s ]
[2026-06-12T16:32:47+08:00][sql] SELECT * FROM `cmf_slide` WHERE  `name` LIKE '%choose%' OR `name` LIKE '%选择%' LIMIT 1 [ RunTime:0.000303s ]
[2026-06-12T16:32:47+08:00][sql] SELECT `title`,`description`,`image`,`url`,`target`,`content` FROM `cmf_slide_item` WHERE  `slide_id` = 14  AND `status` = 1 ORDER BY `list_order` ASC [ RunTime:0.000376s ]
[2026-06-12T16:32:47+08:00][sql] SELECT * FROM `cmf_product_category` WHERE  `parent_id` = 0  AND `recommend` = 1 ORDER BY `list_order` ASC,`create_time` DESC [ RunTime:0.000319s ]
[2026-06-12T16:32:47+08:00][sql] SHOW FULL COLUMNS FROM `cmf_product` [ RunTime:0.001203s ]
[2026-06-12T16:32:47+08:00][sql] SELECT `id`,`title`,`thumbnail`,`industry` FROM `cmf_product` WHERE  `is_recommended` = 1  AND `category_id` = 28 ORDER BY `list_order` ASC LIMIT 6 [ RunTime:0.000483s ]
[2026-06-12T16:32:47+08:00][sql] SELECT `id`,`title`,`thumbnail`,`industry` FROM `cmf_product` WHERE  `is_recommended` = 1  AND `category_id` = 19 ORDER BY `list_order` ASC LIMIT 6 [ RunTime:0.000396s ]
[2026-06-12T16:32:47+08:00][sql] SELECT `id`,`title`,`thumbnail`,`industry` FROM `cmf_product` WHERE  `is_recommended` = 1  AND `category_id` = 23 ORDER BY `list_order` ASC LIMIT 6 [ RunTime:0.000317s ]
[2026-06-12T16:32:47+08:00][sql] SELECT `id`,`title`,`thumbnail`,`industry` FROM `cmf_product` WHERE  `is_recommended` = 1  AND `category_id` = 25 ORDER BY `list_order` ASC LIMIT 6 [ RunTime:0.000285s ]
[2026-06-12T16:32:47+08:00][sql] SELECT `id`,`title`,`thumbnail`,`industry` FROM `cmf_product` WHERE  `is_recommended` = 1  AND `category_id` = 30 ORDER BY `list_order` ASC LIMIT 6 [ RunTime:0.000313s ]
[2026-06-12T16:32:47+08:00][sql] SHOW FULL COLUMNS FROM `cmf_portal_post` [ RunTime:0.001220s ]
[2026-06-12T16:32:47+08:00][sql] SELECT `p`.`id`,`p`.`post_title`,`p`.`post_excerpt`,`p`.`thumbnail`,`p`.`create_time`,`c`.`category_id` FROM `cmf_portal_post` `p` INNER JOIN `cmf_portal_category_post` `c` ON `p`.`id`=`c`.`post_id` WHERE (  `p`.`post_type` = '8' ) AND `p`.`delete_time` = '0' ORDER BY `c`.`list_order` ASC,`p`.`create_time` DESC [ RunTime:0.000546s ]
[2026-06-12T16:32:47+08:00][sql] SELECT `id`,`post_title`,`post_excerpt`,`more` FROM `cmf_portal_post` WHERE (  `post_type` = 3 ) AND `cmf_portal_post`.`delete_time` = '0' ORDER BY `create_time` DESC [ RunTime:0.000370s ]
[2026-06-12T16:32:47+08:00][sql] SHOW FULL COLUMNS FROM `cmf_theme_file` [ RunTime:0.000966s ]
[2026-06-12T16:32:47+08:00][sql] SELECT `more`,`file`,`id` FROM `cmf_theme_file` WHERE  `theme` = 'simpleboot3'  AND (  `is_public` = 1 OR `file` = 'portal/index' ) ORDER BY `is_public` DESC [ RunTime:0.000325s ]
[2026-06-12T16:32:47+08:00][sql] SELECT `option_value` FROM `cmf_option` WHERE  `option_name` = 'storage' LIMIT 1 [ RunTime:0.000447s ]
[2026-06-12T16:32:48+08:00][sql] CONNECT:[ UseTime:0.001250s ] mysql:host=127.0.0.1;port=3306;dbname=nucleon;charset=utf8mb4
[2026-06-12T16:32:48+08:00][sql] SHOW FULL COLUMNS FROM `cmf_option` [ RunTime:0.002151s ]
[2026-06-12T16:32:48+08:00][sql] SELECT `option_value` FROM `cmf_option` WHERE  `option_name` = 'cdn_settings' LIMIT 1 [ RunTime:0.000364s ]
[2026-06-12T16:32:48+08:00][sql] SELECT `option_value` FROM `cmf_option` WHERE  `option_name` = 'cdn_settings' LIMIT 1 [ RunTime:0.000911s ]
[2026-06-12T16:32:48+08:00][sql] SHOW FULL COLUMNS FROM `cmf_product_category` [ RunTime:0.001089s ]
[2026-06-12T16:32:48+08:00][sql] SELECT * FROM `cmf_product_category` WHERE  `parent_id` = 0 ORDER BY `list_order` ASC,`create_time` DESC [ RunTime:0.000353s ]
[2026-06-12T16:32:48+08:00][sql] SELECT * FROM `cmf_product_category` WHERE  `parent_id` IN (28,19,22,23,25,30,27) [ RunTime:0.000304s ]
[2026-06-12T16:32:48+08:00][sql] SHOW FULL COLUMNS FROM `cmf_portal_category` [ RunTime:0.001242s ]
[2026-06-12T16:32:48+08:00][sql] SELECT * FROM `cmf_portal_category` WHERE (  `type` = 8 ) AND `cmf_portal_category`.`delete_time` = '0' ORDER BY `list_order` ASC [ RunTime:0.000391s ]
[2026-06-12T16:32:48+08:00][sql] SHOW FULL COLUMNS FROM `cmf_slide_item` [ RunTime:0.000915s ]
[2026-06-12T16:32:48+08:00][sql] SELECT `title`,`description`,`image`,`url`,`target`,`content` FROM `cmf_slide_item` WHERE  `slide_id` = 1 ORDER BY `list_order` ASC [ RunTime:0.000351s ]
[2026-06-12T16:32:48+08:00][sql] SHOW FULL COLUMNS FROM `cmf_slide` [ RunTime:0.001042s ]
[2026-06-12T16:32:48+08:00][sql] SELECT * FROM `cmf_slide` WHERE  `name` LIKE '%choose%' OR `name` LIKE '%选择%' LIMIT 1 [ RunTime:0.000707s ]
[2026-06-12T16:32:48+08:00][sql] SELECT `title`,`description`,`image`,`url`,`target`,`content` FROM `cmf_slide_item` WHERE  `slide_id` = 14  AND `status` = 1 ORDER BY `list_order` ASC [ RunTime:0.000365s ]
[2026-06-12T16:32:48+08:00][sql] SELECT * FROM `cmf_product_category` WHERE  `parent_id` = 0  AND `recommend` = 1 ORDER BY `list_order` ASC,`create_time` DESC [ RunTime:0.000454s ]
[2026-06-12T16:32:48+08:00][sql] SHOW FULL COLUMNS FROM `cmf_product` [ RunTime:0.001593s ]
[2026-06-12T16:32:48+08:00][sql] SELECT `id`,`title`,`thumbnail`,`industry` FROM `cmf_product` WHERE  `is_recommended` = 1  AND `category_id` = 28 ORDER BY `list_order` ASC LIMIT 6 [ RunTime:0.000595s ]
[2026-06-12T16:32:48+08:00][sql] SELECT `id`,`title`,`thumbnail`,`industry` FROM `cmf_product` WHERE  `is_recommended` = 1  AND `category_id` = 19 ORDER BY `list_order` ASC LIMIT 6 [ RunTime:0.000450s ]
[2026-06-12T16:32:48+08:00][sql] SELECT `id`,`title`,`thumbnail`,`industry` FROM `cmf_product` WHERE  `is_recommended` = 1  AND `category_id` = 23 ORDER BY `list_order` ASC LIMIT 6 [ RunTime:0.000312s ]
[2026-06-12T16:32:48+08:00][sql] SELECT `id`,`title`,`thumbnail`,`industry` FROM `cmf_product` WHERE  `is_recommended` = 1  AND `category_id` = 25 ORDER BY `list_order` ASC LIMIT 6 [ RunTime:0.000352s ]
[2026-06-12T16:32:48+08:00][sql] SELECT `id`,`title`,`thumbnail`,`industry` FROM `cmf_product` WHERE  `is_recommended` = 1  AND `category_id` = 30 ORDER BY `list_order` ASC LIMIT 6 [ RunTime:0.000274s ]
[2026-06-12T16:32:48+08:00][sql] SHOW FULL COLUMNS FROM `cmf_portal_post` [ RunTime:0.001175s ]
[2026-06-12T16:32:48+08:00][sql] SELECT `p`.`id`,`p`.`post_title`,`p`.`post_excerpt`,`p`.`thumbnail`,`p`.`create_time`,`c`.`category_id` FROM `cmf_portal_post` `p` INNER JOIN `cmf_portal_category_post` `c` ON `p`.`id`=`c`.`post_id` WHERE (  `p`.`post_type` = '8' ) AND `p`.`delete_time` = '0' ORDER BY `c`.`list_order` ASC,`p`.`create_time` DESC [ RunTime:0.000739s ]
[2026-06-12T16:32:48+08:00][sql] SELECT `id`,`post_title`,`post_excerpt`,`more` FROM `cmf_portal_post` WHERE (  `post_type` = 3 ) AND `cmf_portal_post`.`delete_time` = '0' ORDER BY `create_time` DESC [ RunTime:0.000373s ]
[2026-06-12T16:32:48+08:00][sql] SHOW FULL COLUMNS FROM `cmf_theme_file` [ RunTime:0.000856s ]
[2026-06-12T16:32:48+08:00][sql] SELECT `more`,`file`,`id` FROM `cmf_theme_file` WHERE  `theme` = 'simpleboot3'  AND (  `is_public` = 1 OR `file` = 'portal/index' ) ORDER BY `is_public` DESC [ RunTime:0.000279s ]
[2026-06-12T16:32:48+08:00][sql] SELECT `option_value` FROM `cmf_option` WHERE  `option_name` = 'storage' LIMIT 1 [ RunTime:0.000799s ]
[2026-06-12T16:33:01+08:00][sql] CONNECT:[ UseTime:0.000945s ] mysql:host=127.0.0.1;port=3306;dbname=nucleon;charset=utf8mb4
[2026-06-12T16:33:01+08:00][sql] SHOW FULL COLUMNS FROM `cmf_option` [ RunTime:0.002824s ]
[2026-06-12T16:33:01+08:00][sql] SELECT `option_value` FROM `cmf_option` WHERE  `option_name` = 'cdn_settings' LIMIT 1 [ RunTime:0.000806s ]
[2026-06-12T16:33:01+08:00][sql] SELECT `option_value` FROM `cmf_option` WHERE  `option_name` = 'cdn_settings' LIMIT 1 [ RunTime:0.000313s ]
[2026-06-12T16:33:01+08:00][sql] SHOW FULL COLUMNS FROM `cmf_product_category` [ RunTime:0.001092s ]
[2026-06-12T16:33:01+08:00][sql] SELECT * FROM `cmf_product_category` WHERE  `parent_id` = 0 ORDER BY `list_order` ASC,`create_time` DESC [ RunTime:0.000326s ]
[2026-06-12T16:33:01+08:00][sql] SELECT * FROM `cmf_product_category` WHERE  `parent_id` IN (28,19,22,23,25,30,27) [ RunTime:0.000289s ]
[2026-06-12T16:33:01+08:00][sql] SHOW FULL COLUMNS FROM `cmf_portal_category` [ RunTime:0.001140s ]
[2026-06-12T16:33:01+08:00][sql] SELECT * FROM `cmf_portal_category` WHERE (  `type` = 8 ) AND `cmf_portal_category`.`delete_time` = '0' ORDER BY `list_order` ASC [ RunTime:0.000332s ]
[2026-06-12T16:33:01+08:00][sql] SHOW FULL COLUMNS FROM `cmf_product` [ RunTime:0.001758s ]
[2026-06-12T16:33:01+08:00][sql] SELECT COUNT(*) AS think_count FROM `cmf_product` WHERE  `category_id` = 28 LIMIT 1 [ RunTime:0.000504s ]
[2026-06-12T16:33:01+08:00][sql] SELECT COUNT(*) AS think_count FROM `cmf_product` WHERE  `category_id` = 19 LIMIT 1 [ RunTime:0.000258s ]
[2026-06-12T16:33:01+08:00][sql] SELECT COUNT(*) AS think_count FROM `cmf_product` WHERE  `category_id` = 22 LIMIT 1 [ RunTime:0.000245s ]
[2026-06-12T16:33:01+08:00][sql] SELECT COUNT(*) AS think_count FROM `cmf_product` WHERE  `category_id` = 23 LIMIT 1 [ RunTime:0.000230s ]
[2026-06-12T16:33:01+08:00][sql] SELECT COUNT(*) AS think_count FROM `cmf_product` WHERE  `category_id` = 25 LIMIT 1 [ RunTime:0.000229s ]
[2026-06-12T16:33:01+08:00][sql] SELECT COUNT(*) AS think_count FROM `cmf_product` WHERE  `category_id` = 30 LIMIT 1 [ RunTime:0.000221s ]
[2026-06-12T16:33:01+08:00][sql] SELECT COUNT(*) AS think_count FROM `cmf_product` WHERE  `category_id` = 27 LIMIT 1 [ RunTime:0.000240s ]
[2026-06-12T16:33:01+08:00][sql] SELECT COUNT(*) AS think_count FROM `cmf_product` LIMIT 1 [ RunTime:0.000194s ]
[2026-06-12T16:33:01+08:00][sql] SELECT `id`,`category_id`,`title`,`thumbnail`,`industry`,`overview` FROM `cmf_product` ORDER BY `list_order` ASC,`create_time` DESC LIMIT 0,12 [ RunTime:0.000784s ]
[2026-06-12T16:33:01+08:00][sql] SHOW FULL COLUMNS FROM `cmf_slide_item` [ RunTime:0.001350s ]
[2026-06-12T16:33:01+08:00][sql] SELECT `title`,`description`,`image` FROM `cmf_slide_item` WHERE  `slide_id` = 2  AND `status` = 1 ORDER BY `list_order` ASC,`id` DESC LIMIT 1 [ RunTime:0.000334s ]
[2026-06-12T16:33:01+08:00][sql] SELECT `option_value` FROM `cmf_option` WHERE  `option_name` = 'storage' LIMIT 1 [ RunTime:0.000217s ]
[2026-06-12T16:33:01+08:00][sql] SHOW FULL COLUMNS FROM `cmf_portal_post` [ RunTime:0.001130s ]
[2026-06-12T16:33:01+08:00][sql] SELECT `id`,`post_title`,`post_excerpt`,`more` FROM `cmf_portal_post` WHERE (  `post_type` = 3 ) AND `cmf_portal_post`.`delete_time` = '0' ORDER BY `create_time` DESC [ RunTime:0.000379s ]
[2026-06-12T16:33:01+08:00][sql] SHOW FULL COLUMNS FROM `cmf_theme_file` [ RunTime:0.000900s ]
[2026-06-12T16:33:01+08:00][sql] SELECT `more`,`file`,`id` FROM `cmf_theme_file` WHERE  `theme` = 'simpleboot3'  AND (  `is_public` = 1 OR `file` = 'portal/product' ) ORDER BY `is_public` DESC [ RunTime:0.000289s ]
[2026-06-12T16:33:07+08:00][sql] CONNECT:[ UseTime:0.000984s ] mysql:host=127.0.0.1;port=3306;dbname=nucleon;charset=utf8mb4
[2026-06-12T16:33:07+08:00][sql] SHOW FULL COLUMNS FROM `cmf_option` [ RunTime:0.001085s ]
[2026-06-12T16:33:07+08:00][sql] SELECT `option_value` FROM `cmf_option` WHERE  `option_name` = 'cdn_settings' LIMIT 1 [ RunTime:0.000225s ]
[2026-06-12T16:33:07+08:00][sql] SELECT `option_value` FROM `cmf_option` WHERE  `option_name` = 'cdn_settings' LIMIT 1 [ RunTime:0.000255s ]
[2026-06-12T16:33:07+08:00][sql] SHOW FULL COLUMNS FROM `cmf_product_category` [ RunTime:0.000841s ]
[2026-06-12T16:33:07+08:00][sql] SELECT * FROM `cmf_product_category` WHERE  `parent_id` = 0 ORDER BY `list_order` ASC,`create_time` DESC [ RunTime:0.000263s ]
[2026-06-12T16:33:07+08:00][sql] SELECT * FROM `cmf_product_category` WHERE  `parent_id` IN (28,19,22,23,25,30,27) [ RunTime:0.000259s ]
[2026-06-12T16:33:07+08:00][sql] SHOW FULL COLUMNS FROM `cmf_portal_category` [ RunTime:0.000845s ]
[2026-06-12T16:33:07+08:00][sql] SELECT * FROM `cmf_portal_category` WHERE (  `type` = 8 ) AND `cmf_portal_category`.`delete_time` = '0' ORDER BY `list_order` ASC [ RunTime:0.000283s ]
[2026-06-12T16:33:07+08:00][sql] SELECT * FROM `cmf_product_category` WHERE  `id` = 28 LIMIT 1 [ RunTime:0.000256s ]
[2026-06-12T16:33:07+08:00][sql] SHOW FULL COLUMNS FROM `cmf_product` [ RunTime:0.001265s ]
[2026-06-12T16:33:07+08:00][sql] SELECT COUNT(*) AS think_count FROM `cmf_product` WHERE  `category_id` = 28 LIMIT 1 [ RunTime:0.000352s ]
[2026-06-12T16:33:07+08:00][sql] SELECT COUNT(*) AS think_count FROM `cmf_product` WHERE  `category_id` = 19 LIMIT 1 [ RunTime:0.000273s ]
[2026-06-12T16:33:07+08:00][sql] SELECT COUNT(*) AS think_count FROM `cmf_product` WHERE  `category_id` = 22 LIMIT 1 [ RunTime:0.000225s ]
[2026-06-12T16:33:07+08:00][sql] SELECT COUNT(*) AS think_count FROM `cmf_product` WHERE  `category_id` = 23 LIMIT 1 [ RunTime:0.000210s ]
[2026-06-12T16:33:07+08:00][sql] SELECT COUNT(*) AS think_count FROM `cmf_product` WHERE  `category_id` = 25 LIMIT 1 [ RunTime:0.000206s ]
[2026-06-12T16:33:07+08:00][sql] SELECT COUNT(*) AS think_count FROM `cmf_product` WHERE  `category_id` = 30 LIMIT 1 [ RunTime:0.000186s ]
[2026-06-12T16:33:07+08:00][sql] SELECT COUNT(*) AS think_count FROM `cmf_product` WHERE  `category_id` = 27 LIMIT 1 [ RunTime:0.000225s ]
[2026-06-12T16:33:07+08:00][sql] SELECT COUNT(*) AS think_count FROM `cmf_product` WHERE  `category_id` = 28 LIMIT 1 [ RunTime:0.000193s ]
[2026-06-12T16:33:07+08:00][sql] SELECT `id`,`category_id`,`title`,`thumbnail`,`industry`,`overview` FROM `cmf_product` WHERE  `category_id` = 28 ORDER BY `list_order` ASC,`create_time` DESC LIMIT 0,12 [ RunTime:0.000454s ]
[2026-06-12T16:33:07+08:00][sql] SHOW FULL COLUMNS FROM `cmf_slide_item` [ RunTime:0.001070s ]
[2026-06-12T16:33:07+08:00][sql] SELECT `title`,`description`,`image` FROM `cmf_slide_item` WHERE  `slide_id` = 2  AND `status` = 1 ORDER BY `list_order` ASC,`id` DESC LIMIT 1 [ RunTime:0.000295s ]
[2026-06-12T16:33:07+08:00][sql] SELECT `option_value` FROM `cmf_option` WHERE  `option_name` = 'storage' LIMIT 1 [ RunTime:0.000270s ]
[2026-06-12T16:33:07+08:00][sql] SHOW FULL COLUMNS FROM `cmf_portal_post` [ RunTime:0.000999s ]
[2026-06-12T16:33:07+08:00][sql] SELECT `id`,`post_title`,`post_excerpt`,`more` FROM `cmf_portal_post` WHERE (  `post_type` = 3 ) AND `cmf_portal_post`.`delete_time` = '0' ORDER BY `create_time` DESC [ RunTime:0.000372s ]
[2026-06-12T16:33:07+08:00][sql] SHOW FULL COLUMNS FROM `cmf_theme_file` [ RunTime:0.000903s ]
[2026-06-12T16:33:07+08:00][sql] SELECT `more`,`file`,`id` FROM `cmf_theme_file` WHERE  `theme` = 'simpleboot3'  AND (  `is_public` = 1 OR `file` = 'portal/product' ) ORDER BY `is_public` DESC [ RunTime:0.000251s ]
[2026-06-12T16:33:09+08:00][sql] CONNECT:[ UseTime:0.001377s ] mysql:host=127.0.0.1;port=3306;dbname=nucleon;charset=utf8mb4
[2026-06-12T16:33:09+08:00][sql] SHOW FULL COLUMNS FROM `cmf_option` [ RunTime:0.002450s ]
[2026-06-12T16:33:09+08:00][sql] SELECT `option_value` FROM `cmf_option` WHERE  `option_name` = 'cdn_settings' LIMIT 1 [ RunTime:0.000926s ]
[2026-06-12T16:33:09+08:00][sql] SELECT `option_value` FROM `cmf_option` WHERE  `option_name` = 'cdn_settings' LIMIT 1 [ RunTime:0.000464s ]
[2026-06-12T16:33:09+08:00][sql] SHOW FULL COLUMNS FROM `cmf_product_category` [ RunTime:0.001331s ]
[2026-06-12T16:33:09+08:00][sql] SELECT * FROM `cmf_product_category` WHERE  `parent_id` = 0 ORDER BY `list_order` ASC,`create_time` DESC [ RunTime:0.000389s ]
[2026-06-12T16:33:09+08:00][sql] SELECT * FROM `cmf_product_category` WHERE  `parent_id` IN (28,19,22,23,25,30,27) [ RunTime:0.000505s ]
[2026-06-12T16:33:09+08:00][sql] SHOW FULL COLUMNS FROM `cmf_portal_category` [ RunTime:0.002248s ]
[2026-06-12T16:33:09+08:00][sql] SELECT * FROM `cmf_portal_category` WHERE (  `type` = 8 ) AND `cmf_portal_category`.`delete_time` = '0' ORDER BY `list_order` ASC [ RunTime:0.000628s ]
[2026-06-12T16:33:09+08:00][sql] SHOW FULL COLUMNS FROM `cmf_product` [ RunTime:0.001756s ]
[2026-06-12T16:33:09+08:00][sql] SELECT * FROM `cmf_product` WHERE  `id` = 62 LIMIT 1 [ RunTime:0.000410s ]
[2026-06-12T16:33:09+08:00][sql] SELECT * FROM `cmf_product_category` WHERE  `id` = 28 LIMIT 1 [ RunTime:0.000272s ]
[2026-06-12T16:33:09+08:00][sql] SELECT `id`,`title`,`industry`,`thumbnail` FROM `cmf_product` WHERE  `id` <> 62  AND `is_recommended` = 1  AND `category_id` = 28 ORDER BY RAND() LIMIT 4 [ RunTime:0.000564s ]
[2026-06-12T16:33:09+08:00][sql] SHOW FULL COLUMNS FROM `cmf_slide_item` [ RunTime:0.001073s ]
[2026-06-12T16:33:09+08:00][sql] SELECT `title`,`description`,`image` FROM `cmf_slide_item` WHERE  `slide_id` = 2  AND `status` = 1 ORDER BY `list_order` ASC,`id` DESC LIMIT 1 [ RunTime:0.000363s ]
[2026-06-12T16:33:09+08:00][sql] SHOW FULL COLUMNS FROM `cmf_theme_file` [ RunTime:0.001012s ]
[2026-06-12T16:33:09+08:00][sql] SELECT `more`,`file`,`id` FROM `cmf_theme_file` WHERE  `theme` = 'simpleboot3'  AND (  `is_public` = 1 OR `file` = 'portal/product-info' ) ORDER BY `is_public` DESC [ RunTime:0.000439s ]
[2026-06-12T16:33:09+08:00][sql] SELECT `option_value` FROM `cmf_option` WHERE  `option_name` = 'storage' LIMIT 1 [ RunTime:0.000555s ]
[2026-06-12T16:37:14+08:00][sql] CONNECT:[ UseTime:0.021480s ] mysql:host=127.0.0.1;port=3306;dbname=nucleon;charset=utf8mb4
[2026-06-12T16:37:14+08:00][sql] SHOW FULL COLUMNS FROM `cmf_option` [ RunTime:0.001714s ]
[2026-06-12T16:37:14+08:00][sql] SELECT `option_value` FROM `cmf_option` WHERE  `option_name` = 'cdn_settings' LIMIT 1 [ RunTime:0.000306s ]
[2026-06-12T16:37:14+08:00][sql] SELECT `option_value` FROM `cmf_option` WHERE  `option_name` = 'cdn_settings' LIMIT 1 [ RunTime:0.000288s ]
[2026-06-12T16:37:14+08:00][sql] SHOW FULL COLUMNS FROM `cmf_product_category` [ RunTime:0.001091s ]
[2026-06-12T16:37:14+08:00][sql] SELECT * FROM `cmf_product_category` WHERE  `parent_id` = 0 ORDER BY `list_order` ASC,`create_time` DESC [ RunTime:0.000359s ]
[2026-06-12T16:37:14+08:00][sql] SELECT * FROM `cmf_product_category` WHERE  `parent_id` IN (28,19,22,23,25,30,27) [ RunTime:0.000273s ]
[2026-06-12T16:37:14+08:00][sql] SHOW FULL COLUMNS FROM `cmf_portal_category` [ RunTime:0.002097s ]
[2026-06-12T16:37:14+08:00][sql] SELECT * FROM `cmf_portal_category` WHERE (  `type` = 8 ) AND `cmf_portal_category`.`delete_time` = '0' ORDER BY `list_order` ASC [ RunTime:0.000556s ]
[2026-06-12T16:37:14+08:00][sql] SHOW FULL COLUMNS FROM `cmf_product` [ RunTime:0.001457s ]
[2026-06-12T16:37:14+08:00][sql] SELECT COUNT(*) AS think_count FROM `cmf_product` WHERE  `category_id` = 28 LIMIT 1 [ RunTime:0.000330s ]
[2026-06-12T16:37:14+08:00][sql] SELECT COUNT(*) AS think_count FROM `cmf_product` WHERE  `category_id` = 19 LIMIT 1 [ RunTime:0.000298s ]
[2026-06-12T16:37:14+08:00][sql] SELECT COUNT(*) AS think_count FROM `cmf_product` WHERE  `category_id` = 22 LIMIT 1 [ RunTime:0.000247s ]
[2026-06-12T16:37:14+08:00][sql] SELECT COUNT(*) AS think_count FROM `cmf_product` WHERE  `category_id` = 23 LIMIT 1 [ RunTime:0.000249s ]
[2026-06-12T16:37:14+08:00][sql] SELECT COUNT(*) AS think_count FROM `cmf_product` WHERE  `category_id` = 25 LIMIT 1 [ RunTime:0.000228s ]
[2026-06-12T16:37:14+08:00][sql] SELECT COUNT(*) AS think_count FROM `cmf_product` WHERE  `category_id` = 30 LIMIT 1 [ RunTime:0.000242s ]
[2026-06-12T16:37:14+08:00][sql] SELECT COUNT(*) AS think_count FROM `cmf_product` WHERE  `category_id` = 27 LIMIT 1 [ RunTime:0.000236s ]
[2026-06-12T16:37:14+08:00][sql] SELECT COUNT(*) AS think_count FROM `cmf_product` LIMIT 1 [ RunTime:0.000252s ]
[2026-06-12T16:37:14+08:00][sql] SELECT `id`,`category_id`,`title`,`thumbnail`,`industry`,`overview` FROM `cmf_product` ORDER BY `list_order` ASC,`create_time` DESC LIMIT 0,12 [ RunTime:0.000646s ]
[2026-06-12T16:37:14+08:00][sql] SHOW FULL COLUMNS FROM `cmf_slide_item` [ RunTime:0.001303s ]
[2026-06-12T16:37:14+08:00][sql] SELECT `title`,`description`,`image` FROM `cmf_slide_item` WHERE  `slide_id` = 2  AND `status` = 1 ORDER BY `list_order` ASC,`id` DESC LIMIT 1 [ RunTime:0.000366s ]
[2026-06-12T16:37:14+08:00][sql] SELECT `option_value` FROM `cmf_option` WHERE  `option_name` = 'storage' LIMIT 1 [ RunTime:0.000226s ]
[2026-06-12T16:37:14+08:00][sql] SHOW FULL COLUMNS FROM `cmf_portal_post` [ RunTime:0.002164s ]
[2026-06-12T16:37:14+08:00][sql] SELECT `id`,`post_title`,`post_excerpt`,`more` FROM `cmf_portal_post` WHERE (  `post_type` = 3 ) AND `cmf_portal_post`.`delete_time` = '0' ORDER BY `create_time` DESC [ RunTime:0.000580s ]
[2026-06-12T16:37:14+08:00][sql] SHOW FULL COLUMNS FROM `cmf_theme_file` [ RunTime:0.001434s ]
[2026-06-12T16:37:14+08:00][sql] SELECT `more`,`file`,`id` FROM `cmf_theme_file` WHERE  `theme` = 'simpleboot3'  AND (  `is_public` = 1 OR `file` = 'portal/product' ) ORDER BY `is_public` DESC [ RunTime:0.000371s ]
[2026-06-12T16:37:16+08:00][sql] CONNECT:[ UseTime:0.000801s ] mysql:host=127.0.0.1;port=3306;dbname=nucleon;charset=utf8mb4
[2026-06-12T16:37:16+08:00][sql] SHOW FULL COLUMNS FROM `cmf_option` [ RunTime:0.001208s ]
[2026-06-12T16:37:16+08:00][sql] SELECT `option_value` FROM `cmf_option` WHERE  `option_name` = 'cdn_settings' LIMIT 1 [ RunTime:0.000249s ]
[2026-06-12T16:37:16+08:00][sql] SELECT `option_value` FROM `cmf_option` WHERE  `option_name` = 'cdn_settings' LIMIT 1 [ RunTime:0.000385s ]
[2026-06-12T16:37:16+08:00][sql] SHOW FULL COLUMNS FROM `cmf_product_category` [ RunTime:0.001193s ]
[2026-06-12T16:37:16+08:00][sql] SELECT * FROM `cmf_product_category` WHERE  `parent_id` = 0 ORDER BY `list_order` ASC,`create_time` DESC [ RunTime:0.000321s ]
[2026-06-12T16:37:16+08:00][sql] SELECT * FROM `cmf_product_category` WHERE  `parent_id` IN (28,19,22,23,25,30,27) [ RunTime:0.000388s ]
[2026-06-12T16:37:16+08:00][sql] SHOW FULL COLUMNS FROM `cmf_portal_category` [ RunTime:0.001596s ]
[2026-06-12T16:37:16+08:00][sql] SELECT * FROM `cmf_portal_category` WHERE (  `type` = 8 ) AND `cmf_portal_category`.`delete_time` = '0' ORDER BY `list_order` ASC [ RunTime:0.000435s ]
[2026-06-12T16:37:16+08:00][sql] SHOW FULL COLUMNS FROM `cmf_product` [ RunTime:0.001756s ]
[2026-06-12T16:37:16+08:00][sql] SELECT COUNT(*) AS think_count FROM `cmf_product` WHERE  `category_id` = 28 LIMIT 1 [ RunTime:0.000568s ]
[2026-06-12T16:37:16+08:00][sql] SELECT COUNT(*) AS think_count FROM `cmf_product` WHERE  `category_id` = 19 LIMIT 1 [ RunTime:0.000485s ]
[2026-06-12T16:37:16+08:00][sql] SELECT COUNT(*) AS think_count FROM `cmf_product` WHERE  `category_id` = 22 LIMIT 1 [ RunTime:0.000280s ]
[2026-06-12T16:37:16+08:00][sql] SELECT COUNT(*) AS think_count FROM `cmf_product` WHERE  `category_id` = 23 LIMIT 1 [ RunTime:0.000504s ]
[2026-06-12T16:37:16+08:00][sql] SELECT COUNT(*) AS think_count FROM `cmf_product` WHERE  `category_id` = 25 LIMIT 1 [ RunTime:0.000262s ]
[2026-06-12T16:37:16+08:00][sql] SELECT COUNT(*) AS think_count FROM `cmf_product` WHERE  `category_id` = 30 LIMIT 1 [ RunTime:0.000324s ]
[2026-06-12T16:37:16+08:00][sql] SELECT COUNT(*) AS think_count FROM `cmf_product` WHERE  `category_id` = 27 LIMIT 1 [ RunTime:0.000294s ]
[2026-06-12T16:37:16+08:00][sql] SELECT COUNT(*) AS think_count FROM `cmf_product` LIMIT 1 [ RunTime:0.000263s ]
[2026-06-12T16:37:16+08:00][sql] SELECT `id`,`category_id`,`title`,`thumbnail`,`industry`,`overview` FROM `cmf_product` ORDER BY `list_order` ASC,`create_time` DESC LIMIT 0,12 [ RunTime:0.000901s ]
[2026-06-12T16:37:16+08:00][sql] SHOW FULL COLUMNS FROM `cmf_slide_item` [ RunTime:0.001444s ]
[2026-06-12T16:37:16+08:00][sql] SELECT `title`,`description`,`image` FROM `cmf_slide_item` WHERE  `slide_id` = 2  AND `status` = 1 ORDER BY `list_order` ASC,`id` DESC LIMIT 1 [ RunTime:0.000387s ]
[2026-06-12T16:37:16+08:00][sql] SELECT `option_value` FROM `cmf_option` WHERE  `option_name` = 'storage' LIMIT 1 [ RunTime:0.000232s ]
[2026-06-12T16:37:16+08:00][sql] SHOW FULL COLUMNS FROM `cmf_portal_post` [ RunTime:0.001445s ]
[2026-06-12T16:37:16+08:00][sql] SELECT `id`,`post_title`,`post_excerpt`,`more` FROM `cmf_portal_post` WHERE (  `post_type` = 3 ) AND `cmf_portal_post`.`delete_time` = '0' ORDER BY `create_time` DESC [ RunTime:0.000437s ]
[2026-06-12T16:37:16+08:00][sql] SHOW FULL COLUMNS FROM `cmf_theme_file` [ RunTime:0.001257s ]
[2026-06-12T16:37:16+08:00][sql] SELECT `more`,`file`,`id` FROM `cmf_theme_file` WHERE  `theme` = 'simpleboot3'  AND (  `is_public` = 1 OR `file` = 'portal/product' ) ORDER BY `is_public` DESC [ RunTime:0.000354s ]
[2026-06-12T16:37:27+08:00][sql] CONNECT:[ UseTime:0.001419s ] mysql:host=127.0.0.1;port=3306;dbname=nucleon;charset=utf8mb4
[2026-06-12T16:37:27+08:00][sql] SHOW FULL COLUMNS FROM `cmf_option` [ RunTime:0.001242s ]
[2026-06-12T16:37:27+08:00][sql] SELECT `option_value` FROM `cmf_option` WHERE  `option_name` = 'cdn_settings' LIMIT 1 [ RunTime:0.000247s ]
[2026-06-12T16:37:27+08:00][sql] SELECT `option_value` FROM `cmf_option` WHERE  `option_name` = 'cdn_settings' LIMIT 1 [ RunTime:0.000581s ]
[2026-06-12T16:37:27+08:00][sql] SHOW FULL COLUMNS FROM `cmf_product_category` [ RunTime:0.001252s ]
[2026-06-12T16:37:27+08:00][sql] SELECT * FROM `cmf_product_category` WHERE  `parent_id` = 0 ORDER BY `list_order` ASC,`create_time` DESC [ RunTime:0.000311s ]
[2026-06-12T16:37:27+08:00][sql] SELECT * FROM `cmf_product_category` WHERE  `parent_id` IN (28,19,22,23,25,30,27) [ RunTime:0.000282s ]
[2026-06-12T16:37:27+08:00][sql] SHOW FULL COLUMNS FROM `cmf_portal_category` [ RunTime:0.001159s ]
[2026-06-12T16:37:27+08:00][sql] SELECT * FROM `cmf_portal_category` WHERE (  `type` = 8 ) AND `cmf_portal_category`.`delete_time` = '0' ORDER BY `list_order` ASC [ RunTime:0.000310s ]
[2026-06-12T16:37:27+08:00][sql] SHOW FULL COLUMNS FROM `cmf_product` [ RunTime:0.001192s ]
[2026-06-12T16:37:27+08:00][sql] SELECT * FROM `cmf_product` WHERE  `id` = 151 LIMIT 1 [ RunTime:0.000389s ]
[2026-06-12T16:37:27+08:00][sql] SELECT * FROM `cmf_product_category` WHERE  `id` = 22 LIMIT 1 [ RunTime:0.000266s ]
[2026-06-12T16:37:27+08:00][sql] SELECT `id`,`title`,`industry`,`thumbnail` FROM `cmf_product` WHERE  `id` <> 151  AND `is_recommended` = 1  AND `category_id` = 22 ORDER BY RAND() LIMIT 4 [ RunTime:0.000530s ]
[2026-06-12T16:37:27+08:00][sql] SHOW FULL COLUMNS FROM `cmf_slide_item` [ RunTime:0.000966s ]
[2026-06-12T16:37:27+08:00][sql] SELECT `title`,`description`,`image` FROM `cmf_slide_item` WHERE  `slide_id` = 2  AND `status` = 1 ORDER BY `list_order` ASC,`id` DESC LIMIT 1 [ RunTime:0.000343s ]
[2026-06-12T16:37:27+08:00][sql] SHOW FULL COLUMNS FROM `cmf_theme_file` [ RunTime:0.001577s ]
[2026-06-12T16:37:27+08:00][sql] SELECT `more`,`file`,`id` FROM `cmf_theme_file` WHERE  `theme` = 'simpleboot3'  AND (  `is_public` = 1 OR `file` = 'portal/product-info' ) ORDER BY `is_public` DESC [ RunTime:0.000568s ]
[2026-06-12T16:37:27+08:00][sql] SELECT `option_value` FROM `cmf_option` WHERE  `option_name` = 'storage' LIMIT 1 [ RunTime:0.000928s ]
[2026-06-12T16:37:51+08:00][sql] CONNECT:[ UseTime:0.000882s ] mysql:host=127.0.0.1;port=3306;dbname=nucleon;charset=utf8mb4
[2026-06-12T16:37:51+08:00][sql] SHOW FULL COLUMNS FROM `cmf_option` [ RunTime:0.001400s ]
[2026-06-12T16:37:51+08:00][sql] SELECT `option_value` FROM `cmf_option` WHERE  `option_name` = 'cdn_settings' LIMIT 1 [ RunTime:0.000293s ]
[2026-06-12T16:37:51+08:00][sql] SELECT `option_value` FROM `cmf_option` WHERE  `option_name` = 'cdn_settings' LIMIT 1 [ RunTime:0.000287s ]
[2026-06-12T16:37:51+08:00][sql] SHOW FULL COLUMNS FROM `cmf_product_category` [ RunTime:0.001208s ]
[2026-06-12T16:37:51+08:00][sql] SELECT * FROM `cmf_product_category` WHERE  `parent_id` = 0 ORDER BY `list_order` ASC,`create_time` DESC [ RunTime:0.000498s ]
[2026-06-12T16:37:51+08:00][sql] SELECT * FROM `cmf_product_category` WHERE  `parent_id` IN (28,19,22,23,25,30,27) [ RunTime:0.000563s ]
[2026-06-12T16:37:51+08:00][sql] SHOW FULL COLUMNS FROM `cmf_portal_category` [ RunTime:0.001450s ]
[2026-06-12T16:37:51+08:00][sql] SELECT * FROM `cmf_portal_category` WHERE (  `type` = 8 ) AND `cmf_portal_category`.`delete_time` = '0' ORDER BY `list_order` ASC [ RunTime:0.000393s ]
[2026-06-12T16:37:51+08:00][sql] SELECT * FROM `cmf_product_category` WHERE  `id` = 28 LIMIT 1 [ RunTime:0.000395s ]
[2026-06-12T16:37:51+08:00][sql] SHOW FULL COLUMNS FROM `cmf_product` [ RunTime:0.001492s ]
[2026-06-12T16:37:51+08:00][sql] SELECT COUNT(*) AS think_count FROM `cmf_product` WHERE  `category_id` = 28 LIMIT 1 [ RunTime:0.000344s ]
[2026-06-12T16:37:51+08:00][sql] SELECT COUNT(*) AS think_count FROM `cmf_product` WHERE  `category_id` = 19 LIMIT 1 [ RunTime:0.000283s ]
[2026-06-12T16:37:51+08:00][sql] SELECT COUNT(*) AS think_count FROM `cmf_product` WHERE  `category_id` = 22 LIMIT 1 [ RunTime:0.000251s ]
[2026-06-12T16:37:51+08:00][sql] SELECT COUNT(*) AS think_count FROM `cmf_product` WHERE  `category_id` = 23 LIMIT 1 [ RunTime:0.000237s ]
[2026-06-12T16:37:51+08:00][sql] SELECT COUNT(*) AS think_count FROM `cmf_product` WHERE  `category_id` = 25 LIMIT 1 [ RunTime:0.000228s ]
[2026-06-12T16:37:51+08:00][sql] SELECT COUNT(*) AS think_count FROM `cmf_product` WHERE  `category_id` = 30 LIMIT 1 [ RunTime:0.000235s ]
[2026-06-12T16:37:51+08:00][sql] SELECT COUNT(*) AS think_count FROM `cmf_product` WHERE  `category_id` = 27 LIMIT 1 [ RunTime:0.000223s ]
[2026-06-12T16:37:51+08:00][sql] SELECT COUNT(*) AS think_count FROM `cmf_product` WHERE  `category_id` = 28 LIMIT 1 [ RunTime:0.000234s ]
[2026-06-12T16:37:51+08:00][sql] SELECT `id`,`category_id`,`title`,`thumbnail`,`industry`,`overview` FROM `cmf_product` WHERE  `category_id` = 28 ORDER BY `list_order` ASC,`create_time` DESC LIMIT 0,12 [ RunTime:0.000767s ]
[2026-06-12T16:37:51+08:00][sql] SHOW FULL COLUMNS FROM `cmf_slide_item` [ RunTime:0.001790s ]
[2026-06-12T16:37:51+08:00][sql] SELECT `title`,`description`,`image` FROM `cmf_slide_item` WHERE  `slide_id` = 2  AND `status` = 1 ORDER BY `list_order` ASC,`id` DESC LIMIT 1 [ RunTime:0.000507s ]
[2026-06-12T16:37:51+08:00][sql] SELECT `option_value` FROM `cmf_option` WHERE  `option_name` = 'storage' LIMIT 1 [ RunTime:0.000264s ]
[2026-06-12T16:37:51+08:00][sql] SHOW FULL COLUMNS FROM `cmf_portal_post` [ RunTime:0.001296s ]
[2026-06-12T16:37:51+08:00][sql] SELECT `id`,`post_title`,`post_excerpt`,`more` FROM `cmf_portal_post` WHERE (  `post_type` = 3 ) AND `cmf_portal_post`.`delete_time` = '0' ORDER BY `create_time` DESC [ RunTime:0.000394s ]
[2026-06-12T16:37:51+08:00][sql] SHOW FULL COLUMNS FROM `cmf_theme_file` [ RunTime:0.001030s ]
[2026-06-12T16:37:51+08:00][sql] SELECT `more`,`file`,`id` FROM `cmf_theme_file` WHERE  `theme` = 'simpleboot3'  AND (  `is_public` = 1 OR `file` = 'portal/product' ) ORDER BY `is_public` DESC [ RunTime:0.000324s ]
[2026-06-12T16:37:52+08:00][sql] CONNECT:[ UseTime:0.000926s ] mysql:host=127.0.0.1;port=3306;dbname=nucleon;charset=utf8mb4
[2026-06-12T16:37:52+08:00][sql] SHOW FULL COLUMNS FROM `cmf_option` [ RunTime:0.001490s ]
[2026-06-12T16:37:52+08:00][sql] SELECT `option_value` FROM `cmf_option` WHERE  `option_name` = 'cdn_settings' LIMIT 1 [ RunTime:0.000272s ]
[2026-06-12T16:37:52+08:00][sql] SELECT `option_value` FROM `cmf_option` WHERE  `option_name` = 'cdn_settings' LIMIT 1 [ RunTime:0.000388s ]
[2026-06-12T16:37:52+08:00][sql] SHOW FULL COLUMNS FROM `cmf_product_category` [ RunTime:0.001313s ]
[2026-06-12T16:37:52+08:00][sql] SELECT * FROM `cmf_product_category` WHERE  `parent_id` = 0 ORDER BY `list_order` ASC,`create_time` DESC [ RunTime:0.000384s ]
[2026-06-12T16:37:52+08:00][sql] SELECT * FROM `cmf_product_category` WHERE  `parent_id` IN (28,19,22,23,25,30,27) [ RunTime:0.000285s ]
[2026-06-12T16:37:52+08:00][sql] SHOW FULL COLUMNS FROM `cmf_portal_category` [ RunTime:0.001596s ]
[2026-06-12T16:37:52+08:00][sql] SELECT * FROM `cmf_portal_category` WHERE (  `type` = 8 ) AND `cmf_portal_category`.`delete_time` = '0' ORDER BY `list_order` ASC [ RunTime:0.000452s ]
[2026-06-12T16:37:52+08:00][sql] SHOW FULL COLUMNS FROM `cmf_product` [ RunTime:0.001387s ]
[2026-06-12T16:37:52+08:00][sql] SELECT * FROM `cmf_product` WHERE  `id` = 62 LIMIT 1 [ RunTime:0.000458s ]
[2026-06-12T16:37:52+08:00][sql] SELECT * FROM `cmf_product_category` WHERE  `id` = 28 LIMIT 1 [ RunTime:0.000277s ]
[2026-06-12T16:37:52+08:00][sql] SELECT `id`,`title`,`industry`,`thumbnail` FROM `cmf_product` WHERE  `id` <> 62  AND `is_recommended` = 1  AND `category_id` = 28 ORDER BY RAND() LIMIT 4 [ RunTime:0.000608s ]
[2026-06-12T16:37:52+08:00][sql] SHOW FULL COLUMNS FROM `cmf_slide_item` [ RunTime:0.001096s ]
[2026-06-12T16:37:52+08:00][sql] SELECT `title`,`description`,`image` FROM `cmf_slide_item` WHERE  `slide_id` = 2  AND `status` = 1 ORDER BY `list_order` ASC,`id` DESC LIMIT 1 [ RunTime:0.000372s ]
[2026-06-12T16:37:52+08:00][sql] SHOW FULL COLUMNS FROM `cmf_theme_file` [ RunTime:0.001694s ]
[2026-06-12T16:37:52+08:00][sql] SELECT `more`,`file`,`id` FROM `cmf_theme_file` WHERE  `theme` = 'simpleboot3'  AND (  `is_public` = 1 OR `file` = 'portal/product-info' ) ORDER BY `is_public` DESC [ RunTime:0.000437s ]
[2026-06-12T16:37:52+08:00][sql] SELECT `option_value` FROM `cmf_option` WHERE  `option_name` = 'storage' LIMIT 1 [ RunTime:0.000427s ]
[2026-06-12T16:38:11+08:00][sql] CONNECT:[ UseTime:0.016312s ] mysql:host=127.0.0.1;port=3306;dbname=nucleon;charset=utf8mb4
[2026-06-12T16:38:11+08:00][sql] SHOW FULL COLUMNS FROM `cmf_option` [ RunTime:0.001566s ]
[2026-06-12T16:38:11+08:00][sql] SELECT `option_value` FROM `cmf_option` WHERE  `option_name` = 'cdn_settings' LIMIT 1 [ RunTime:0.000315s ]
[2026-06-12T16:38:11+08:00][sql] SELECT `option_value` FROM `cmf_option` WHERE  `option_name` = 'cdn_settings' LIMIT 1 [ RunTime:0.000521s ]
[2026-06-12T16:38:11+08:00][sql] SHOW FULL COLUMNS FROM `cmf_product_category` [ RunTime:0.001322s ]
[2026-06-12T16:38:11+08:00][sql] SELECT * FROM `cmf_product_category` WHERE  `parent_id` = 0 ORDER BY `list_order` ASC,`create_time` DESC [ RunTime:0.000363s ]
[2026-06-12T16:38:11+08:00][sql] SELECT * FROM `cmf_product_category` WHERE  `parent_id` IN (28,19,22,23,25,30,27) [ RunTime:0.000322s ]
[2026-06-12T16:38:11+08:00][sql] SHOW FULL COLUMNS FROM `cmf_portal_category` [ RunTime:0.001652s ]
[2026-06-12T16:38:11+08:00][sql] SELECT * FROM `cmf_portal_category` WHERE (  `type` = 8 ) AND `cmf_portal_category`.`delete_time` = '0' ORDER BY `list_order` ASC [ RunTime:0.000366s ]
[2026-06-12T16:38:11+08:00][sql] SHOW FULL COLUMNS FROM `cmf_product` [ RunTime:0.001997s ]
[2026-06-12T16:38:11+08:00][sql] SELECT * FROM `cmf_product` WHERE  `id` = 62 LIMIT 1 [ RunTime:0.000691s ]
[2026-06-12T16:38:11+08:00][sql] SELECT * FROM `cmf_product_category` WHERE  `id` = 28 LIMIT 1 [ RunTime:0.000338s ]
[2026-06-12T16:38:11+08:00][sql] SELECT `id`,`title`,`industry`,`thumbnail` FROM `cmf_product` WHERE  `id` <> 62  AND `is_recommended` = 1  AND `category_id` = 28 ORDER BY RAND() LIMIT 4 [ RunTime:0.000554s ]
[2026-06-12T16:38:11+08:00][sql] SHOW FULL COLUMNS FROM `cmf_slide_item` [ RunTime:0.001103s ]
[2026-06-12T16:38:11+08:00][sql] SELECT `title`,`description`,`image` FROM `cmf_slide_item` WHERE  `slide_id` = 2  AND `status` = 1 ORDER BY `list_order` ASC,`id` DESC LIMIT 1 [ RunTime:0.000358s ]
[2026-06-12T16:38:11+08:00][sql] SHOW FULL COLUMNS FROM `cmf_theme_file` [ RunTime:0.001121s ]
[2026-06-12T16:38:11+08:00][sql] SELECT `more`,`file`,`id` FROM `cmf_theme_file` WHERE  `theme` = 'simpleboot3'  AND (  `is_public` = 1 OR `file` = 'portal/product-info' ) ORDER BY `is_public` DESC [ RunTime:0.000285s ]
[2026-06-12T16:38:11+08:00][sql] SELECT `option_value` FROM `cmf_option` WHERE  `option_name` = 'storage' LIMIT 1 [ RunTime:0.000994s ]
[2026-06-12T16:38:16+08:00][sql] CONNECT:[ UseTime:0.000914s ] mysql:host=127.0.0.1;port=3306;dbname=nucleon;charset=utf8mb4
[2026-06-12T16:38:16+08:00][sql] SHOW FULL COLUMNS FROM `cmf_option` [ RunTime:0.001763s ]
[2026-06-12T16:38:16+08:00][sql] SELECT `option_value` FROM `cmf_option` WHERE  `option_name` = 'cdn_settings' LIMIT 1 [ RunTime:0.000510s ]
[2026-06-12T16:38:16+08:00][sql] SELECT `option_value` FROM `cmf_option` WHERE  `option_name` = 'cdn_settings' LIMIT 1 [ RunTime:0.000640s ]
[2026-06-12T16:38:16+08:00][sql] SHOW FULL COLUMNS FROM `cmf_product_category` [ RunTime:0.001515s ]
[2026-06-12T16:38:16+08:00][sql] SELECT * FROM `cmf_product_category` WHERE  `parent_id` = 0 ORDER BY `list_order` ASC,`create_time` DESC [ RunTime:0.000441s ]
[2026-06-12T16:38:16+08:00][sql] SELECT * FROM `cmf_product_category` WHERE  `parent_id` IN (28,19,22,23,25,30,27) [ RunTime:0.000356s ]
[2026-06-12T16:38:16+08:00][sql] SHOW FULL COLUMNS FROM `cmf_portal_category` [ RunTime:0.001941s ]
[2026-06-12T16:38:16+08:00][sql] SELECT * FROM `cmf_portal_category` WHERE (  `type` = 8 ) AND `cmf_portal_category`.`delete_time` = '0' ORDER BY `list_order` ASC [ RunTime:0.000390s ]
[2026-06-12T16:38:16+08:00][sql] SHOW FULL COLUMNS FROM `cmf_slide_item` [ RunTime:0.001246s ]
[2026-06-12T16:38:16+08:00][sql] SELECT `title`,`description`,`image`,`url`,`target`,`content` FROM `cmf_slide_item` WHERE  `slide_id` = 1 ORDER BY `list_order` ASC [ RunTime:0.000357s ]
[2026-06-12T16:38:16+08:00][sql] SHOW FULL COLUMNS FROM `cmf_slide` [ RunTime:0.001222s ]
[2026-06-12T16:38:16+08:00][sql] SELECT * FROM `cmf_slide` WHERE  `name` LIKE '%choose%' OR `name` LIKE '%选择%' LIMIT 1 [ RunTime:0.000332s ]
[2026-06-12T16:38:16+08:00][sql] SELECT `title`,`description`,`image`,`url`,`target`,`content` FROM `cmf_slide_item` WHERE  `slide_id` = 14  AND `status` = 1 ORDER BY `list_order` ASC [ RunTime:0.000376s ]
[2026-06-12T16:38:16+08:00][sql] SELECT * FROM `cmf_product_category` WHERE  `parent_id` = 0  AND `recommend` = 1 ORDER BY `list_order` ASC,`create_time` DESC [ RunTime:0.000377s ]
[2026-06-12T16:38:16+08:00][sql] SHOW FULL COLUMNS FROM `cmf_product` [ RunTime:0.001457s ]
[2026-06-12T16:38:16+08:00][sql] SELECT `id`,`title`,`thumbnail`,`industry` FROM `cmf_product` WHERE  `is_recommended` = 1  AND `category_id` = 28 ORDER BY `list_order` ASC LIMIT 6 [ RunTime:0.000559s ]
[2026-06-12T16:38:16+08:00][sql] SELECT `id`,`title`,`thumbnail`,`industry` FROM `cmf_product` WHERE  `is_recommended` = 1  AND `category_id` = 19 ORDER BY `list_order` ASC LIMIT 6 [ RunTime:0.000461s ]
[2026-06-12T16:38:16+08:00][sql] SELECT `id`,`title`,`thumbnail`,`industry` FROM `cmf_product` WHERE  `is_recommended` = 1  AND `category_id` = 23 ORDER BY `list_order` ASC LIMIT 6 [ RunTime:0.000367s ]
[2026-06-12T16:38:16+08:00][sql] SELECT `id`,`title`,`thumbnail`,`industry` FROM `cmf_product` WHERE  `is_recommended` = 1  AND `category_id` = 25 ORDER BY `list_order` ASC LIMIT 6 [ RunTime:0.000344s ]
[2026-06-12T16:38:16+08:00][sql] SELECT `id`,`title`,`thumbnail`,`industry` FROM `cmf_product` WHERE  `is_recommended` = 1  AND `category_id` = 30 ORDER BY `list_order` ASC LIMIT 6 [ RunTime:0.000357s ]
[2026-06-12T16:38:16+08:00][sql] SHOW FULL COLUMNS FROM `cmf_portal_post` [ RunTime:0.002675s ]
[2026-06-12T16:38:16+08:00][sql] SELECT `p`.`id`,`p`.`post_title`,`p`.`post_excerpt`,`p`.`thumbnail`,`p`.`create_time`,`c`.`category_id` FROM `cmf_portal_post` `p` INNER JOIN `cmf_portal_category_post` `c` ON `p`.`id`=`c`.`post_id` WHERE (  `p`.`post_type` = '8' ) AND `p`.`delete_time` = '0' ORDER BY `c`.`list_order` ASC,`p`.`create_time` DESC [ RunTime:0.001605s ]
[2026-06-12T16:38:16+08:00][sql] SELECT `id`,`post_title`,`post_excerpt`,`more` FROM `cmf_portal_post` WHERE (  `post_type` = 3 ) AND `cmf_portal_post`.`delete_time` = '0' ORDER BY `create_time` DESC [ RunTime:0.000709s ]
[2026-06-12T16:38:16+08:00][sql] SHOW FULL COLUMNS FROM `cmf_theme_file` [ RunTime:0.001626s ]
[2026-06-12T16:38:16+08:00][sql] SELECT `more`,`file`,`id` FROM `cmf_theme_file` WHERE  `theme` = 'simpleboot3'  AND (  `is_public` = 1 OR `file` = 'portal/index' ) ORDER BY `is_public` DESC [ RunTime:0.000585s ]
[2026-06-12T16:38:16+08:00][sql] SELECT `option_value` FROM `cmf_option` WHERE  `option_name` = 'storage' LIMIT 1 [ RunTime:0.000865s ]
[2026-06-12T16:38:19+08:00][sql] CONNECT:[ UseTime:0.001330s ] mysql:host=127.0.0.1;port=3306;dbname=nucleon;charset=utf8mb4
[2026-06-12T16:38:19+08:00][sql] SHOW FULL COLUMNS FROM `cmf_option` [ RunTime:0.001256s ]
[2026-06-12T16:38:19+08:00][sql] SELECT `option_value` FROM `cmf_option` WHERE  `option_name` = 'cdn_settings' LIMIT 1 [ RunTime:0.000305s ]
[2026-06-12T16:38:19+08:00][sql] SELECT `option_value` FROM `cmf_option` WHERE  `option_name` = 'cdn_settings' LIMIT 1 [ RunTime:0.000394s ]
[2026-06-12T16:38:19+08:00][sql] SHOW FULL COLUMNS FROM `cmf_product_category` [ RunTime:0.001141s ]
[2026-06-12T16:38:19+08:00][sql] SELECT * FROM `cmf_product_category` WHERE  `parent_id` = 0 ORDER BY `list_order` ASC,`create_time` DESC [ RunTime:0.000307s ]
[2026-06-12T16:38:19+08:00][sql] SELECT * FROM `cmf_product_category` WHERE  `parent_id` IN (28,19,22,23,25,30,27) [ RunTime:0.000318s ]
[2026-06-12T16:38:19+08:00][sql] SHOW FULL COLUMNS FROM `cmf_portal_category` [ RunTime:0.001084s ]
[2026-06-12T16:38:19+08:00][sql] SELECT * FROM `cmf_portal_category` WHERE (  `type` = 8 ) AND `cmf_portal_category`.`delete_time` = '0' ORDER BY `list_order` ASC [ RunTime:0.000314s ]
[2026-06-12T16:38:19+08:00][sql] SHOW FULL COLUMNS FROM `cmf_product` [ RunTime:0.001673s ]
[2026-06-12T16:38:19+08:00][sql] SELECT COUNT(*) AS think_count FROM `cmf_product` WHERE  `category_id` = 28 LIMIT 1 [ RunTime:0.000307s ]
[2026-06-12T16:38:19+08:00][sql] SELECT COUNT(*) AS think_count FROM `cmf_product` WHERE  `category_id` = 19 LIMIT 1 [ RunTime:0.000269s ]
[2026-06-12T16:38:19+08:00][sql] SELECT COUNT(*) AS think_count FROM `cmf_product` WHERE  `category_id` = 22 LIMIT 1 [ RunTime:0.000247s ]
[2026-06-12T16:38:19+08:00][sql] SELECT COUNT(*) AS think_count FROM `cmf_product` WHERE  `category_id` = 23 LIMIT 1 [ RunTime:0.000221s ]
[2026-06-12T16:38:19+08:00][sql] SELECT COUNT(*) AS think_count FROM `cmf_product` WHERE  `category_id` = 25 LIMIT 1 [ RunTime:0.000242s ]
[2026-06-12T16:38:19+08:00][sql] SELECT COUNT(*) AS think_count FROM `cmf_product` WHERE  `category_id` = 30 LIMIT 1 [ RunTime:0.000258s ]
[2026-06-12T16:38:19+08:00][sql] SELECT COUNT(*) AS think_count FROM `cmf_product` WHERE  `category_id` = 27 LIMIT 1 [ RunTime:0.000238s ]
[2026-06-12T16:38:19+08:00][sql] SELECT COUNT(*) AS think_count FROM `cmf_product` LIMIT 1 [ RunTime:0.000216s ]
[2026-06-12T16:38:19+08:00][sql] SELECT `id`,`category_id`,`title`,`thumbnail`,`industry`,`overview` FROM `cmf_product` ORDER BY `list_order` ASC,`create_time` DESC LIMIT 0,12 [ RunTime:0.000699s ]
[2026-06-12T16:38:19+08:00][sql] SHOW FULL COLUMNS FROM `cmf_slide_item` [ RunTime:0.001170s ]
[2026-06-12T16:38:19+08:00][sql] SELECT `title`,`description`,`image` FROM `cmf_slide_item` WHERE  `slide_id` = 2  AND `status` = 1 ORDER BY `list_order` ASC,`id` DESC LIMIT 1 [ RunTime:0.000345s ]
[2026-06-12T16:38:19+08:00][sql] SELECT `option_value` FROM `cmf_option` WHERE  `option_name` = 'storage' LIMIT 1 [ RunTime:0.000225s ]
[2026-06-12T16:38:19+08:00][sql] SHOW FULL COLUMNS FROM `cmf_portal_post` [ RunTime:0.001190s ]
[2026-06-12T16:38:19+08:00][sql] SELECT `id`,`post_title`,`post_excerpt`,`more` FROM `cmf_portal_post` WHERE (  `post_type` = 3 ) AND `cmf_portal_post`.`delete_time` = '0' ORDER BY `create_time` DESC [ RunTime:0.000399s ]
[2026-06-12T16:38:19+08:00][sql] SHOW FULL COLUMNS FROM `cmf_theme_file` [ RunTime:0.000913s ]
[2026-06-12T16:38:19+08:00][sql] SELECT `more`,`file`,`id` FROM `cmf_theme_file` WHERE  `theme` = 'simpleboot3'  AND (  `is_public` = 1 OR `file` = 'portal/product' ) ORDER BY `is_public` DESC [ RunTime:0.000370s ]
[2026-06-12T16:38:20+08:00][sql] CONNECT:[ UseTime:0.000782s ] mysql:host=127.0.0.1;port=3306;dbname=nucleon;charset=utf8mb4
[2026-06-12T16:38:20+08:00][sql] SHOW FULL COLUMNS FROM `cmf_option` [ RunTime:0.001331s ]
[2026-06-12T16:38:20+08:00][sql] SELECT `option_value` FROM `cmf_option` WHERE  `option_name` = 'cdn_settings' LIMIT 1 [ RunTime:0.000264s ]
[2026-06-12T16:38:20+08:00][sql] SELECT `option_value` FROM `cmf_option` WHERE  `option_name` = 'cdn_settings' LIMIT 1 [ RunTime:0.000418s ]
[2026-06-12T16:38:20+08:00][sql] SHOW FULL COLUMNS FROM `cmf_product_category` [ RunTime:0.001265s ]
[2026-06-12T16:38:20+08:00][sql] SELECT * FROM `cmf_product_category` WHERE  `parent_id` = 0 ORDER BY `list_order` ASC,`create_time` DESC [ RunTime:0.000349s ]
[2026-06-12T16:38:20+08:00][sql] SELECT * FROM `cmf_product_category` WHERE  `parent_id` IN (28,19,22,23,25,30,27) [ RunTime:0.000296s ]
[2026-06-12T16:38:20+08:00][sql] SHOW FULL COLUMNS FROM `cmf_portal_category` [ RunTime:0.001201s ]
[2026-06-12T16:38:20+08:00][sql] SELECT * FROM `cmf_portal_category` WHERE (  `type` = 8 ) AND `cmf_portal_category`.`delete_time` = '0' ORDER BY `list_order` ASC [ RunTime:0.000330s ]
[2026-06-12T16:38:20+08:00][sql] SELECT * FROM `cmf_product_category` WHERE  `id` = 28 LIMIT 1 [ RunTime:0.000323s ]
[2026-06-12T16:38:20+08:00][sql] SHOW FULL COLUMNS FROM `cmf_product` [ RunTime:0.001298s ]
[2026-06-12T16:38:20+08:00][sql] SELECT COUNT(*) AS think_count FROM `cmf_product` WHERE  `category_id` = 28 LIMIT 1 [ RunTime:0.000319s ]
[2026-06-12T16:38:20+08:00][sql] SELECT COUNT(*) AS think_count FROM `cmf_product` WHERE  `category_id` = 19 LIMIT 1 [ RunTime:0.000264s ]
[2026-06-12T16:38:20+08:00][sql] SELECT COUNT(*) AS think_count FROM `cmf_product` WHERE  `category_id` = 22 LIMIT 1 [ RunTime:0.000238s ]
[2026-06-12T16:38:20+08:00][sql] SELECT COUNT(*) AS think_count FROM `cmf_product` WHERE  `category_id` = 23 LIMIT 1 [ RunTime:0.000258s ]
[2026-06-12T16:38:20+08:00][sql] SELECT COUNT(*) AS think_count FROM `cmf_product` WHERE  `category_id` = 25 LIMIT 1 [ RunTime:0.000288s ]
[2026-06-12T16:38:20+08:00][sql] SELECT COUNT(*) AS think_count FROM `cmf_product` WHERE  `category_id` = 30 LIMIT 1 [ RunTime:0.000439s ]
[2026-06-12T16:38:20+08:00][sql] SELECT COUNT(*) AS think_count FROM `cmf_product` WHERE  `category_id` = 27 LIMIT 1 [ RunTime:0.000313s ]
[2026-06-12T16:38:20+08:00][sql] SELECT COUNT(*) AS think_count FROM `cmf_product` WHERE  `category_id` = 28 LIMIT 1 [ RunTime:0.000290s ]
[2026-06-12T16:38:20+08:00][sql] SELECT `id`,`category_id`,`title`,`thumbnail`,`industry`,`overview` FROM `cmf_product` WHERE  `category_id` = 28 ORDER BY `list_order` ASC,`create_time` DESC LIMIT 0,12 [ RunTime:0.000717s ]
[2026-06-12T16:38:20+08:00][sql] SHOW FULL COLUMNS FROM `cmf_slide_item` [ RunTime:0.001138s ]
[2026-06-12T16:38:20+08:00][sql] SELECT `title`,`description`,`image` FROM `cmf_slide_item` WHERE  `slide_id` = 2  AND `status` = 1 ORDER BY `list_order` ASC,`id` DESC LIMIT 1 [ RunTime:0.000373s ]
[2026-06-12T16:38:20+08:00][sql] SELECT `option_value` FROM `cmf_option` WHERE  `option_name` = 'storage' LIMIT 1 [ RunTime:0.000228s ]
[2026-06-12T16:38:20+08:00][sql] SHOW FULL COLUMNS FROM `cmf_portal_post` [ RunTime:0.001687s ]
[2026-06-12T16:38:20+08:00][sql] SELECT `id`,`post_title`,`post_excerpt`,`more` FROM `cmf_portal_post` WHERE (  `post_type` = 3 ) AND `cmf_portal_post`.`delete_time` = '0' ORDER BY `create_time` DESC [ RunTime:0.000369s ]
[2026-06-12T16:38:20+08:00][sql] SHOW FULL COLUMNS FROM `cmf_theme_file` [ RunTime:0.000941s ]
[2026-06-12T16:38:20+08:00][sql] SELECT `more`,`file`,`id` FROM `cmf_theme_file` WHERE  `theme` = 'simpleboot3'  AND (  `is_public` = 1 OR `file` = 'portal/product' ) ORDER BY `is_public` DESC [ RunTime:0.000332s ]
[2026-06-12T16:38:22+08:00][sql] CONNECT:[ UseTime:0.001248s ] mysql:host=127.0.0.1;port=3306;dbname=nucleon;charset=utf8mb4
[2026-06-12T16:38:22+08:00][sql] SHOW FULL COLUMNS FROM `cmf_option` [ RunTime:0.001810s ]
[2026-06-12T16:38:22+08:00][sql] SELECT `option_value` FROM `cmf_option` WHERE  `option_name` = 'cdn_settings' LIMIT 1 [ RunTime:0.000390s ]
[2026-06-12T16:38:22+08:00][sql] SELECT `option_value` FROM `cmf_option` WHERE  `option_name` = 'cdn_settings' LIMIT 1 [ RunTime:0.000688s ]
[2026-06-12T16:38:22+08:00][sql] SHOW FULL COLUMNS FROM `cmf_product_category` [ RunTime:0.002965s ]
[2026-06-12T16:38:22+08:00][sql] SELECT * FROM `cmf_product_category` WHERE  `parent_id` = 0 ORDER BY `list_order` ASC,`create_time` DESC [ RunTime:0.000743s ]
[2026-06-12T16:38:22+08:00][sql] SELECT * FROM `cmf_product_category` WHERE  `parent_id` IN (28,19,22,23,25,30,27) [ RunTime:0.000524s ]
[2026-06-12T16:38:22+08:00][sql] SHOW FULL COLUMNS FROM `cmf_portal_category` [ RunTime:0.001542s ]
[2026-06-12T16:38:22+08:00][sql] SELECT * FROM `cmf_portal_category` WHERE (  `type` = 8 ) AND `cmf_portal_category`.`delete_time` = '0' ORDER BY `list_order` ASC [ RunTime:0.000350s ]
[2026-06-12T16:38:22+08:00][sql] SHOW FULL COLUMNS FROM `cmf_product` [ RunTime:0.001649s ]
[2026-06-12T16:38:22+08:00][sql] SELECT * FROM `cmf_product` WHERE  `id` = 127 LIMIT 1 [ RunTime:0.000469s ]
[2026-06-12T16:38:22+08:00][sql] SELECT * FROM `cmf_product_category` WHERE  `id` = 28 LIMIT 1 [ RunTime:0.000290s ]
[2026-06-12T16:38:22+08:00][sql] SELECT `id`,`title`,`industry`,`thumbnail` FROM `cmf_product` WHERE  `id` <> 127  AND `is_recommended` = 1  AND `category_id` = 28 ORDER BY RAND() LIMIT 4 [ RunTime:0.001297s ]
[2026-06-12T16:38:22+08:00][sql] SHOW FULL COLUMNS FROM `cmf_slide_item` [ RunTime:0.002065s ]
[2026-06-12T16:38:22+08:00][sql] SELECT `title`,`description`,`image` FROM `cmf_slide_item` WHERE  `slide_id` = 2  AND `status` = 1 ORDER BY `list_order` ASC,`id` DESC LIMIT 1 [ RunTime:0.000520s ]
[2026-06-12T16:38:22+08:00][sql] SHOW FULL COLUMNS FROM `cmf_theme_file` [ RunTime:0.001444s ]
[2026-06-12T16:38:22+08:00][sql] SELECT `more`,`file`,`id` FROM `cmf_theme_file` WHERE  `theme` = 'simpleboot3'  AND (  `is_public` = 1 OR `file` = 'portal/product-info' ) ORDER BY `is_public` DESC [ RunTime:0.000430s ]
[2026-06-12T16:38:22+08:00][sql] SELECT `option_value` FROM `cmf_option` WHERE  `option_name` = 'storage' LIMIT 1 [ RunTime:0.000498s ]
[2026-06-12T16:42:57+08:00][sql] CONNECT:[ UseTime:0.001314s ] mysql:host=127.0.0.1;port=3306;dbname=nucleon;charset=utf8mb4
[2026-06-12T16:42:57+08:00][sql] SHOW FULL COLUMNS FROM `cmf_option` [ RunTime:0.001724s ]
[2026-06-12T16:42:57+08:00][sql] SELECT `option_value` FROM `cmf_option` WHERE  `option_name` = 'cdn_settings' LIMIT 1 [ RunTime:0.000535s ]
[2026-06-12T16:42:57+08:00][sql] SELECT `option_value` FROM `cmf_option` WHERE  `option_name` = 'cdn_settings' LIMIT 1 [ RunTime:0.000404s ]
[2026-06-12T16:42:57+08:00][sql] SHOW FULL COLUMNS FROM `cmf_product_category` [ RunTime:0.001121s ]
[2026-06-12T16:42:57+08:00][sql] SELECT * FROM `cmf_product_category` WHERE  `parent_id` = 0 ORDER BY `list_order` ASC,`create_time` DESC [ RunTime:0.000326s ]
[2026-06-12T16:42:57+08:00][sql] SELECT * FROM `cmf_product_category` WHERE  `parent_id` IN (28,19,22,23,25,30,27) [ RunTime:0.000307s ]
[2026-06-12T16:42:57+08:00][sql] SHOW FULL COLUMNS FROM `cmf_portal_category` [ RunTime:0.001160s ]
[2026-06-12T16:42:57+08:00][sql] SELECT * FROM `cmf_portal_category` WHERE (  `type` = 8 ) AND `cmf_portal_category`.`delete_time` = '0' ORDER BY `list_order` ASC [ RunTime:0.000352s ]
[2026-06-12T16:42:57+08:00][sql] SHOW FULL COLUMNS FROM `cmf_product` [ RunTime:0.001389s ]
[2026-06-12T16:42:57+08:00][sql] SELECT * FROM `cmf_product` WHERE  `id` = 127 LIMIT 1 [ RunTime:0.000381s ]
[2026-06-12T16:42:57+08:00][sql] SELECT * FROM `cmf_product_category` WHERE  `id` = 28 LIMIT 1 [ RunTime:0.000304s ]
[2026-06-12T16:42:57+08:00][sql] SELECT `id`,`title`,`industry`,`thumbnail` FROM `cmf_product` WHERE  `id` <> 127  AND `is_recommended` = 1  AND `category_id` = 28 ORDER BY RAND() LIMIT 4 [ RunTime:0.000732s ]
[2026-06-12T16:42:57+08:00][sql] SHOW FULL COLUMNS FROM `cmf_slide_item` [ RunTime:0.001158s ]
[2026-06-12T16:42:57+08:00][sql] SELECT `title`,`description`,`image` FROM `cmf_slide_item` WHERE  `slide_id` = 2  AND `status` = 1 ORDER BY `list_order` ASC,`id` DESC LIMIT 1 [ RunTime:0.000370s ]
[2026-06-12T16:42:57+08:00][sql] SHOW FULL COLUMNS FROM `cmf_theme_file` [ RunTime:0.001009s ]
[2026-06-12T16:42:57+08:00][sql] SELECT `more`,`file`,`id` FROM `cmf_theme_file` WHERE  `theme` = 'simpleboot3'  AND (  `is_public` = 1 OR `file` = 'portal/product-info' ) ORDER BY `is_public` DESC [ RunTime:0.000309s ]
[2026-06-12T16:42:57+08:00][sql] SELECT `option_value` FROM `cmf_option` WHERE  `option_name` = 'storage' LIMIT 1 [ RunTime:0.000432s ]
[2026-06-12T16:43:00+08:00][sql] CONNECT:[ UseTime:0.000897s ] mysql:host=127.0.0.1;port=3306;dbname=nucleon;charset=utf8mb4
[2026-06-12T16:43:00+08:00][sql] SHOW FULL COLUMNS FROM `cmf_option` [ RunTime:0.001630s ]
[2026-06-12T16:43:00+08:00][sql] SELECT `option_value` FROM `cmf_option` WHERE  `option_name` = 'cdn_settings' LIMIT 1 [ RunTime:0.000339s ]
[2026-06-12T16:43:00+08:00][sql] SELECT `option_value` FROM `cmf_option` WHERE  `option_name` = 'cdn_settings' LIMIT 1 [ RunTime:0.000656s ]
[2026-06-12T16:43:00+08:00][sql] SHOW FULL COLUMNS FROM `cmf_product_category` [ RunTime:0.001521s ]
[2026-06-12T16:43:00+08:00][sql] SELECT * FROM `cmf_product_category` WHERE  `parent_id` = 0 ORDER BY `list_order` ASC,`create_time` DESC [ RunTime:0.000389s ]
[2026-06-12T16:43:00+08:00][sql] SELECT * FROM `cmf_product_category` WHERE  `parent_id` IN (28,19,22,23,25,30,27) [ RunTime:0.000307s ]
[2026-06-12T16:43:00+08:00][sql] SHOW FULL COLUMNS FROM `cmf_portal_category` [ RunTime:0.001223s ]
[2026-06-12T16:43:00+08:00][sql] SELECT * FROM `cmf_portal_category` WHERE (  `type` = 8 ) AND `cmf_portal_category`.`delete_time` = '0' ORDER BY `list_order` ASC [ RunTime:0.000365s ]
[2026-06-12T16:43:00+08:00][sql] SHOW FULL COLUMNS FROM `cmf_product` [ RunTime:0.001339s ]
[2026-06-12T16:43:00+08:00][sql] SELECT * FROM `cmf_product` WHERE  `id` = 127 LIMIT 1 [ RunTime:0.000416s ]
[2026-06-12T16:43:00+08:00][sql] SELECT * FROM `cmf_product_category` WHERE  `id` = 28 LIMIT 1 [ RunTime:0.000296s ]
[2026-06-12T16:43:00+08:00][sql] SELECT `id`,`title`,`industry`,`thumbnail` FROM `cmf_product` WHERE  `id` <> 127  AND `is_recommended` = 1  AND `category_id` = 28 ORDER BY RAND() LIMIT 4 [ RunTime:0.000608s ]
[2026-06-12T16:43:00+08:00][sql] SHOW FULL COLUMNS FROM `cmf_slide_item` [ RunTime:0.001099s ]
[2026-06-12T16:43:00+08:00][sql] SELECT `title`,`description`,`image` FROM `cmf_slide_item` WHERE  `slide_id` = 2  AND `status` = 1 ORDER BY `list_order` ASC,`id` DESC LIMIT 1 [ RunTime:0.000672s ]
[2026-06-12T16:43:00+08:00][sql] SHOW FULL COLUMNS FROM `cmf_theme_file` [ RunTime:0.001477s ]
[2026-06-12T16:43:00+08:00][sql] SELECT `more`,`file`,`id` FROM `cmf_theme_file` WHERE  `theme` = 'simpleboot3'  AND (  `is_public` = 1 OR `file` = 'portal/product-info' ) ORDER BY `is_public` DESC [ RunTime:0.000417s ]
[2026-06-12T16:43:00+08:00][sql] SELECT `option_value` FROM `cmf_option` WHERE  `option_name` = 'storage' LIMIT 1 [ RunTime:0.000443s ]
[2026-06-12T16:43:14+08:00][sql] CONNECT:[ UseTime:0.000976s ] mysql:host=127.0.0.1;port=3306;dbname=nucleon;charset=utf8mb4
[2026-06-12T16:43:14+08:00][sql] SHOW FULL COLUMNS FROM `cmf_option` [ RunTime:0.001687s ]
[2026-06-12T16:43:14+08:00][sql] SELECT `option_value` FROM `cmf_option` WHERE  `option_name` = 'cdn_settings' LIMIT 1 [ RunTime:0.000276s ]
[2026-06-12T16:43:14+08:00][sql] SELECT `option_value` FROM `cmf_option` WHERE  `option_name` = 'cdn_settings' LIMIT 1 [ RunTime:0.000263s ]
[2026-06-12T16:43:14+08:00][sql] SHOW FULL COLUMNS FROM `cmf_product_category` [ RunTime:0.001155s ]
[2026-06-12T16:43:14+08:00][sql] SELECT * FROM `cmf_product_category` WHERE  `parent_id` = 0 ORDER BY `list_order` ASC,`create_time` DESC [ RunTime:0.000336s ]
[2026-06-12T16:43:14+08:00][sql] SELECT * FROM `cmf_product_category` WHERE  `parent_id` IN (28,19,22,23,25,30,27) [ RunTime:0.000348s ]
[2026-06-12T16:43:14+08:00][sql] SHOW FULL COLUMNS FROM `cmf_portal_category` [ RunTime:0.001241s ]
[2026-06-12T16:43:14+08:00][sql] SELECT * FROM `cmf_portal_category` WHERE (  `type` = 8 ) AND `cmf_portal_category`.`delete_time` = '0' ORDER BY `list_order` ASC [ RunTime:0.000457s ]
[2026-06-12T16:43:14+08:00][sql] SHOW FULL COLUMNS FROM `cmf_product` [ RunTime:0.001482s ]
[2026-06-12T16:43:14+08:00][sql] SELECT * FROM `cmf_product` WHERE  `id` = 127 LIMIT 1 [ RunTime:0.000435s ]
[2026-06-12T16:43:14+08:00][sql] SELECT * FROM `cmf_product_category` WHERE  `id` = 28 LIMIT 1 [ RunTime:0.000269s ]
[2026-06-12T16:43:14+08:00][sql] SELECT `id`,`title`,`industry`,`thumbnail` FROM `cmf_product` WHERE  `id` <> 127  AND `is_recommended` = 1  AND `category_id` = 28 ORDER BY RAND() LIMIT 4 [ RunTime:0.000576s ]
[2026-06-12T16:43:14+08:00][sql] SHOW FULL COLUMNS FROM `cmf_slide_item` [ RunTime:0.001051s ]
[2026-06-12T16:43:14+08:00][sql] SELECT `title`,`description`,`image` FROM `cmf_slide_item` WHERE  `slide_id` = 2  AND `status` = 1 ORDER BY `list_order` ASC,`id` DESC LIMIT 1 [ RunTime:0.000356s ]
[2026-06-12T16:43:14+08:00][sql] SHOW FULL COLUMNS FROM `cmf_theme_file` [ RunTime:0.001020s ]
[2026-06-12T16:43:14+08:00][sql] SELECT `more`,`file`,`id` FROM `cmf_theme_file` WHERE  `theme` = 'simpleboot3'  AND (  `is_public` = 1 OR `file` = 'portal/product-info' ) ORDER BY `is_public` DESC [ RunTime:0.000321s ]
[2026-06-12T16:43:14+08:00][sql] SELECT `option_value` FROM `cmf_option` WHERE  `option_name` = 'storage' LIMIT 1 [ RunTime:0.000278s ]
[2026-06-12T16:52:30+08:00][sql] CONNECT:[ UseTime:0.001694s ] mysql:host=127.0.0.1;port=3306;dbname=nucleon;charset=utf8mb4
[2026-06-12T16:52:30+08:00][sql] SHOW FULL COLUMNS FROM `cmf_option` [ RunTime:0.001653s ]
[2026-06-12T16:52:30+08:00][sql] SELECT `option_value` FROM `cmf_option` WHERE  `option_name` = 'cdn_settings' LIMIT 1 [ RunTime:0.000291s ]
[2026-06-12T16:52:30+08:00][sql] SELECT `option_value` FROM `cmf_option` WHERE  `option_name` = 'cdn_settings' LIMIT 1 [ RunTime:0.000594s ]
[2026-06-12T16:52:30+08:00][sql] SHOW FULL COLUMNS FROM `cmf_product_category` [ RunTime:0.001373s ]
[2026-06-12T16:52:30+08:00][sql] SELECT * FROM `cmf_product_category` WHERE  `parent_id` = 0 ORDER BY `list_order` ASC,`create_time` DESC [ RunTime:0.000347s ]
[2026-06-12T16:52:30+08:00][sql] SELECT * FROM `cmf_product_category` WHERE  `parent_id` IN (28,19,22,23,25,30,27) [ RunTime:0.000337s ]
[2026-06-12T16:52:30+08:00][sql] SHOW FULL COLUMNS FROM `cmf_portal_category` [ RunTime:0.001202s ]
[2026-06-12T16:52:30+08:00][sql] SELECT * FROM `cmf_portal_category` WHERE (  `type` = 8 ) AND `cmf_portal_category`.`delete_time` = '0' ORDER BY `list_order` ASC [ RunTime:0.000384s ]
[2026-06-12T16:52:30+08:00][sql] SHOW FULL COLUMNS FROM `cmf_product` [ RunTime:0.001552s ]
[2026-06-12T16:52:30+08:00][sql] SELECT * FROM `cmf_product` WHERE  `id` = 127 LIMIT 1 [ RunTime:0.000425s ]
[2026-06-12T16:52:30+08:00][sql] SELECT * FROM `cmf_product_category` WHERE  `id` = 28 LIMIT 1 [ RunTime:0.000283s ]
[2026-06-12T16:52:30+08:00][sql] SELECT `id`,`title`,`industry`,`thumbnail` FROM `cmf_product` WHERE  `id` <> 127  AND `is_recommended` = 1  AND `category_id` = 28 ORDER BY RAND() LIMIT 3 [ RunTime:0.000740s ]
[2026-06-12T16:52:30+08:00][sql] SHOW FULL COLUMNS FROM `cmf_slide_item` [ RunTime:0.001890s ]
[2026-06-12T16:52:30+08:00][sql] SELECT `title`,`description`,`image` FROM `cmf_slide_item` WHERE  `slide_id` = 2  AND `status` = 1 ORDER BY `list_order` ASC,`id` DESC LIMIT 1 [ RunTime:0.000570s ]
[2026-06-12T16:52:30+08:00][sql] SHOW FULL COLUMNS FROM `cmf_theme_file` [ RunTime:0.001254s ]
[2026-06-12T16:52:30+08:00][sql] SELECT `more`,`file`,`id` FROM `cmf_theme_file` WHERE  `theme` = 'simpleboot3'  AND (  `is_public` = 1 OR `file` = 'portal/product-info' ) ORDER BY `is_public` DESC [ RunTime:0.000364s ]
[2026-06-12T16:52:30+08:00][sql] SELECT `option_value` FROM `cmf_option` WHERE  `option_name` = 'storage' LIMIT 1 [ RunTime:0.000529s ]
[2026-06-12T16:52:41+08:00][sql] CONNECT:[ UseTime:0.017484s ] mysql:host=127.0.0.1;port=3306;dbname=nucleon;charset=utf8mb4
[2026-06-12T16:52:41+08:00][sql] SHOW FULL COLUMNS FROM `cmf_option` [ RunTime:0.001642s ]
[2026-06-12T16:52:41+08:00][sql] SELECT `option_value` FROM `cmf_option` WHERE  `option_name` = 'cdn_settings' LIMIT 1 [ RunTime:0.000405s ]
[2026-06-12T16:52:41+08:00][sql] SELECT `option_value` FROM `cmf_option` WHERE  `option_name` = 'cdn_settings' LIMIT 1 [ RunTime:0.000286s ]
[2026-06-12T16:52:41+08:00][sql] SHOW FULL COLUMNS FROM `cmf_product_category` [ RunTime:0.001094s ]
[2026-06-12T16:52:41+08:00][sql] SELECT * FROM `cmf_product_category` WHERE  `parent_id` = 0 ORDER BY `list_order` ASC,`create_time` DESC [ RunTime:0.000385s ]
[2026-06-12T16:52:41+08:00][sql] SELECT * FROM `cmf_product_category` WHERE  `parent_id` IN (28,19,22,23,25,30,27) [ RunTime:0.000360s ]
[2026-06-12T16:52:41+08:00][sql] SHOW FULL COLUMNS FROM `cmf_portal_category` [ RunTime:0.001929s ]
[2026-06-12T16:52:41+08:00][sql] SELECT * FROM `cmf_portal_category` WHERE (  `type` = 8 ) AND `cmf_portal_category`.`delete_time` = '0' ORDER BY `list_order` ASC [ RunTime:0.000503s ]
[2026-06-12T16:52:41+08:00][sql] SHOW FULL COLUMNS FROM `cmf_slide_item` [ RunTime:0.001539s ]
[2026-06-12T16:52:41+08:00][sql] SELECT `title`,`description`,`image`,`url`,`target`,`content` FROM `cmf_slide_item` WHERE  `slide_id` = 1 ORDER BY `list_order` ASC [ RunTime:0.000426s ]
[2026-06-12T16:52:41+08:00][sql] SHOW FULL COLUMNS FROM `cmf_slide` [ RunTime:0.001012s ]
[2026-06-12T16:52:41+08:00][sql] SELECT * FROM `cmf_slide` WHERE  `name` LIKE '%choose%' OR `name` LIKE '%选择%' LIMIT 1 [ RunTime:0.000509s ]
[2026-06-12T16:52:41+08:00][sql] SELECT `title`,`description`,`image`,`url`,`target`,`content` FROM `cmf_slide_item` WHERE  `slide_id` = 14  AND `status` = 1 ORDER BY `list_order` ASC [ RunTime:0.000355s ]
[2026-06-12T16:52:41+08:00][sql] SELECT * FROM `cmf_product_category` WHERE  `parent_id` = 0  AND `recommend` = 1 ORDER BY `list_order` ASC,`create_time` DESC [ RunTime:0.000322s ]
[2026-06-12T16:52:41+08:00][sql] SHOW FULL COLUMNS FROM `cmf_product` [ RunTime:0.001268s ]
[2026-06-12T16:52:41+08:00][sql] SELECT `id`,`title`,`thumbnail`,`industry` FROM `cmf_product` WHERE  `is_recommended` = 1  AND `category_id` = 28 ORDER BY `list_order` ASC LIMIT 6 [ RunTime:0.000453s ]
[2026-06-12T16:52:41+08:00][sql] SELECT `id`,`title`,`thumbnail`,`industry` FROM `cmf_product` WHERE  `is_recommended` = 1  AND `category_id` = 19 ORDER BY `list_order` ASC LIMIT 6 [ RunTime:0.000367s ]
[2026-06-12T16:52:41+08:00][sql] SELECT `id`,`title`,`thumbnail`,`industry` FROM `cmf_product` WHERE  `is_recommended` = 1  AND `category_id` = 23 ORDER BY `list_order` ASC LIMIT 6 [ RunTime:0.000333s ]
[2026-06-12T16:52:41+08:00][sql] SELECT `id`,`title`,`thumbnail`,`industry` FROM `cmf_product` WHERE  `is_recommended` = 1  AND `category_id` = 25 ORDER BY `list_order` ASC LIMIT 6 [ RunTime:0.000299s ]
[2026-06-12T16:52:41+08:00][sql] SELECT `id`,`title`,`thumbnail`,`industry` FROM `cmf_product` WHERE  `is_recommended` = 1  AND `category_id` = 30 ORDER BY `list_order` ASC LIMIT 6 [ RunTime:0.000285s ]
[2026-06-12T16:52:41+08:00][sql] SHOW FULL COLUMNS FROM `cmf_portal_post` [ RunTime:0.001453s ]
[2026-06-12T16:52:41+08:00][sql] SELECT `p`.`id`,`p`.`post_title`,`p`.`post_excerpt`,`p`.`thumbnail`,`p`.`create_time`,`c`.`category_id` FROM `cmf_portal_post` `p` INNER JOIN `cmf_portal_category_post` `c` ON `p`.`id`=`c`.`post_id` WHERE (  `p`.`post_type` = '8' ) AND `p`.`delete_time` = '0' ORDER BY `c`.`list_order` ASC,`p`.`create_time` DESC [ RunTime:0.000923s ]
[2026-06-12T16:52:41+08:00][sql] SELECT `id`,`post_title`,`post_excerpt`,`more` FROM `cmf_portal_post` WHERE (  `post_type` = 3 ) AND `cmf_portal_post`.`delete_time` = '0' ORDER BY `create_time` DESC [ RunTime:0.000515s ]
[2026-06-12T16:52:41+08:00][sql] SHOW FULL COLUMNS FROM `cmf_theme_file` [ RunTime:0.001439s ]
[2026-06-12T16:52:41+08:00][sql] SELECT `more`,`file`,`id` FROM `cmf_theme_file` WHERE  `theme` = 'simpleboot3'  AND (  `is_public` = 1 OR `file` = 'portal/index' ) ORDER BY `is_public` DESC [ RunTime:0.000405s ]
[2026-06-12T16:52:41+08:00][sql] SELECT `option_value` FROM `cmf_option` WHERE  `option_name` = 'storage' LIMIT 1 [ RunTime:0.000288s ]
[2026-06-12T16:52:48+08:00][sql] CONNECT:[ UseTime:0.001232s ] mysql:host=127.0.0.1;port=3306;dbname=nucleon;charset=utf8mb4
[2026-06-12T16:52:48+08:00][sql] SHOW FULL COLUMNS FROM `cmf_option` [ RunTime:0.002208s ]
[2026-06-12T16:52:48+08:00][sql] SELECT `option_value` FROM `cmf_option` WHERE  `option_name` = 'cdn_settings' LIMIT 1 [ RunTime:0.000516s ]
[2026-06-12T16:52:48+08:00][sql] SELECT `option_value` FROM `cmf_option` WHERE  `option_name` = 'cdn_settings' LIMIT 1 [ RunTime:0.000837s ]
[2026-06-12T16:52:48+08:00][sql] SHOW FULL COLUMNS FROM `cmf_product_category` [ RunTime:0.001410s ]
[2026-06-12T16:52:48+08:00][sql] SELECT * FROM `cmf_product_category` WHERE  `parent_id` = 0 ORDER BY `list_order` ASC,`create_time` DESC [ RunTime:0.000386s ]
[2026-06-12T16:52:48+08:00][sql] SELECT * FROM `cmf_product_category` WHERE  `parent_id` IN (28,19,22,23,25,30,27) [ RunTime:0.000457s ]
[2026-06-12T16:52:48+08:00][sql] SHOW FULL COLUMNS FROM `cmf_portal_category` [ RunTime:0.001495s ]
[2026-06-12T16:52:48+08:00][sql] SELECT * FROM `cmf_portal_category` WHERE (  `type` = 8 ) AND `cmf_portal_category`.`delete_time` = '0' ORDER BY `list_order` ASC [ RunTime:0.000452s ]
[2026-06-12T16:52:48+08:00][sql] SHOW FULL COLUMNS FROM `cmf_product` [ RunTime:0.002328s ]
[2026-06-12T16:52:48+08:00][sql] SELECT COUNT(*) AS think_count FROM `cmf_product` WHERE  `category_id` = 28 LIMIT 1 [ RunTime:0.000429s ]
[2026-06-12T16:52:48+08:00][sql] SELECT COUNT(*) AS think_count FROM `cmf_product` WHERE  `category_id` = 19 LIMIT 1 [ RunTime:0.000269s ]
[2026-06-12T16:52:48+08:00][sql] SELECT COUNT(*) AS think_count FROM `cmf_product` WHERE  `category_id` = 22 LIMIT 1 [ RunTime:0.000280s ]
[2026-06-12T16:52:48+08:00][sql] SELECT COUNT(*) AS think_count FROM `cmf_product` WHERE  `category_id` = 23 LIMIT 1 [ RunTime:0.000252s ]
[2026-06-12T16:52:48+08:00][sql] SELECT COUNT(*) AS think_count FROM `cmf_product` WHERE  `category_id` = 25 LIMIT 1 [ RunTime:0.000252s ]
[2026-06-12T16:52:48+08:00][sql] SELECT COUNT(*) AS think_count FROM `cmf_product` WHERE  `category_id` = 30 LIMIT 1 [ RunTime:0.000230s ]
[2026-06-12T16:52:48+08:00][sql] SELECT COUNT(*) AS think_count FROM `cmf_product` WHERE  `category_id` = 27 LIMIT 1 [ RunTime:0.000263s ]
[2026-06-12T16:52:48+08:00][sql] SELECT COUNT(*) AS think_count FROM `cmf_product` LIMIT 1 [ RunTime:0.000209s ]
[2026-06-12T16:52:48+08:00][sql] SELECT `id`,`category_id`,`title`,`thumbnail`,`industry`,`overview` FROM `cmf_product` ORDER BY `list_order` ASC,`create_time` DESC LIMIT 0,12 [ RunTime:0.000883s ]
[2026-06-12T16:52:48+08:00][sql] SHOW FULL COLUMNS FROM `cmf_slide_item` [ RunTime:0.001590s ]
[2026-06-12T16:52:48+08:00][sql] SELECT `title`,`description`,`image` FROM `cmf_slide_item` WHERE  `slide_id` = 2  AND `status` = 1 ORDER BY `list_order` ASC,`id` DESC LIMIT 1 [ RunTime:0.000503s ]
[2026-06-12T16:52:48+08:00][sql] SELECT `option_value` FROM `cmf_option` WHERE  `option_name` = 'storage' LIMIT 1 [ RunTime:0.000406s ]
[2026-06-12T16:52:48+08:00][sql] SHOW FULL COLUMNS FROM `cmf_portal_post` [ RunTime:0.002330s ]
[2026-06-12T16:52:48+08:00][sql] SELECT `id`,`post_title`,`post_excerpt`,`more` FROM `cmf_portal_post` WHERE (  `post_type` = 3 ) AND `cmf_portal_post`.`delete_time` = '0' ORDER BY `create_time` DESC [ RunTime:0.000869s ]
[2026-06-12T16:52:48+08:00][sql] SHOW FULL COLUMNS FROM `cmf_theme_file` [ RunTime:0.001136s ]
[2026-06-12T16:52:48+08:00][sql] SELECT `more`,`file`,`id` FROM `cmf_theme_file` WHERE  `theme` = 'simpleboot3'  AND (  `is_public` = 1 OR `file` = 'portal/product' ) ORDER BY `is_public` DESC [ RunTime:0.000354s ]
[2026-06-12T16:52:52+08:00][sql] CONNECT:[ UseTime:0.000947s ] mysql:host=127.0.0.1;port=3306;dbname=nucleon;charset=utf8mb4
[2026-06-12T16:52:52+08:00][sql] SHOW FULL COLUMNS FROM `cmf_option` [ RunTime:0.001602s ]
[2026-06-12T16:52:52+08:00][sql] SELECT `option_value` FROM `cmf_option` WHERE  `option_name` = 'cdn_settings' LIMIT 1 [ RunTime:0.000273s ]
[2026-06-12T16:52:52+08:00][sql] SELECT `option_value` FROM `cmf_option` WHERE  `option_name` = 'cdn_settings' LIMIT 1 [ RunTime:0.000277s ]
[2026-06-12T16:52:52+08:00][sql] SHOW FULL COLUMNS FROM `cmf_product_category` [ RunTime:0.001105s ]
[2026-06-12T16:52:52+08:00][sql] SELECT * FROM `cmf_product_category` WHERE  `parent_id` = 0 ORDER BY `list_order` ASC,`create_time` DESC [ RunTime:0.000328s ]
[2026-06-12T16:52:52+08:00][sql] SELECT * FROM `cmf_product_category` WHERE  `parent_id` IN (28,19,22,23,25,30,27) [ RunTime:0.000292s ]
[2026-06-12T16:52:52+08:00][sql] SHOW FULL COLUMNS FROM `cmf_portal_category` [ RunTime:0.001088s ]
[2026-06-12T16:52:52+08:00][sql] SELECT * FROM `cmf_portal_category` WHERE (  `type` = 8 ) AND `cmf_portal_category`.`delete_time` = '0' ORDER BY `list_order` ASC [ RunTime:0.000323s ]
[2026-06-12T16:52:52+08:00][sql] SHOW FULL COLUMNS FROM `cmf_slide_item` [ RunTime:0.001155s ]
[2026-06-12T16:52:52+08:00][sql] SELECT `title`,`description`,`image`,`url`,`target`,`content` FROM `cmf_slide_item` WHERE  `slide_id` = 1 ORDER BY `list_order` ASC [ RunTime:0.000329s ]
[2026-06-12T16:52:52+08:00][sql] SHOW FULL COLUMNS FROM `cmf_slide` [ RunTime:0.000879s ]
[2026-06-12T16:52:52+08:00][sql] SELECT * FROM `cmf_slide` WHERE  `name` LIKE '%choose%' OR `name` LIKE '%选择%' LIMIT 1 [ RunTime:0.000417s ]
[2026-06-12T16:52:52+08:00][sql] SELECT `title`,`description`,`image`,`url`,`target`,`content` FROM `cmf_slide_item` WHERE  `slide_id` = 14  AND `status` = 1 ORDER BY `list_order` ASC [ RunTime:0.000337s ]
[2026-06-12T16:52:52+08:00][sql] SELECT * FROM `cmf_product_category` WHERE  `parent_id` = 0  AND `recommend` = 1 ORDER BY `list_order` ASC,`create_time` DESC [ RunTime:0.000342s ]
[2026-06-12T16:52:52+08:00][sql] SHOW FULL COLUMNS FROM `cmf_product` [ RunTime:0.001503s ]
[2026-06-12T16:52:52+08:00][sql] SELECT `id`,`title`,`thumbnail`,`industry` FROM `cmf_product` WHERE  `is_recommended` = 1  AND `category_id` = 28 ORDER BY `list_order` ASC LIMIT 6 [ RunTime:0.000457s ]
[2026-06-12T16:52:52+08:00][sql] SELECT `id`,`title`,`thumbnail`,`industry` FROM `cmf_product` WHERE  `is_recommended` = 1  AND `category_id` = 19 ORDER BY `list_order` ASC LIMIT 6 [ RunTime:0.000402s ]
[2026-06-12T16:52:52+08:00][sql] SELECT `id`,`title`,`thumbnail`,`industry` FROM `cmf_product` WHERE  `is_recommended` = 1  AND `category_id` = 23 ORDER BY `list_order` ASC LIMIT 6 [ RunTime:0.000323s ]
[2026-06-12T16:52:52+08:00][sql] SELECT `id`,`title`,`thumbnail`,`industry` FROM `cmf_product` WHERE  `is_recommended` = 1  AND `category_id` = 25 ORDER BY `list_order` ASC LIMIT 6 [ RunTime:0.000274s ]
[2026-06-12T16:52:52+08:00][sql] SELECT `id`,`title`,`thumbnail`,`industry` FROM `cmf_product` WHERE  `is_recommended` = 1  AND `category_id` = 30 ORDER BY `list_order` ASC LIMIT 6 [ RunTime:0.000289s ]
[2026-06-12T16:52:52+08:00][sql] SHOW FULL COLUMNS FROM `cmf_portal_post` [ RunTime:0.001145s ]
[2026-06-12T16:52:52+08:00][sql] SELECT `p`.`id`,`p`.`post_title`,`p`.`post_excerpt`,`p`.`thumbnail`,`p`.`create_time`,`c`.`category_id` FROM `cmf_portal_post` `p` INNER JOIN `cmf_portal_category_post` `c` ON `p`.`id`=`c`.`post_id` WHERE (  `p`.`post_type` = '8' ) AND `p`.`delete_time` = '0' ORDER BY `c`.`list_order` ASC,`p`.`create_time` DESC [ RunTime:0.000638s ]
[2026-06-12T16:52:52+08:00][sql] SELECT `id`,`post_title`,`post_excerpt`,`more` FROM `cmf_portal_post` WHERE (  `post_type` = 3 ) AND `cmf_portal_post`.`delete_time` = '0' ORDER BY `create_time` DESC [ RunTime:0.000346s ]
[2026-06-12T16:52:52+08:00][sql] SHOW FULL COLUMNS FROM `cmf_theme_file` [ RunTime:0.000995s ]
[2026-06-12T16:52:52+08:00][sql] SELECT `more`,`file`,`id` FROM `cmf_theme_file` WHERE  `theme` = 'simpleboot3'  AND (  `is_public` = 1 OR `file` = 'portal/index' ) ORDER BY `is_public` DESC [ RunTime:0.000338s ]
[2026-06-12T16:52:52+08:00][sql] SELECT `option_value` FROM `cmf_option` WHERE  `option_name` = 'storage' LIMIT 1 [ RunTime:0.000410s ]
[2026-06-12T16:53:35+08:00][sql] CONNECT:[ UseTime:0.001096s ] mysql:host=127.0.0.1;port=3306;dbname=nucleon;charset=utf8mb4
[2026-06-12T16:53:35+08:00][sql] SHOW FULL COLUMNS FROM `cmf_option` [ RunTime:0.001805s ]
[2026-06-12T16:53:35+08:00][sql] SELECT `option_value` FROM `cmf_option` WHERE  `option_name` = 'cdn_settings' LIMIT 1 [ RunTime:0.000333s ]
[2026-06-12T16:53:35+08:00][sql] SELECT `option_value` FROM `cmf_option` WHERE  `option_name` = 'cdn_settings' LIMIT 1 [ RunTime:0.000412s ]
[2026-06-12T16:53:35+08:00][sql] SHOW FULL COLUMNS FROM `cmf_product_category` [ RunTime:0.001568s ]
[2026-06-12T16:53:35+08:00][sql] SELECT * FROM `cmf_product_category` WHERE  `parent_id` = 0 ORDER BY `list_order` ASC,`create_time` DESC [ RunTime:0.000376s ]
[2026-06-12T16:53:35+08:00][sql] SELECT * FROM `cmf_product_category` WHERE  `parent_id` IN (28,19,22,23,25,30,27) [ RunTime:0.000398s ]
[2026-06-12T16:53:35+08:00][sql] SHOW FULL COLUMNS FROM `cmf_portal_category` [ RunTime:0.002096s ]
[2026-06-12T16:53:35+08:00][sql] SELECT * FROM `cmf_portal_category` WHERE (  `type` = 8 ) AND `cmf_portal_category`.`delete_time` = '0' ORDER BY `list_order` ASC [ RunTime:0.000562s ]
[2026-06-12T16:53:35+08:00][sql] SHOW FULL COLUMNS FROM `cmf_product` [ RunTime:0.002280s ]
[2026-06-12T16:53:35+08:00][sql] SELECT COUNT(*) AS think_count FROM `cmf_product` WHERE  `category_id` = 28 LIMIT 1 [ RunTime:0.000472s ]
[2026-06-12T16:53:35+08:00][sql] SELECT COUNT(*) AS think_count FROM `cmf_product` WHERE  `category_id` = 19 LIMIT 1 [ RunTime:0.000323s ]
[2026-06-12T16:53:35+08:00][sql] SELECT COUNT(*) AS think_count FROM `cmf_product` WHERE  `category_id` = 22 LIMIT 1 [ RunTime:0.000262s ]
[2026-06-12T16:53:35+08:00][sql] SELECT COUNT(*) AS think_count FROM `cmf_product` WHERE  `category_id` = 23 LIMIT 1 [ RunTime:0.000248s ]
[2026-06-12T16:53:35+08:00][sql] SELECT COUNT(*) AS think_count FROM `cmf_product` WHERE  `category_id` = 25 LIMIT 1 [ RunTime:0.000298s ]
[2026-06-12T16:53:35+08:00][sql] SELECT COUNT(*) AS think_count FROM `cmf_product` WHERE  `category_id` = 30 LIMIT 1 [ RunTime:0.000244s ]
[2026-06-12T16:53:35+08:00][sql] SELECT COUNT(*) AS think_count FROM `cmf_product` WHERE  `category_id` = 27 LIMIT 1 [ RunTime:0.000253s ]
[2026-06-12T16:53:35+08:00][sql] SELECT COUNT(*) AS think_count FROM `cmf_product` LIMIT 1 [ RunTime:0.000224s ]
[2026-06-12T16:53:35+08:00][sql] SELECT `id`,`category_id`,`title`,`thumbnail`,`industry`,`overview` FROM `cmf_product` ORDER BY `list_order` ASC,`create_time` DESC LIMIT 0,12 [ RunTime:0.000779s ]
[2026-06-12T16:53:35+08:00][sql] SHOW FULL COLUMNS FROM `cmf_slide_item` [ RunTime:0.001158s ]
[2026-06-12T16:53:35+08:00][sql] SELECT `title`,`description`,`image` FROM `cmf_slide_item` WHERE  `slide_id` = 2  AND `status` = 1 ORDER BY `list_order` ASC,`id` DESC LIMIT 1 [ RunTime:0.000368s ]
[2026-06-12T16:53:35+08:00][sql] SELECT `option_value` FROM `cmf_option` WHERE  `option_name` = 'storage' LIMIT 1 [ RunTime:0.000256s ]
[2026-06-12T16:53:35+08:00][sql] SHOW FULL COLUMNS FROM `cmf_portal_post` [ RunTime:0.001196s ]
[2026-06-12T16:53:35+08:00][sql] SELECT `id`,`post_title`,`post_excerpt`,`more` FROM `cmf_portal_post` WHERE (  `post_type` = 3 ) AND `cmf_portal_post`.`delete_time` = '0' ORDER BY `create_time` DESC [ RunTime:0.000470s ]
[2026-06-12T16:53:35+08:00][sql] SHOW FULL COLUMNS FROM `cmf_theme_file` [ RunTime:0.000938s ]
[2026-06-12T16:53:35+08:00][sql] SELECT `more`,`file`,`id` FROM `cmf_theme_file` WHERE  `theme` = 'simpleboot3'  AND (  `is_public` = 1 OR `file` = 'portal/product' ) ORDER BY `is_public` DESC [ RunTime:0.000314s ]
[2026-06-12T16:53:36+08:00][sql] CONNECT:[ UseTime:0.001425s ] mysql:host=127.0.0.1;port=3306;dbname=nucleon;charset=utf8mb4
[2026-06-12T16:53:36+08:00][sql] SHOW FULL COLUMNS FROM `cmf_option` [ RunTime:0.001530s ]
[2026-06-12T16:53:36+08:00][sql] SELECT `option_value` FROM `cmf_option` WHERE  `option_name` = 'cdn_settings' LIMIT 1 [ RunTime:0.000283s ]
[2026-06-12T16:53:36+08:00][sql] SELECT `option_value` FROM `cmf_option` WHERE  `option_name` = 'cdn_settings' LIMIT 1 [ RunTime:0.000528s ]
[2026-06-12T16:53:36+08:00][sql] SHOW FULL COLUMNS FROM `cmf_product_category` [ RunTime:0.001306s ]
[2026-06-12T16:53:36+08:00][sql] SELECT * FROM `cmf_product_category` WHERE  `parent_id` = 0 ORDER BY `list_order` ASC,`create_time` DESC [ RunTime:0.000356s ]
[2026-06-12T16:53:36+08:00][sql] SELECT * FROM `cmf_product_category` WHERE  `parent_id` IN (28,19,22,23,25,30,27) [ RunTime:0.000312s ]
[2026-06-12T16:53:36+08:00][sql] SHOW FULL COLUMNS FROM `cmf_portal_category` [ RunTime:0.001857s ]
[2026-06-12T16:53:36+08:00][sql] SELECT * FROM `cmf_portal_category` WHERE (  `type` = 8 ) AND `cmf_portal_category`.`delete_time` = '0' ORDER BY `list_order` ASC [ RunTime:0.000611s ]
[2026-06-12T16:53:36+08:00][sql] SHOW FULL COLUMNS FROM `cmf_product` [ RunTime:0.002233s ]
[2026-06-12T16:53:36+08:00][sql] SELECT * FROM `cmf_product` WHERE  `id` = 73 LIMIT 1 [ RunTime:0.000792s ]
[2026-06-12T16:53:36+08:00][sql] SELECT * FROM `cmf_product_category` WHERE  `id` = 22 LIMIT 1 [ RunTime:0.000465s ]
[2026-06-12T16:53:36+08:00][sql] SELECT `id`,`title`,`industry`,`thumbnail` FROM `cmf_product` WHERE  `id` <> 73  AND `is_recommended` = 1  AND `category_id` = 22 ORDER BY RAND() LIMIT 3 [ RunTime:0.000950s ]
[2026-06-12T16:53:36+08:00][sql] SHOW FULL COLUMNS FROM `cmf_slide_item` [ RunTime:0.001408s ]
[2026-06-12T16:53:36+08:00][sql] SELECT `title`,`description`,`image` FROM `cmf_slide_item` WHERE  `slide_id` = 2  AND `status` = 1 ORDER BY `list_order` ASC,`id` DESC LIMIT 1 [ RunTime:0.000397s ]
[2026-06-12T16:53:36+08:00][sql] SHOW FULL COLUMNS FROM `cmf_theme_file` [ RunTime:0.001510s ]
[2026-06-12T16:53:36+08:00][sql] SELECT `more`,`file`,`id` FROM `cmf_theme_file` WHERE  `theme` = 'simpleboot3'  AND (  `is_public` = 1 OR `file` = 'portal/product-info' ) ORDER BY `is_public` DESC [ RunTime:0.000444s ]
[2026-06-12T16:53:36+08:00][sql] SELECT `option_value` FROM `cmf_option` WHERE  `option_name` = 'storage' LIMIT 1 [ RunTime:0.000521s ]
[2026-06-12T16:53:42+08:00][sql] CONNECT:[ UseTime:0.020754s ] mysql:host=127.0.0.1;port=3306;dbname=nucleon;charset=utf8mb4
[2026-06-12T16:53:42+08:00][sql] SHOW FULL COLUMNS FROM `cmf_option` [ RunTime:0.002837s ]
[2026-06-12T16:53:42+08:00][sql] SELECT `option_value` FROM `cmf_option` WHERE  `option_name` = 'cdn_settings' LIMIT 1 [ RunTime:0.000310s ]
[2026-06-12T16:53:42+08:00][sql] SELECT `option_value` FROM `cmf_option` WHERE  `option_name` = 'cdn_settings' LIMIT 1 [ RunTime:0.000354s ]
[2026-06-12T16:53:42+08:00][sql] SHOW FULL COLUMNS FROM `cmf_product_category` [ RunTime:0.000971s ]
[2026-06-12T16:53:42+08:00][sql] SELECT * FROM `cmf_product_category` WHERE  `parent_id` = 0 ORDER BY `list_order` ASC,`create_time` DESC [ RunTime:0.000287s ]
[2026-06-12T16:53:42+08:00][sql] SELECT * FROM `cmf_product_category` WHERE  `parent_id` IN (28,19,22,23,25,30,27) [ RunTime:0.000347s ]
[2026-06-12T16:53:42+08:00][sql] SHOW FULL COLUMNS FROM `cmf_portal_category` [ RunTime:0.001774s ]
[2026-06-12T16:53:42+08:00][sql] SELECT * FROM `cmf_portal_category` WHERE (  `type` = 8 ) AND `cmf_portal_category`.`delete_time` = '0' ORDER BY `list_order` ASC [ RunTime:0.000447s ]
[2026-06-12T16:53:42+08:00][sql] SHOW FULL COLUMNS FROM `cmf_product` [ RunTime:0.001843s ]
[2026-06-12T16:53:42+08:00][sql] SELECT * FROM `cmf_product` WHERE  `id` = 68 LIMIT 1 [ RunTime:0.000427s ]
[2026-06-12T16:53:42+08:00][sql] SELECT * FROM `cmf_product_category` WHERE  `id` = 23 LIMIT 1 [ RunTime:0.000251s ]
[2026-06-12T16:53:42+08:00][sql] SELECT `id`,`title`,`industry`,`thumbnail` FROM `cmf_product` WHERE  `id` <> 68  AND `is_recommended` = 1  AND `category_id` = 23 ORDER BY RAND() LIMIT 3 [ RunTime:0.000547s ]
[2026-06-12T16:53:42+08:00][sql] SHOW FULL COLUMNS FROM `cmf_slide_item` [ RunTime:0.001047s ]
[2026-06-12T16:53:42+08:00][sql] SELECT `title`,`description`,`image` FROM `cmf_slide_item` WHERE  `slide_id` = 2  AND `status` = 1 ORDER BY `list_order` ASC,`id` DESC LIMIT 1 [ RunTime:0.000295s ]
[2026-06-12T16:53:42+08:00][sql] SHOW FULL COLUMNS FROM `cmf_theme_file` [ RunTime:0.000961s ]
[2026-06-12T16:53:42+08:00][sql] SELECT `more`,`file`,`id` FROM `cmf_theme_file` WHERE  `theme` = 'simpleboot3'  AND (  `is_public` = 1 OR `file` = 'portal/product-info' ) ORDER BY `is_public` DESC [ RunTime:0.000290s ]
[2026-06-12T16:53:42+08:00][sql] SELECT `option_value` FROM `cmf_option` WHERE  `option_name` = 'storage' LIMIT 1 [ RunTime:0.000391s ]
[2026-06-12T16:53:45+08:00][sql] CONNECT:[ UseTime:0.001085s ] mysql:host=127.0.0.1;port=3306;dbname=nucleon;charset=utf8mb4
[2026-06-12T16:53:45+08:00][sql] SHOW FULL COLUMNS FROM `cmf_option` [ RunTime:0.002756s ]
[2026-06-12T16:53:45+08:00][sql] SELECT `option_value` FROM `cmf_option` WHERE  `option_name` = 'cdn_settings' LIMIT 1 [ RunTime:0.000352s ]
[2026-06-12T16:53:45+08:00][sql] SELECT `option_value` FROM `cmf_option` WHERE  `option_name` = 'cdn_settings' LIMIT 1 [ RunTime:0.000611s ]
[2026-06-12T16:53:45+08:00][sql] SHOW FULL COLUMNS FROM `cmf_product_category` [ RunTime:0.001729s ]
[2026-06-12T16:53:45+08:00][sql] SELECT * FROM `cmf_product_category` WHERE  `parent_id` = 0 ORDER BY `list_order` ASC,`create_time` DESC [ RunTime:0.000440s ]
[2026-06-12T16:53:45+08:00][sql] SELECT * FROM `cmf_product_category` WHERE  `parent_id` IN (28,19,22,23,25,30,27) [ RunTime:0.000325s ]
[2026-06-12T16:53:45+08:00][sql] SHOW FULL COLUMNS FROM `cmf_portal_category` [ RunTime:0.001192s ]
[2026-06-12T16:53:45+08:00][sql] SELECT * FROM `cmf_portal_category` WHERE (  `type` = 8 ) AND `cmf_portal_category`.`delete_time` = '0' ORDER BY `list_order` ASC [ RunTime:0.001187s ]
[2026-06-12T16:53:45+08:00][sql] SELECT * FROM `cmf_product_category` WHERE  `id` = 28 LIMIT 1 [ RunTime:0.000279s ]
[2026-06-12T16:53:45+08:00][sql] SHOW FULL COLUMNS FROM `cmf_product` [ RunTime:0.001222s ]
[2026-06-12T16:53:45+08:00][sql] SELECT COUNT(*) AS think_count FROM `cmf_product` WHERE  `category_id` = 28 LIMIT 1 [ RunTime:0.000267s ]
[2026-06-12T16:53:45+08:00][sql] SELECT COUNT(*) AS think_count FROM `cmf_product` WHERE  `category_id` = 19 LIMIT 1 [ RunTime:0.000245s ]
[2026-06-12T16:53:45+08:00][sql] SELECT COUNT(*) AS think_count FROM `cmf_product` WHERE  `category_id` = 22 LIMIT 1 [ RunTime:0.000241s ]
[2026-06-12T16:53:45+08:00][sql] SELECT COUNT(*) AS think_count FROM `cmf_product` WHERE  `category_id` = 23 LIMIT 1 [ RunTime:0.000255s ]
[2026-06-12T16:53:45+08:00][sql] SELECT COUNT(*) AS think_count FROM `cmf_product` WHERE  `category_id` = 25 LIMIT 1 [ RunTime:0.000264s ]
[2026-06-12T16:53:45+08:00][sql] SELECT COUNT(*) AS think_count FROM `cmf_product` WHERE  `category_id` = 30 LIMIT 1 [ RunTime:0.000273s ]
[2026-06-12T16:53:45+08:00][sql] SELECT COUNT(*) AS think_count FROM `cmf_product` WHERE  `category_id` = 27 LIMIT 1 [ RunTime:0.000242s ]
[2026-06-12T16:53:45+08:00][sql] SELECT COUNT(*) AS think_count FROM `cmf_product` WHERE  `category_id` = 28 LIMIT 1 [ RunTime:0.000274s ]
[2026-06-12T16:53:45+08:00][sql] SELECT `id`,`category_id`,`title`,`thumbnail`,`industry`,`overview` FROM `cmf_product` WHERE  `category_id` = 28 ORDER BY `list_order` ASC,`create_time` DESC LIMIT 0,12 [ RunTime:0.000627s ]
[2026-06-12T16:53:45+08:00][sql] SHOW FULL COLUMNS FROM `cmf_slide_item` [ RunTime:0.001443s ]
[2026-06-12T16:53:45+08:00][sql] SELECT `title`,`description`,`image` FROM `cmf_slide_item` WHERE  `slide_id` = 2  AND `status` = 1 ORDER BY `list_order` ASC,`id` DESC LIMIT 1 [ RunTime:0.000435s ]
[2026-06-12T16:53:45+08:00][sql] SELECT `option_value` FROM `cmf_option` WHERE  `option_name` = 'storage' LIMIT 1 [ RunTime:0.000249s ]
[2026-06-12T16:53:45+08:00][sql] SHOW FULL COLUMNS FROM `cmf_portal_post` [ RunTime:0.001198s ]
[2026-06-12T16:53:45+08:00][sql] SELECT `id`,`post_title`,`post_excerpt`,`more` FROM `cmf_portal_post` WHERE (  `post_type` = 3 ) AND `cmf_portal_post`.`delete_time` = '0' ORDER BY `create_time` DESC [ RunTime:0.000355s ]
[2026-06-12T16:53:45+08:00][sql] SHOW FULL COLUMNS FROM `cmf_theme_file` [ RunTime:0.000950s ]
[2026-06-12T16:53:45+08:00][sql] SELECT `more`,`file`,`id` FROM `cmf_theme_file` WHERE  `theme` = 'simpleboot3'  AND (  `is_public` = 1 OR `file` = 'portal/product' ) ORDER BY `is_public` DESC [ RunTime:0.000313s ]
[2026-06-12T16:53:46+08:00][sql] CONNECT:[ UseTime:0.000875s ] mysql:host=127.0.0.1;port=3306;dbname=nucleon;charset=utf8mb4
[2026-06-12T16:53:46+08:00][sql] SHOW FULL COLUMNS FROM `cmf_option` [ RunTime:0.001573s ]
[2026-06-12T16:53:46+08:00][sql] SELECT `option_value` FROM `cmf_option` WHERE  `option_name` = 'cdn_settings' LIMIT 1 [ RunTime:0.000321s ]
[2026-06-12T16:53:46+08:00][sql] SELECT `option_value` FROM `cmf_option` WHERE  `option_name` = 'cdn_settings' LIMIT 1 [ RunTime:0.000286s ]
[2026-06-12T16:53:46+08:00][sql] SHOW FULL COLUMNS FROM `cmf_product_category` [ RunTime:0.000932s ]
[2026-06-12T16:53:46+08:00][sql] SELECT * FROM `cmf_product_category` WHERE  `parent_id` = 0 ORDER BY `list_order` ASC,`create_time` DESC [ RunTime:0.000310s ]
[2026-06-12T16:53:46+08:00][sql] SELECT * FROM `cmf_product_category` WHERE  `parent_id` IN (28,19,22,23,25,30,27) [ RunTime:0.000528s ]
[2026-06-12T16:53:46+08:00][sql] SHOW FULL COLUMNS FROM `cmf_portal_category` [ RunTime:0.003107s ]
[2026-06-12T16:53:46+08:00][sql] SELECT * FROM `cmf_portal_category` WHERE (  `type` = 8 ) AND `cmf_portal_category`.`delete_time` = '0' ORDER BY `list_order` ASC [ RunTime:0.000681s ]
[2026-06-12T16:53:46+08:00][sql] SHOW FULL COLUMNS FROM `cmf_product` [ RunTime:0.002381s ]
[2026-06-12T16:53:46+08:00][sql] SELECT * FROM `cmf_product` WHERE  `id` = 127 LIMIT 1 [ RunTime:0.000558s ]
[2026-06-12T16:53:46+08:00][sql] SELECT * FROM `cmf_product_category` WHERE  `id` = 28 LIMIT 1 [ RunTime:0.000322s ]
[2026-06-12T16:53:46+08:00][sql] SELECT `id`,`title`,`industry`,`thumbnail` FROM `cmf_product` WHERE  `id` <> 127  AND `is_recommended` = 1  AND `category_id` = 28 ORDER BY RAND() LIMIT 3 [ RunTime:0.000988s ]
[2026-06-12T16:53:46+08:00][sql] SHOW FULL COLUMNS FROM `cmf_slide_item` [ RunTime:0.003704s ]
[2026-06-12T16:53:46+08:00][sql] SELECT `title`,`description`,`image` FROM `cmf_slide_item` WHERE  `slide_id` = 2  AND `status` = 1 ORDER BY `list_order` ASC,`id` DESC LIMIT 1 [ RunTime:0.000811s ]
[2026-06-12T16:53:46+08:00][sql] SHOW FULL COLUMNS FROM `cmf_theme_file` [ RunTime:0.001500s ]
[2026-06-12T16:53:46+08:00][sql] SELECT `more`,`file`,`id` FROM `cmf_theme_file` WHERE  `theme` = 'simpleboot3'  AND (  `is_public` = 1 OR `file` = 'portal/product-info' ) ORDER BY `is_public` DESC [ RunTime:0.000478s ]
[2026-06-12T16:53:46+08:00][sql] SELECT `option_value` FROM `cmf_option` WHERE  `option_name` = 'storage' LIMIT 1 [ RunTime:0.000856s ]
[2026-06-12T16:57:25+08:00][sql] CONNECT:[ UseTime:0.001137s ] mysql:host=127.0.0.1;port=3306;dbname=nucleon;charset=utf8mb4
[2026-06-12T16:57:25+08:00][sql] SHOW FULL COLUMNS FROM `cmf_option` [ RunTime:0.002356s ]
[2026-06-12T16:57:25+08:00][sql] SELECT `option_value` FROM `cmf_option` WHERE  `option_name` = 'cdn_settings' LIMIT 1 [ RunTime:0.000572s ]
[2026-06-12T16:57:25+08:00][sql] SELECT `option_value` FROM `cmf_option` WHERE  `option_name` = 'cdn_settings' LIMIT 1 [ RunTime:0.000563s ]
[2026-06-12T16:57:25+08:00][sql] SHOW FULL COLUMNS FROM `cmf_product_category` [ RunTime:0.001277s ]
[2026-06-12T16:57:25+08:00][sql] SELECT * FROM `cmf_product_category` WHERE  `parent_id` = 0 ORDER BY `list_order` ASC,`create_time` DESC [ RunTime:0.000385s ]
[2026-06-12T16:57:25+08:00][sql] SELECT * FROM `cmf_product_category` WHERE  `parent_id` IN (28,19,22,23,25,30,27) [ RunTime:0.000476s ]
[2026-06-12T16:57:25+08:00][sql] SHOW FULL COLUMNS FROM `cmf_portal_category` [ RunTime:0.002550s ]
[2026-06-12T16:57:25+08:00][sql] SELECT * FROM `cmf_portal_category` WHERE (  `type` = 8 ) AND `cmf_portal_category`.`delete_time` = '0' ORDER BY `list_order` ASC [ RunTime:0.001306s ]
[2026-06-12T16:57:25+08:00][sql] SHOW FULL COLUMNS FROM `cmf_product` [ RunTime:0.001877s ]
[2026-06-12T16:57:25+08:00][sql] SELECT * FROM `cmf_product` WHERE  `id` = 127 LIMIT 1 [ RunTime:0.000603s ]
[2026-06-12T16:57:25+08:00][sql] SELECT * FROM `cmf_product_category` WHERE  `id` = 28 LIMIT 1 [ RunTime:0.000306s ]
[2026-06-12T16:57:25+08:00][sql] SELECT `id`,`title`,`industry`,`thumbnail` FROM `cmf_product` WHERE  `id` <> 127  AND `is_recommended` = 1  AND `category_id` = 28 ORDER BY RAND() LIMIT 3 [ RunTime:0.000725s ]
[2026-06-12T16:57:25+08:00][sql] SHOW FULL COLUMNS FROM `cmf_slide_item` [ RunTime:0.001329s ]
[2026-06-12T16:57:25+08:00][sql] SELECT `title`,`description`,`image` FROM `cmf_slide_item` WHERE  `slide_id` = 2  AND `status` = 1 ORDER BY `list_order` ASC,`id` DESC LIMIT 1 [ RunTime:0.000374s ]
[2026-06-12T16:57:25+08:00][sql] SHOW FULL COLUMNS FROM `cmf_theme_file` [ RunTime:0.001185s ]
[2026-06-12T16:57:25+08:00][sql] SELECT `more`,`file`,`id` FROM `cmf_theme_file` WHERE  `theme` = 'simpleboot3'  AND (  `is_public` = 1 OR `file` = 'portal/product-info' ) ORDER BY `is_public` DESC [ RunTime:0.000550s ]
[2026-06-12T16:57:25+08:00][sql] SELECT `option_value` FROM `cmf_option` WHERE  `option_name` = 'storage' LIMIT 1 [ RunTime:0.000702s ]
[2026-06-12T16:58:39+08:00][sql] CONNECT:[ UseTime:0.000990s ] mysql:host=127.0.0.1;port=3306;dbname=nucleon;charset=utf8mb4
[2026-06-12T16:58:39+08:00][sql] SHOW FULL COLUMNS FROM `cmf_option` [ RunTime:0.001899s ]
[2026-06-12T16:58:39+08:00][sql] SELECT `option_value` FROM `cmf_option` WHERE  `option_name` = 'cdn_settings' LIMIT 1 [ RunTime:0.000239s ]
[2026-06-12T16:58:39+08:00][sql] SELECT `option_value` FROM `cmf_option` WHERE  `option_name` = 'cdn_settings' LIMIT 1 [ RunTime:0.000267s ]
[2026-06-12T16:58:39+08:00][sql] SHOW FULL COLUMNS FROM `cmf_product_category` [ RunTime:0.001053s ]
[2026-06-12T16:58:39+08:00][sql] SELECT * FROM `cmf_product_category` WHERE  `parent_id` = 0 ORDER BY `list_order` ASC,`create_time` DESC [ RunTime:0.000416s ]
[2026-06-12T16:58:39+08:00][sql] SELECT * FROM `cmf_product_category` WHERE  `parent_id` IN (28,19,22,23,25,30,27) [ RunTime:0.000377s ]
[2026-06-12T16:58:39+08:00][sql] SHOW FULL COLUMNS FROM `cmf_portal_category` [ RunTime:0.002390s ]
[2026-06-12T16:58:39+08:00][sql] SELECT * FROM `cmf_portal_category` WHERE (  `type` = 8 ) AND `cmf_portal_category`.`delete_time` = '0' ORDER BY `list_order` ASC [ RunTime:0.000548s ]
[2026-06-12T16:58:39+08:00][sql] SHOW FULL COLUMNS FROM `cmf_product` [ RunTime:0.001903s ]
[2026-06-12T16:58:39+08:00][sql] SELECT COUNT(*) AS think_count FROM `cmf_product` WHERE  `category_id` = 28 LIMIT 1 [ RunTime:0.000382s ]
[2026-06-12T16:58:39+08:00][sql] SELECT COUNT(*) AS think_count FROM `cmf_product` WHERE  `category_id` = 19 LIMIT 1 [ RunTime:0.000282s ]
[2026-06-12T16:58:39+08:00][sql] SELECT COUNT(*) AS think_count FROM `cmf_product` WHERE  `category_id` = 22 LIMIT 1 [ RunTime:0.000262s ]
[2026-06-12T16:58:39+08:00][sql] SELECT COUNT(*) AS think_count FROM `cmf_product` WHERE  `category_id` = 23 LIMIT 1 [ RunTime:0.000240s ]
[2026-06-12T16:58:39+08:00][sql] SELECT COUNT(*) AS think_count FROM `cmf_product` WHERE  `category_id` = 25 LIMIT 1 [ RunTime:0.000262s ]
[2026-06-12T16:58:39+08:00][sql] SELECT COUNT(*) AS think_count FROM `cmf_product` WHERE  `category_id` = 30 LIMIT 1 [ RunTime:0.000241s ]
[2026-06-12T16:58:39+08:00][sql] SELECT COUNT(*) AS think_count FROM `cmf_product` WHERE  `category_id` = 27 LIMIT 1 [ RunTime:0.000250s ]
[2026-06-12T16:58:39+08:00][sql] SELECT COUNT(*) AS think_count FROM `cmf_product` LIMIT 1 [ RunTime:0.000216s ]
[2026-06-12T16:58:39+08:00][sql] SELECT `id`,`category_id`,`title`,`thumbnail`,`industry`,`overview` FROM `cmf_product` ORDER BY `list_order` ASC,`create_time` DESC LIMIT 0,12 [ RunTime:0.000736s ]
[2026-06-12T16:58:39+08:00][sql] SHOW FULL COLUMNS FROM `cmf_slide_item` [ RunTime:0.001037s ]
[2026-06-12T16:58:39+08:00][sql] SELECT `title`,`description`,`image` FROM `cmf_slide_item` WHERE  `slide_id` = 2  AND `status` = 1 ORDER BY `list_order` ASC,`id` DESC LIMIT 1 [ RunTime:0.000328s ]
[2026-06-12T16:58:39+08:00][sql] SELECT `option_value` FROM `cmf_option` WHERE  `option_name` = 'storage' LIMIT 1 [ RunTime:0.000245s ]
[2026-06-12T16:58:39+08:00][sql] SHOW FULL COLUMNS FROM `cmf_portal_post` [ RunTime:0.001758s ]
[2026-06-12T16:58:39+08:00][sql] SELECT `id`,`post_title`,`post_excerpt`,`more` FROM `cmf_portal_post` WHERE (  `post_type` = 3 ) AND `cmf_portal_post`.`delete_time` = '0' ORDER BY `create_time` DESC [ RunTime:0.000338s ]
[2026-06-12T16:58:39+08:00][sql] SHOW FULL COLUMNS FROM `cmf_theme_file` [ RunTime:0.001043s ]
[2026-06-12T16:58:39+08:00][sql] SELECT `more`,`file`,`id` FROM `cmf_theme_file` WHERE  `theme` = 'simpleboot3'  AND (  `is_public` = 1 OR `file` = 'portal/product' ) ORDER BY `is_public` DESC [ RunTime:0.000270s ]
[2026-06-12T16:59:32+08:00][sql] CONNECT:[ UseTime:0.001092s ] mysql:host=127.0.0.1;port=3306;dbname=nucleon;charset=utf8mb4
[2026-06-12T16:59:32+08:00][sql] SHOW FULL COLUMNS FROM `cmf_option` [ RunTime:0.002154s ]
[2026-06-12T16:59:32+08:00][sql] SELECT `option_value` FROM `cmf_option` WHERE  `option_name` = 'cdn_settings' LIMIT 1 [ RunTime:0.000315s ]
[2026-06-12T16:59:32+08:00][sql] SELECT `option_value` FROM `cmf_option` WHERE  `option_name` = 'cdn_settings' LIMIT 1 [ RunTime:0.000438s ]
[2026-06-12T16:59:32+08:00][sql] SHOW FULL COLUMNS FROM `cmf_product_category` [ RunTime:0.001265s ]
[2026-06-12T16:59:32+08:00][sql] SELECT * FROM `cmf_product_category` WHERE  `parent_id` = 0 ORDER BY `list_order` ASC,`create_time` DESC [ RunTime:0.000375s ]
[2026-06-12T16:59:32+08:00][sql] SELECT * FROM `cmf_product_category` WHERE  `parent_id` IN (28,19,22,23,25,30,27) [ RunTime:0.000356s ]
[2026-06-12T16:59:32+08:00][sql] SHOW FULL COLUMNS FROM `cmf_portal_category` [ RunTime:0.001335s ]
[2026-06-12T16:59:32+08:00][sql] SELECT * FROM `cmf_portal_category` WHERE (  `type` = 8 ) AND `cmf_portal_category`.`delete_time` = '0' ORDER BY `list_order` ASC [ RunTime:0.000462s ]
[2026-06-12T16:59:32+08:00][sql] SHOW FULL COLUMNS FROM `cmf_product` [ RunTime:0.001812s ]
[2026-06-12T16:59:32+08:00][sql] SELECT COUNT(*) AS think_count FROM `cmf_product` WHERE  `category_id` = 28 LIMIT 1 [ RunTime:0.000327s ]
[2026-06-12T16:59:32+08:00][sql] SELECT COUNT(*) AS think_count FROM `cmf_product` WHERE  `category_id` = 19 LIMIT 1 [ RunTime:0.000310s ]
[2026-06-12T16:59:32+08:00][sql] SELECT COUNT(*) AS think_count FROM `cmf_product` WHERE  `category_id` = 22 LIMIT 1 [ RunTime:0.000286s ]
[2026-06-12T16:59:32+08:00][sql] SELECT COUNT(*) AS think_count FROM `cmf_product` WHERE  `category_id` = 23 LIMIT 1 [ RunTime:0.000255s ]
[2026-06-12T16:59:32+08:00][sql] SELECT COUNT(*) AS think_count FROM `cmf_product` WHERE  `category_id` = 25 LIMIT 1 [ RunTime:0.000292s ]
[2026-06-12T16:59:32+08:00][sql] SELECT COUNT(*) AS think_count FROM `cmf_product` WHERE  `category_id` = 30 LIMIT 1 [ RunTime:0.000242s ]
[2026-06-12T16:59:32+08:00][sql] SELECT COUNT(*) AS think_count FROM `cmf_product` WHERE  `category_id` = 27 LIMIT 1 [ RunTime:0.000240s ]
[2026-06-12T16:59:32+08:00][sql] SELECT COUNT(*) AS think_count FROM `cmf_product` LIMIT 1 [ RunTime:0.000245s ]
[2026-06-12T16:59:32+08:00][sql] SELECT `id`,`category_id`,`title`,`thumbnail`,`industry`,`overview` FROM `cmf_product` ORDER BY `list_order` ASC,`create_time` DESC LIMIT 0,12 [ RunTime:0.000712s ]
[2026-06-12T16:59:32+08:00][sql] SHOW FULL COLUMNS FROM `cmf_slide_item` [ RunTime:0.001171s ]
[2026-06-12T16:59:32+08:00][sql] SELECT `title`,`description`,`image` FROM `cmf_slide_item` WHERE  `slide_id` = 2  AND `status` = 1 ORDER BY `list_order` ASC,`id` DESC LIMIT 1 [ RunTime:0.000473s ]
[2026-06-12T16:59:32+08:00][sql] SELECT `option_value` FROM `cmf_option` WHERE  `option_name` = 'storage' LIMIT 1 [ RunTime:0.000233s ]
[2026-06-12T16:59:32+08:00][sql] SHOW FULL COLUMNS FROM `cmf_portal_post` [ RunTime:0.001191s ]
[2026-06-12T16:59:32+08:00][sql] SELECT `id`,`post_title`,`post_excerpt`,`more` FROM `cmf_portal_post` WHERE (  `post_type` = 3 ) AND `cmf_portal_post`.`delete_time` = '0' ORDER BY `create_time` DESC [ RunTime:0.000432s ]
[2026-06-12T16:59:32+08:00][sql] SHOW FULL COLUMNS FROM `cmf_theme_file` [ RunTime:0.001446s ]
[2026-06-12T16:59:32+08:00][sql] SELECT `more`,`file`,`id` FROM `cmf_theme_file` WHERE  `theme` = 'simpleboot3'  AND (  `is_public` = 1 OR `file` = 'portal/product' ) ORDER BY `is_public` DESC [ RunTime:0.000332s ]
[2026-06-12T16:59:43+08:00][sql] CONNECT:[ UseTime:0.001599s ] mysql:host=127.0.0.1;port=3306;dbname=nucleon;charset=utf8mb4
[2026-06-12T16:59:43+08:00][sql] SHOW FULL COLUMNS FROM `cmf_option` [ RunTime:0.002662s ]
[2026-06-12T16:59:43+08:00][sql] SELECT `option_value` FROM `cmf_option` WHERE  `option_name` = 'cdn_settings' LIMIT 1 [ RunTime:0.001813s ]
[2026-06-12T16:59:43+08:00][sql] SELECT `option_value` FROM `cmf_option` WHERE  `option_name` = 'cdn_settings' LIMIT 1 [ RunTime:0.000878s ]
[2026-06-12T16:59:43+08:00][sql] SHOW FULL COLUMNS FROM `cmf_product_category` [ RunTime:0.001548s ]
[2026-06-12T16:59:43+08:00][sql] SELECT * FROM `cmf_product_category` WHERE  `parent_id` = 0 ORDER BY `list_order` ASC,`create_time` DESC [ RunTime:0.000674s ]
[2026-06-12T16:59:43+08:00][sql] SELECT * FROM `cmf_product_category` WHERE  `parent_id` IN (28,19,22,23,25,30,27) [ RunTime:0.000991s ]
[2026-06-12T16:59:43+08:00][sql] SHOW FULL COLUMNS FROM `cmf_portal_category` [ RunTime:0.002635s ]
[2026-06-12T16:59:43+08:00][sql] SELECT * FROM `cmf_portal_category` WHERE (  `type` = 8 ) AND `cmf_portal_category`.`delete_time` = '0' ORDER BY `list_order` ASC [ RunTime:0.000768s ]
[2026-06-12T16:59:43+08:00][sql] SHOW FULL COLUMNS FROM `cmf_product` [ RunTime:0.001903s ]
[2026-06-12T16:59:43+08:00][sql] SELECT * FROM `cmf_product` WHERE  `id` = 73 LIMIT 1 [ RunTime:0.000629s ]
[2026-06-12T16:59:43+08:00][sql] SELECT * FROM `cmf_product_category` WHERE  `id` = 22 LIMIT 1 [ RunTime:0.000306s ]
[2026-06-12T16:59:43+08:00][sql] SELECT `id`,`title`,`industry`,`thumbnail` FROM `cmf_product` WHERE  `id` <> 73  AND `is_recommended` = 1  AND `category_id` = 22 ORDER BY RAND() LIMIT 3 [ RunTime:0.000580s ]
[2026-06-12T16:59:43+08:00][sql] SHOW FULL COLUMNS FROM `cmf_slide_item` [ RunTime:0.002449s ]
[2026-06-12T16:59:43+08:00][sql] SELECT `title`,`description`,`image` FROM `cmf_slide_item` WHERE  `slide_id` = 2  AND `status` = 1 ORDER BY `list_order` ASC,`id` DESC LIMIT 1 [ RunTime:0.000901s ]
[2026-06-12T16:59:43+08:00][sql] SHOW FULL COLUMNS FROM `cmf_theme_file` [ RunTime:0.001490s ]
[2026-06-12T16:59:43+08:00][sql] SELECT `more`,`file`,`id` FROM `cmf_theme_file` WHERE  `theme` = 'simpleboot3'  AND (  `is_public` = 1 OR `file` = 'portal/product-info' ) ORDER BY `is_public` DESC [ RunTime:0.000662s ]
[2026-06-12T16:59:43+08:00][sql] SELECT `option_value` FROM `cmf_option` WHERE  `option_name` = 'storage' LIMIT 1 [ RunTime:0.000490s ]
[2026-06-12T16:59:58+08:00][sql] CONNECT:[ UseTime:0.001221s ] mysql:host=127.0.0.1;port=3306;dbname=nucleon;charset=utf8mb4
[2026-06-12T16:59:58+08:00][sql] SHOW FULL COLUMNS FROM `cmf_option` [ RunTime:0.001852s ]
[2026-06-12T16:59:58+08:00][sql] SELECT `option_value` FROM `cmf_option` WHERE  `option_name` = 'cdn_settings' LIMIT 1 [ RunTime:0.000355s ]
[2026-06-12T16:59:58+08:00][sql] SELECT `option_value` FROM `cmf_option` WHERE  `option_name` = 'cdn_settings' LIMIT 1 [ RunTime:0.000634s ]
[2026-06-12T16:59:58+08:00][sql] SHOW FULL COLUMNS FROM `cmf_product_category` [ RunTime:0.001865s ]
[2026-06-12T16:59:58+08:00][sql] SELECT * FROM `cmf_product_category` WHERE  `parent_id` = 0 ORDER BY `list_order` ASC,`create_time` DESC [ RunTime:0.000413s ]
[2026-06-12T16:59:58+08:00][sql] SELECT * FROM `cmf_product_category` WHERE  `parent_id` IN (28,19,22,23,25,30,27) [ RunTime:0.000430s ]
[2026-06-12T16:59:58+08:00][sql] SHOW FULL COLUMNS FROM `cmf_portal_category` [ RunTime:0.001339s ]
[2026-06-12T16:59:58+08:00][sql] SELECT * FROM `cmf_portal_category` WHERE (  `type` = 8 ) AND `cmf_portal_category`.`delete_time` = '0' ORDER BY `list_order` ASC [ RunTime:0.000390s ]
[2026-06-12T16:59:58+08:00][sql] SELECT * FROM `cmf_product_category` WHERE  `id` = 28 LIMIT 1 [ RunTime:0.000340s ]
[2026-06-12T16:59:58+08:00][sql] SHOW FULL COLUMNS FROM `cmf_product` [ RunTime:0.001438s ]
[2026-06-12T16:59:58+08:00][sql] SELECT COUNT(*) AS think_count FROM `cmf_product` WHERE  `category_id` = 28 LIMIT 1 [ RunTime:0.000409s ]
[2026-06-12T16:59:58+08:00][sql] SELECT COUNT(*) AS think_count FROM `cmf_product` WHERE  `category_id` = 19 LIMIT 1 [ RunTime:0.000284s ]
[2026-06-12T16:59:58+08:00][sql] SELECT COUNT(*) AS think_count FROM `cmf_product` WHERE  `category_id` = 22 LIMIT 1 [ RunTime:0.000377s ]
[2026-06-12T16:59:58+08:00][sql] SELECT COUNT(*) AS think_count FROM `cmf_product` WHERE  `category_id` = 23 LIMIT 1 [ RunTime:0.000293s ]
[2026-06-12T16:59:58+08:00][sql] SELECT COUNT(*) AS think_count FROM `cmf_product` WHERE  `category_id` = 25 LIMIT 1 [ RunTime:0.000289s ]
[2026-06-12T16:59:58+08:00][sql] SELECT COUNT(*) AS think_count FROM `cmf_product` WHERE  `category_id` = 30 LIMIT 1 [ RunTime:0.000257s ]
[2026-06-12T16:59:58+08:00][sql] SELECT COUNT(*) AS think_count FROM `cmf_product` WHERE  `category_id` = 27 LIMIT 1 [ RunTime:0.000270s ]
[2026-06-12T16:59:58+08:00][sql] SELECT COUNT(*) AS think_count FROM `cmf_product` WHERE  `category_id` = 28 LIMIT 1 [ RunTime:0.000267s ]
[2026-06-12T16:59:58+08:00][sql] SELECT `id`,`category_id`,`title`,`thumbnail`,`industry`,`overview` FROM `cmf_product` WHERE  `category_id` = 28 ORDER BY `list_order` ASC,`create_time` DESC LIMIT 0,12 [ RunTime:0.000775s ]
[2026-06-12T16:59:58+08:00][sql] SHOW FULL COLUMNS FROM `cmf_slide_item` [ RunTime:0.002220s ]
[2026-06-12T16:59:58+08:00][sql] SELECT `title`,`description`,`image` FROM `cmf_slide_item` WHERE  `slide_id` = 2  AND `status` = 1 ORDER BY `list_order` ASC,`id` DESC LIMIT 1 [ RunTime:0.000699s ]
[2026-06-12T16:59:58+08:00][sql] SELECT `option_value` FROM `cmf_option` WHERE  `option_name` = 'storage' LIMIT 1 [ RunTime:0.000329s ]
[2026-06-12T16:59:58+08:00][sql] SHOW FULL COLUMNS FROM `cmf_portal_post` [ RunTime:0.002189s ]
[2026-06-12T16:59:58+08:00][sql] SELECT `id`,`post_title`,`post_excerpt`,`more` FROM `cmf_portal_post` WHERE (  `post_type` = 3 ) AND `cmf_portal_post`.`delete_time` = '0' ORDER BY `create_time` DESC [ RunTime:0.000660s ]
[2026-06-12T16:59:58+08:00][sql] SHOW FULL COLUMNS FROM `cmf_theme_file` [ RunTime:0.001561s ]
[2026-06-12T16:59:58+08:00][sql] SELECT `more`,`file`,`id` FROM `cmf_theme_file` WHERE  `theme` = 'simpleboot3'  AND (  `is_public` = 1 OR `file` = 'portal/product' ) ORDER BY `is_public` DESC [ RunTime:0.000434s ]
[2026-06-12T16:59:59+08:00][sql] CONNECT:[ UseTime:0.001611s ] mysql:host=127.0.0.1;port=3306;dbname=nucleon;charset=utf8mb4
[2026-06-12T16:59:59+08:00][sql] SHOW FULL COLUMNS FROM `cmf_option` [ RunTime:0.001316s ]
[2026-06-12T16:59:59+08:00][sql] SELECT `option_value` FROM `cmf_option` WHERE  `option_name` = 'cdn_settings' LIMIT 1 [ RunTime:0.000275s ]
[2026-06-12T16:59:59+08:00][sql] SELECT `option_value` FROM `cmf_option` WHERE  `option_name` = 'cdn_settings' LIMIT 1 [ RunTime:0.000274s ]
[2026-06-12T16:59:59+08:00][sql] SHOW FULL COLUMNS FROM `cmf_product_category` [ RunTime:0.001040s ]
[2026-06-12T16:59:59+08:00][sql] SELECT * FROM `cmf_product_category` WHERE  `parent_id` = 0 ORDER BY `list_order` ASC,`create_time` DESC [ RunTime:0.000339s ]
[2026-06-12T16:59:59+08:00][sql] SELECT * FROM `cmf_product_category` WHERE  `parent_id` IN (28,19,22,23,25,30,27) [ RunTime:0.000345s ]
[2026-06-12T16:59:59+08:00][sql] SHOW FULL COLUMNS FROM `cmf_portal_category` [ RunTime:0.001469s ]
[2026-06-12T16:59:59+08:00][sql] SELECT * FROM `cmf_portal_category` WHERE (  `type` = 8 ) AND `cmf_portal_category`.`delete_time` = '0' ORDER BY `list_order` ASC [ RunTime:0.000466s ]
[2026-06-12T16:59:59+08:00][sql] SHOW FULL COLUMNS FROM `cmf_product` [ RunTime:0.001735s ]
[2026-06-12T16:59:59+08:00][sql] SELECT * FROM `cmf_product` WHERE  `id` = 127 LIMIT 1 [ RunTime:0.000434s ]
[2026-06-12T16:59:59+08:00][sql] SELECT * FROM `cmf_product_category` WHERE  `id` = 28 LIMIT 1 [ RunTime:0.000282s ]
[2026-06-12T16:59:59+08:00][sql] SELECT `id`,`title`,`industry`,`thumbnail` FROM `cmf_product` WHERE  `id` <> 127  AND `is_recommended` = 1  AND `category_id` = 28 ORDER BY RAND() LIMIT 3 [ RunTime:0.000554s ]
[2026-06-12T16:59:59+08:00][sql] SHOW FULL COLUMNS FROM `cmf_slide_item` [ RunTime:0.001109s ]
[2026-06-12T16:59:59+08:00][sql] SELECT `title`,`description`,`image` FROM `cmf_slide_item` WHERE  `slide_id` = 2  AND `status` = 1 ORDER BY `list_order` ASC,`id` DESC LIMIT 1 [ RunTime:0.000399s ]
[2026-06-12T16:59:59+08:00][sql] SHOW FULL COLUMNS FROM `cmf_theme_file` [ RunTime:0.001250s ]
[2026-06-12T16:59:59+08:00][sql] SELECT `more`,`file`,`id` FROM `cmf_theme_file` WHERE  `theme` = 'simpleboot3'  AND (  `is_public` = 1 OR `file` = 'portal/product-info' ) ORDER BY `is_public` DESC [ RunTime:0.000409s ]
[2026-06-12T16:59:59+08:00][sql] SELECT `option_value` FROM `cmf_option` WHERE  `option_name` = 'storage' LIMIT 1 [ RunTime:0.000540s ]
[2026-06-12T17:04:18+08:00][sql] CONNECT:[ UseTime:0.001082s ] mysql:host=127.0.0.1;port=3306;dbname=nucleon;charset=utf8mb4
[2026-06-12T17:04:18+08:00][sql] SHOW FULL COLUMNS FROM `cmf_option` [ RunTime:0.002414s ]
[2026-06-12T17:04:18+08:00][sql] SELECT `option_value` FROM `cmf_option` WHERE  `option_name` = 'cdn_settings' LIMIT 1 [ RunTime:0.000446s ]
[2026-06-12T17:04:18+08:00][sql] SELECT `option_value` FROM `cmf_option` WHERE  `option_name` = 'cdn_settings' LIMIT 1 [ RunTime:0.000872s ]
[2026-06-12T17:04:18+08:00][sql] SHOW FULL COLUMNS FROM `cmf_product_category` [ RunTime:0.001664s ]
[2026-06-12T17:04:18+08:00][sql] SELECT * FROM `cmf_product_category` WHERE  `parent_id` = 0 ORDER BY `list_order` ASC,`create_time` DESC [ RunTime:0.000430s ]
[2026-06-12T17:04:18+08:00][sql] SELECT * FROM `cmf_product_category` WHERE  `parent_id` IN (28,19,22,23,25,30,27) [ RunTime:0.000534s ]
[2026-06-12T17:04:18+08:00][sql] SHOW FULL COLUMNS FROM `cmf_portal_category` [ RunTime:0.001361s ]
[2026-06-12T17:04:18+08:00][sql] SELECT * FROM `cmf_portal_category` WHERE (  `type` = 8 ) AND `cmf_portal_category`.`delete_time` = '0' ORDER BY `list_order` ASC [ RunTime:0.000512s ]
[2026-06-12T17:04:18+08:00][sql] SHOW FULL COLUMNS FROM `cmf_slide_item` [ RunTime:0.001249s ]
[2026-06-12T17:04:18+08:00][sql] SELECT `title`,`description`,`image`,`url`,`target`,`content` FROM `cmf_slide_item` WHERE  `slide_id` = 1 ORDER BY `list_order` ASC [ RunTime:0.000384s ]
[2026-06-12T17:04:18+08:00][sql] SHOW FULL COLUMNS FROM `cmf_slide` [ RunTime:0.001116s ]
[2026-06-12T17:04:18+08:00][sql] SELECT * FROM `cmf_slide` WHERE  `name` LIKE '%choose%' OR `name` LIKE '%选择%' LIMIT 1 [ RunTime:0.000418s ]
[2026-06-12T17:04:18+08:00][sql] SELECT `title`,`description`,`image`,`url`,`target`,`content` FROM `cmf_slide_item` WHERE  `slide_id` = 14  AND `status` = 1 ORDER BY `list_order` ASC [ RunTime:0.001077s ]
[2026-06-12T17:04:18+08:00][sql] SELECT * FROM `cmf_product_category` WHERE  `parent_id` = 0  AND `recommend` = 1 ORDER BY `list_order` ASC,`create_time` DESC [ RunTime:0.000360s ]
[2026-06-12T17:04:18+08:00][sql] SHOW FULL COLUMNS FROM `cmf_product` [ RunTime:0.001342s ]
[2026-06-12T17:04:18+08:00][sql] SELECT `id`,`title`,`thumbnail`,`industry` FROM `cmf_product` WHERE  `is_recommended` = 1  AND `category_id` = 28 ORDER BY `list_order` ASC LIMIT 6 [ RunTime:0.000504s ]
[2026-06-12T17:04:18+08:00][sql] SELECT `id`,`title`,`thumbnail`,`industry` FROM `cmf_product` WHERE  `is_recommended` = 1  AND `category_id` = 19 ORDER BY `list_order` ASC LIMIT 6 [ RunTime:0.000452s ]
[2026-06-12T17:04:18+08:00][sql] SELECT `id`,`title`,`thumbnail`,`industry` FROM `cmf_product` WHERE  `is_recommended` = 1  AND `category_id` = 23 ORDER BY `list_order` ASC LIMIT 6 [ RunTime:0.000430s ]
[2026-06-12T17:04:18+08:00][sql] SELECT `id`,`title`,`thumbnail`,`industry` FROM `cmf_product` WHERE  `is_recommended` = 1  AND `category_id` = 25 ORDER BY `list_order` ASC LIMIT 6 [ RunTime:0.000314s ]
[2026-06-12T17:04:18+08:00][sql] SELECT `id`,`title`,`thumbnail`,`industry` FROM `cmf_product` WHERE  `is_recommended` = 1  AND `category_id` = 30 ORDER BY `list_order` ASC LIMIT 6 [ RunTime:0.000310s ]
[2026-06-12T17:04:18+08:00][sql] SHOW FULL COLUMNS FROM `cmf_portal_post` [ RunTime:0.001164s ]
[2026-06-12T17:04:18+08:00][sql] SELECT `p`.`id`,`p`.`post_title`,`p`.`post_excerpt`,`p`.`thumbnail`,`p`.`create_time`,`c`.`category_id` FROM `cmf_portal_post` `p` INNER JOIN `cmf_portal_category_post` `c` ON `p`.`id`=`c`.`post_id` WHERE (  `p`.`post_type` = '8' ) AND `p`.`delete_time` = '0' ORDER BY `c`.`list_order` ASC,`p`.`create_time` DESC [ RunTime:0.001072s ]
[2026-06-12T17:04:18+08:00][sql] SELECT `id`,`post_title`,`post_excerpt`,`more` FROM `cmf_portal_post` WHERE (  `post_type` = 3 ) AND `cmf_portal_post`.`delete_time` = '0' ORDER BY `create_time` DESC [ RunTime:0.000324s ]
[2026-06-12T17:04:18+08:00][sql] SHOW FULL COLUMNS FROM `cmf_theme_file` [ RunTime:0.001001s ]
[2026-06-12T17:04:18+08:00][sql] SELECT `more`,`file`,`id` FROM `cmf_theme_file` WHERE  `theme` = 'simpleboot3'  AND (  `is_public` = 1 OR `file` = 'portal/index' ) ORDER BY `is_public` DESC [ RunTime:0.000335s ]
[2026-06-12T17:04:18+08:00][sql] SELECT `option_value` FROM `cmf_option` WHERE  `option_name` = 'storage' LIMIT 1 [ RunTime:0.000446s ]
[2026-06-12T17:12:46+08:00][sql] CONNECT:[ UseTime:0.002329s ] mysql:host=127.0.0.1;port=3306;dbname=nucleon;charset=utf8mb4
[2026-06-12T17:12:46+08:00][sql] SHOW FULL COLUMNS FROM `cmf_option` [ RunTime:0.001838s ]
[2026-06-12T17:12:46+08:00][sql] SELECT `option_value` FROM `cmf_option` WHERE  `option_name` = 'cdn_settings' LIMIT 1 [ RunTime:0.000540s ]
[2026-06-12T17:12:46+08:00][sql] SELECT `option_value` FROM `cmf_option` WHERE  `option_name` = 'cdn_settings' LIMIT 1 [ RunTime:0.000632s ]
[2026-06-12T17:12:46+08:00][sql] SHOW FULL COLUMNS FROM `cmf_product_category` [ RunTime:0.001521s ]
[2026-06-12T17:12:46+08:00][sql] SELECT * FROM `cmf_product_category` WHERE  `parent_id` = 0 ORDER BY `list_order` ASC,`create_time` DESC [ RunTime:0.000389s ]
[2026-06-12T17:12:46+08:00][sql] SELECT * FROM `cmf_product_category` WHERE  `parent_id` IN (28,19,22,23,25,30,27) [ RunTime:0.000724s ]
[2026-06-12T17:12:46+08:00][sql] SHOW FULL COLUMNS FROM `cmf_portal_category` [ RunTime:0.001445s ]
[2026-06-12T17:12:46+08:00][sql] SELECT * FROM `cmf_portal_category` WHERE (  `type` = 8 ) AND `cmf_portal_category`.`delete_time` = '0' ORDER BY `list_order` ASC [ RunTime:0.000663s ]
[2026-06-12T17:12:46+08:00][sql] SHOW FULL COLUMNS FROM `cmf_slide_item` [ RunTime:0.001635s ]
[2026-06-12T17:12:46+08:00][sql] SELECT `title`,`description`,`image`,`url`,`target`,`content` FROM `cmf_slide_item` WHERE  `slide_id` = 1 ORDER BY `list_order` ASC [ RunTime:0.000519s ]
[2026-06-12T17:12:46+08:00][sql] SHOW FULL COLUMNS FROM `cmf_slide` [ RunTime:0.001328s ]
[2026-06-12T17:12:46+08:00][sql] SELECT * FROM `cmf_slide` WHERE  `name` LIKE '%choose%' OR `name` LIKE '%选择%' LIMIT 1 [ RunTime:0.000812s ]
[2026-06-12T17:12:46+08:00][sql] SELECT `title`,`description`,`image`,`url`,`target`,`content` FROM `cmf_slide_item` WHERE  `slide_id` = 14  AND `status` = 1 ORDER BY `list_order` ASC [ RunTime:0.000428s ]
[2026-06-12T17:12:46+08:00][sql] SELECT * FROM `cmf_product_category` WHERE  `parent_id` = 0  AND `recommend` = 1 ORDER BY `list_order` ASC,`create_time` DESC [ RunTime:0.000789s ]
[2026-06-12T17:12:46+08:00][sql] SHOW FULL COLUMNS FROM `cmf_product` [ RunTime:0.002259s ]
[2026-06-12T17:12:46+08:00][sql] SELECT `id`,`title`,`thumbnail`,`industry` FROM `cmf_product` WHERE  `is_recommended` = 1  AND `category_id` = 28 ORDER BY `list_order` ASC LIMIT 6 [ RunTime:0.000773s ]
[2026-06-12T17:12:46+08:00][sql] SELECT `id`,`title`,`thumbnail`,`industry` FROM `cmf_product` WHERE  `is_recommended` = 1  AND `category_id` = 19 ORDER BY `list_order` ASC LIMIT 6 [ RunTime:0.000480s ]
[2026-06-12T17:12:46+08:00][sql] SELECT `id`,`title`,`thumbnail`,`industry` FROM `cmf_product` WHERE  `is_recommended` = 1  AND `category_id` = 23 ORDER BY `list_order` ASC LIMIT 6 [ RunTime:0.000421s ]
[2026-06-12T17:12:46+08:00][sql] SELECT `id`,`title`,`thumbnail`,`industry` FROM `cmf_product` WHERE  `is_recommended` = 1  AND `category_id` = 25 ORDER BY `list_order` ASC LIMIT 6 [ RunTime:0.000303s ]
[2026-06-12T17:12:46+08:00][sql] SELECT `id`,`title`,`thumbnail`,`industry` FROM `cmf_product` WHERE  `is_recommended` = 1  AND `category_id` = 30 ORDER BY `list_order` ASC LIMIT 6 [ RunTime:0.000299s ]
[2026-06-12T17:12:46+08:00][sql] SHOW FULL COLUMNS FROM `cmf_portal_post` [ RunTime:0.001393s ]
[2026-06-12T17:12:46+08:00][sql] SELECT `p`.`id`,`p`.`post_title`,`p`.`post_excerpt`,`p`.`thumbnail`,`p`.`create_time`,`c`.`category_id` FROM `cmf_portal_post` `p` INNER JOIN `cmf_portal_category_post` `c` ON `p`.`id`=`c`.`post_id` WHERE (  `p`.`post_type` = '8' ) AND `p`.`delete_time` = '0' ORDER BY `c`.`list_order` ASC,`p`.`create_time` DESC [ RunTime:0.001482s ]
[2026-06-12T17:12:46+08:00][sql] SELECT `id`,`post_title`,`post_excerpt`,`more` FROM `cmf_portal_post` WHERE (  `post_type` = 3 ) AND `cmf_portal_post`.`delete_time` = '0' ORDER BY `create_time` DESC [ RunTime:0.000405s ]
[2026-06-12T17:12:46+08:00][sql] SHOW FULL COLUMNS FROM `cmf_theme_file` [ RunTime:0.001190s ]
[2026-06-12T17:12:46+08:00][sql] SELECT `more`,`file`,`id` FROM `cmf_theme_file` WHERE  `theme` = 'simpleboot3'  AND (  `is_public` = 1 OR `file` = 'portal/index' ) ORDER BY `is_public` DESC [ RunTime:0.000411s ]
[2026-06-12T17:12:46+08:00][sql] SELECT `option_value` FROM `cmf_option` WHERE  `option_name` = 'storage' LIMIT 1 [ RunTime:0.000460s ]
[2026-06-12T17:12:49+08:00][sql] CONNECT:[ UseTime:0.000774s ] mysql:host=127.0.0.1;port=3306;dbname=nucleon;charset=utf8mb4
[2026-06-12T17:12:49+08:00][sql] SHOW FULL COLUMNS FROM `cmf_option` [ RunTime:0.001161s ]
[2026-06-12T17:12:49+08:00][sql] SELECT `option_value` FROM `cmf_option` WHERE  `option_name` = 'cdn_settings' LIMIT 1 [ RunTime:0.000256s ]
[2026-06-12T17:12:49+08:00][sql] SELECT `option_value` FROM `cmf_option` WHERE  `option_name` = 'cdn_settings' LIMIT 1 [ RunTime:0.000227s ]
[2026-06-12T17:12:49+08:00][sql] SHOW FULL COLUMNS FROM `cmf_product_category` [ RunTime:0.000854s ]
[2026-06-12T17:12:49+08:00][sql] SELECT * FROM `cmf_product_category` WHERE  `parent_id` = 0 ORDER BY `list_order` ASC,`create_time` DESC [ RunTime:0.000301s ]
[2026-06-12T17:12:49+08:00][sql] SELECT * FROM `cmf_product_category` WHERE  `parent_id` IN (28,19,22,23,25,30,27) [ RunTime:0.000270s ]
[2026-06-12T17:12:49+08:00][sql] SHOW FULL COLUMNS FROM `cmf_portal_category` [ RunTime:0.001065s ]
[2026-06-12T17:12:49+08:00][sql] SELECT * FROM `cmf_portal_category` WHERE (  `type` = 8 ) AND `cmf_portal_category`.`delete_time` = '0' ORDER BY `list_order` ASC [ RunTime:0.000468s ]
[2026-06-12T17:12:49+08:00][sql] SHOW FULL COLUMNS FROM `cmf_product` [ RunTime:0.001014s ]
[2026-06-12T17:12:49+08:00][sql] SELECT COUNT(*) AS think_count FROM `cmf_product` WHERE  `category_id` = 28 LIMIT 1 [ RunTime:0.000266s ]
[2026-06-12T17:12:49+08:00][sql] SELECT COUNT(*) AS think_count FROM `cmf_product` WHERE  `category_id` = 19 LIMIT 1 [ RunTime:0.000417s ]
[2026-06-12T17:12:49+08:00][sql] SELECT COUNT(*) AS think_count FROM `cmf_product` WHERE  `category_id` = 22 LIMIT 1 [ RunTime:0.000304s ]
[2026-06-12T17:12:49+08:00][sql] SELECT COUNT(*) AS think_count FROM `cmf_product` WHERE  `category_id` = 23 LIMIT 1 [ RunTime:0.000248s ]
[2026-06-12T17:12:49+08:00][sql] SELECT COUNT(*) AS think_count FROM `cmf_product` WHERE  `category_id` = 25 LIMIT 1 [ RunTime:0.000333s ]
[2026-06-12T17:12:49+08:00][sql] SELECT COUNT(*) AS think_count FROM `cmf_product` WHERE  `category_id` = 30 LIMIT 1 [ RunTime:0.000192s ]
[2026-06-12T17:12:49+08:00][sql] SELECT COUNT(*) AS think_count FROM `cmf_product` WHERE  `category_id` = 27 LIMIT 1 [ RunTime:0.000175s ]
[2026-06-12T17:12:49+08:00][sql] SELECT COUNT(*) AS think_count FROM `cmf_product` LIMIT 1 [ RunTime:0.000213s ]
[2026-06-12T17:12:49+08:00][sql] SELECT `id`,`category_id`,`title`,`thumbnail`,`industry`,`overview` FROM `cmf_product` ORDER BY `list_order` ASC,`create_time` DESC LIMIT 0,12 [ RunTime:0.001182s ]
[2026-06-12T17:12:49+08:00][sql] SHOW FULL COLUMNS FROM `cmf_slide_item` [ RunTime:0.001595s ]
[2026-06-12T17:12:49+08:00][sql] SELECT `title`,`description`,`image` FROM `cmf_slide_item` WHERE  `slide_id` = 2  AND `status` = 1 ORDER BY `list_order` ASC,`id` DESC LIMIT 1 [ RunTime:0.000477s ]
[2026-06-12T17:12:49+08:00][sql] SELECT `option_value` FROM `cmf_option` WHERE  `option_name` = 'storage' LIMIT 1 [ RunTime:0.000390s ]
[2026-06-12T17:12:49+08:00][sql] SHOW FULL COLUMNS FROM `cmf_portal_post` [ RunTime:0.002735s ]
[2026-06-12T17:12:49+08:00][sql] SELECT `id`,`post_title`,`post_excerpt`,`more` FROM `cmf_portal_post` WHERE (  `post_type` = 3 ) AND `cmf_portal_post`.`delete_time` = '0' ORDER BY `create_time` DESC [ RunTime:0.000365s ]
[2026-06-12T17:12:49+08:00][sql] SHOW FULL COLUMNS FROM `cmf_theme_file` [ RunTime:0.001491s ]
[2026-06-12T17:12:49+08:00][sql] SELECT `more`,`file`,`id` FROM `cmf_theme_file` WHERE  `theme` = 'simpleboot3'  AND (  `is_public` = 1 OR `file` = 'portal/product' ) ORDER BY `is_public` DESC [ RunTime:0.000773s ]
[2026-06-12T17:12:58+08:00][sql] CONNECT:[ UseTime:0.001036s ] mysql:host=127.0.0.1;port=3306;dbname=nucleon;charset=utf8mb4
[2026-06-12T17:12:58+08:00][sql] SHOW FULL COLUMNS FROM `cmf_option` [ RunTime:0.001678s ]
[2026-06-12T17:12:58+08:00][sql] SELECT `option_value` FROM `cmf_option` WHERE  `option_name` = 'cdn_settings' LIMIT 1 [ RunTime:0.000360s ]
[2026-06-12T17:12:58+08:00][sql] SELECT `option_value` FROM `cmf_option` WHERE  `option_name` = 'cdn_settings' LIMIT 1 [ RunTime:0.001211s ]
[2026-06-12T17:12:58+08:00][sql] SHOW FULL COLUMNS FROM `cmf_product_category` [ RunTime:0.002444s ]
[2026-06-12T17:12:58+08:00][sql] SELECT * FROM `cmf_product_category` WHERE  `parent_id` = 0 ORDER BY `list_order` ASC,`create_time` DESC [ RunTime:0.000457s ]
[2026-06-12T17:12:58+08:00][sql] SELECT * FROM `cmf_product_category` WHERE  `parent_id` IN (28,19,22,23,25,30,27) [ RunTime:0.000373s ]
[2026-06-12T17:12:58+08:00][sql] SHOW FULL COLUMNS FROM `cmf_portal_category` [ RunTime:0.001200s ]
[2026-06-12T17:12:58+08:00][sql] SELECT * FROM `cmf_portal_category` WHERE (  `type` = 8 ) AND `cmf_portal_category`.`delete_time` = '0' ORDER BY `list_order` ASC [ RunTime:0.000377s ]
[2026-06-12T17:12:58+08:00][sql] SHOW FULL COLUMNS FROM `cmf_product` [ RunTime:0.001312s ]
[2026-06-12T17:12:58+08:00][sql] SELECT COUNT(*) AS think_count FROM `cmf_product` WHERE  `category_id` = 28 LIMIT 1 [ RunTime:0.000391s ]
[2026-06-12T17:12:58+08:00][sql] SELECT COUNT(*) AS think_count FROM `cmf_product` WHERE  `category_id` = 19 LIMIT 1 [ RunTime:0.000265s ]
[2026-06-12T17:12:58+08:00][sql] SELECT COUNT(*) AS think_count FROM `cmf_product` WHERE  `category_id` = 22 LIMIT 1 [ RunTime:0.000290s ]
[2026-06-12T17:12:58+08:00][sql] SELECT COUNT(*) AS think_count FROM `cmf_product` WHERE  `category_id` = 23 LIMIT 1 [ RunTime:0.000341s ]
[2026-06-12T17:12:58+08:00][sql] SELECT COUNT(*) AS think_count FROM `cmf_product` WHERE  `category_id` = 25 LIMIT 1 [ RunTime:0.000320s ]
[2026-06-12T17:12:58+08:00][sql] SELECT COUNT(*) AS think_count FROM `cmf_product` WHERE  `category_id` = 30 LIMIT 1 [ RunTime:0.000298s ]
[2026-06-12T17:12:58+08:00][sql] SELECT COUNT(*) AS think_count FROM `cmf_product` WHERE  `category_id` = 27 LIMIT 1 [ RunTime:0.000270s ]
[2026-06-12T17:12:58+08:00][sql] SELECT COUNT(*) AS think_count FROM `cmf_product` LIMIT 1 [ RunTime:0.000273s ]
[2026-06-12T17:12:58+08:00][sql] SELECT `id`,`category_id`,`title`,`thumbnail`,`industry`,`overview` FROM `cmf_product` ORDER BY `list_order` ASC,`create_time` DESC LIMIT 0,12 [ RunTime:0.000680s ]
[2026-06-12T17:12:58+08:00][sql] SHOW FULL COLUMNS FROM `cmf_slide_item` [ RunTime:0.001219s ]
[2026-06-12T17:12:58+08:00][sql] SELECT `title`,`description`,`image` FROM `cmf_slide_item` WHERE  `slide_id` = 2  AND `status` = 1 ORDER BY `list_order` ASC,`id` DESC LIMIT 1 [ RunTime:0.000387s ]
[2026-06-12T17:12:58+08:00][sql] SELECT `option_value` FROM `cmf_option` WHERE  `option_name` = 'storage' LIMIT 1 [ RunTime:0.000370s ]
[2026-06-12T17:12:58+08:00][sql] SHOW FULL COLUMNS FROM `cmf_portal_post` [ RunTime:0.001266s ]
[2026-06-12T17:12:58+08:00][sql] SELECT `id`,`post_title`,`post_excerpt`,`more` FROM `cmf_portal_post` WHERE (  `post_type` = 3 ) AND `cmf_portal_post`.`delete_time` = '0' ORDER BY `create_time` DESC [ RunTime:0.000393s ]
[2026-06-12T17:12:58+08:00][sql] SHOW FULL COLUMNS FROM `cmf_theme_file` [ RunTime:0.001027s ]
[2026-06-12T17:12:58+08:00][sql] SELECT `more`,`file`,`id` FROM `cmf_theme_file` WHERE  `theme` = 'simpleboot3'  AND (  `is_public` = 1 OR `file` = 'portal/product' ) ORDER BY `is_public` DESC [ RunTime:0.000311s ]
[2026-06-12T17:12:59+08:00][sql] CONNECT:[ UseTime:0.001035s ] mysql:host=127.0.0.1;port=3306;dbname=nucleon;charset=utf8mb4
[2026-06-12T17:12:59+08:00][sql] SHOW FULL COLUMNS FROM `cmf_option` [ RunTime:0.001518s ]
[2026-06-12T17:12:59+08:00][sql] SELECT `option_value` FROM `cmf_option` WHERE  `option_name` = 'cdn_settings' LIMIT 1 [ RunTime:0.000300s ]
[2026-06-12T17:12:59+08:00][sql] SELECT `option_value` FROM `cmf_option` WHERE  `option_name` = 'cdn_settings' LIMIT 1 [ RunTime:0.000390s ]
[2026-06-12T17:12:59+08:00][sql] SHOW FULL COLUMNS FROM `cmf_product_category` [ RunTime:0.001384s ]
[2026-06-12T17:12:59+08:00][sql] SELECT * FROM `cmf_product_category` WHERE  `parent_id` = 0 ORDER BY `list_order` ASC,`create_time` DESC [ RunTime:0.000365s ]
[2026-06-12T17:12:59+08:00][sql] SELECT * FROM `cmf_product_category` WHERE  `parent_id` IN (28,19,22,23,25,30,27) [ RunTime:0.000490s ]
[2026-06-12T17:12:59+08:00][sql] SHOW FULL COLUMNS FROM `cmf_portal_category` [ RunTime:0.001481s ]
[2026-06-12T17:12:59+08:00][sql] SELECT * FROM `cmf_portal_category` WHERE (  `type` = 8 ) AND `cmf_portal_category`.`delete_time` = '0' ORDER BY `list_order` ASC [ RunTime:0.000418s ]
[2026-06-12T17:12:59+08:00][sql] SELECT * FROM `cmf_product_category` WHERE  `id` = 28 LIMIT 1 [ RunTime:0.000379s ]
[2026-06-12T17:12:59+08:00][sql] SHOW FULL COLUMNS FROM `cmf_product` [ RunTime:0.001825s ]
[2026-06-12T17:12:59+08:00][sql] SELECT COUNT(*) AS think_count FROM `cmf_product` WHERE  `category_id` = 28 LIMIT 1 [ RunTime:0.000597s ]
[2026-06-12T17:12:59+08:00][sql] SELECT COUNT(*) AS think_count FROM `cmf_product` WHERE  `category_id` = 19 LIMIT 1 [ RunTime:0.000357s ]
[2026-06-12T17:12:59+08:00][sql] SELECT COUNT(*) AS think_count FROM `cmf_product` WHERE  `category_id` = 22 LIMIT 1 [ RunTime:0.000242s ]
[2026-06-12T17:12:59+08:00][sql] SELECT COUNT(*) AS think_count FROM `cmf_product` WHERE  `category_id` = 23 LIMIT 1 [ RunTime:0.000295s ]
[2026-06-12T17:12:59+08:00][sql] SELECT COUNT(*) AS think_count FROM `cmf_product` WHERE  `category_id` = 25 LIMIT 1 [ RunTime:0.000264s ]
[2026-06-12T17:12:59+08:00][sql] SELECT COUNT(*) AS think_count FROM `cmf_product` WHERE  `category_id` = 30 LIMIT 1 [ RunTime:0.000278s ]
[2026-06-12T17:12:59+08:00][sql] SELECT COUNT(*) AS think_count FROM `cmf_product` WHERE  `category_id` = 27 LIMIT 1 [ RunTime:0.000291s ]
[2026-06-12T17:12:59+08:00][sql] SELECT COUNT(*) AS think_count FROM `cmf_product` WHERE  `category_id` = 28 LIMIT 1 [ RunTime:0.000249s ]
[2026-06-12T17:12:59+08:00][sql] SELECT `id`,`category_id`,`title`,`thumbnail`,`industry`,`overview` FROM `cmf_product` WHERE  `category_id` = 28 ORDER BY `list_order` ASC,`create_time` DESC LIMIT 0,12 [ RunTime:0.001060s ]
[2026-06-12T17:12:59+08:00][sql] SHOW FULL COLUMNS FROM `cmf_slide_item` [ RunTime:0.002857s ]
[2026-06-12T17:12:59+08:00][sql] SELECT `title`,`description`,`image` FROM `cmf_slide_item` WHERE  `slide_id` = 2  AND `status` = 1 ORDER BY `list_order` ASC,`id` DESC LIMIT 1 [ RunTime:0.000810s ]
[2026-06-12T17:12:59+08:00][sql] SELECT `option_value` FROM `cmf_option` WHERE  `option_name` = 'storage' LIMIT 1 [ RunTime:0.000436s ]
[2026-06-12T17:12:59+08:00][sql] SHOW FULL COLUMNS FROM `cmf_portal_post` [ RunTime:0.001289s ]
[2026-06-12T17:12:59+08:00][sql] SELECT `id`,`post_title`,`post_excerpt`,`more` FROM `cmf_portal_post` WHERE (  `post_type` = 3 ) AND `cmf_portal_post`.`delete_time` = '0' ORDER BY `create_time` DESC [ RunTime:0.000526s ]
[2026-06-12T17:12:59+08:00][sql] SHOW FULL COLUMNS FROM `cmf_theme_file` [ RunTime:0.001104s ]
[2026-06-12T17:12:59+08:00][sql] SELECT `more`,`file`,`id` FROM `cmf_theme_file` WHERE  `theme` = 'simpleboot3'  AND (  `is_public` = 1 OR `file` = 'portal/product' ) ORDER BY `is_public` DESC [ RunTime:0.000328s ]
[2026-06-12T17:13:01+08:00][sql] CONNECT:[ UseTime:0.001166s ] mysql:host=127.0.0.1;port=3306;dbname=nucleon;charset=utf8mb4
[2026-06-12T17:13:01+08:00][sql] SHOW FULL COLUMNS FROM `cmf_option` [ RunTime:0.001742s ]
[2026-06-12T17:13:01+08:00][sql] SELECT `option_value` FROM `cmf_option` WHERE  `option_name` = 'cdn_settings' LIMIT 1 [ RunTime:0.000300s ]
[2026-06-12T17:13:01+08:00][sql] SELECT `option_value` FROM `cmf_option` WHERE  `option_name` = 'cdn_settings' LIMIT 1 [ RunTime:0.000542s ]
[2026-06-12T17:13:01+08:00][sql] SHOW FULL COLUMNS FROM `cmf_product_category` [ RunTime:0.001334s ]
[2026-06-12T17:13:01+08:00][sql] SELECT * FROM `cmf_product_category` WHERE  `parent_id` = 0 ORDER BY `list_order` ASC,`create_time` DESC [ RunTime:0.000397s ]
[2026-06-12T17:13:01+08:00][sql] SELECT * FROM `cmf_product_category` WHERE  `parent_id` IN (28,19,22,23,25,30,27) [ RunTime:0.000384s ]
[2026-06-12T17:13:01+08:00][sql] SHOW FULL COLUMNS FROM `cmf_portal_category` [ RunTime:0.001333s ]
[2026-06-12T17:13:01+08:00][sql] SELECT * FROM `cmf_portal_category` WHERE (  `type` = 8 ) AND `cmf_portal_category`.`delete_time` = '0' ORDER BY `list_order` ASC [ RunTime:0.000353s ]
[2026-06-12T17:13:01+08:00][sql] SHOW FULL COLUMNS FROM `cmf_product` [ RunTime:0.002393s ]
[2026-06-12T17:13:01+08:00][sql] SELECT * FROM `cmf_product` WHERE  `id` = 127 LIMIT 1 [ RunTime:0.000656s ]
[2026-06-12T17:13:01+08:00][sql] SELECT * FROM `cmf_product_category` WHERE  `id` = 28 LIMIT 1 [ RunTime:0.000332s ]
[2026-06-12T17:13:01+08:00][sql] SELECT `id`,`title`,`industry`,`thumbnail` FROM `cmf_product` WHERE  `id` <> 127  AND `is_recommended` = 1  AND `category_id` = 28 ORDER BY RAND() LIMIT 8 [ RunTime:0.000541s ]
[2026-06-12T17:13:01+08:00][sql] SHOW FULL COLUMNS FROM `cmf_slide_item` [ RunTime:0.001171s ]
[2026-06-12T17:13:01+08:00][sql] SELECT `title`,`description`,`image` FROM `cmf_slide_item` WHERE  `slide_id` = 2  AND `status` = 1 ORDER BY `list_order` ASC,`id` DESC LIMIT 1 [ RunTime:0.000368s ]
[2026-06-12T17:13:01+08:00][sql] SHOW FULL COLUMNS FROM `cmf_theme_file` [ RunTime:0.001187s ]
[2026-06-12T17:13:01+08:00][sql] SELECT `more`,`file`,`id` FROM `cmf_theme_file` WHERE  `theme` = 'simpleboot3'  AND (  `is_public` = 1 OR `file` = 'portal/product-info' ) ORDER BY `is_public` DESC [ RunTime:0.000371s ]
[2026-06-12T17:13:01+08:00][sql] SELECT `option_value` FROM `cmf_option` WHERE  `option_name` = 'storage' LIMIT 1 [ RunTime:0.000540s ]
[2026-06-12T17:14:10+08:00][sql] CONNECT:[ UseTime:0.000871s ] mysql:host=127.0.0.1;port=3306;dbname=nucleon;charset=utf8mb4
[2026-06-12T17:14:10+08:00][sql] SHOW FULL COLUMNS FROM `cmf_option` [ RunTime:0.002286s ]
[2026-06-12T17:14:10+08:00][sql] SELECT `option_value` FROM `cmf_option` WHERE  `option_name` = 'cdn_settings' LIMIT 1 [ RunTime:0.000446s ]
[2026-06-12T17:14:10+08:00][sql] SELECT `option_value` FROM `cmf_option` WHERE  `option_name` = 'cdn_settings' LIMIT 1 [ RunTime:0.000461s ]
[2026-06-12T17:14:10+08:00][sql] SHOW FULL COLUMNS FROM `cmf_product_category` [ RunTime:0.001328s ]
[2026-06-12T17:14:10+08:00][sql] SELECT * FROM `cmf_product_category` WHERE  `parent_id` = 0 ORDER BY `list_order` ASC,`create_time` DESC [ RunTime:0.000373s ]
[2026-06-12T17:14:10+08:00][sql] SELECT * FROM `cmf_product_category` WHERE  `parent_id` IN (28,19,22,23,25,30,27) [ RunTime:0.000341s ]
[2026-06-12T17:14:10+08:00][sql] SHOW FULL COLUMNS FROM `cmf_portal_category` [ RunTime:0.001307s ]
[2026-06-12T17:14:10+08:00][sql] SELECT * FROM `cmf_portal_category` WHERE (  `type` = 8 ) AND `cmf_portal_category`.`delete_time` = '0' ORDER BY `list_order` ASC [ RunTime:0.000409s ]
[2026-06-12T17:14:10+08:00][sql] SHOW FULL COLUMNS FROM `cmf_product` [ RunTime:0.001895s ]
[2026-06-12T17:14:10+08:00][sql] SELECT * FROM `cmf_product` WHERE  `id` = 127 LIMIT 1 [ RunTime:0.000840s ]
[2026-06-12T17:14:10+08:00][sql] SELECT * FROM `cmf_product_category` WHERE  `id` = 28 LIMIT 1 [ RunTime:0.000490s ]
[2026-06-12T17:14:10+08:00][sql] SELECT `id`,`title`,`industry`,`thumbnail` FROM `cmf_product` WHERE  `id` <> 127  AND `is_recommended` = 1  AND `category_id` = 28 ORDER BY RAND() LIMIT 8 [ RunTime:0.000694s ]
[2026-06-12T17:14:10+08:00][sql] SHOW FULL COLUMNS FROM `cmf_slide_item` [ RunTime:0.001406s ]
[2026-06-12T17:14:10+08:00][sql] SELECT `title`,`description`,`image` FROM `cmf_slide_item` WHERE  `slide_id` = 2  AND `status` = 1 ORDER BY `list_order` ASC,`id` DESC LIMIT 1 [ RunTime:0.000444s ]
[2026-06-12T17:14:10+08:00][sql] SHOW FULL COLUMNS FROM `cmf_theme_file` [ RunTime:0.001252s ]
[2026-06-12T17:14:10+08:00][sql] SELECT `more`,`file`,`id` FROM `cmf_theme_file` WHERE  `theme` = 'simpleboot3'  AND (  `is_public` = 1 OR `file` = 'portal/product-info' ) ORDER BY `is_public` DESC [ RunTime:0.000378s ]
[2026-06-12T17:14:10+08:00][sql] SELECT `option_value` FROM `cmf_option` WHERE  `option_name` = 'storage' LIMIT 1 [ RunTime:0.000603s ]
[2026-06-12T17:20:31+08:00][sql] CONNECT:[ UseTime:0.001455s ] mysql:host=127.0.0.1;port=3306;dbname=nucleon;charset=utf8mb4
[2026-06-12T17:20:31+08:00][sql] SHOW FULL COLUMNS FROM `cmf_option` [ RunTime:0.001810s ]
[2026-06-12T17:20:31+08:00][sql] SELECT `option_value` FROM `cmf_option` WHERE  `option_name` = 'cdn_settings' LIMIT 1 [ RunTime:0.000307s ]
[2026-06-12T17:20:31+08:00][sql] SELECT `option_value` FROM `cmf_option` WHERE  `option_name` = 'cdn_settings' LIMIT 1 [ RunTime:0.000342s ]
[2026-06-12T17:20:31+08:00][sql] SHOW FULL COLUMNS FROM `cmf_product_category` [ RunTime:0.001279s ]
[2026-06-12T17:20:31+08:00][sql] SELECT * FROM `cmf_product_category` WHERE  `parent_id` = 0 ORDER BY `list_order` ASC,`create_time` DESC [ RunTime:0.000296s ]
[2026-06-12T17:20:31+08:00][sql] SELECT * FROM `cmf_product_category` WHERE  `parent_id` IN (28,19,22,23,25,30,27) [ RunTime:0.000395s ]
[2026-06-12T17:20:31+08:00][sql] SHOW FULL COLUMNS FROM `cmf_portal_category` [ RunTime:0.001186s ]
[2026-06-12T17:20:31+08:00][sql] SELECT * FROM `cmf_portal_category` WHERE (  `type` = 8 ) AND `cmf_portal_category`.`delete_time` = '0' ORDER BY `list_order` ASC [ RunTime:0.000313s ]
[2026-06-12T17:20:31+08:00][sql] SHOW FULL COLUMNS FROM `cmf_slide_item` [ RunTime:0.000977s ]
[2026-06-12T17:20:31+08:00][sql] SELECT `title`,`description`,`image`,`url`,`target`,`content` FROM `cmf_slide_item` WHERE  `slide_id` = 1 ORDER BY `list_order` ASC [ RunTime:0.000257s ]
[2026-06-12T17:20:31+08:00][sql] SHOW FULL COLUMNS FROM `cmf_slide` [ RunTime:0.000786s ]
[2026-06-12T17:20:31+08:00][sql] SELECT * FROM `cmf_slide` WHERE  `name` LIKE '%choose%' OR `name` LIKE '%选择%' LIMIT 1 [ RunTime:0.000336s ]
[2026-06-12T17:20:31+08:00][sql] SELECT `title`,`description`,`image`,`url`,`target`,`content` FROM `cmf_slide_item` WHERE  `slide_id` = 14  AND `status` = 1 ORDER BY `list_order` ASC [ RunTime:0.000264s ]
[2026-06-12T17:20:31+08:00][sql] SELECT * FROM `cmf_product_category` WHERE  `parent_id` = 0  AND `recommend` = 1 ORDER BY `list_order` ASC,`create_time` DESC [ RunTime:0.000288s ]
[2026-06-12T17:20:31+08:00][sql] SHOW FULL COLUMNS FROM `cmf_product` [ RunTime:0.000955s ]
[2026-06-12T17:20:31+08:00][sql] SELECT `id`,`title`,`thumbnail`,`industry` FROM `cmf_product` WHERE  `is_recommended` = 1  AND `category_id` = 28 ORDER BY `list_order` ASC LIMIT 6 [ RunTime:0.000407s ]
[2026-06-12T17:20:31+08:00][sql] SELECT `id`,`title`,`thumbnail`,`industry` FROM `cmf_product` WHERE  `is_recommended` = 1  AND `category_id` = 19 ORDER BY `list_order` ASC LIMIT 6 [ RunTime:0.000293s ]
[2026-06-12T17:20:31+08:00][sql] SELECT `id`,`title`,`thumbnail`,`industry` FROM `cmf_product` WHERE  `is_recommended` = 1  AND `category_id` = 23 ORDER BY `list_order` ASC LIMIT 6 [ RunTime:0.000334s ]
[2026-06-12T17:20:31+08:00][sql] SELECT `id`,`title`,`thumbnail`,`industry` FROM `cmf_product` WHERE  `is_recommended` = 1  AND `category_id` = 25 ORDER BY `list_order` ASC LIMIT 6 [ RunTime:0.000223s ]
[2026-06-12T17:20:31+08:00][sql] SELECT `id`,`title`,`thumbnail`,`industry` FROM `cmf_product` WHERE  `is_recommended` = 1  AND `category_id` = 30 ORDER BY `list_order` ASC LIMIT 6 [ RunTime:0.000231s ]
[2026-06-12T17:20:31+08:00][sql] SHOW FULL COLUMNS FROM `cmf_portal_post` [ RunTime:0.000868s ]
[2026-06-12T17:20:31+08:00][sql] SELECT `p`.`id`,`p`.`post_title`,`p`.`post_excerpt`,`p`.`thumbnail`,`p`.`create_time`,`c`.`category_id` FROM `cmf_portal_post` `p` INNER JOIN `cmf_portal_category_post` `c` ON `p`.`id`=`c`.`post_id` WHERE (  `p`.`post_type` = '8' ) AND `p`.`delete_time` = '0' ORDER BY `c`.`list_order` ASC,`p`.`create_time` DESC [ RunTime:0.000499s ]
[2026-06-12T17:20:31+08:00][sql] SELECT `id`,`post_title`,`post_excerpt`,`more` FROM `cmf_portal_post` WHERE (  `post_type` = 3 ) AND `cmf_portal_post`.`delete_time` = '0' ORDER BY `create_time` DESC [ RunTime:0.000330s ]
[2026-06-12T17:20:31+08:00][sql] SHOW FULL COLUMNS FROM `cmf_theme_file` [ RunTime:0.002740s ]
[2026-06-12T17:20:31+08:00][sql] SELECT `more`,`file`,`id` FROM `cmf_theme_file` WHERE  `theme` = 'simpleboot3'  AND (  `is_public` = 1 OR `file` = 'portal/index' ) ORDER BY `is_public` DESC [ RunTime:0.000325s ]
[2026-06-12T17:20:31+08:00][sql] SELECT `option_value` FROM `cmf_option` WHERE  `option_name` = 'storage' LIMIT 1 [ RunTime:0.000223s ]
[2026-06-12T17:21:22+08:00][sql] CONNECT:[ UseTime:0.001434s ] mysql:host=127.0.0.1;port=3306;dbname=nucleon;charset=utf8mb4
[2026-06-12T17:21:22+08:00][sql] SHOW FULL COLUMNS FROM `cmf_option` [ RunTime:0.001615s ]
[2026-06-12T17:21:22+08:00][sql] SELECT `option_value` FROM `cmf_option` WHERE  `option_name` = 'cdn_settings' LIMIT 1 [ RunTime:0.000510s ]
[2026-06-12T17:21:22+08:00][sql] SELECT `option_value` FROM `cmf_option` WHERE  `option_name` = 'cdn_settings' LIMIT 1 [ RunTime:0.000690s ]
[2026-06-12T17:21:22+08:00][sql] SHOW FULL COLUMNS FROM `cmf_product_category` [ RunTime:0.001667s ]
[2026-06-12T17:21:22+08:00][sql] SELECT * FROM `cmf_product_category` WHERE  `parent_id` = 0 ORDER BY `list_order` ASC,`create_time` DESC [ RunTime:0.000530s ]
[2026-06-12T17:21:22+08:00][sql] SELECT * FROM `cmf_product_category` WHERE  `parent_id` IN (28,19,22,23,25,30,27) [ RunTime:0.000346s ]
[2026-06-12T17:21:22+08:00][sql] SHOW FULL COLUMNS FROM `cmf_portal_category` [ RunTime:0.002206s ]
[2026-06-12T17:21:22+08:00][sql] SELECT * FROM `cmf_portal_category` WHERE (  `type` = 8 ) AND `cmf_portal_category`.`delete_time` = '0' ORDER BY `list_order` ASC [ RunTime:0.000422s ]
[2026-06-12T17:21:22+08:00][sql] SHOW FULL COLUMNS FROM `cmf_slide_item` [ RunTime:0.001185s ]
[2026-06-12T17:21:22+08:00][sql] SELECT `title`,`description`,`image`,`url`,`target`,`content` FROM `cmf_slide_item` WHERE  `slide_id` = 1 ORDER BY `list_order` ASC [ RunTime:0.000370s ]
[2026-06-12T17:21:22+08:00][sql] SHOW FULL COLUMNS FROM `cmf_slide` [ RunTime:0.000972s ]
[2026-06-12T17:21:22+08:00][sql] SELECT * FROM `cmf_slide` WHERE  `name` LIKE '%choose%' OR `name` LIKE '%选择%' LIMIT 1 [ RunTime:0.000377s ]
[2026-06-12T17:21:22+08:00][sql] SELECT `title`,`description`,`image`,`url`,`target`,`content` FROM `cmf_slide_item` WHERE  `slide_id` = 14  AND `status` = 1 ORDER BY `list_order` ASC [ RunTime:0.000411s ]
[2026-06-12T17:21:22+08:00][sql] SELECT * FROM `cmf_product_category` WHERE  `parent_id` = 0  AND `recommend` = 1 ORDER BY `list_order` ASC,`create_time` DESC [ RunTime:0.000360s ]
[2026-06-12T17:21:22+08:00][sql] SHOW FULL COLUMNS FROM `cmf_product` [ RunTime:0.001268s ]
[2026-06-12T17:21:22+08:00][sql] SELECT `id`,`title`,`thumbnail`,`industry` FROM `cmf_product` WHERE  `is_recommended` = 1  AND `category_id` = 28 ORDER BY `list_order` ASC LIMIT 6 [ RunTime:0.000596s ]
[2026-06-12T17:21:22+08:00][sql] SELECT `id`,`title`,`thumbnail`,`industry` FROM `cmf_product` WHERE  `is_recommended` = 1  AND `category_id` = 19 ORDER BY `list_order` ASC LIMIT 6 [ RunTime:0.000485s ]
[2026-06-12T17:21:22+08:00][sql] SELECT `id`,`title`,`thumbnail`,`industry` FROM `cmf_product` WHERE  `is_recommended` = 1  AND `category_id` = 23 ORDER BY `list_order` ASC LIMIT 6 [ RunTime:0.000402s ]
[2026-06-12T17:21:22+08:00][sql] SELECT `id`,`title`,`thumbnail`,`industry` FROM `cmf_product` WHERE  `is_recommended` = 1  AND `category_id` = 25 ORDER BY `list_order` ASC LIMIT 6 [ RunTime:0.000310s ]
[2026-06-12T17:21:22+08:00][sql] SELECT `id`,`title`,`thumbnail`,`industry` FROM `cmf_product` WHERE  `is_recommended` = 1  AND `category_id` = 30 ORDER BY `list_order` ASC LIMIT 6 [ RunTime:0.000280s ]
[2026-06-12T17:21:22+08:00][sql] SHOW FULL COLUMNS FROM `cmf_portal_post` [ RunTime:0.002176s ]
[2026-06-12T17:21:22+08:00][sql] SELECT `p`.`id`,`p`.`post_title`,`p`.`post_excerpt`,`p`.`thumbnail`,`p`.`create_time`,`c`.`category_id` FROM `cmf_portal_post` `p` INNER JOIN `cmf_portal_category_post` `c` ON `p`.`id`=`c`.`post_id` WHERE (  `p`.`post_type` = '8' ) AND `p`.`delete_time` = '0' ORDER BY `c`.`list_order` ASC,`p`.`create_time` DESC [ RunTime:0.000869s ]
[2026-06-12T17:21:22+08:00][sql] SELECT `id`,`post_title`,`post_excerpt`,`more` FROM `cmf_portal_post` WHERE (  `post_type` = 3 ) AND `cmf_portal_post`.`delete_time` = '0' ORDER BY `create_time` DESC [ RunTime:0.000437s ]
[2026-06-12T17:21:22+08:00][sql] SHOW FULL COLUMNS FROM `cmf_theme_file` [ RunTime:0.001253s ]
[2026-06-12T17:21:22+08:00][sql] SELECT `more`,`file`,`id` FROM `cmf_theme_file` WHERE  `theme` = 'simpleboot3'  AND (  `is_public` = 1 OR `file` = 'portal/index' ) ORDER BY `is_public` DESC [ RunTime:0.000387s ]
[2026-06-12T17:21:22+08:00][sql] SELECT `option_value` FROM `cmf_option` WHERE  `option_name` = 'storage' LIMIT 1 [ RunTime:0.000435s ]
[2026-06-12T17:21:27+08:00][sql] CONNECT:[ UseTime:0.001009s ] mysql:host=127.0.0.1;port=3306;dbname=nucleon;charset=utf8mb4
[2026-06-12T17:21:27+08:00][sql] SHOW FULL COLUMNS FROM `cmf_option` [ RunTime:0.002330s ]
[2026-06-12T17:21:27+08:00][sql] SELECT `option_value` FROM `cmf_option` WHERE  `option_name` = 'cdn_settings' LIMIT 1 [ RunTime:0.000437s ]
[2026-06-12T17:21:27+08:00][sql] SELECT `option_value` FROM `cmf_option` WHERE  `option_name` = 'cdn_settings' LIMIT 1 [ RunTime:0.000405s ]
[2026-06-12T17:21:27+08:00][sql] SHOW FULL COLUMNS FROM `cmf_product_category` [ RunTime:0.001268s ]
[2026-06-12T17:21:27+08:00][sql] SELECT * FROM `cmf_product_category` WHERE  `parent_id` = 0 ORDER BY `list_order` ASC,`create_time` DESC [ RunTime:0.000350s ]
[2026-06-12T17:21:27+08:00][sql] SELECT * FROM `cmf_product_category` WHERE  `parent_id` IN (28,19,22,23,25,30,27) [ RunTime:0.000376s ]
[2026-06-12T17:21:27+08:00][sql] SHOW FULL COLUMNS FROM `cmf_portal_category` [ RunTime:0.001268s ]
[2026-06-12T17:21:27+08:00][sql] SELECT * FROM `cmf_portal_category` WHERE (  `type` = 8 ) AND `cmf_portal_category`.`delete_time` = '0' ORDER BY `list_order` ASC [ RunTime:0.000397s ]
[2026-06-12T17:21:27+08:00][sql] SHOW FULL COLUMNS FROM `cmf_product` [ RunTime:0.002924s ]
[2026-06-12T17:21:27+08:00][sql] SELECT COUNT(*) AS think_count FROM `cmf_product` WHERE  `category_id` = 28 LIMIT 1 [ RunTime:0.000436s ]
[2026-06-12T17:21:27+08:00][sql] SELECT COUNT(*) AS think_count FROM `cmf_product` WHERE  `category_id` = 19 LIMIT 1 [ RunTime:0.000299s ]
[2026-06-12T17:21:27+08:00][sql] SELECT COUNT(*) AS think_count FROM `cmf_product` WHERE  `category_id` = 22 LIMIT 1 [ RunTime:0.000288s ]
[2026-06-12T17:21:27+08:00][sql] SELECT COUNT(*) AS think_count FROM `cmf_product` WHERE  `category_id` = 23 LIMIT 1 [ RunTime:0.000275s ]
[2026-06-12T17:21:27+08:00][sql] SELECT COUNT(*) AS think_count FROM `cmf_product` WHERE  `category_id` = 25 LIMIT 1 [ RunTime:0.000255s ]
[2026-06-12T17:21:27+08:00][sql] SELECT COUNT(*) AS think_count FROM `cmf_product` WHERE  `category_id` = 30 LIMIT 1 [ RunTime:0.000244s ]
[2026-06-12T17:21:27+08:00][sql] SELECT COUNT(*) AS think_count FROM `cmf_product` WHERE  `category_id` = 27 LIMIT 1 [ RunTime:0.000254s ]
[2026-06-12T17:21:27+08:00][sql] SELECT COUNT(*) AS think_count FROM `cmf_product` LIMIT 1 [ RunTime:0.000229s ]
[2026-06-12T17:21:27+08:00][sql] SELECT `id`,`category_id`,`title`,`thumbnail`,`industry`,`overview` FROM `cmf_product` ORDER BY `list_order` ASC,`create_time` DESC LIMIT 0,12 [ RunTime:0.000779s ]
[2026-06-12T17:21:27+08:00][sql] SHOW FULL COLUMNS FROM `cmf_slide_item` [ RunTime:0.001185s ]
[2026-06-12T17:21:27+08:00][sql] SELECT `title`,`description`,`image` FROM `cmf_slide_item` WHERE  `slide_id` = 2  AND `status` = 1 ORDER BY `list_order` ASC,`id` DESC LIMIT 1 [ RunTime:0.000441s ]
[2026-06-12T17:21:27+08:00][sql] SELECT `option_value` FROM `cmf_option` WHERE  `option_name` = 'storage' LIMIT 1 [ RunTime:0.000262s ]
[2026-06-12T17:21:27+08:00][sql] SHOW FULL COLUMNS FROM `cmf_portal_post` [ RunTime:0.001300s ]
[2026-06-12T17:21:27+08:00][sql] SELECT `id`,`post_title`,`post_excerpt`,`more` FROM `cmf_portal_post` WHERE (  `post_type` = 3 ) AND `cmf_portal_post`.`delete_time` = '0' ORDER BY `create_time` DESC [ RunTime:0.000381s ]
[2026-06-12T17:21:27+08:00][sql] SHOW FULL COLUMNS FROM `cmf_theme_file` [ RunTime:0.002295s ]
[2026-06-12T17:21:27+08:00][sql] SELECT `more`,`file`,`id` FROM `cmf_theme_file` WHERE  `theme` = 'simpleboot3'  AND (  `is_public` = 1 OR `file` = 'portal/product' ) ORDER BY `is_public` DESC [ RunTime:0.000565s ]
[2026-06-12T17:21:30+08:00][sql] CONNECT:[ UseTime:0.000996s ] mysql:host=127.0.0.1;port=3306;dbname=nucleon;charset=utf8mb4
[2026-06-12T17:21:30+08:00][sql] SHOW FULL COLUMNS FROM `cmf_option` [ RunTime:0.001395s ]
[2026-06-12T17:21:30+08:00][sql] SELECT `option_value` FROM `cmf_option` WHERE  `option_name` = 'cdn_settings' LIMIT 1 [ RunTime:0.000293s ]
[2026-06-12T17:21:30+08:00][sql] SELECT `option_value` FROM `cmf_option` WHERE  `option_name` = 'cdn_settings' LIMIT 1 [ RunTime:0.000265s ]
[2026-06-12T17:21:30+08:00][sql] SHOW FULL COLUMNS FROM `cmf_product_category` [ RunTime:0.001078s ]
[2026-06-12T17:21:30+08:00][sql] SELECT * FROM `cmf_product_category` WHERE  `parent_id` = 0 ORDER BY `list_order` ASC,`create_time` DESC [ RunTime:0.000348s ]
[2026-06-12T17:21:30+08:00][sql] SELECT * FROM `cmf_product_category` WHERE  `parent_id` IN (28,19,22,23,25,30,27) [ RunTime:0.000308s ]
[2026-06-12T17:21:30+08:00][sql] SHOW FULL COLUMNS FROM `cmf_portal_category` [ RunTime:0.001708s ]
[2026-06-12T17:21:30+08:00][sql] SELECT * FROM `cmf_portal_category` WHERE (  `type` = 8 ) AND `cmf_portal_category`.`delete_time` = '0' ORDER BY `list_order` ASC [ RunTime:0.000381s ]
[2026-06-12T17:21:30+08:00][sql] SELECT * FROM `cmf_product_category` WHERE  `id` = 28 LIMIT 1 [ RunTime:0.000339s ]
[2026-06-12T17:21:30+08:00][sql] SHOW FULL COLUMNS FROM `cmf_product` [ RunTime:0.001211s ]
[2026-06-12T17:21:30+08:00][sql] SELECT COUNT(*) AS think_count FROM `cmf_product` WHERE  `category_id` = 28 LIMIT 1 [ RunTime:0.000286s ]
[2026-06-12T17:21:30+08:00][sql] SELECT COUNT(*) AS think_count FROM `cmf_product` WHERE  `category_id` = 19 LIMIT 1 [ RunTime:0.000277s ]
[2026-06-12T17:21:30+08:00][sql] SELECT COUNT(*) AS think_count FROM `cmf_product` WHERE  `category_id` = 22 LIMIT 1 [ RunTime:0.000237s ]
[2026-06-12T17:21:30+08:00][sql] SELECT COUNT(*) AS think_count FROM `cmf_product` WHERE  `category_id` = 23 LIMIT 1 [ RunTime:0.000247s ]
[2026-06-12T17:21:30+08:00][sql] SELECT COUNT(*) AS think_count FROM `cmf_product` WHERE  `category_id` = 25 LIMIT 1 [ RunTime:0.000222s ]
[2026-06-12T17:21:30+08:00][sql] SELECT COUNT(*) AS think_count FROM `cmf_product` WHERE  `category_id` = 30 LIMIT 1 [ RunTime:0.000220s ]
[2026-06-12T17:21:30+08:00][sql] SELECT COUNT(*) AS think_count FROM `cmf_product` WHERE  `category_id` = 27 LIMIT 1 [ RunTime:0.000222s ]
[2026-06-12T17:21:30+08:00][sql] SELECT COUNT(*) AS think_count FROM `cmf_product` WHERE  `category_id` = 28 LIMIT 1 [ RunTime:0.000255s ]
[2026-06-12T17:21:30+08:00][sql] SELECT `id`,`category_id`,`title`,`thumbnail`,`industry`,`overview` FROM `cmf_product` WHERE  `category_id` = 28 ORDER BY `list_order` ASC,`create_time` DESC LIMIT 0,12 [ RunTime:0.000595s ]
[2026-06-12T17:21:30+08:00][sql] SHOW FULL COLUMNS FROM `cmf_slide_item` [ RunTime:0.001021s ]
[2026-06-12T17:21:30+08:00][sql] SELECT `title`,`description`,`image` FROM `cmf_slide_item` WHERE  `slide_id` = 2  AND `status` = 1 ORDER BY `list_order` ASC,`id` DESC LIMIT 1 [ RunTime:0.000349s ]
[2026-06-12T17:21:30+08:00][sql] SELECT `option_value` FROM `cmf_option` WHERE  `option_name` = 'storage' LIMIT 1 [ RunTime:0.000251s ]
[2026-06-12T17:21:30+08:00][sql] SHOW FULL COLUMNS FROM `cmf_portal_post` [ RunTime:0.001159s ]
[2026-06-12T17:21:30+08:00][sql] SELECT `id`,`post_title`,`post_excerpt`,`more` FROM `cmf_portal_post` WHERE (  `post_type` = 3 ) AND `cmf_portal_post`.`delete_time` = '0' ORDER BY `create_time` DESC [ RunTime:0.000460s ]
[2026-06-12T17:21:30+08:00][sql] SHOW FULL COLUMNS FROM `cmf_theme_file` [ RunTime:0.001392s ]
[2026-06-12T17:21:30+08:00][sql] SELECT `more`,`file`,`id` FROM `cmf_theme_file` WHERE  `theme` = 'simpleboot3'  AND (  `is_public` = 1 OR `file` = 'portal/product' ) ORDER BY `is_public` DESC [ RunTime:0.000357s ]
[2026-06-12T17:21:31+08:00][sql] CONNECT:[ UseTime:0.000970s ] mysql:host=127.0.0.1;port=3306;dbname=nucleon;charset=utf8mb4
[2026-06-12T17:21:31+08:00][sql] SHOW FULL COLUMNS FROM `cmf_option` [ RunTime:0.002733s ]
[2026-06-12T17:21:31+08:00][sql] SELECT `option_value` FROM `cmf_option` WHERE  `option_name` = 'cdn_settings' LIMIT 1 [ RunTime:0.000942s ]
[2026-06-12T17:21:31+08:00][sql] SELECT `option_value` FROM `cmf_option` WHERE  `option_name` = 'cdn_settings' LIMIT 1 [ RunTime:0.000716s ]
[2026-06-12T17:21:31+08:00][sql] SHOW FULL COLUMNS FROM `cmf_product_category` [ RunTime:0.001423s ]
[2026-06-12T17:21:31+08:00][sql] SELECT * FROM `cmf_product_category` WHERE  `parent_id` = 0 ORDER BY `list_order` ASC,`create_time` DESC [ RunTime:0.000409s ]
[2026-06-12T17:21:31+08:00][sql] SELECT * FROM `cmf_product_category` WHERE  `parent_id` IN (28,19,22,23,25,30,27) [ RunTime:0.000675s ]
[2026-06-12T17:21:31+08:00][sql] SHOW FULL COLUMNS FROM `cmf_portal_category` [ RunTime:0.002510s ]
[2026-06-12T17:21:31+08:00][sql] SELECT * FROM `cmf_portal_category` WHERE (  `type` = 8 ) AND `cmf_portal_category`.`delete_time` = '0' ORDER BY `list_order` ASC [ RunTime:0.000506s ]
[2026-06-12T17:21:31+08:00][sql] SHOW FULL COLUMNS FROM `cmf_product` [ RunTime:0.001668s ]
[2026-06-12T17:21:31+08:00][sql] SELECT * FROM `cmf_product` WHERE  `id` = 127 LIMIT 1 [ RunTime:0.000526s ]
[2026-06-12T17:21:31+08:00][sql] SELECT * FROM `cmf_product_category` WHERE  `id` = 28 LIMIT 1 [ RunTime:0.000291s ]
[2026-06-12T17:21:31+08:00][sql] SELECT `id`,`title`,`industry`,`thumbnail` FROM `cmf_product` WHERE  `id` <> 127  AND `is_recommended` = 1  AND `category_id` = 28 ORDER BY RAND() LIMIT 8 [ RunTime:0.000643s ]
[2026-06-12T17:21:31+08:00][sql] SHOW FULL COLUMNS FROM `cmf_slide_item` [ RunTime:0.001177s ]
[2026-06-12T17:21:31+08:00][sql] SELECT `title`,`description`,`image` FROM `cmf_slide_item` WHERE  `slide_id` = 2  AND `status` = 1 ORDER BY `list_order` ASC,`id` DESC LIMIT 1 [ RunTime:0.000373s ]
[2026-06-12T17:21:31+08:00][sql] SHOW FULL COLUMNS FROM `cmf_theme_file` [ RunTime:0.001457s ]
[2026-06-12T17:21:31+08:00][sql] SELECT `more`,`file`,`id` FROM `cmf_theme_file` WHERE  `theme` = 'simpleboot3'  AND (  `is_public` = 1 OR `file` = 'portal/product-info' ) ORDER BY `is_public` DESC [ RunTime:0.000499s ]
[2026-06-12T17:21:31+08:00][sql] SELECT `option_value` FROM `cmf_option` WHERE  `option_name` = 'storage' LIMIT 1 [ RunTime:0.000751s ]
[2026-06-12T17:22:12+08:00][sql] CONNECT:[ UseTime:0.000866s ] mysql:host=127.0.0.1;port=3306;dbname=nucleon;charset=utf8mb4
[2026-06-12T17:22:12+08:00][sql] SHOW FULL COLUMNS FROM `cmf_option` [ RunTime:0.001837s ]
[2026-06-12T17:22:12+08:00][sql] SELECT `option_value` FROM `cmf_option` WHERE  `option_name` = 'cdn_settings' LIMIT 1 [ RunTime:0.000404s ]
[2026-06-12T17:22:12+08:00][sql] SELECT `option_value` FROM `cmf_option` WHERE  `option_name` = 'cdn_settings' LIMIT 1 [ RunTime:0.000252s ]
[2026-06-12T17:22:12+08:00][sql] SHOW FULL COLUMNS FROM `cmf_product_category` [ RunTime:0.001082s ]
[2026-06-12T17:22:12+08:00][sql] SELECT * FROM `cmf_product_category` WHERE  `parent_id` = 0 ORDER BY `list_order` ASC,`create_time` DESC [ RunTime:0.000307s ]
[2026-06-12T17:22:12+08:00][sql] SELECT * FROM `cmf_product_category` WHERE  `parent_id` IN (28,19,22,23,25,30,27) [ RunTime:0.000339s ]
[2026-06-12T17:22:12+08:00][sql] SHOW FULL COLUMNS FROM `cmf_portal_category` [ RunTime:0.001098s ]
[2026-06-12T17:22:12+08:00][sql] SELECT * FROM `cmf_portal_category` WHERE (  `type` = 8 ) AND `cmf_portal_category`.`delete_time` = '0' ORDER BY `list_order` ASC [ RunTime:0.000353s ]
[2026-06-12T17:22:12+08:00][sql] SHOW FULL COLUMNS FROM `cmf_product` [ RunTime:0.001705s ]
[2026-06-12T17:22:12+08:00][sql] SELECT * FROM `cmf_product` WHERE  `id` = 127 LIMIT 1 [ RunTime:0.000549s ]
[2026-06-12T17:22:12+08:00][sql] SELECT * FROM `cmf_product_category` WHERE  `id` = 28 LIMIT 1 [ RunTime:0.000279s ]
[2026-06-12T17:22:12+08:00][sql] SELECT `id`,`title`,`industry`,`thumbnail` FROM `cmf_product` WHERE  `id` <> 127  AND `is_recommended` = 1  AND `category_id` = 28 ORDER BY RAND() LIMIT 8 [ RunTime:0.000669s ]
[2026-06-12T17:22:12+08:00][sql] SHOW FULL COLUMNS FROM `cmf_slide_item` [ RunTime:0.001135s ]
[2026-06-12T17:22:12+08:00][sql] SELECT `title`,`description`,`image` FROM `cmf_slide_item` WHERE  `slide_id` = 2  AND `status` = 1 ORDER BY `list_order` ASC,`id` DESC LIMIT 1 [ RunTime:0.000378s ]
[2026-06-12T17:22:12+08:00][sql] SHOW FULL COLUMNS FROM `cmf_theme_file` [ RunTime:0.000980s ]
[2026-06-12T17:22:12+08:00][sql] SELECT `more`,`file`,`id` FROM `cmf_theme_file` WHERE  `theme` = 'simpleboot3'  AND (  `is_public` = 1 OR `file` = 'portal/product-info' ) ORDER BY `is_public` DESC [ RunTime:0.000346s ]
[2026-06-12T17:22:12+08:00][sql] SELECT `option_value` FROM `cmf_option` WHERE  `option_name` = 'storage' LIMIT 1 [ RunTime:0.000690s ]
[2026-06-12T17:22:20+08:00][sql] CONNECT:[ UseTime:0.000832s ] mysql:host=127.0.0.1;port=3306;dbname=nucleon;charset=utf8mb4
[2026-06-12T17:22:20+08:00][sql] SHOW FULL COLUMNS FROM `cmf_option` [ RunTime:0.002236s ]
[2026-06-12T17:22:20+08:00][sql] SELECT `option_value` FROM `cmf_option` WHERE  `option_name` = 'cdn_settings' LIMIT 1 [ RunTime:0.000277s ]
[2026-06-12T17:22:20+08:00][sql] SELECT `option_value` FROM `cmf_option` WHERE  `option_name` = 'cdn_settings' LIMIT 1 [ RunTime:0.000291s ]
[2026-06-12T17:22:20+08:00][sql] SHOW FULL COLUMNS FROM `cmf_product_category` [ RunTime:0.001551s ]
[2026-06-12T17:22:20+08:00][sql] SELECT * FROM `cmf_product_category` WHERE  `parent_id` = 0 ORDER BY `list_order` ASC,`create_time` DESC [ RunTime:0.000367s ]
[2026-06-12T17:22:20+08:00][sql] SELECT * FROM `cmf_product_category` WHERE  `parent_id` IN (28,19,22,23,25,30,27) [ RunTime:0.000291s ]
[2026-06-12T17:22:20+08:00][sql] SHOW FULL COLUMNS FROM `cmf_portal_category` [ RunTime:0.001358s ]
[2026-06-12T17:22:20+08:00][sql] SELECT * FROM `cmf_portal_category` WHERE (  `type` = 8 ) AND `cmf_portal_category`.`delete_time` = '0' ORDER BY `list_order` ASC [ RunTime:0.000336s ]
[2026-06-12T17:22:20+08:00][sql] SHOW FULL COLUMNS FROM `cmf_slide_item` [ RunTime:0.001126s ]
[2026-06-12T17:22:20+08:00][sql] SELECT `title`,`description`,`image`,`url`,`target`,`content` FROM `cmf_slide_item` WHERE  `slide_id` = 1 ORDER BY `list_order` ASC [ RunTime:0.000301s ]
[2026-06-12T17:22:20+08:00][sql] SHOW FULL COLUMNS FROM `cmf_slide` [ RunTime:0.000868s ]
[2026-06-12T17:22:20+08:00][sql] SELECT * FROM `cmf_slide` WHERE  `name` LIKE '%choose%' OR `name` LIKE '%选择%' LIMIT 1 [ RunTime:0.000360s ]
[2026-06-12T17:22:20+08:00][sql] SELECT `title`,`description`,`image`,`url`,`target`,`content` FROM `cmf_slide_item` WHERE  `slide_id` = 14  AND `status` = 1 ORDER BY `list_order` ASC [ RunTime:0.000313s ]
[2026-06-12T17:22:20+08:00][sql] SELECT * FROM `cmf_product_category` WHERE  `parent_id` = 0  AND `recommend` = 1 ORDER BY `list_order` ASC,`create_time` DESC [ RunTime:0.000345s ]
[2026-06-12T17:22:20+08:00][sql] SHOW FULL COLUMNS FROM `cmf_product` [ RunTime:0.001224s ]
[2026-06-12T17:22:20+08:00][sql] SELECT `id`,`title`,`thumbnail`,`industry` FROM `cmf_product` WHERE  `is_recommended` = 1  AND `category_id` = 28 ORDER BY `list_order` ASC LIMIT 6 [ RunTime:0.000425s ]
[2026-06-12T17:22:20+08:00][sql] SELECT `id`,`title`,`thumbnail`,`industry` FROM `cmf_product` WHERE  `is_recommended` = 1  AND `category_id` = 19 ORDER BY `list_order` ASC LIMIT 6 [ RunTime:0.000457s ]
[2026-06-12T17:22:20+08:00][sql] SELECT `id`,`title`,`thumbnail`,`industry` FROM `cmf_product` WHERE  `is_recommended` = 1  AND `category_id` = 23 ORDER BY `list_order` ASC LIMIT 6 [ RunTime:0.000451s ]
[2026-06-12T17:22:20+08:00][sql] SELECT `id`,`title`,`thumbnail`,`industry` FROM `cmf_product` WHERE  `is_recommended` = 1  AND `category_id` = 25 ORDER BY `list_order` ASC LIMIT 6 [ RunTime:0.000297s ]
[2026-06-12T17:22:20+08:00][sql] SELECT `id`,`title`,`thumbnail`,`industry` FROM `cmf_product` WHERE  `is_recommended` = 1  AND `category_id` = 30 ORDER BY `list_order` ASC LIMIT 6 [ RunTime:0.000309s ]
[2026-06-12T17:22:20+08:00][sql] SHOW FULL COLUMNS FROM `cmf_portal_post` [ RunTime:0.001117s ]
[2026-06-12T17:22:20+08:00][sql] SELECT `p`.`id`,`p`.`post_title`,`p`.`post_excerpt`,`p`.`thumbnail`,`p`.`create_time`,`c`.`category_id` FROM `cmf_portal_post` `p` INNER JOIN `cmf_portal_category_post` `c` ON `p`.`id`=`c`.`post_id` WHERE (  `p`.`post_type` = '8' ) AND `p`.`delete_time` = '0' ORDER BY `c`.`list_order` ASC,`p`.`create_time` DESC [ RunTime:0.000604s ]
[2026-06-12T17:22:20+08:00][sql] SELECT `id`,`post_title`,`post_excerpt`,`more` FROM `cmf_portal_post` WHERE (  `post_type` = 3 ) AND `cmf_portal_post`.`delete_time` = '0' ORDER BY `create_time` DESC [ RunTime:0.000415s ]
[2026-06-12T17:22:20+08:00][sql] SHOW FULL COLUMNS FROM `cmf_theme_file` [ RunTime:0.001144s ]
[2026-06-12T17:22:20+08:00][sql] SELECT `more`,`file`,`id` FROM `cmf_theme_file` WHERE  `theme` = 'simpleboot3'  AND (  `is_public` = 1 OR `file` = 'portal/index' ) ORDER BY `is_public` DESC [ RunTime:0.000342s ]
[2026-06-12T17:22:20+08:00][sql] SELECT `option_value` FROM `cmf_option` WHERE  `option_name` = 'storage' LIMIT 1 [ RunTime:0.000399s ]
[2026-06-12T17:22:21+08:00][sql] CONNECT:[ UseTime:0.001220s ] mysql:host=127.0.0.1;port=3306;dbname=nucleon;charset=utf8mb4
[2026-06-12T17:22:21+08:00][sql] SHOW FULL COLUMNS FROM `cmf_option` [ RunTime:0.001580s ]
[2026-06-12T17:22:21+08:00][sql] SELECT `option_value` FROM `cmf_option` WHERE  `option_name` = 'cdn_settings' LIMIT 1 [ RunTime:0.000348s ]
[2026-06-12T17:22:21+08:00][sql] SELECT `option_value` FROM `cmf_option` WHERE  `option_name` = 'cdn_settings' LIMIT 1 [ RunTime:0.000430s ]
[2026-06-12T17:22:21+08:00][sql] SHOW FULL COLUMNS FROM `cmf_product_category` [ RunTime:0.001746s ]
[2026-06-12T17:22:21+08:00][sql] SELECT * FROM `cmf_product_category` WHERE  `parent_id` = 0 ORDER BY `list_order` ASC,`create_time` DESC [ RunTime:0.000541s ]
[2026-06-12T17:22:21+08:00][sql] SELECT * FROM `cmf_product_category` WHERE  `parent_id` IN (28,19,22,23,25,30,27) [ RunTime:0.000359s ]
[2026-06-12T17:22:21+08:00][sql] SHOW FULL COLUMNS FROM `cmf_portal_category` [ RunTime:0.001346s ]
[2026-06-12T17:22:21+08:00][sql] SELECT * FROM `cmf_portal_category` WHERE (  `type` = 8 ) AND `cmf_portal_category`.`delete_time` = '0' ORDER BY `list_order` ASC [ RunTime:0.000389s ]
[2026-06-12T17:22:21+08:00][sql] SHOW FULL COLUMNS FROM `cmf_product` [ RunTime:0.001361s ]
[2026-06-12T17:22:21+08:00][sql] SELECT COUNT(*) AS think_count FROM `cmf_product` WHERE  `category_id` = 28 LIMIT 1 [ RunTime:0.000498s ]
[2026-06-12T17:22:21+08:00][sql] SELECT COUNT(*) AS think_count FROM `cmf_product` WHERE  `category_id` = 19 LIMIT 1 [ RunTime:0.000274s ]
[2026-06-12T17:22:21+08:00][sql] SELECT COUNT(*) AS think_count FROM `cmf_product` WHERE  `category_id` = 22 LIMIT 1 [ RunTime:0.000280s ]
[2026-06-12T17:22:21+08:00][sql] SELECT COUNT(*) AS think_count FROM `cmf_product` WHERE  `category_id` = 23 LIMIT 1 [ RunTime:0.000237s ]
[2026-06-12T17:22:21+08:00][sql] SELECT COUNT(*) AS think_count FROM `cmf_product` WHERE  `category_id` = 25 LIMIT 1 [ RunTime:0.000249s ]
[2026-06-12T17:22:21+08:00][sql] SELECT COUNT(*) AS think_count FROM `cmf_product` WHERE  `category_id` = 30 LIMIT 1 [ RunTime:0.000242s ]
[2026-06-12T17:22:21+08:00][sql] SELECT COUNT(*) AS think_count FROM `cmf_product` WHERE  `category_id` = 27 LIMIT 1 [ RunTime:0.000245s ]
[2026-06-12T17:22:21+08:00][sql] SELECT COUNT(*) AS think_count FROM `cmf_product` LIMIT 1 [ RunTime:0.000204s ]
[2026-06-12T17:22:21+08:00][sql] SELECT `id`,`category_id`,`title`,`thumbnail`,`industry`,`overview` FROM `cmf_product` ORDER BY `list_order` ASC,`create_time` DESC LIMIT 0,12 [ RunTime:0.000776s ]
[2026-06-12T17:22:21+08:00][sql] SHOW FULL COLUMNS FROM `cmf_slide_item` [ RunTime:0.001976s ]
[2026-06-12T17:22:21+08:00][sql] SELECT `title`,`description`,`image` FROM `cmf_slide_item` WHERE  `slide_id` = 2  AND `status` = 1 ORDER BY `list_order` ASC,`id` DESC LIMIT 1 [ RunTime:0.000470s ]
[2026-06-12T17:22:21+08:00][sql] SELECT `option_value` FROM `cmf_option` WHERE  `option_name` = 'storage' LIMIT 1 [ RunTime:0.000264s ]
[2026-06-12T17:22:21+08:00][sql] SHOW FULL COLUMNS FROM `cmf_portal_post` [ RunTime:0.001347s ]
[2026-06-12T17:22:21+08:00][sql] SELECT `id`,`post_title`,`post_excerpt`,`more` FROM `cmf_portal_post` WHERE (  `post_type` = 3 ) AND `cmf_portal_post`.`delete_time` = '0' ORDER BY `create_time` DESC [ RunTime:0.000427s ]
[2026-06-12T17:22:21+08:00][sql] SHOW FULL COLUMNS FROM `cmf_theme_file` [ RunTime:0.001084s ]
[2026-06-12T17:22:21+08:00][sql] SELECT `more`,`file`,`id` FROM `cmf_theme_file` WHERE  `theme` = 'simpleboot3'  AND (  `is_public` = 1 OR `file` = 'portal/product' ) ORDER BY `is_public` DESC [ RunTime:0.000420s ]
[2026-06-12T17:28:03+08:00][sql] CONNECT:[ UseTime:0.001101s ] mysql:host=127.0.0.1;port=3306;dbname=nucleon;charset=utf8mb4
[2026-06-12T17:28:03+08:00][sql] SHOW FULL COLUMNS FROM `cmf_option` [ RunTime:0.001676s ]
[2026-06-12T17:28:03+08:00][sql] SELECT `option_value` FROM `cmf_option` WHERE  `option_name` = 'cdn_settings' LIMIT 1 [ RunTime:0.000294s ]
[2026-06-12T17:28:03+08:00][sql] SELECT `option_value` FROM `cmf_option` WHERE  `option_name` = 'cdn_settings' LIMIT 1 [ RunTime:0.000555s ]
[2026-06-12T17:28:03+08:00][sql] SHOW FULL COLUMNS FROM `cmf_product_category` [ RunTime:0.001084s ]
[2026-06-12T17:28:03+08:00][sql] SELECT * FROM `cmf_product_category` WHERE  `parent_id` = 0 ORDER BY `list_order` ASC,`create_time` DESC [ RunTime:0.000335s ]
[2026-06-12T17:28:03+08:00][sql] SELECT * FROM `cmf_product_category` WHERE  `parent_id` IN (28,19,22,23,25,30,27) [ RunTime:0.000307s ]
[2026-06-12T17:28:03+08:00][sql] SHOW FULL COLUMNS FROM `cmf_portal_category` [ RunTime:0.001106s ]
[2026-06-12T17:28:03+08:00][sql] SELECT * FROM `cmf_portal_category` WHERE (  `type` = 8 ) AND `cmf_portal_category`.`delete_time` = '0' ORDER BY `list_order` ASC [ RunTime:0.000296s ]
[2026-06-12T17:28:03+08:00][sql] SHOW FULL COLUMNS FROM `cmf_slide_item` [ RunTime:0.000975s ]
[2026-06-12T17:28:03+08:00][sql] SELECT `title`,`description`,`image` FROM `cmf_slide_item` WHERE  `slide_id` = 5  AND `status` = 1 ORDER BY `list_order` ASC,`id` DESC LIMIT 1 [ RunTime:0.000367s ]
[2026-06-12T17:28:03+08:00][sql] SELECT `option_value` FROM `cmf_option` WHERE  `option_name` = 'quote_site' LIMIT 1 [ RunTime:0.000262s ]
[2026-06-12T17:28:03+08:00][sql] SHOW FULL COLUMNS FROM `cmf_theme_file` [ RunTime:0.001634s ]
[2026-06-12T17:28:03+08:00][sql] SELECT `more`,`file`,`id` FROM `cmf_theme_file` WHERE  `theme` = 'simpleboot3'  AND (  `is_public` = 1 OR `file` = 'portal/quote' ) ORDER BY `is_public` DESC [ RunTime:0.000363s ]
[2026-06-12T17:28:03+08:00][sql] SELECT `option_value` FROM `cmf_option` WHERE  `option_name` = 'storage' LIMIT 1 [ RunTime:0.000737s ]
[2026-06-12T17:28:04+08:00][sql] CONNECT:[ UseTime:0.002056s ] mysql:host=127.0.0.1;port=3306;dbname=nucleon;charset=utf8mb4
[2026-06-12T17:28:04+08:00][sql] SHOW FULL COLUMNS FROM `cmf_option` [ RunTime:0.002642s ]
[2026-06-12T17:28:04+08:00][sql] SELECT `option_value` FROM `cmf_option` WHERE  `option_name` = 'cdn_settings' LIMIT 1 [ RunTime:0.000519s ]
[2026-06-12T17:28:04+08:00][sql] SELECT `option_value` FROM `cmf_option` WHERE  `option_name` = 'cdn_settings' LIMIT 1 [ RunTime:0.000405s ]
[2026-06-12T17:28:04+08:00][sql] SHOW FULL COLUMNS FROM `cmf_product_category` [ RunTime:0.001879s ]
[2026-06-12T17:28:04+08:00][sql] SELECT * FROM `cmf_product_category` WHERE  `parent_id` = 0 ORDER BY `list_order` ASC,`create_time` DESC [ RunTime:0.000943s ]
[2026-06-12T17:28:04+08:00][sql] SELECT * FROM `cmf_product_category` WHERE  `parent_id` IN (28,19,22,23,25,30,27) [ RunTime:0.000556s ]
[2026-06-12T17:28:04+08:00][sql] SHOW FULL COLUMNS FROM `cmf_portal_category` [ RunTime:0.001433s ]
[2026-06-12T17:28:04+08:00][sql] SELECT * FROM `cmf_portal_category` WHERE (  `type` = 8 ) AND `cmf_portal_category`.`delete_time` = '0' ORDER BY `list_order` ASC [ RunTime:0.000381s ]
[2026-06-12T17:28:04+08:00][sql] SHOW FULL COLUMNS FROM `cmf_slide_item` [ RunTime:0.001690s ]
[2026-06-12T17:28:04+08:00][sql] SELECT `title`,`description`,`image`,`url`,`target`,`content` FROM `cmf_slide_item` WHERE  `slide_id` = 1 ORDER BY `list_order` ASC [ RunTime:0.000355s ]
[2026-06-12T17:28:04+08:00][sql] SHOW FULL COLUMNS FROM `cmf_slide` [ RunTime:0.000956s ]
[2026-06-12T17:28:04+08:00][sql] SELECT * FROM `cmf_slide` WHERE  `name` LIKE '%choose%' OR `name` LIKE '%选择%' LIMIT 1 [ RunTime:0.000325s ]
[2026-06-12T17:28:04+08:00][sql] SELECT `title`,`description`,`image`,`url`,`target`,`content` FROM `cmf_slide_item` WHERE  `slide_id` = 14  AND `status` = 1 ORDER BY `list_order` ASC [ RunTime:0.000376s ]
[2026-06-12T17:28:04+08:00][sql] SELECT * FROM `cmf_product_category` WHERE  `parent_id` = 0  AND `recommend` = 1 ORDER BY `list_order` ASC,`create_time` DESC [ RunTime:0.000316s ]
[2026-06-12T17:28:04+08:00][sql] SHOW FULL COLUMNS FROM `cmf_product` [ RunTime:0.001488s ]
[2026-06-12T17:28:04+08:00][sql] SELECT `id`,`title`,`thumbnail`,`industry` FROM `cmf_product` WHERE  `is_recommended` = 1  AND `category_id` = 28 ORDER BY `list_order` ASC LIMIT 6 [ RunTime:0.000575s ]
[2026-06-12T17:28:04+08:00][sql] SELECT `id`,`title`,`thumbnail`,`industry` FROM `cmf_product` WHERE  `is_recommended` = 1  AND `category_id` = 19 ORDER BY `list_order` ASC LIMIT 6 [ RunTime:0.000582s ]
[2026-06-12T17:28:04+08:00][sql] SELECT `id`,`title`,`thumbnail`,`industry` FROM `cmf_product` WHERE  `is_recommended` = 1  AND `category_id` = 23 ORDER BY `list_order` ASC LIMIT 6 [ RunTime:0.000348s ]
[2026-06-12T17:28:04+08:00][sql] SELECT `id`,`title`,`thumbnail`,`industry` FROM `cmf_product` WHERE  `is_recommended` = 1  AND `category_id` = 25 ORDER BY `list_order` ASC LIMIT 6 [ RunTime:0.000338s ]
[2026-06-12T17:28:04+08:00][sql] SELECT `id`,`title`,`thumbnail`,`industry` FROM `cmf_product` WHERE  `is_recommended` = 1  AND `category_id` = 30 ORDER BY `list_order` ASC LIMIT 6 [ RunTime:0.000289s ]
[2026-06-12T17:28:04+08:00][sql] SHOW FULL COLUMNS FROM `cmf_portal_post` [ RunTime:0.001315s ]
[2026-06-12T17:28:04+08:00][sql] SELECT `p`.`id`,`p`.`post_title`,`p`.`post_excerpt`,`p`.`thumbnail`,`p`.`create_time`,`c`.`category_id` FROM `cmf_portal_post` `p` INNER JOIN `cmf_portal_category_post` `c` ON `p`.`id`=`c`.`post_id` WHERE (  `p`.`post_type` = '8' ) AND `p`.`delete_time` = '0' ORDER BY `c`.`list_order` ASC,`p`.`create_time` DESC [ RunTime:0.000543s ]
[2026-06-12T17:28:04+08:00][sql] SELECT `id`,`post_title`,`post_excerpt`,`more` FROM `cmf_portal_post` WHERE (  `post_type` = 3 ) AND `cmf_portal_post`.`delete_time` = '0' ORDER BY `create_time` DESC [ RunTime:0.000438s ]
[2026-06-12T17:28:04+08:00][sql] SHOW FULL COLUMNS FROM `cmf_theme_file` [ RunTime:0.001236s ]
[2026-06-12T17:28:04+08:00][sql] SELECT `more`,`file`,`id` FROM `cmf_theme_file` WHERE  `theme` = 'simpleboot3'  AND (  `is_public` = 1 OR `file` = 'portal/index' ) ORDER BY `is_public` DESC [ RunTime:0.000373s ]
[2026-06-12T17:28:04+08:00][sql] SELECT `option_value` FROM `cmf_option` WHERE  `option_name` = 'storage' LIMIT 1 [ RunTime:0.001107s ]
[2026-06-12T17:35:40+08:00][sql] CONNECT:[ UseTime:0.000972s ] mysql:host=127.0.0.1;port=3306;dbname=nucleon;charset=utf8mb4
[2026-06-12T17:35:40+08:00][sql] SHOW FULL COLUMNS FROM `cmf_hook` [ RunTime:0.001924s ]
[2026-06-12T17:35:40+08:00][sql] SELECT `hook`,`id` FROM `cmf_hook` WHERE  (  (  `app` = '' OR `app` = 'cmf' )  AND `type` = 3 ) OR `type` = 1 [ RunTime:0.001071s ]
[2026-06-12T17:35:40+08:00][sql] SHOW FULL COLUMNS FROM `cmf_hook_plugin` [ RunTime:0.001441s ]
[2026-06-12T17:35:40+08:00][sql] SELECT `hook`,`plugin` FROM `cmf_hook_plugin` WHERE  `status` = 1  AND `hook` IN ('app_begin','module_init','action_begin','view_filter','app_end','log_write','response_end','admin_init','home_init','send_mobile_verification_code','body_start','before_head_end','footer_start','before_footer','before_footer_end','before_body_end','left_sidebar_start','before_left_sidebar_end','right_sidebar_start','before_right_sidebar_end','comment','guestbook','switch_theme','after_content','before_content','log_write_done','switch_admin_theme','captcha_image','user_login_start') ORDER BY `list_order` ASC [ RunTime:0.000744s ]
[2026-06-12T17:35:40+08:00][sql] SELECT `hook` FROM `cmf_hook` WHERE  `app` = 'portal' [ RunTime:0.000496s ]
[2026-06-12T17:35:40+08:00][sql] SELECT `hook`,`plugin` FROM `cmf_hook_plugin` WHERE  `status` = 1  AND `hook` IN ('portal_before_assign_article','portal_admin_after_save_article','portal_admin_article_index_view','portal_admin_article_add_view','portal_admin_article_edit_view','portal_admin_category_index_view','portal_admin_category_add_view','portal_admin_category_edit_view','portal_admin_page_index_view','portal_admin_page_add_view','portal_admin_page_edit_view','portal_admin_tag_index_view','portal_admin_article_edit_view_right_sidebar','portal_admin_article_edit_view_main') ORDER BY `list_order` ASC [ RunTime:0.000677s ]
[2026-06-12T17:35:40+08:00][sql] SHOW FULL COLUMNS FROM `cmf_plugin` [ RunTime:0.001521s ]
[2026-06-12T17:35:40+08:00][sql] SELECT `config` FROM `cmf_plugin` WHERE  `name` = 'SwitchTheme' LIMIT 1 [ RunTime:0.000757s ]
[2026-06-12T17:35:40+08:00][sql] SHOW FULL COLUMNS FROM `cmf_option` [ RunTime:0.002363s ]
[2026-06-12T17:35:40+08:00][sql] SELECT `option_value` FROM `cmf_option` WHERE  `option_name` = 'cdn_settings' LIMIT 1 [ RunTime:0.000467s ]
[2026-06-12T17:35:40+08:00][sql] SELECT `option_value` FROM `cmf_option` WHERE  `option_name` = 'cdn_settings' LIMIT 1 [ RunTime:0.000738s ]
[2026-06-12T17:35:40+08:00][sql] SHOW FULL COLUMNS FROM `cmf_product_category` [ RunTime:0.002202s ]
[2026-06-12T17:35:40+08:00][sql] SELECT * FROM `cmf_product_category` WHERE  `parent_id` = 0 ORDER BY `list_order` ASC,`create_time` DESC [ RunTime:0.000618s ]
[2026-06-12T17:35:40+08:00][sql] SELECT * FROM `cmf_product_category` WHERE  `parent_id` IN (28,19,22,23,25,30,27) [ RunTime:0.000377s ]
[2026-06-12T17:35:40+08:00][sql] SHOW FULL COLUMNS FROM `cmf_portal_category` [ RunTime:0.001521s ]
[2026-06-12T17:35:40+08:00][sql] SELECT * FROM `cmf_portal_category` WHERE (  `type` = 8 ) AND `cmf_portal_category`.`delete_time` = '0' ORDER BY `list_order` ASC [ RunTime:0.000384s ]
[2026-06-12T17:35:40+08:00][sql] SELECT `option_value` FROM `cmf_option` WHERE  `option_name` = 'site_info' LIMIT 1 [ RunTime:0.000321s ]
[2026-06-12T17:35:40+08:00][sql] SHOW FULL COLUMNS FROM `cmf_slide_item` [ RunTime:0.001336s ]
[2026-06-12T17:35:40+08:00][sql] SELECT `title`,`description`,`image`,`url`,`target`,`content` FROM `cmf_slide_item` WHERE  `slide_id` = 1 ORDER BY `list_order` ASC [ RunTime:0.000377s ]
[2026-06-12T17:35:40+08:00][sql] SHOW FULL COLUMNS FROM `cmf_slide` [ RunTime:0.001049s ]
[2026-06-12T17:35:40+08:00][sql] SELECT * FROM `cmf_slide` WHERE  `name` LIKE '%choose%' OR `name` LIKE '%选择%' LIMIT 1 [ RunTime:0.000554s ]
[2026-06-12T17:35:40+08:00][sql] SELECT `title`,`description`,`image`,`url`,`target`,`content` FROM `cmf_slide_item` WHERE  `slide_id` = 14  AND `status` = 1 ORDER BY `list_order` ASC [ RunTime:0.000345s ]
[2026-06-12T17:35:40+08:00][sql] SELECT * FROM `cmf_product_category` WHERE  `parent_id` = 0  AND `recommend` = 1 ORDER BY `list_order` ASC,`create_time` DESC [ RunTime:0.000355s ]
[2026-06-12T17:35:40+08:00][sql] SHOW FULL COLUMNS FROM `cmf_product` [ RunTime:0.001253s ]
[2026-06-12T17:35:40+08:00][sql] SELECT `id`,`title`,`thumbnail`,`industry` FROM `cmf_product` WHERE  `is_recommended` = 1  AND `category_id` = 28 ORDER BY `list_order` ASC LIMIT 6 [ RunTime:0.000512s ]
[2026-06-12T17:35:40+08:00][sql] SELECT `id`,`title`,`thumbnail`,`industry` FROM `cmf_product` WHERE  `is_recommended` = 1  AND `category_id` = 19 ORDER BY `list_order` ASC LIMIT 6 [ RunTime:0.000434s ]
[2026-06-12T17:35:40+08:00][sql] SELECT `id`,`title`,`thumbnail`,`industry` FROM `cmf_product` WHERE  `is_recommended` = 1  AND `category_id` = 23 ORDER BY `list_order` ASC LIMIT 6 [ RunTime:0.000439s ]
[2026-06-12T17:35:40+08:00][sql] SELECT `id`,`title`,`thumbnail`,`industry` FROM `cmf_product` WHERE  `is_recommended` = 1  AND `category_id` = 25 ORDER BY `list_order` ASC LIMIT 6 [ RunTime:0.000335s ]
[2026-06-12T17:35:40+08:00][sql] SELECT `id`,`title`,`thumbnail`,`industry` FROM `cmf_product` WHERE  `is_recommended` = 1  AND `category_id` = 30 ORDER BY `list_order` ASC LIMIT 6 [ RunTime:0.000297s ]
[2026-06-12T17:35:40+08:00][sql] SELECT `option_value` FROM `cmf_option` WHERE  `option_name` = 'index_setting' LIMIT 1 [ RunTime:0.000246s ]
[2026-06-12T17:35:40+08:00][sql] SELECT `option_value` FROM `cmf_option` WHERE  `option_name` = 'about_site' LIMIT 1 [ RunTime:0.000500s ]
[2026-06-12T17:35:40+08:00][sql] SHOW FULL COLUMNS FROM `cmf_portal_post` [ RunTime:0.002099s ]
[2026-06-12T17:35:40+08:00][sql] SELECT `p`.`id`,`p`.`post_title`,`p`.`post_excerpt`,`p`.`thumbnail`,`p`.`create_time`,`c`.`category_id` FROM `cmf_portal_post` `p` INNER JOIN `cmf_portal_category_post` `c` ON `p`.`id`=`c`.`post_id` WHERE (  `p`.`post_type` = '8' ) AND `p`.`delete_time` = '0' ORDER BY `c`.`list_order` ASC,`p`.`create_time` DESC [ RunTime:0.001048s ]
[2026-06-12T17:35:40+08:00][sql] SELECT `id`,`post_title`,`post_excerpt`,`more` FROM `cmf_portal_post` WHERE (  `post_type` = 3 ) AND `cmf_portal_post`.`delete_time` = '0' ORDER BY `create_time` DESC [ RunTime:0.000419s ]
[2026-06-12T17:35:40+08:00][sql] SELECT `option_value` FROM `cmf_option` WHERE  `option_name` = 'product_category_hero_settings' LIMIT 1 [ RunTime:0.000328s ]
[2026-06-12T17:35:40+08:00][sql] SHOW FULL COLUMNS FROM `cmf_theme_file` [ RunTime:0.001603s ]
[2026-06-12T17:35:40+08:00][sql] SELECT `more`,`file`,`id` FROM `cmf_theme_file` WHERE  `theme` = 'simpleboot3'  AND (  `is_public` = 1 OR `file` = 'portal/index' ) ORDER BY `is_public` DESC [ RunTime:0.000566s ]
[2026-06-12T17:35:40+08:00][sql] SHOW FULL COLUMNS FROM `cmf_route` [ RunTime:0.002433s ]
[2026-06-12T17:35:40+08:00][sql] SELECT * FROM `cmf_route` WHERE  `status` = 1 ORDER BY `list_order` ASC [ RunTime:0.001049s ]
[2026-06-12T17:35:40+08:00][sql] SELECT `option_value` FROM `cmf_option` WHERE  `option_name` = 'storage' LIMIT 1 [ RunTime:0.000514s ]
[2026-06-12T17:35:46+08:00][sql] CONNECT:[ UseTime:0.000912s ] mysql:host=127.0.0.1;port=3306;dbname=nucleon;charset=utf8mb4
[2026-06-12T17:35:46+08:00][sql] SHOW FULL COLUMNS FROM `cmf_hook` [ RunTime:0.002991s ]
[2026-06-12T17:35:46+08:00][sql] SELECT `hook` FROM `cmf_hook` WHERE  `app` = 'admin' [ RunTime:0.000660s ]
[2026-06-12T17:35:46+08:00][sql] SHOW FULL COLUMNS FROM `cmf_hook_plugin` [ RunTime:0.001122s ]
[2026-06-12T17:35:46+08:00][sql] SELECT `hook`,`plugin` FROM `cmf_hook_plugin` WHERE  `status` = 1  AND `hook` IN ('admin_dashboard','admin_login','admin_theme_design_view','admin_setting_site_view','admin_setting_clear_cache_view','admin_nav_index_view','admin_link_index_view','admin_slide_index_view','admin_user_index_view','admin_rbac_index_view','admin_index_index_view','admin_recycle_bin_index_view','admin_menu_index_view','admin_custom_login_open','admin_slide_item_index_view','admin_slide_item_add_view','admin_slide_item_edit_view','admin_user_add_view','admin_user_edit_view','admin_rbac_role_add_view','admin_rbac_role_edit_view','admin_rbac_authorize_view','admin_api_import_view') ORDER BY `list_order` ASC [ RunTime:0.001755s ]
[2026-06-12T17:35:46+08:00][sql] SHOW FULL COLUMNS FROM `cmf_option` [ RunTime:0.002468s ]
[2026-06-12T17:35:46+08:00][sql] SELECT `option_value` FROM `cmf_option` WHERE  `option_name` = 'cdn_settings' LIMIT 1 [ RunTime:0.000445s ]
[2026-06-12T17:35:46+08:00][sql] SELECT `option_value` FROM `cmf_option` WHERE  `option_name` = 'admin_settings' LIMIT 1 [ RunTime:0.000490s ]
[2026-06-12T17:35:46+08:00][sql] CONNECT:[ UseTime:0.000795s ] mysql:host=127.0.0.1;port=3306;dbname=nucleon;charset=utf8mb4
[2026-06-12T17:35:46+08:00][sql] SHOW FULL COLUMNS FROM `cmf_option` [ RunTime:0.001868s ]
[2026-06-12T17:35:46+08:00][sql] SELECT `option_value` FROM `cmf_option` WHERE  `option_name` = 'cdn_settings' LIMIT 1 [ RunTime:0.000335s ]
[2026-06-12T17:36:04+08:00][sql] CONNECT:[ UseTime:0.000757s ] mysql:host=127.0.0.1;port=3306;dbname=nucleon;charset=utf8mb4
[2026-06-12T17:36:04+08:00][sql] SHOW FULL COLUMNS FROM `cmf_option` [ RunTime:0.001243s ]
[2026-06-12T17:36:04+08:00][sql] SELECT `option_value` FROM `cmf_option` WHERE  `option_name` = 'cdn_settings' LIMIT 1 [ RunTime:0.000272s ]
[2026-06-12T17:36:04+08:00][sql] SHOW FULL COLUMNS FROM `cmf_user` [ RunTime:0.001738s ]
[2026-06-12T17:36:04+08:00][sql] SELECT * FROM `cmf_user` WHERE  `user_login` = 'antop002' LIMIT 1 [ RunTime:0.000567s ]
[2026-06-12T17:36:04+08:00][sql] SHOW FULL COLUMNS FROM `cmf_role_user` [ RunTime:0.000932s ]
[2026-06-12T17:36:04+08:00][sql] SELECT `role_id` FROM `cmf_role_user` `a` INNER JOIN `cmf_role` `b` ON `a`.`role_id`=`b`.`id` WHERE  `user_id` = 1  AND `status` = '1' LIMIT 1 [ RunTime:0.002247s ]
[2026-06-12T17:36:04+08:00][sql] SHOW FULL COLUMNS FROM `cmf_user_token` [ RunTime:0.000969s ]
[2026-06-12T17:36:04+08:00][sql] SELECT * FROM `cmf_user_token` WHERE  `user_id` = 1  AND `device_type` = 'web' LIMIT 1 [ RunTime:0.000606s ]
[2026-06-12T17:36:04+08:00][sql] UPDATE `cmf_user`  SET `last_login_ip` = '::1' , `last_login_time` = 1781256964  WHERE  `id` = 1 [ RunTime:0.004694s ]
[2026-06-12T17:36:07+08:00][sql] CONNECT:[ UseTime:0.000778s ] mysql:host=127.0.0.1;port=3306;dbname=nucleon;charset=utf8mb4
[2026-06-12T17:36:07+08:00][sql] SHOW FULL COLUMNS FROM `cmf_option` [ RunTime:0.002307s ]
[2026-06-12T17:36:07+08:00][sql] SELECT `option_value` FROM `cmf_option` WHERE  `option_name` = 'cdn_settings' LIMIT 1 [ RunTime:0.000338s ]
[2026-06-12T17:36:07+08:00][sql] SHOW FULL COLUMNS FROM `cmf_user` [ RunTime:0.001481s ]
[2026-06-12T17:36:07+08:00][sql] SELECT * FROM `cmf_user` WHERE  `id` = 1 LIMIT 1 [ RunTime:0.000450s ]
[2026-06-12T17:36:07+08:00][sql] SHOW FULL COLUMNS FROM `cmf_admin_menu` [ RunTime:0.001180s ]
[2026-06-12T17:36:07+08:00][sql] SELECT * FROM `cmf_admin_menu` WHERE  `parent_id` = 0  AND `status` = 1 ORDER BY `list_order` ASC [ RunTime:0.000738s ]
[2026-06-12T17:36:07+08:00][sql] SELECT * FROM `cmf_admin_menu` WHERE  `parent_id` = 71  AND `status` = 1 ORDER BY `list_order` ASC [ RunTime:0.000404s ]
[2026-06-12T17:36:07+08:00][sql] SELECT * FROM `cmf_admin_menu` WHERE  `parent_id` = 15  AND `status` = 1 ORDER BY `list_order` ASC [ RunTime:0.000545s ]
[2026-06-12T17:36:07+08:00][sql] SELECT * FROM `cmf_admin_menu` WHERE  `parent_id` = 78  AND `status` = 1 ORDER BY `list_order` ASC [ RunTime:0.000462s ]
[2026-06-12T17:36:07+08:00][sql] SELECT * FROM `cmf_admin_menu` WHERE  `parent_id` = 213  AND `status` = 1 ORDER BY `list_order` ASC [ RunTime:0.000454s ]
[2026-06-12T17:36:07+08:00][sql] SELECT * FROM `cmf_admin_menu` WHERE  `parent_id` = 214  AND `status` = 1 ORDER BY `list_order` ASC [ RunTime:0.000328s ]
[2026-06-12T17:36:07+08:00][sql] SELECT * FROM `cmf_admin_menu` WHERE  `parent_id` = 215  AND `status` = 1 ORDER BY `list_order` ASC [ RunTime:0.000321s ]
[2026-06-12T17:36:07+08:00][sql] SELECT * FROM `cmf_admin_menu` WHERE  `parent_id` = 217  AND `status` = 1 ORDER BY `list_order` ASC [ RunTime:0.000453s ]
[2026-06-12T17:36:07+08:00][sql] SELECT * FROM `cmf_admin_menu` WHERE  `parent_id` = 219  AND `status` = 1 ORDER BY `list_order` ASC [ RunTime:0.000294s ]
[2026-06-12T17:36:07+08:00][sql] SELECT * FROM `cmf_admin_menu` WHERE  `parent_id` = 220  AND `status` = 1 ORDER BY `list_order` ASC [ RunTime:0.000330s ]
[2026-06-12T17:36:07+08:00][sql] SELECT * FROM `cmf_admin_menu` WHERE  `parent_id` = 225  AND `status` = 1 ORDER BY `list_order` ASC [ RunTime:0.000277s ]
[2026-06-12T17:36:07+08:00][sql] SELECT * FROM `cmf_admin_menu` WHERE  `parent_id` = 221  AND `status` = 1 ORDER BY `list_order` ASC [ RunTime:0.000505s ]
[2026-06-12T17:36:07+08:00][sql] SELECT * FROM `cmf_admin_menu` WHERE  `parent_id` = 222  AND `status` = 1 ORDER BY `list_order` ASC [ RunTime:0.000298s ]
[2026-06-12T17:36:07+08:00][sql] SELECT * FROM `cmf_admin_menu` WHERE  `parent_id` = 223  AND `status` = 1 ORDER BY `list_order` ASC [ RunTime:0.000327s ]
[2026-06-12T17:36:07+08:00][sql] SELECT * FROM `cmf_admin_menu` WHERE  `parent_id` = 224  AND `status` = 1 ORDER BY `list_order` ASC [ RunTime:0.000316s ]
[2026-06-12T17:36:07+08:00][sql] SELECT * FROM `cmf_admin_menu` WHERE  `parent_id` = 226  AND `status` = 1 ORDER BY `list_order` ASC [ RunTime:0.000335s ]
[2026-06-12T17:36:07+08:00][sql] SELECT * FROM `cmf_admin_menu` WHERE  `parent_id` = 227  AND `status` = 1 ORDER BY `list_order` ASC [ RunTime:0.000309s ]
[2026-06-12T17:36:07+08:00][sql] SELECT * FROM `cmf_admin_menu` ORDER BY `app` ASC,`controller` ASC,`action` ASC [ RunTime:0.000773s ]
[2026-06-12T17:36:07+08:00][sql] CONNECT:[ UseTime:0.000856s ] mysql:host=127.0.0.1;port=3306;dbname=nucleon;charset=utf8mb4
[2026-06-12T17:36:07+08:00][sql] SHOW FULL COLUMNS FROM `cmf_option` [ RunTime:0.001538s ]
[2026-06-12T17:36:07+08:00][sql] SELECT `option_value` FROM `cmf_option` WHERE  `option_name` = 'cdn_settings' LIMIT 1 [ RunTime:0.000303s ]
[2026-06-12T17:36:07+08:00][sql] SHOW FULL COLUMNS FROM `cmf_user` [ RunTime:0.001188s ]
[2026-06-12T17:36:07+08:00][sql] SELECT * FROM `cmf_user` WHERE  `id` = 1 LIMIT 1 [ RunTime:0.000539s ]
[2026-06-12T17:36:07+08:00][sql] SELECT `option_value` FROM `cmf_option` WHERE  `option_name` = 'cdn_settings' LIMIT 1 [ RunTime:0.000215s ]
[2026-06-12T17:36:07+08:00][sql] SELECT `option_value` FROM `cmf_option` WHERE  `option_name` = 'cmf_settings' LIMIT 1 [ RunTime:0.000213s ]
[2026-06-12T17:36:07+08:00][sql] SELECT `option_value` FROM `cmf_option` WHERE  `option_name` = 'product_setting' LIMIT 1 [ RunTime:0.000278s ]
[2026-06-12T17:36:07+08:00][sql] SELECT `option_value` FROM `cmf_option` WHERE  `option_name` = 'storage' LIMIT 1 [ RunTime:0.000502s ]
[2026-06-12T17:36:10+08:00][sql] CONNECT:[ UseTime:0.001983s ] mysql:host=127.0.0.1;port=3306;dbname=nucleon;charset=utf8mb4
[2026-06-12T17:36:10+08:00][sql] SHOW FULL COLUMNS FROM `cmf_option` [ RunTime:0.001910s ]
[2026-06-12T17:36:10+08:00][sql] SELECT `option_value` FROM `cmf_option` WHERE  `option_name` = 'cdn_settings' LIMIT 1 [ RunTime:0.000268s ]
[2026-06-12T17:36:10+08:00][sql] SHOW FULL COLUMNS FROM `cmf_user` [ RunTime:0.001543s ]
[2026-06-12T17:36:10+08:00][sql] SELECT * FROM `cmf_user` WHERE  `id` = 1 LIMIT 1 [ RunTime:0.000491s ]
[2026-06-12T17:36:10+08:00][sql] SELECT `option_value` FROM `cmf_option` WHERE  `option_name` = 'cdn_settings' LIMIT 1 [ RunTime:0.000253s ]
[2026-06-12T17:36:10+08:00][sql] SELECT `option_value` FROM `cmf_option` WHERE  `option_name` = 'cmf_settings' LIMIT 1 [ RunTime:0.000246s ]
[2026-06-12T17:36:10+08:00][sql] SELECT `option_value` FROM `cmf_option` WHERE  `option_name` = 'storage' LIMIT 1 [ RunTime:0.000418s ]
[2026-06-12T17:36:18+08:00][sql] CONNECT:[ UseTime:0.000888s ] mysql:host=127.0.0.1;port=3306;dbname=nucleon;charset=utf8mb4
[2026-06-12T17:36:18+08:00][sql] SHOW FULL COLUMNS FROM `cmf_option` [ RunTime:0.001385s ]
[2026-06-12T17:36:18+08:00][sql] SELECT `option_value` FROM `cmf_option` WHERE  `option_name` = 'cdn_settings' LIMIT 1 [ RunTime:0.000365s ]
[2026-06-12T17:36:18+08:00][sql] SHOW FULL COLUMNS FROM `cmf_user` [ RunTime:0.001534s ]
[2026-06-12T17:36:18+08:00][sql] SELECT * FROM `cmf_user` WHERE  `id` = 1 LIMIT 1 [ RunTime:0.000693s ]
[2026-06-12T17:36:18+08:00][sql] SHOW FULL COLUMNS FROM `cmf_admin_menu` [ RunTime:0.001403s ]
[2026-06-12T17:36:18+08:00][sql] SELECT * FROM `cmf_admin_menu` ORDER BY `app` ASC,`controller` ASC,`action` ASC [ RunTime:0.000979s ]
[2026-06-12T17:36:19+08:00][sql] CONNECT:[ UseTime:0.001566s ] mysql:host=127.0.0.1;port=3306;dbname=nucleon;charset=utf8mb4
[2026-06-12T17:36:19+08:00][sql] SHOW FULL COLUMNS FROM `cmf_option` [ RunTime:0.002866s ]
[2026-06-12T17:36:19+08:00][sql] SELECT `option_value` FROM `cmf_option` WHERE  `option_name` = 'cdn_settings' LIMIT 1 [ RunTime:0.000583s ]
[2026-06-12T17:36:19+08:00][sql] SHOW FULL COLUMNS FROM `cmf_user` [ RunTime:0.001873s ]
[2026-06-12T17:36:19+08:00][sql] SELECT * FROM `cmf_user` WHERE  `id` = 1 LIMIT 1 [ RunTime:0.000534s ]
[2026-06-12T17:36:19+08:00][sql] SELECT `option_value` FROM `cmf_option` WHERE  `option_name` = 'cdn_settings' LIMIT 1 [ RunTime:0.000273s ]
[2026-06-12T17:36:19+08:00][sql] SELECT `option_value` FROM `cmf_option` WHERE  `option_name` = 'cmf_settings' LIMIT 1 [ RunTime:0.000254s ]
[2026-06-12T17:36:19+08:00][sql] SELECT `option_value` FROM `cmf_option` WHERE  `option_name` = 'storage' LIMIT 1 [ RunTime:0.000279s ]
[2026-06-12T17:36:19+08:00][sql] CONNECT:[ UseTime:0.001237s ] mysql:host=127.0.0.1;port=3306;dbname=nucleon;charset=utf8mb4
[2026-06-12T17:36:19+08:00][sql] SHOW FULL COLUMNS FROM `cmf_option` [ RunTime:0.001689s ]
[2026-06-12T17:36:19+08:00][sql] SELECT `option_value` FROM `cmf_option` WHERE  `option_name` = 'cdn_settings' LIMIT 1 [ RunTime:0.000347s ]
[2026-06-12T17:36:19+08:00][sql] SHOW FULL COLUMNS FROM `cmf_user` [ RunTime:0.001508s ]
[2026-06-12T17:36:19+08:00][sql] SELECT * FROM `cmf_user` WHERE  `id` = 1 LIMIT 1 [ RunTime:0.000704s ]
[2026-06-12T17:36:19+08:00][sql] SELECT `option_value` FROM `cmf_option` WHERE  `option_name` = 'cdn_settings' LIMIT 1 [ RunTime:0.000426s ]
[2026-06-12T17:36:19+08:00][sql] SELECT `option_value` FROM `cmf_option` WHERE  `option_name` = 'cmf_settings' LIMIT 1 [ RunTime:0.000346s ]
[2026-06-12T17:36:19+08:00][sql] SELECT `option_value` FROM `cmf_option` WHERE  `option_name` = 'storage' LIMIT 1 [ RunTime:0.000456s ]
[2026-06-12T17:36:21+08:00][sql] CONNECT:[ UseTime:0.001056s ] mysql:host=127.0.0.1;port=3306;dbname=nucleon;charset=utf8mb4
[2026-06-12T17:36:21+08:00][sql] SHOW FULL COLUMNS FROM `cmf_option` [ RunTime:0.001598s ]
[2026-06-12T17:36:21+08:00][sql] SELECT `option_value` FROM `cmf_option` WHERE  `option_name` = 'cdn_settings' LIMIT 1 [ RunTime:0.000229s ]
[2026-06-12T17:36:21+08:00][sql] SHOW FULL COLUMNS FROM `cmf_user` [ RunTime:0.001293s ]
[2026-06-12T17:36:21+08:00][sql] SELECT * FROM `cmf_user` WHERE  `id` = 1 LIMIT 1 [ RunTime:0.000635s ]
[2026-06-12T17:36:21+08:00][sql] SELECT `option_value` FROM `cmf_option` WHERE  `option_name` = 'smtp_setting' LIMIT 1 [ RunTime:0.000268s ]
[2026-06-12T17:36:22+08:00][sql] CONNECT:[ UseTime:0.000751s ] mysql:host=127.0.0.1;port=3306;dbname=nucleon;charset=utf8mb4
[2026-06-12T17:36:22+08:00][sql] SHOW FULL COLUMNS FROM `cmf_option` [ RunTime:0.001412s ]
[2026-06-12T17:36:22+08:00][sql] SELECT `option_value` FROM `cmf_option` WHERE  `option_name` = 'cdn_settings' LIMIT 1 [ RunTime:0.000336s ]
[2026-06-12T17:36:22+08:00][sql] SHOW FULL COLUMNS FROM `cmf_user` [ RunTime:0.001117s ]
[2026-06-12T17:36:22+08:00][sql] SELECT * FROM `cmf_user` WHERE  `id` = 1 LIMIT 1 [ RunTime:0.000563s ]
[2026-06-12T17:36:22+08:00][sql] SELECT `option_value` FROM `cmf_option` WHERE  `option_name` = 'email_template_verification_code' LIMIT 1 [ RunTime:0.000219s ]
[2026-06-12T17:36:22+08:00][sql] CONNECT:[ UseTime:0.000968s ] mysql:host=127.0.0.1;port=3306;dbname=nucleon;charset=utf8mb4
[2026-06-12T17:36:22+08:00][sql] SHOW FULL COLUMNS FROM `cmf_hook` [ RunTime:0.001977s ]
[2026-06-12T17:36:22+08:00][sql] SELECT `hook` FROM `cmf_hook` WHERE  `app` = 'user' [ RunTime:0.000595s ]
[2026-06-12T17:36:22+08:00][sql] SHOW FULL COLUMNS FROM `cmf_hook_plugin` [ RunTime:0.001264s ]
[2026-06-12T17:36:22+08:00][sql] SELECT `hook`,`plugin` FROM `cmf_hook_plugin` WHERE  `status` = 1  AND `hook` IN ('fetch_upload_view','user_admin_index_view','user_admin_asset_index_view','user_admin_oauth_index_view','check_third_party_captcha','user_login_start') ORDER BY `list_order` ASC [ RunTime:0.000689s ]
[2026-06-12T17:36:22+08:00][sql] SHOW FULL COLUMNS FROM `cmf_option` [ RunTime:0.001712s ]
[2026-06-12T17:36:22+08:00][sql] SELECT `option_value` FROM `cmf_option` WHERE  `option_name` = 'cdn_settings' LIMIT 1 [ RunTime:0.000415s ]
[2026-06-12T17:36:22+08:00][sql] SELECT `option_value` FROM `cmf_option` WHERE  `option_name` = 'cdn_settings' LIMIT 1 [ RunTime:0.000439s ]
[2026-06-12T17:36:22+08:00][sql] SELECT `option_value` FROM `cmf_option` WHERE  `option_name` = 'upload_setting' LIMIT 1 [ RunTime:0.000300s ]
[2026-06-12T17:36:23+08:00][sql] CONNECT:[ UseTime:0.000936s ] mysql:host=127.0.0.1;port=3306;dbname=nucleon;charset=utf8mb4
[2026-06-12T17:36:23+08:00][sql] SHOW FULL COLUMNS FROM `cmf_option` [ RunTime:0.001546s ]
[2026-06-12T17:36:23+08:00][sql] SELECT `option_value` FROM `cmf_option` WHERE  `option_name` = 'cdn_settings' LIMIT 1 [ RunTime:0.000434s ]
[2026-06-12T17:36:23+08:00][sql] SHOW FULL COLUMNS FROM `cmf_user` [ RunTime:0.002004s ]
[2026-06-12T17:36:23+08:00][sql] SELECT * FROM `cmf_user` WHERE  `id` = 1 LIMIT 1 [ RunTime:0.000829s ]
[2026-06-12T17:36:23+08:00][sql] SELECT `option_value` FROM `cmf_option` WHERE  `option_name` = 'admin_smtp_setting_1' LIMIT 1 [ RunTime:0.000382s ]
[2026-06-12T17:36:23+08:00][sql] CONNECT:[ UseTime:0.000976s ] mysql:host=127.0.0.1;port=3306;dbname=nucleon;charset=utf8mb4
[2026-06-12T17:36:23+08:00][sql] SHOW FULL COLUMNS FROM `cmf_option` [ RunTime:0.001458s ]
[2026-06-12T17:36:23+08:00][sql] SELECT `option_value` FROM `cmf_option` WHERE  `option_name` = 'cdn_settings' LIMIT 1 [ RunTime:0.000385s ]
[2026-06-12T17:36:23+08:00][sql] SELECT `option_value` FROM `cmf_option` WHERE  `option_name` = 'cdn_settings' LIMIT 1 [ RunTime:0.000297s ]
[2026-06-12T17:36:24+08:00][sql] CONNECT:[ UseTime:0.000943s ] mysql:host=127.0.0.1;port=3306;dbname=nucleon;charset=utf8mb4
[2026-06-12T17:36:24+08:00][sql] SHOW FULL COLUMNS FROM `cmf_option` [ RunTime:0.001530s ]
[2026-06-12T17:36:24+08:00][sql] SELECT `option_value` FROM `cmf_option` WHERE  `option_name` = 'cdn_settings' LIMIT 1 [ RunTime:0.000301s ]
[2026-06-12T17:36:24+08:00][sql] SHOW FULL COLUMNS FROM `cmf_user` [ RunTime:0.001271s ]
[2026-06-12T17:36:24+08:00][sql] SELECT * FROM `cmf_user` WHERE  `id` = 1 LIMIT 1 [ RunTime:0.000401s ]
[2026-06-12T17:36:24+08:00][sql] SELECT `option_value` FROM `cmf_option` WHERE  `option_name` = 'email_template_verification_code' LIMIT 1 [ RunTime:0.000206s ]
[2026-06-12T17:36:24+08:00][sql] CONNECT:[ UseTime:0.000820s ] mysql:host=127.0.0.1;port=3306;dbname=nucleon;charset=utf8mb4
[2026-06-12T17:36:24+08:00][sql] SHOW FULL COLUMNS FROM `cmf_option` [ RunTime:0.001272s ]
[2026-06-12T17:36:24+08:00][sql] SELECT `option_value` FROM `cmf_option` WHERE  `option_name` = 'cdn_settings' LIMIT 1 [ RunTime:0.000264s ]
[2026-06-12T17:36:24+08:00][sql] SELECT `option_value` FROM `cmf_option` WHERE  `option_name` = 'cdn_settings' LIMIT 1 [ RunTime:0.000313s ]
[2026-06-12T17:36:25+08:00][sql] CONNECT:[ UseTime:0.001085s ] mysql:host=127.0.0.1;port=3306;dbname=nucleon;charset=utf8mb4
[2026-06-12T17:36:25+08:00][sql] SHOW FULL COLUMNS FROM `cmf_option` [ RunTime:0.002609s ]
[2026-06-12T17:36:25+08:00][sql] SELECT `option_value` FROM `cmf_option` WHERE  `option_name` = 'cdn_settings' LIMIT 1 [ RunTime:0.000505s ]
[2026-06-12T17:36:25+08:00][sql] SHOW FULL COLUMNS FROM `cmf_user` [ RunTime:0.002215s ]
[2026-06-12T17:36:25+08:00][sql] SELECT * FROM `cmf_user` WHERE  `id` = 1 LIMIT 1 [ RunTime:0.000634s ]
[2026-06-12T17:36:25+08:00][sql] SELECT `option_value` FROM `cmf_option` WHERE  `option_name` = 'smtp_setting' LIMIT 1 [ RunTime:0.000330s ]
[2026-06-12T17:38:16+08:00][sql] CONNECT:[ UseTime:0.001043s ] mysql:host=127.0.0.1;port=3306;dbname=nucleon;charset=utf8mb4
[2026-06-12T17:38:16+08:00][sql] SHOW FULL COLUMNS FROM `cmf_option` [ RunTime:0.001652s ]
[2026-06-12T17:38:16+08:00][sql] SELECT `option_value` FROM `cmf_option` WHERE  `option_name` = 'cdn_settings' LIMIT 1 [ RunTime:0.000290s ]
[2026-06-12T17:38:16+08:00][sql] SHOW FULL COLUMNS FROM `cmf_user` [ RunTime:0.001830s ]
[2026-06-12T17:38:16+08:00][sql] SELECT * FROM `cmf_user` WHERE  `id` = 1 LIMIT 1 [ RunTime:0.000540s ]
[2026-06-12T17:38:43+08:00][sql] CONNECT:[ UseTime:0.001345s ] mysql:host=127.0.0.1;port=3306;dbname=nucleon;charset=utf8mb4
[2026-06-12T17:38:43+08:00][sql] SHOW FULL COLUMNS FROM `cmf_option` [ RunTime:0.001192s ]
[2026-06-12T17:38:43+08:00][sql] SELECT `option_value` FROM `cmf_option` WHERE  `option_name` = 'cdn_settings' LIMIT 1 [ RunTime:0.000234s ]
[2026-06-12T17:38:43+08:00][sql] SHOW FULL COLUMNS FROM `cmf_user` [ RunTime:0.001298s ]
[2026-06-12T17:38:43+08:00][sql] SELECT * FROM `cmf_user` WHERE  `id` = 1 LIMIT 1 [ RunTime:0.000366s ]
[2026-06-12T17:38:43+08:00][sql] SELECT `option_value` FROM `cmf_option` WHERE  `option_name` = 'smtp_setting' LIMIT 1 [ RunTime:0.000257s ]
[2026-06-12T17:38:43+08:00][error] [2]Trying to access array offset on null[C:\laragon\www\nucleon\vendor\thinkcmf\cmf\src\common.php:717]
[2026-06-12T17:38:45+08:00][sql] CONNECT:[ UseTime:0.000845s ] mysql:host=127.0.0.1;port=3306;dbname=nucleon;charset=utf8mb4
[2026-06-12T17:38:45+08:00][sql] SHOW FULL COLUMNS FROM `cmf_option` [ RunTime:0.001281s ]
[2026-06-12T17:38:45+08:00][sql] SELECT `option_value` FROM `cmf_option` WHERE  `option_name` = 'cdn_settings' LIMIT 1 [ RunTime:0.000291s ]
[2026-06-12T17:38:45+08:00][sql] SHOW FULL COLUMNS FROM `cmf_user` [ RunTime:0.001184s ]
[2026-06-12T17:38:45+08:00][sql] SELECT * FROM `cmf_user` WHERE  `id` = 1 LIMIT 1 [ RunTime:0.000392s ]
[2026-06-12T17:38:50+08:00][sql] CONNECT:[ UseTime:0.001305s ] mysql:host=127.0.0.1;port=3306;dbname=nucleon;charset=utf8mb4
[2026-06-12T17:38:50+08:00][sql] SHOW FULL COLUMNS FROM `cmf_option` [ RunTime:0.002039s ]
[2026-06-12T17:38:50+08:00][sql] SELECT `option_value` FROM `cmf_option` WHERE  `option_name` = 'cdn_settings' LIMIT 1 [ RunTime:0.000432s ]
[2026-06-12T17:38:50+08:00][sql] SHOW FULL COLUMNS FROM `cmf_user` [ RunTime:0.002288s ]
[2026-06-12T17:38:50+08:00][sql] SELECT * FROM `cmf_user` WHERE  `id` = 1 LIMIT 1 [ RunTime:0.000510s ]
[2026-06-12T17:38:50+08:00][sql] SELECT * FROM `cmf_option` WHERE  `option_name` = 'smtp_setting' LIMIT 1 [ RunTime:0.000629s ]
[2026-06-12T17:38:50+08:00][sql] INSERT INTO `cmf_option` SET `option_name` = 'smtp_setting' , `option_value` = '{\"\\/admin\\/mailer\\/indexPost_html\":\"\",\"from_name\":\"Weihua Crane Inquiry\",\"from\":\"salea07@weihuahenancrane.com\",\"host\":\"mail.spacemail.com\",\"smtp_secure\":\"ssl\",\"port\":\"465\",\"username\":\"salea07@weihuahenancrane.com\",\"password\":\"WEIHUAhenan07.\"}' [ RunTime:0.004366s ]
[2026-06-12T17:38:52+08:00][sql] CONNECT:[ UseTime:0.000844s ] mysql:host=127.0.0.1;port=3306;dbname=nucleon;charset=utf8mb4
[2026-06-12T17:38:52+08:00][sql] SHOW FULL COLUMNS FROM `cmf_option` [ RunTime:0.001276s ]
[2026-06-12T17:38:52+08:00][sql] SELECT `option_value` FROM `cmf_option` WHERE  `option_name` = 'cdn_settings' LIMIT 1 [ RunTime:0.000288s ]
[2026-06-12T17:38:52+08:00][sql] SHOW FULL COLUMNS FROM `cmf_user` [ RunTime:0.001194s ]
[2026-06-12T17:38:52+08:00][sql] SELECT * FROM `cmf_user` WHERE  `id` = 1 LIMIT 1 [ RunTime:0.000373s ]
[2026-06-12T17:38:52+08:00][sql] SELECT `option_value` FROM `cmf_option` WHERE  `option_name` = 'smtp_setting' LIMIT 1 [ RunTime:0.000262s ]
[2026-06-12T17:38:53+08:00][sql] CONNECT:[ UseTime:0.000939s ] mysql:host=127.0.0.1;port=3306;dbname=nucleon;charset=utf8mb4
[2026-06-12T17:38:53+08:00][sql] SHOW FULL COLUMNS FROM `cmf_option` [ RunTime:0.001982s ]
[2026-06-12T17:38:53+08:00][sql] SELECT `option_value` FROM `cmf_option` WHERE  `option_name` = 'cdn_settings' LIMIT 1 [ RunTime:0.000512s ]
[2026-06-12T17:38:53+08:00][sql] SHOW FULL COLUMNS FROM `cmf_user` [ RunTime:0.002480s ]
[2026-06-12T17:38:53+08:00][sql] SELECT * FROM `cmf_user` WHERE  `id` = 1 LIMIT 1 [ RunTime:0.000771s ]
[2026-06-12T17:39:07+08:00][sql] CONNECT:[ UseTime:0.000890s ] mysql:host=127.0.0.1;port=3306;dbname=nucleon;charset=utf8mb4
[2026-06-12T17:39:07+08:00][sql] SHOW FULL COLUMNS FROM `cmf_option` [ RunTime:0.001290s ]
[2026-06-12T17:39:07+08:00][sql] SELECT `option_value` FROM `cmf_option` WHERE  `option_name` = 'cdn_settings' LIMIT 1 [ RunTime:0.000272s ]
[2026-06-12T17:39:07+08:00][sql] SHOW FULL COLUMNS FROM `cmf_user` [ RunTime:0.002400s ]
[2026-06-12T17:39:07+08:00][sql] SELECT * FROM `cmf_user` WHERE  `id` = 1 LIMIT 1 [ RunTime:0.000511s ]
[2026-06-12T17:39:09+08:00][sql] CONNECT:[ UseTime:0.000811s ] mysql:host=127.0.0.1;port=3306;dbname=nucleon;charset=utf8mb4
[2026-06-12T17:39:09+08:00][sql] SHOW FULL COLUMNS FROM `cmf_option` [ RunTime:0.001540s ]
[2026-06-12T17:39:09+08:00][sql] SELECT `option_value` FROM `cmf_option` WHERE  `option_name` = 'cdn_settings' LIMIT 1 [ RunTime:0.000322s ]
[2026-06-12T17:39:09+08:00][sql] SHOW FULL COLUMNS FROM `cmf_user` [ RunTime:0.001373s ]
[2026-06-12T17:39:09+08:00][sql] SELECT * FROM `cmf_user` WHERE  `id` = 1 LIMIT 1 [ RunTime:0.000435s ]
[2026-06-12T17:39:12+08:00][sql] CONNECT:[ UseTime:0.001363s ] mysql:host=127.0.0.1;port=3306;dbname=nucleon;charset=utf8mb4
[2026-06-12T17:39:12+08:00][sql] SHOW FULL COLUMNS FROM `cmf_option` [ RunTime:0.001572s ]
[2026-06-12T17:39:12+08:00][sql] SELECT `option_value` FROM `cmf_option` WHERE  `option_name` = 'cdn_settings' LIMIT 1 [ RunTime:0.000403s ]
[2026-06-12T17:39:12+08:00][sql] SHOW FULL COLUMNS FROM `cmf_user` [ RunTime:0.001317s ]
[2026-06-12T17:39:12+08:00][sql] SELECT * FROM `cmf_user` WHERE  `id` = 1 LIMIT 1 [ RunTime:0.000403s ]
[2026-06-12T17:39:12+08:00][sql] SELECT `option_value` FROM `cmf_option` WHERE  `option_name` = 'email_template_verification_code' LIMIT 1 [ RunTime:0.000248s ]
[2026-06-12T17:39:12+08:00][sql] CONNECT:[ UseTime:0.000879s ] mysql:host=127.0.0.1;port=3306;dbname=nucleon;charset=utf8mb4
[2026-06-12T17:39:12+08:00][sql] SHOW FULL COLUMNS FROM `cmf_option` [ RunTime:0.002657s ]
[2026-06-12T17:39:12+08:00][sql] SELECT `option_value` FROM `cmf_option` WHERE  `option_name` = 'cdn_settings' LIMIT 1 [ RunTime:0.000261s ]
[2026-06-12T17:39:12+08:00][sql] SELECT `option_value` FROM `cmf_option` WHERE  `option_name` = 'cdn_settings' LIMIT 1 [ RunTime:0.000293s ]
[2026-06-12T17:39:12+08:00][sql] CONNECT:[ UseTime:0.016556s ] mysql:host=127.0.0.1;port=3306;dbname=nucleon;charset=utf8mb4
[2026-06-12T17:39:12+08:00][sql] SHOW FULL COLUMNS FROM `cmf_option` [ RunTime:0.001651s ]
[2026-06-12T17:39:12+08:00][sql] SELECT `option_value` FROM `cmf_option` WHERE  `option_name` = 'cdn_settings' LIMIT 1 [ RunTime:0.000287s ]
[2026-06-12T17:39:12+08:00][sql] SHOW FULL COLUMNS FROM `cmf_user` [ RunTime:0.001363s ]
[2026-06-12T17:39:12+08:00][sql] SELECT * FROM `cmf_user` WHERE  `id` = 1 LIMIT 1 [ RunTime:0.000573s ]
[2026-06-12T17:39:12+08:00][sql] SELECT `option_value` FROM `cmf_option` WHERE  `option_name` = 'admin_smtp_setting_1' LIMIT 1 [ RunTime:0.000245s ]
[2026-06-12T17:39:12+08:00][sql] CONNECT:[ UseTime:0.024951s ] mysql:host=127.0.0.1;port=3306;dbname=nucleon;charset=utf8mb4
[2026-06-12T17:39:12+08:00][sql] SHOW FULL COLUMNS FROM `cmf_option` [ RunTime:0.001603s ]
[2026-06-12T17:39:12+08:00][sql] SELECT `option_value` FROM `cmf_option` WHERE  `option_name` = 'cdn_settings' LIMIT 1 [ RunTime:0.000287s ]
[2026-06-12T17:39:12+08:00][sql] SELECT `option_value` FROM `cmf_option` WHERE  `option_name` = 'cdn_settings' LIMIT 1 [ RunTime:0.000323s ]
[2026-06-12T17:39:28+08:00][sql] CONNECT:[ UseTime:0.000846s ] mysql:host=127.0.0.1;port=3306;dbname=nucleon;charset=utf8mb4
[2026-06-12T17:39:28+08:00][sql] SHOW FULL COLUMNS FROM `cmf_option` [ RunTime:0.001419s ]
[2026-06-12T17:39:28+08:00][sql] SELECT `option_value` FROM `cmf_option` WHERE  `option_name` = 'cdn_settings' LIMIT 1 [ RunTime:0.000324s ]
[2026-06-12T17:39:28+08:00][sql] SHOW FULL COLUMNS FROM `cmf_user` [ RunTime:0.001226s ]
[2026-06-12T17:39:28+08:00][sql] SELECT * FROM `cmf_user` WHERE  `id` = 1 LIMIT 1 [ RunTime:0.000526s ]
[2026-06-12T17:54:21+08:00][sql] CONNECT:[ UseTime:0.000853s ] mysql:host=127.0.0.1;port=3306;dbname=nucleon;charset=utf8mb4
[2026-06-12T17:54:21+08:00][sql] SHOW FULL COLUMNS FROM `cmf_hook` [ RunTime:0.001372s ]
[2026-06-12T17:54:21+08:00][sql] SELECT `hook`,`id` FROM `cmf_hook` WHERE  (  (  `app` = '' OR `app` = 'cmf' )  AND `type` = 3 ) OR `type` = 1 [ RunTime:0.000485s ]
[2026-06-12T17:54:21+08:00][sql] SHOW FULL COLUMNS FROM `cmf_hook_plugin` [ RunTime:0.000771s ]
[2026-06-12T17:54:21+08:00][sql] SELECT `hook`,`plugin` FROM `cmf_hook_plugin` WHERE  `status` = 1  AND `hook` IN ('app_begin','module_init','action_begin','view_filter','app_end','log_write','response_end','admin_init','home_init','send_mobile_verification_code','body_start','before_head_end','footer_start','before_footer','before_footer_end','before_body_end','left_sidebar_start','before_left_sidebar_end','right_sidebar_start','before_right_sidebar_end','comment','guestbook','switch_theme','after_content','before_content','log_write_done','switch_admin_theme','captcha_image','user_login_start') ORDER BY `list_order` ASC [ RunTime:0.000430s ]
[2026-06-12T17:56:28+08:00][error] [0]Call to undefined method think\Route::getRules()[C:\laragon\www\nucleon\test_routing.php:15]
[2026-06-12T17:56:38+08:00][error] [0]Call to undefined method think\Route::rules()[C:\laragon\www\nucleon\test_routing.php:14]
[2026-06-12T18:09:09+08:00][sql] CONNECT:[ UseTime:0.001219s ] mysql:host=127.0.0.1;port=3306;dbname=nucleon;charset=utf8mb4
[2026-06-12T18:09:09+08:00][sql] SHOW FULL COLUMNS FROM `cmf_hook` [ RunTime:0.001461s ]
[2026-06-12T18:09:09+08:00][sql] SELECT `hook`,`id` FROM `cmf_hook` WHERE  (  (  `app` = '' OR `app` = 'cmf' )  AND `type` = 3 ) OR `type` = 1 [ RunTime:0.000518s ]
[2026-06-12T18:09:09+08:00][sql] SHOW FULL COLUMNS FROM `cmf_hook_plugin` [ RunTime:0.000784s ]
[2026-06-12T18:09:09+08:00][sql] SELECT `hook`,`plugin` FROM `cmf_hook_plugin` WHERE  `status` = 1  AND `hook` IN ('app_begin','module_init','action_begin','view_filter','app_end','log_write','response_end','admin_init','home_init','send_mobile_verification_code','body_start','before_head_end','footer_start','before_footer','before_footer_end','before_body_end','left_sidebar_start','before_left_sidebar_end','right_sidebar_start','before_right_sidebar_end','comment','guestbook','switch_theme','after_content','before_content','log_write_done','switch_admin_theme','captcha_image','user_login_start') ORDER BY `list_order` ASC [ RunTime:0.000468s ]
[2026-06-12T18:09:09+08:00][sql] SELECT `hook` FROM `cmf_hook` WHERE  `app` = 'portal' [ RunTime:0.000626s ]
[2026-06-12T18:09:09+08:00][sql] SELECT `hook`,`plugin` FROM `cmf_hook_plugin` WHERE  `status` = 1  AND `hook` IN ('portal_before_assign_article','portal_admin_after_save_article','portal_admin_article_index_view','portal_admin_article_add_view','portal_admin_article_edit_view','portal_admin_category_index_view','portal_admin_category_add_view','portal_admin_category_edit_view','portal_admin_page_index_view','portal_admin_page_add_view','portal_admin_page_edit_view','portal_admin_tag_index_view','portal_admin_article_edit_view_right_sidebar','portal_admin_article_edit_view_main') ORDER BY `list_order` ASC [ RunTime:0.000851s ]
[2026-06-12T18:09:09+08:00][sql] SHOW FULL COLUMNS FROM `cmf_plugin` [ RunTime:0.002285s ]
[2026-06-12T18:09:09+08:00][sql] SELECT `config` FROM `cmf_plugin` WHERE  `name` = 'SwitchTheme' LIMIT 1 [ RunTime:0.001112s ]
[2026-06-12T18:09:09+08:00][sql] SHOW FULL COLUMNS FROM `cmf_option` [ RunTime:0.003228s ]
[2026-06-12T18:09:09+08:00][sql] SELECT `option_value` FROM `cmf_option` WHERE  `option_name` = 'cdn_settings' LIMIT 1 [ RunTime:0.000855s ]
[2026-06-12T18:09:09+08:00][sql] SELECT `option_value` FROM `cmf_option` WHERE  `option_name` = 'cdn_settings' LIMIT 1 [ RunTime:0.001251s ]
[2026-06-12T18:09:11+08:00][sql] CONNECT:[ UseTime:0.001416s ] mysql:host=127.0.0.1;port=3306;dbname=nucleon;charset=utf8mb4
[2026-06-12T18:09:11+08:00][sql] SHOW FULL COLUMNS FROM `cmf_option` [ RunTime:0.001858s ]
[2026-06-12T18:09:11+08:00][sql] SELECT `option_value` FROM `cmf_option` WHERE  `option_name` = 'cdn_settings' LIMIT 1 [ RunTime:0.000401s ]
[2026-06-12T18:09:11+08:00][sql] SELECT `option_value` FROM `cmf_option` WHERE  `option_name` = 'cdn_settings' LIMIT 1 [ RunTime:0.000389s ]
[2026-06-12T18:09:14+08:00][sql] CONNECT:[ UseTime:0.002105s ] mysql:host=127.0.0.1;port=3306;dbname=nucleon;charset=utf8mb4
[2026-06-12T18:09:14+08:00][sql] SHOW FULL COLUMNS FROM `cmf_option` [ RunTime:0.001805s ]
[2026-06-12T18:09:14+08:00][sql] SELECT `option_value` FROM `cmf_option` WHERE  `option_name` = 'cdn_settings' LIMIT 1 [ RunTime:0.000353s ]
[2026-06-12T18:09:14+08:00][sql] SELECT `option_value` FROM `cmf_option` WHERE  `option_name` = 'cdn_settings' LIMIT 1 [ RunTime:0.000585s ]
[2026-06-12T18:09:14+08:00][sql] SHOW FULL COLUMNS FROM `cmf_product` [ RunTime:0.001426s ]
[2026-06-12T18:09:14+08:00][sql] SELECT `id`,`alias`,`update_time`,`create_time` FROM `cmf_product` WHERE  ( delete_time IS NULL OR delete_time = 0 )  AND `alias` <> '' [ RunTime:0.001936s ]
[2026-06-12T18:09:15+08:00][sql] CONNECT:[ UseTime:0.001050s ] mysql:host=127.0.0.1;port=3306;dbname=nucleon;charset=utf8mb4
[2026-06-12T18:09:15+08:00][sql] SHOW FULL COLUMNS FROM `cmf_option` [ RunTime:0.001314s ]
[2026-06-12T18:09:15+08:00][sql] SELECT `option_value` FROM `cmf_option` WHERE  `option_name` = 'cdn_settings' LIMIT 1 [ RunTime:0.000342s ]
[2026-06-12T18:09:15+08:00][sql] SELECT `option_value` FROM `cmf_option` WHERE  `option_name` = 'cdn_settings' LIMIT 1 [ RunTime:0.000256s ]
[2026-06-12T18:09:15+08:00][sql] SHOW FULL COLUMNS FROM `cmf_portal_post` [ RunTime:0.001288s ]
[2026-06-12T18:09:15+08:00][sql] SELECT `id`,`post_title`,`update_time`,`create_time` FROM `cmf_portal_post` WHERE (  `post_type` = 8  AND ( delete_time IS NULL OR delete_time = 0 ) ) AND `cmf_portal_post`.`delete_time` = '0' [ RunTime:0.000653s ]
[2026-06-12T18:09:15+08:00][error] [0]Call to undefined method think\Db::name()[C:\laragon\www\nucleon\app\portal\controller\SitemapController.php:103]
[2026-06-12T18:19:12+08:00][sql] CONNECT:[ UseTime:0.001221s ] mysql:host=127.0.0.1;port=3306;dbname=nucleon;charset=utf8mb4
[2026-06-12T18:19:12+08:00][sql] SHOW FULL COLUMNS FROM `cmf_option` [ RunTime:0.001903s ]
[2026-06-12T18:19:12+08:00][sql] SELECT `option_value` FROM `cmf_option` WHERE  `option_name` = 'cdn_settings' LIMIT 1 [ RunTime:0.000364s ]
[2026-06-12T18:19:12+08:00][sql] SELECT `option_value` FROM `cmf_option` WHERE  `option_name` = 'cdn_settings' LIMIT 1 [ RunTime:0.000417s ]
[2026-06-12T18:19:23+08:00][sql] CONNECT:[ UseTime:0.001163s ] mysql:host=127.0.0.1;port=3306;dbname=nucleon;charset=utf8mb4
[2026-06-12T18:19:23+08:00][sql] SHOW FULL COLUMNS FROM `cmf_option` [ RunTime:0.001420s ]
[2026-06-12T18:19:23+08:00][sql] SELECT `option_value` FROM `cmf_option` WHERE  `option_name` = 'cdn_settings' LIMIT 1 [ RunTime:0.000364s ]
[2026-06-12T18:19:23+08:00][sql] SELECT `option_value` FROM `cmf_option` WHERE  `option_name` = 'cdn_settings' LIMIT 1 [ RunTime:0.000295s ]
[2026-06-12T18:21:42+08:00][sql] CONNECT:[ UseTime:0.001179s ] mysql:host=127.0.0.1;port=3306;dbname=nucleon;charset=utf8mb4
[2026-06-12T18:21:42+08:00][sql] SHOW FULL COLUMNS FROM `cmf_hook` [ RunTime:0.002025s ]
[2026-06-12T18:21:42+08:00][sql] SELECT `hook`,`id` FROM `cmf_hook` WHERE  (  (  `app` = '' OR `app` = 'cmf' )  AND `type` = 3 ) OR `type` = 1 [ RunTime:0.000518s ]
[2026-06-12T18:21:42+08:00][sql] SHOW FULL COLUMNS FROM `cmf_hook_plugin` [ RunTime:0.001027s ]
[2026-06-12T18:21:42+08:00][sql] SELECT `hook`,`plugin` FROM `cmf_hook_plugin` WHERE  `status` = 1  AND `hook` IN ('app_begin','module_init','action_begin','view_filter','app_end','log_write','response_end','admin_init','home_init','send_mobile_verification_code','body_start','before_head_end','footer_start','before_footer','before_footer_end','before_body_end','left_sidebar_start','before_left_sidebar_end','right_sidebar_start','before_right_sidebar_end','comment','guestbook','switch_theme','after_content','before_content','log_write_done','switch_admin_theme','captcha_image','user_login_start') ORDER BY `list_order` ASC [ RunTime:0.000453s ]
[2026-06-12T18:21:42+08:00][sql] SELECT `hook` FROM `cmf_hook` WHERE  `app` = 'portal' [ RunTime:0.000647s ]
[2026-06-12T18:21:42+08:00][sql] SELECT `hook`,`plugin` FROM `cmf_hook_plugin` WHERE  `status` = 1  AND `hook` IN ('portal_before_assign_article','portal_admin_after_save_article','portal_admin_article_index_view','portal_admin_article_add_view','portal_admin_article_edit_view','portal_admin_category_index_view','portal_admin_category_add_view','portal_admin_category_edit_view','portal_admin_page_index_view','portal_admin_page_add_view','portal_admin_page_edit_view','portal_admin_tag_index_view','portal_admin_article_edit_view_right_sidebar','portal_admin_article_edit_view_main') ORDER BY `list_order` ASC [ RunTime:0.000383s ]
[2026-06-12T18:21:42+08:00][sql] SHOW FULL COLUMNS FROM `cmf_plugin` [ RunTime:0.001770s ]
[2026-06-12T18:21:42+08:00][sql] SELECT `config` FROM `cmf_plugin` WHERE  `name` = 'SwitchTheme' LIMIT 1 [ RunTime:0.000729s ]
[2026-06-12T18:21:42+08:00][sql] SHOW FULL COLUMNS FROM `cmf_option` [ RunTime:0.002183s ]
[2026-06-12T18:21:42+08:00][sql] SELECT `option_value` FROM `cmf_option` WHERE  `option_name` = 'cdn_settings' LIMIT 1 [ RunTime:0.000592s ]
[2026-06-12T18:21:42+08:00][sql] SELECT `option_value` FROM `cmf_option` WHERE  `option_name` = 'cdn_settings' LIMIT 1 [ RunTime:0.000748s ]
[2026-06-12T18:21:42+08:00][sql] SHOW FULL COLUMNS FROM `cmf_portal_post` [ RunTime:0.001588s ]
[2026-06-12T18:21:42+08:00][sql] SELECT `id`,`post_title`,`update_time`,`create_time` FROM `cmf_portal_post` WHERE (  `post_type` = 8  AND ( delete_time IS NULL OR delete_time = 0 ) ) AND `cmf_portal_post`.`delete_time` = '0' [ RunTime:0.000652s ]
[2026-06-12T18:21:42+08:00][sql] SHOW FULL COLUMNS FROM `cmf_route` [ RunTime:0.001048s ]
[2026-06-12T18:21:42+08:00][sql] SELECT * FROM `cmf_route` WHERE  `full_url` LIKE 'portal/index/news_info%' [ RunTime:0.000631s ]
[2026-06-12T18:21:48+08:00][sql] CONNECT:[ UseTime:0.001188s ] mysql:host=127.0.0.1;port=3306;dbname=nucleon;charset=utf8mb4
[2026-06-12T18:21:48+08:00][sql] SHOW FULL COLUMNS FROM `cmf_option` [ RunTime:0.002681s ]
[2026-06-12T18:21:48+08:00][sql] SELECT `option_value` FROM `cmf_option` WHERE  `option_name` = 'cdn_settings' LIMIT 1 [ RunTime:0.000458s ]
[2026-06-12T18:21:48+08:00][sql] SELECT `option_value` FROM `cmf_option` WHERE  `option_name` = 'cdn_settings' LIMIT 1 [ RunTime:0.000980s ]
[2026-06-12T18:21:48+08:00][sql] SHOW FULL COLUMNS FROM `cmf_portal_post` [ RunTime:0.002265s ]
[2026-06-12T18:21:48+08:00][sql] SELECT `id`,`post_title`,`update_time`,`create_time` FROM `cmf_portal_post` WHERE (  `post_type` = 3  AND ( delete_time IS NULL OR delete_time = 0 ) ) AND `cmf_portal_post`.`delete_time` = '0' [ RunTime:0.000845s ]
[2026-06-12T18:21:48+08:00][sql] SHOW FULL COLUMNS FROM `cmf_route` [ RunTime:0.001407s ]
[2026-06-12T18:21:48+08:00][sql] SELECT * FROM `cmf_route` WHERE  `full_url` LIKE 'portal/index/industries_info%' [ RunTime:0.000498s ]
[2026-06-12T18:21:56+08:00][sql] CONNECT:[ UseTime:0.001686s ] mysql:host=127.0.0.1;port=3306;dbname=nucleon;charset=utf8mb4
[2026-06-12T18:21:56+08:00][sql] SHOW FULL COLUMNS FROM `cmf_option` [ RunTime:0.002589s ]
[2026-06-12T18:21:56+08:00][sql] SELECT `option_value` FROM `cmf_option` WHERE  `option_name` = 'cdn_settings' LIMIT 1 [ RunTime:0.000734s ]
[2026-06-12T18:21:56+08:00][sql] SELECT `option_value` FROM `cmf_option` WHERE  `option_name` = 'cdn_settings' LIMIT 1 [ RunTime:0.000414s ]
[2026-06-12T18:21:56+08:00][sql] CONNECT:[ UseTime:0.001008s ] mysql:host=127.0.0.1;port=3306;dbname=nucleon;charset=utf8mb4
[2026-06-12T18:21:56+08:00][sql] SHOW FULL COLUMNS FROM `cmf_option` [ RunTime:0.002126s ]
[2026-06-12T18:21:56+08:00][sql] SELECT `option_value` FROM `cmf_option` WHERE  `option_name` = 'cdn_settings' LIMIT 1 [ RunTime:0.000470s ]
[2026-06-12T18:21:56+08:00][sql] SELECT `option_value` FROM `cmf_option` WHERE  `option_name` = 'cdn_settings' LIMIT 1 [ RunTime:0.000851s ]
[2026-06-12T18:21:56+08:00][sql] CONNECT:[ UseTime:0.000909s ] mysql:host=127.0.0.1;port=3306;dbname=nucleon;charset=utf8mb4
[2026-06-12T18:21:56+08:00][sql] SHOW FULL COLUMNS FROM `cmf_option` [ RunTime:0.001552s ]
[2026-06-12T18:21:56+08:00][sql] SELECT `option_value` FROM `cmf_option` WHERE  `option_name` = 'cdn_settings' LIMIT 1 [ RunTime:0.002797s ]
[2026-06-12T18:21:56+08:00][sql] SELECT `option_value` FROM `cmf_option` WHERE  `option_name` = 'cdn_settings' LIMIT 1 [ RunTime:0.000544s ]
[2026-06-12T18:21:56+08:00][sql] SHOW FULL COLUMNS FROM `cmf_product` [ RunTime:0.001527s ]
[2026-06-12T18:21:56+08:00][sql] SELECT `id`,`alias`,`update_time`,`create_time` FROM `cmf_product` WHERE  ( delete_time IS NULL OR delete_time = 0 )  AND `alias` <> '' [ RunTime:0.001201s ]
[2026-06-12T18:21:56+08:00][sql] CONNECT:[ UseTime:0.001145s ] mysql:host=127.0.0.1;port=3306;dbname=nucleon;charset=utf8mb4
[2026-06-12T18:21:56+08:00][sql] SHOW FULL COLUMNS FROM `cmf_option` [ RunTime:0.002535s ]
[2026-06-12T18:21:56+08:00][sql] SELECT `option_value` FROM `cmf_option` WHERE  `option_name` = 'cdn_settings' LIMIT 1 [ RunTime:0.000575s ]
[2026-06-12T18:21:56+08:00][sql] SELECT `option_value` FROM `cmf_option` WHERE  `option_name` = 'cdn_settings' LIMIT 1 [ RunTime:0.000551s ]
[2026-06-12T18:21:56+08:00][sql] CONNECT:[ UseTime:0.002534s ] mysql:host=127.0.0.1;port=3306;dbname=nucleon;charset=utf8mb4
[2026-06-12T18:21:56+08:00][sql] SHOW FULL COLUMNS FROM `cmf_option` [ RunTime:0.004489s ]
[2026-06-12T18:21:56+08:00][sql] SELECT `option_value` FROM `cmf_option` WHERE  `option_name` = 'cdn_settings' LIMIT 1 [ RunTime:0.000869s ]
[2026-06-12T18:21:56+08:00][sql] SELECT `option_value` FROM `cmf_option` WHERE  `option_name` = 'cdn_settings' LIMIT 1 [ RunTime:0.001224s ]
[2026-06-12T18:22:05+08:00][sql] CONNECT:[ UseTime:0.018845s ] mysql:host=127.0.0.1;port=3306;dbname=nucleon;charset=utf8mb4
[2026-06-12T18:22:05+08:00][sql] SHOW FULL COLUMNS FROM `cmf_option` [ RunTime:0.001812s ]
[2026-06-12T18:22:05+08:00][sql] SELECT `option_value` FROM `cmf_option` WHERE  `option_name` = 'cdn_settings' LIMIT 1 [ RunTime:0.000349s ]
[2026-06-12T18:22:05+08:00][sql] SELECT `option_value` FROM `cmf_option` WHERE  `option_name` = 'cdn_settings' LIMIT 1 [ RunTime:0.000437s ]
[2026-06-12T18:22:10+08:00][sql] CONNECT:[ UseTime:0.000874s ] mysql:host=127.0.0.1;port=3306;dbname=nucleon;charset=utf8mb4
[2026-06-12T18:22:10+08:00][sql] SHOW FULL COLUMNS FROM `cmf_option` [ RunTime:0.001392s ]
[2026-06-12T18:22:10+08:00][sql] SELECT `option_value` FROM `cmf_option` WHERE  `option_name` = 'cdn_settings' LIMIT 1 [ RunTime:0.000335s ]
[2026-06-12T18:22:10+08:00][sql] SELECT `option_value` FROM `cmf_option` WHERE  `option_name` = 'cdn_settings' LIMIT 1 [ RunTime:0.000736s ]
[2026-06-12T18:22:18+08:00][sql] CONNECT:[ UseTime:0.001387s ] mysql:host=127.0.0.1;port=3306;dbname=nucleon;charset=utf8mb4
[2026-06-12T18:22:18+08:00][sql] SHOW FULL COLUMNS FROM `cmf_option` [ RunTime:0.001884s ]
[2026-06-12T18:22:18+08:00][sql] SELECT `option_value` FROM `cmf_option` WHERE  `option_name` = 'cdn_settings' LIMIT 1 [ RunTime:0.000431s ]
[2026-06-12T18:22:18+08:00][sql] SELECT `option_value` FROM `cmf_option` WHERE  `option_name` = 'cdn_settings' LIMIT 1 [ RunTime:0.000475s ]
[2026-06-12T18:22:18+08:00][sql] SHOW FULL COLUMNS FROM `cmf_product_category` [ RunTime:0.001287s ]
[2026-06-12T18:22:18+08:00][sql] SELECT * FROM `cmf_product_category` WHERE  `parent_id` = 0 ORDER BY `list_order` ASC,`create_time` DESC [ RunTime:0.000484s ]
[2026-06-12T18:22:18+08:00][sql] SELECT * FROM `cmf_product_category` WHERE  `parent_id` IN (28,19,22,23,25,30,27) [ RunTime:0.000320s ]
[2026-06-12T18:22:18+08:00][sql] SHOW FULL COLUMNS FROM `cmf_portal_category` [ RunTime:0.001129s ]
[2026-06-12T18:22:18+08:00][sql] SELECT * FROM `cmf_portal_category` WHERE (  `type` = 8 ) AND `cmf_portal_category`.`delete_time` = '0' ORDER BY `list_order` ASC [ RunTime:0.001028s ]
[2026-06-12T18:22:18+08:00][sql] SELECT `option_value` FROM `cmf_option` WHERE  `option_name` = 'site_info' LIMIT 1 [ RunTime:0.000289s ]
[2026-06-12T18:22:18+08:00][sql] SHOW FULL COLUMNS FROM `cmf_slide_item` [ RunTime:0.001769s ]
[2026-06-12T18:22:18+08:00][sql] SELECT `title`,`description`,`image`,`url`,`target`,`content` FROM `cmf_slide_item` WHERE  `slide_id` = 1 ORDER BY `list_order` ASC [ RunTime:0.000857s ]
[2026-06-12T18:22:18+08:00][sql] SHOW FULL COLUMNS FROM `cmf_slide` [ RunTime:0.001181s ]
[2026-06-12T18:22:18+08:00][sql] SELECT * FROM `cmf_slide` WHERE  `name` LIKE '%choose%' OR `name` LIKE '%选择%' LIMIT 1 [ RunTime:0.000669s ]
[2026-06-12T18:22:18+08:00][sql] SELECT `title`,`description`,`image`,`url`,`target`,`content` FROM `cmf_slide_item` WHERE  `slide_id` = 14  AND `status` = 1 ORDER BY `list_order` ASC [ RunTime:0.000377s ]
[2026-06-12T18:22:18+08:00][sql] SELECT * FROM `cmf_product_category` WHERE  `parent_id` = 0  AND `recommend` = 1 ORDER BY `list_order` ASC,`create_time` DESC [ RunTime:0.000321s ]
[2026-06-12T18:22:18+08:00][sql] SHOW FULL COLUMNS FROM `cmf_product` [ RunTime:0.001327s ]
[2026-06-12T18:22:18+08:00][sql] SELECT `id`,`title`,`thumbnail`,`industry` FROM `cmf_product` WHERE  `is_recommended` = 1  AND `category_id` = 28 ORDER BY `list_order` ASC LIMIT 6 [ RunTime:0.000889s ]
[2026-06-12T18:22:18+08:00][sql] SELECT `id`,`title`,`thumbnail`,`industry` FROM `cmf_product` WHERE  `is_recommended` = 1  AND `category_id` = 19 ORDER BY `list_order` ASC LIMIT 6 [ RunTime:0.000461s ]
[2026-06-12T18:22:18+08:00][sql] SELECT `id`,`title`,`thumbnail`,`industry` FROM `cmf_product` WHERE  `is_recommended` = 1  AND `category_id` = 23 ORDER BY `list_order` ASC LIMIT 6 [ RunTime:0.000422s ]
[2026-06-12T18:22:18+08:00][sql] SELECT `id`,`title`,`thumbnail`,`industry` FROM `cmf_product` WHERE  `is_recommended` = 1  AND `category_id` = 25 ORDER BY `list_order` ASC LIMIT 6 [ RunTime:0.000338s ]
[2026-06-12T18:22:18+08:00][sql] SELECT `id`,`title`,`thumbnail`,`industry` FROM `cmf_product` WHERE  `is_recommended` = 1  AND `category_id` = 30 ORDER BY `list_order` ASC LIMIT 6 [ RunTime:0.000308s ]
[2026-06-12T18:22:18+08:00][sql] SELECT `option_value` FROM `cmf_option` WHERE  `option_name` = 'index_setting' LIMIT 1 [ RunTime:0.000274s ]
[2026-06-12T18:22:18+08:00][sql] SELECT `option_value` FROM `cmf_option` WHERE  `option_name` = 'about_site' LIMIT 1 [ RunTime:0.000332s ]
[2026-06-12T18:22:18+08:00][sql] SHOW FULL COLUMNS FROM `cmf_portal_post` [ RunTime:0.002252s ]
[2026-06-12T18:22:18+08:00][sql] SELECT `p`.`id`,`p`.`post_title`,`p`.`post_excerpt`,`p`.`thumbnail`,`p`.`create_time`,`c`.`category_id` FROM `cmf_portal_post` `p` INNER JOIN `cmf_portal_category_post` `c` ON `p`.`id`=`c`.`post_id` WHERE (  `p`.`post_type` = '8' ) AND `p`.`delete_time` = '0' ORDER BY `c`.`list_order` ASC,`p`.`create_time` DESC [ RunTime:0.001282s ]
[2026-06-12T18:22:18+08:00][sql] SELECT `id`,`post_title`,`post_excerpt`,`more` FROM `cmf_portal_post` WHERE (  `post_type` = 3 ) AND `cmf_portal_post`.`delete_time` = '0' ORDER BY `create_time` DESC [ RunTime:0.000410s ]
[2026-06-12T18:22:18+08:00][sql] SELECT `option_value` FROM `cmf_option` WHERE  `option_name` = 'product_category_hero_settings' LIMIT 1 [ RunTime:0.000293s ]
[2026-06-12T18:22:18+08:00][sql] SHOW FULL COLUMNS FROM `cmf_theme_file` [ RunTime:0.001539s ]
[2026-06-12T18:22:18+08:00][sql] SELECT `more`,`file`,`id` FROM `cmf_theme_file` WHERE  `theme` = 'simpleboot3'  AND (  `is_public` = 1 OR `file` = 'portal/index' ) ORDER BY `is_public` DESC [ RunTime:0.001086s ]
[2026-06-12T18:22:18+08:00][sql] SHOW FULL COLUMNS FROM `cmf_route` [ RunTime:0.001250s ]
[2026-06-12T18:22:18+08:00][sql] SELECT * FROM `cmf_route` WHERE  `status` = 1 ORDER BY `list_order` ASC [ RunTime:0.000622s ]
[2026-06-12T18:22:18+08:00][sql] SELECT `option_value` FROM `cmf_option` WHERE  `option_name` = 'storage' LIMIT 1 [ RunTime:0.000547s ]
[2026-06-12T18:22:27+08:00][sql] CONNECT:[ UseTime:0.001369s ] mysql:host=127.0.0.1;port=3306;dbname=nucleon;charset=utf8mb4
[2026-06-12T18:22:27+08:00][sql] SHOW FULL COLUMNS FROM `cmf_option` [ RunTime:0.002169s ]
[2026-06-12T18:22:27+08:00][sql] SELECT `option_value` FROM `cmf_option` WHERE  `option_name` = 'cdn_settings' LIMIT 1 [ RunTime:0.000662s ]
[2026-06-12T18:22:27+08:00][sql] SELECT `option_value` FROM `cmf_option` WHERE  `option_name` = 'cdn_settings' LIMIT 1 [ RunTime:0.000912s ]
[2026-06-12T18:22:27+08:00][sql] SHOW FULL COLUMNS FROM `cmf_product_category` [ RunTime:0.001693s ]
[2026-06-12T18:22:27+08:00][sql] SELECT * FROM `cmf_product_category` WHERE  `parent_id` = 0 ORDER BY `list_order` ASC,`create_time` DESC [ RunTime:0.001406s ]
[2026-06-12T18:22:27+08:00][sql] SELECT * FROM `cmf_product_category` WHERE  `parent_id` IN (28,19,22,23,25,30,27) [ RunTime:0.000407s ]
[2026-06-12T18:22:27+08:00][sql] SHOW FULL COLUMNS FROM `cmf_portal_category` [ RunTime:0.001335s ]
[2026-06-12T18:22:27+08:00][sql] SELECT * FROM `cmf_portal_category` WHERE (  `type` = 8 ) AND `cmf_portal_category`.`delete_time` = '0' ORDER BY `list_order` ASC [ RunTime:0.000531s ]
[2026-06-12T18:22:27+08:00][sql] SHOW FULL COLUMNS FROM `cmf_slide_item` [ RunTime:0.001021s ]
[2026-06-12T18:22:27+08:00][sql] SELECT `title`,`description`,`image` FROM `cmf_slide_item` WHERE  `slide_id` = 4  AND `status` = 1 ORDER BY `list_order` ASC,`id` DESC LIMIT 1 [ RunTime:0.000620s ]
[2026-06-12T18:22:27+08:00][sql] SHOW FULL COLUMNS FROM `cmf_theme_file` [ RunTime:0.001188s ]
[2026-06-12T18:22:27+08:00][sql] SELECT `more`,`file`,`id` FROM `cmf_theme_file` WHERE  `theme` = 'simpleboot3'  AND (  `is_public` = 1 OR `file` = 'portal/cert' ) ORDER BY `is_public` DESC [ RunTime:0.000612s ]
[2026-06-12T18:22:27+08:00][sql] SELECT `option_value` FROM `cmf_option` WHERE  `option_name` = 'storage' LIMIT 1 [ RunTime:0.000466s ]
[2026-06-12T18:22:41+08:00][sql] CONNECT:[ UseTime:0.000956s ] mysql:host=127.0.0.1;port=3306;dbname=nucleon;charset=utf8mb4
[2026-06-12T18:22:41+08:00][sql] SHOW FULL COLUMNS FROM `cmf_option` [ RunTime:0.001819s ]
[2026-06-12T18:22:41+08:00][sql] SELECT `option_value` FROM `cmf_option` WHERE  `option_name` = 'cdn_settings' LIMIT 1 [ RunTime:0.000395s ]
[2026-06-12T18:22:41+08:00][sql] SELECT `option_value` FROM `cmf_option` WHERE  `option_name` = 'cdn_settings' LIMIT 1 [ RunTime:0.001156s ]
[2026-06-12T18:22:41+08:00][sql] SHOW FULL COLUMNS FROM `cmf_product_category` [ RunTime:0.001970s ]
[2026-06-12T18:22:41+08:00][sql] SELECT * FROM `cmf_product_category` WHERE  `parent_id` = 0 ORDER BY `list_order` ASC,`create_time` DESC [ RunTime:0.000831s ]
[2026-06-12T18:22:41+08:00][sql] SELECT * FROM `cmf_product_category` WHERE  `parent_id` IN (28,19,22,23,25,30,27) [ RunTime:0.000591s ]
[2026-06-12T18:22:41+08:00][sql] SHOW FULL COLUMNS FROM `cmf_portal_category` [ RunTime:0.001557s ]
[2026-06-12T18:22:41+08:00][sql] SELECT * FROM `cmf_portal_category` WHERE (  `type` = 8 ) AND `cmf_portal_category`.`delete_time` = '0' ORDER BY `list_order` ASC [ RunTime:0.000780s ]
[2026-06-12T18:22:41+08:00][sql] SHOW FULL COLUMNS FROM `cmf_slide_item` [ RunTime:0.002490s ]
[2026-06-12T18:22:41+08:00][sql] SELECT `title`,`description`,`image` FROM `cmf_slide_item` WHERE  `slide_id` = 12  AND `status` = 1 ORDER BY `list_order` ASC,`id` DESC LIMIT 1 [ RunTime:0.001206s ]
[2026-06-12T18:22:41+08:00][sql] SELECT * FROM `cmf_portal_category` WHERE (  `id` = 0  AND `status` = 1 ) AND `cmf_portal_category`.`delete_time` = '0' LIMIT 1 [ RunTime:0.000480s ]
[2026-06-12T18:22:41+08:00][sql] SHOW FULL COLUMNS FROM `cmf_portal_post` [ RunTime:0.001535s ]
[2026-06-12T18:22:41+08:00][sql] SELECT COUNT(*) AS think_count FROM `cmf_portal_post` `p` LEFT JOIN `cmf_portal_category_post` `c` ON `p`.`id`=`c`.`post_id` WHERE (  `post_type` = 8 ) AND `p`.`delete_time` = '0' LIMIT 1 [ RunTime:0.001296s ]
[2026-06-12T18:22:41+08:00][sql] SELECT `p`.`id`,`p`.`post_title`,`p`.`thumbnail`,`p`.`more`,c.category_id as cid,`p`.`post_excerpt`,`p`.`create_time` FROM `cmf_portal_post` `p` LEFT JOIN `cmf_portal_category_post` `c` ON `p`.`id`=`c`.`post_id` WHERE (  `post_type` = 8 ) AND `p`.`delete_time` = '0' ORDER BY `c`.`list_order` ASC,`p`.`create_time` DESC LIMIT 0,6 [ RunTime:0.000524s ]
[2026-06-12T18:22:41+08:00][sql] SHOW FULL COLUMNS FROM `cmf_theme_file` [ RunTime:0.001180s ]
[2026-06-12T18:22:41+08:00][sql] SELECT `more`,`file`,`id` FROM `cmf_theme_file` WHERE  `theme` = 'simpleboot3'  AND (  `is_public` = 1 OR `file` = 'portal/news' ) ORDER BY `is_public` DESC [ RunTime:0.000604s ]
[2026-06-12T18:22:41+08:00][sql] SELECT `option_value` FROM `cmf_option` WHERE  `option_name` = 'storage' LIMIT 1 [ RunTime:0.000683s ]
[2026-06-12T18:22:43+08:00][sql] CONNECT:[ UseTime:0.000895s ] mysql:host=127.0.0.1;port=3306;dbname=nucleon;charset=utf8mb4
[2026-06-12T18:22:43+08:00][sql] SHOW FULL COLUMNS FROM `cmf_option` [ RunTime:0.001279s ]
[2026-06-12T18:22:43+08:00][sql] SELECT `option_value` FROM `cmf_option` WHERE  `option_name` = 'cdn_settings' LIMIT 1 [ RunTime:0.000395s ]
[2026-06-12T18:22:43+08:00][sql] SELECT `option_value` FROM `cmf_option` WHERE  `option_name` = 'cdn_settings' LIMIT 1 [ RunTime:0.000479s ]
[2026-06-12T18:22:43+08:00][sql] SHOW FULL COLUMNS FROM `cmf_product_category` [ RunTime:0.001652s ]
[2026-06-12T18:22:43+08:00][sql] SELECT * FROM `cmf_product_category` WHERE  `parent_id` = 0 ORDER BY `list_order` ASC,`create_time` DESC [ RunTime:0.000545s ]
[2026-06-12T18:22:43+08:00][sql] SELECT * FROM `cmf_product_category` WHERE  `parent_id` IN (28,19,22,23,25,30,27) [ RunTime:0.000552s ]
[2026-06-12T18:22:43+08:00][sql] SHOW FULL COLUMNS FROM `cmf_portal_category` [ RunTime:0.001691s ]
[2026-06-12T18:22:43+08:00][sql] SELECT * FROM `cmf_portal_category` WHERE (  `type` = 8 ) AND `cmf_portal_category`.`delete_time` = '0' ORDER BY `list_order` ASC [ RunTime:0.000498s ]
[2026-06-12T18:22:43+08:00][sql] SHOW FULL COLUMNS FROM `cmf_slide_item` [ RunTime:0.001240s ]
[2026-06-12T18:22:43+08:00][sql] SELECT `title`,`description`,`image` FROM `cmf_slide_item` WHERE  `slide_id` = 12  AND `status` = 1 ORDER BY `list_order` ASC,`id` DESC LIMIT 1 [ RunTime:0.000688s ]
[2026-06-12T18:22:43+08:00][sql] SELECT * FROM `cmf_portal_category` WHERE (  `id` = 0  AND `status` = 1 ) AND `cmf_portal_category`.`delete_time` = '0' LIMIT 1 [ RunTime:0.000495s ]
[2026-06-12T18:22:43+08:00][sql] SHOW FULL COLUMNS FROM `cmf_portal_post` [ RunTime:0.001453s ]
[2026-06-12T18:22:43+08:00][sql] SELECT COUNT(*) AS think_count FROM `cmf_portal_post` `p` LEFT JOIN `cmf_portal_category_post` `c` ON `p`.`id`=`c`.`post_id` WHERE (  `post_type` = 8 ) AND `p`.`delete_time` = '0' LIMIT 1 [ RunTime:0.001132s ]
[2026-06-12T18:22:43+08:00][sql] SELECT `p`.`id`,`p`.`post_title`,`p`.`thumbnail`,`p`.`more`,c.category_id as cid,`p`.`post_excerpt`,`p`.`create_time` FROM `cmf_portal_post` `p` LEFT JOIN `cmf_portal_category_post` `c` ON `p`.`id`=`c`.`post_id` WHERE (  `post_type` = 8 ) AND `p`.`delete_time` = '0' ORDER BY `c`.`list_order` ASC,`p`.`create_time` DESC LIMIT 0,6 [ RunTime:0.000595s ]
[2026-06-12T18:22:43+08:00][sql] SHOW FULL COLUMNS FROM `cmf_theme_file` [ RunTime:0.001071s ]
[2026-06-12T18:22:43+08:00][sql] SELECT `more`,`file`,`id` FROM `cmf_theme_file` WHERE  `theme` = 'simpleboot3'  AND (  `is_public` = 1 OR `file` = 'portal/news' ) ORDER BY `is_public` DESC [ RunTime:0.000427s ]
[2026-06-12T18:22:43+08:00][sql] SELECT `option_value` FROM `cmf_option` WHERE  `option_name` = 'storage' LIMIT 1 [ RunTime:0.000489s ]
[2026-06-12T18:22:45+08:00][sql] CONNECT:[ UseTime:0.000816s ] mysql:host=127.0.0.1;port=3306;dbname=nucleon;charset=utf8mb4
[2026-06-12T18:22:45+08:00][sql] SHOW FULL COLUMNS FROM `cmf_option` [ RunTime:0.001313s ]
[2026-06-12T18:22:45+08:00][sql] SELECT `option_value` FROM `cmf_option` WHERE  `option_name` = 'cdn_settings' LIMIT 1 [ RunTime:0.000327s ]
[2026-06-12T18:22:45+08:00][sql] SELECT `option_value` FROM `cmf_option` WHERE  `option_name` = 'cdn_settings' LIMIT 1 [ RunTime:0.000278s ]
[2026-06-12T18:22:45+08:00][sql] SHOW FULL COLUMNS FROM `cmf_product_category` [ RunTime:0.001196s ]
[2026-06-12T18:22:45+08:00][sql] SELECT * FROM `cmf_product_category` WHERE  `parent_id` = 0 ORDER BY `list_order` ASC,`create_time` DESC [ RunTime:0.000460s ]
[2026-06-12T18:22:45+08:00][sql] SELECT * FROM `cmf_product_category` WHERE  `parent_id` IN (28,19,22,23,25,30,27) [ RunTime:0.000451s ]
[2026-06-12T18:22:45+08:00][sql] SHOW FULL COLUMNS FROM `cmf_portal_category` [ RunTime:0.001670s ]
[2026-06-12T18:22:45+08:00][sql] SELECT * FROM `cmf_portal_category` WHERE (  `type` = 8 ) AND `cmf_portal_category`.`delete_time` = '0' ORDER BY `list_order` ASC [ RunTime:0.000625s ]
[2026-06-12T18:22:45+08:00][sql] SHOW FULL COLUMNS FROM `cmf_slide_item` [ RunTime:0.001300s ]
[2026-06-12T18:22:45+08:00][sql] SELECT `title`,`description`,`image` FROM `cmf_slide_item` WHERE  `slide_id` = 12  AND `status` = 1 ORDER BY `list_order` ASC,`id` DESC LIMIT 1 [ RunTime:0.000499s ]
[2026-06-12T18:22:45+08:00][sql] SELECT * FROM `cmf_portal_category` WHERE (  `id` = 1  AND `status` = 1 ) AND `cmf_portal_category`.`delete_time` = '0' LIMIT 1 [ RunTime:0.000371s ]
[2026-06-12T18:22:45+08:00][sql] SHOW FULL COLUMNS FROM `cmf_portal_post` [ RunTime:0.001256s ]
[2026-06-12T18:22:45+08:00][sql] SELECT COUNT(*) AS think_count FROM `cmf_portal_post` `p` LEFT JOIN `cmf_portal_category_post` `c` ON `p`.`id`=`c`.`post_id` WHERE (  `post_type` = 8  AND `c`.`category_id` = '1' ) AND `p`.`delete_time` = '0' LIMIT 1 [ RunTime:0.000714s ]
[2026-06-12T18:22:45+08:00][sql] SELECT `p`.`id`,`p`.`post_title`,`p`.`thumbnail`,`p`.`more`,c.category_id as cid,`p`.`post_excerpt`,`p`.`create_time` FROM `cmf_portal_post` `p` LEFT JOIN `cmf_portal_category_post` `c` ON `p`.`id`=`c`.`post_id` WHERE (  `post_type` = 8  AND `c`.`category_id` = '1' ) AND `p`.`delete_time` = '0' ORDER BY `c`.`list_order` ASC,`p`.`create_time` DESC LIMIT 0,6 [ RunTime:0.000600s ]
[2026-06-12T18:22:45+08:00][sql] SHOW FULL COLUMNS FROM `cmf_theme_file` [ RunTime:0.001227s ]
[2026-06-12T18:22:45+08:00][sql] SELECT `more`,`file`,`id` FROM `cmf_theme_file` WHERE  `theme` = 'simpleboot3'  AND (  `is_public` = 1 OR `file` = 'portal/news' ) ORDER BY `is_public` DESC [ RunTime:0.000456s ]
[2026-06-12T18:22:45+08:00][sql] SELECT `option_value` FROM `cmf_option` WHERE  `option_name` = 'storage' LIMIT 1 [ RunTime:0.000699s ]
[2026-06-12T18:22:57+08:00][sql] CONNECT:[ UseTime:0.000824s ] mysql:host=127.0.0.1;port=3306;dbname=nucleon;charset=utf8mb4
[2026-06-12T18:22:57+08:00][sql] SHOW FULL COLUMNS FROM `cmf_option` [ RunTime:0.001365s ]
[2026-06-12T18:22:57+08:00][sql] SELECT `option_value` FROM `cmf_option` WHERE  `option_name` = 'cdn_settings' LIMIT 1 [ RunTime:0.000304s ]
[2026-06-12T18:22:57+08:00][sql] SELECT `option_value` FROM `cmf_option` WHERE  `option_name` = 'cdn_settings' LIMIT 1 [ RunTime:0.000430s ]
[2026-06-12T18:22:57+08:00][sql] SHOW FULL COLUMNS FROM `cmf_product_category` [ RunTime:0.001112s ]
[2026-06-12T18:22:57+08:00][sql] SELECT * FROM `cmf_product_category` WHERE  `parent_id` = 0 ORDER BY `list_order` ASC,`create_time` DESC [ RunTime:0.000434s ]
[2026-06-12T18:22:57+08:00][sql] SELECT * FROM `cmf_product_category` WHERE  `parent_id` IN (28,19,22,23,25,30,27) [ RunTime:0.000330s ]
[2026-06-12T18:22:57+08:00][sql] SHOW FULL COLUMNS FROM `cmf_portal_category` [ RunTime:0.001156s ]
[2026-06-12T18:22:57+08:00][sql] SELECT * FROM `cmf_portal_category` WHERE (  `type` = 8 ) AND `cmf_portal_category`.`delete_time` = '0' ORDER BY `list_order` ASC [ RunTime:0.000367s ]
[2026-06-12T18:22:57+08:00][sql] SHOW FULL COLUMNS FROM `cmf_slide_item` [ RunTime:0.000996s ]
[2026-06-12T18:22:57+08:00][sql] SELECT `title`,`description`,`image` FROM `cmf_slide_item` WHERE  `slide_id` = 5  AND `status` = 1 ORDER BY `list_order` ASC,`id` DESC LIMIT 1 [ RunTime:0.000463s ]
[2026-06-12T18:22:57+08:00][sql] SELECT `option_value` FROM `cmf_option` WHERE  `option_name` = 'quote_site' LIMIT 1 [ RunTime:0.000273s ]
[2026-06-12T18:22:57+08:00][sql] SHOW FULL COLUMNS FROM `cmf_theme_file` [ RunTime:0.002105s ]
[2026-06-12T18:22:57+08:00][sql] SELECT `more`,`file`,`id` FROM `cmf_theme_file` WHERE  `theme` = 'simpleboot3'  AND (  `is_public` = 1 OR `file` = 'portal/quote' ) ORDER BY `is_public` DESC [ RunTime:0.000727s ]
[2026-06-12T18:22:57+08:00][sql] SELECT `option_value` FROM `cmf_option` WHERE  `option_name` = 'storage' LIMIT 1 [ RunTime:0.000460s ]
[2026-06-12T18:23:09+08:00][sql] CONNECT:[ UseTime:0.001189s ] mysql:host=127.0.0.1;port=3306;dbname=nucleon;charset=utf8mb4
[2026-06-12T18:23:09+08:00][sql] SHOW FULL COLUMNS FROM `cmf_option` [ RunTime:0.001421s ]
[2026-06-12T18:23:09+08:00][sql] SELECT `option_value` FROM `cmf_option` WHERE  `option_name` = 'cdn_settings' LIMIT 1 [ RunTime:0.000300s ]
[2026-06-12T18:23:09+08:00][sql] SELECT `option_value` FROM `cmf_option` WHERE  `option_name` = 'cdn_settings' LIMIT 1 [ RunTime:0.000810s ]
[2026-06-12T18:23:09+08:00][sql] SHOW FULL COLUMNS FROM `cmf_product_category` [ RunTime:0.001753s ]
[2026-06-12T18:23:09+08:00][sql] SELECT * FROM `cmf_product_category` WHERE  `parent_id` = 0 ORDER BY `list_order` ASC,`create_time` DESC [ RunTime:0.000599s ]
[2026-06-12T18:23:09+08:00][sql] SELECT * FROM `cmf_product_category` WHERE  `parent_id` IN (28,19,22,23,25,30,27) [ RunTime:0.000445s ]
[2026-06-12T18:23:09+08:00][sql] SHOW FULL COLUMNS FROM `cmf_portal_category` [ RunTime:0.001364s ]
[2026-06-12T18:23:09+08:00][sql] SELECT * FROM `cmf_portal_category` WHERE (  `type` = 8 ) AND `cmf_portal_category`.`delete_time` = '0' ORDER BY `list_order` ASC [ RunTime:0.000441s ]
[2026-06-12T18:23:09+08:00][sql] SHOW FULL COLUMNS FROM `cmf_slide_item` [ RunTime:0.001273s ]
[2026-06-12T18:23:09+08:00][sql] SELECT `title`,`description`,`image` FROM `cmf_slide_item` WHERE  `slide_id` = 3  AND `status` = 1 ORDER BY `list_order` ASC,`id` DESC LIMIT 1 [ RunTime:0.000620s ]
[2026-06-12T18:23:09+08:00][sql] SHOW FULL COLUMNS FROM `cmf_portal_post` [ RunTime:0.002026s ]
[2026-06-12T18:23:09+08:00][sql] SELECT COUNT(*) AS think_count FROM `cmf_portal_post` WHERE (  `post_type` = 3 ) AND `cmf_portal_post`.`delete_time` = '0' LIMIT 1 [ RunTime:0.000784s ]
[2026-06-12T18:23:09+08:00][sql] SELECT `id`,`more`,`post_title`,`post_excerpt` FROM `cmf_portal_post` WHERE (  `post_type` = 3 ) AND `cmf_portal_post`.`delete_time` = '0' ORDER BY `create_time` DESC LIMIT 0,6 [ RunTime:0.000467s ]
[2026-06-12T18:23:09+08:00][sql] SHOW FULL COLUMNS FROM `cmf_theme_file` [ RunTime:0.001651s ]
[2026-06-12T18:23:09+08:00][sql] SELECT `more`,`file`,`id` FROM `cmf_theme_file` WHERE  `theme` = 'simpleboot3'  AND (  `is_public` = 1 OR `file` = 'portal/industries' ) ORDER BY `is_public` DESC [ RunTime:0.000520s ]
[2026-06-12T18:23:09+08:00][sql] SELECT `option_value` FROM `cmf_option` WHERE  `option_name` = 'storage' LIMIT 1 [ RunTime:0.000561s ]
[2026-06-12T18:23:22+08:00][sql] CONNECT:[ UseTime:0.001398s ] mysql:host=127.0.0.1;port=3306;dbname=nucleon;charset=utf8mb4
[2026-06-12T18:23:22+08:00][sql] SHOW FULL COLUMNS FROM `cmf_option` [ RunTime:0.001761s ]
[2026-06-12T18:23:22+08:00][sql] SELECT `option_value` FROM `cmf_option` WHERE  `option_name` = 'cdn_settings' LIMIT 1 [ RunTime:0.000560s ]
[2026-06-12T18:23:22+08:00][sql] SELECT `option_value` FROM `cmf_option` WHERE  `option_name` = 'cdn_settings' LIMIT 1 [ RunTime:0.000641s ]
[2026-06-12T18:23:22+08:00][sql] SHOW FULL COLUMNS FROM `cmf_product_category` [ RunTime:0.001622s ]
[2026-06-12T18:23:22+08:00][sql] SELECT * FROM `cmf_product_category` WHERE  `parent_id` = 0 ORDER BY `list_order` ASC,`create_time` DESC [ RunTime:0.000768s ]
[2026-06-12T18:23:22+08:00][sql] SELECT * FROM `cmf_product_category` WHERE  `parent_id` IN (28,19,22,23,25,30,27) [ RunTime:0.000438s ]
[2026-06-12T18:23:22+08:00][sql] SHOW FULL COLUMNS FROM `cmf_portal_category` [ RunTime:0.001970s ]
[2026-06-12T18:23:22+08:00][sql] SELECT * FROM `cmf_portal_category` WHERE (  `type` = 8 ) AND `cmf_portal_category`.`delete_time` = '0' ORDER BY `list_order` ASC [ RunTime:0.001461s ]
[2026-06-12T18:23:22+08:00][sql] SHOW FULL COLUMNS FROM `cmf_slide_item` [ RunTime:0.001665s ]
[2026-06-12T18:23:22+08:00][sql] SELECT `title`,`description`,`image` FROM `cmf_slide_item` WHERE  `slide_id` = 4  AND `status` = 1 ORDER BY `list_order` ASC,`id` DESC LIMIT 1 [ RunTime:0.000699s ]
[2026-06-12T18:23:22+08:00][sql] SHOW FULL COLUMNS FROM `cmf_theme_file` [ RunTime:0.001112s ]
[2026-06-12T18:23:22+08:00][sql] SELECT `more`,`file`,`id` FROM `cmf_theme_file` WHERE  `theme` = 'simpleboot3'  AND (  `is_public` = 1 OR `file` = 'portal/create' ) ORDER BY `is_public` DESC [ RunTime:0.000562s ]
[2026-06-12T18:23:22+08:00][sql] SELECT `option_value` FROM `cmf_option` WHERE  `option_name` = 'storage' LIMIT 1 [ RunTime:0.000458s ]
[2026-06-12T18:23:33+08:00][sql] CONNECT:[ UseTime:0.000856s ] mysql:host=127.0.0.1;port=3306;dbname=nucleon;charset=utf8mb4
[2026-06-12T18:23:33+08:00][sql] SHOW FULL COLUMNS FROM `cmf_option` [ RunTime:0.001310s ]
[2026-06-12T18:23:33+08:00][sql] SELECT `option_value` FROM `cmf_option` WHERE  `option_name` = 'cdn_settings' LIMIT 1 [ RunTime:0.000273s ]
[2026-06-12T18:23:33+08:00][sql] SELECT `option_value` FROM `cmf_option` WHERE  `option_name` = 'cdn_settings' LIMIT 1 [ RunTime:0.000374s ]
[2026-06-12T18:23:33+08:00][sql] SHOW FULL COLUMNS FROM `cmf_product_category` [ RunTime:0.001136s ]
[2026-06-12T18:23:33+08:00][sql] SELECT * FROM `cmf_product_category` WHERE  `parent_id` = 0 ORDER BY `list_order` ASC,`create_time` DESC [ RunTime:0.000408s ]
[2026-06-12T18:23:33+08:00][sql] SELECT * FROM `cmf_product_category` WHERE  `parent_id` IN (28,19,22,23,25,30,27) [ RunTime:0.000322s ]
[2026-06-12T18:23:33+08:00][sql] SHOW FULL COLUMNS FROM `cmf_portal_category` [ RunTime:0.001325s ]
[2026-06-12T18:23:33+08:00][sql] SELECT * FROM `cmf_portal_category` WHERE (  `type` = 8 ) AND `cmf_portal_category`.`delete_time` = '0' ORDER BY `list_order` ASC [ RunTime:0.000631s ]
[2026-06-12T18:23:33+08:00][sql] SHOW FULL COLUMNS FROM `cmf_slide_item` [ RunTime:0.001077s ]
[2026-06-12T18:23:33+08:00][sql] SELECT `title`,`description`,`image` FROM `cmf_slide_item` WHERE  `slide_id` = 4  AND `status` = 1 ORDER BY `list_order` ASC,`id` DESC LIMIT 1 [ RunTime:0.000401s ]
[2026-06-12T18:23:33+08:00][sql] SHOW FULL COLUMNS FROM `cmf_theme_file` [ RunTime:0.000979s ]
[2026-06-12T18:23:33+08:00][sql] SELECT `more`,`file`,`id` FROM `cmf_theme_file` WHERE  `theme` = 'simpleboot3'  AND (  `is_public` = 1 OR `file` = 'portal/about' ) ORDER BY `is_public` DESC [ RunTime:0.000501s ]
[2026-06-12T18:23:33+08:00][sql] SELECT `option_value` FROM `cmf_option` WHERE  `option_name` = 'storage' LIMIT 1 [ RunTime:0.000486s ]
[2026-06-12T18:23:47+08:00][sql] CONNECT:[ UseTime:0.001264s ] mysql:host=127.0.0.1;port=3306;dbname=nucleon;charset=utf8mb4
[2026-06-12T18:23:47+08:00][sql] SHOW FULL COLUMNS FROM `cmf_option` [ RunTime:0.001442s ]
[2026-06-12T18:23:47+08:00][sql] SELECT `option_value` FROM `cmf_option` WHERE  `option_name` = 'cdn_settings' LIMIT 1 [ RunTime:0.000324s ]
[2026-06-12T18:23:47+08:00][sql] SELECT `option_value` FROM `cmf_option` WHERE  `option_name` = 'cdn_settings' LIMIT 1 [ RunTime:0.000315s ]
[2026-06-12T18:23:47+08:00][sql] SHOW FULL COLUMNS FROM `cmf_product_category` [ RunTime:0.001121s ]
[2026-06-12T18:23:47+08:00][sql] SELECT * FROM `cmf_product_category` WHERE  `parent_id` = 0 ORDER BY `list_order` ASC,`create_time` DESC [ RunTime:0.001228s ]
[2026-06-12T18:23:47+08:00][sql] SELECT * FROM `cmf_product_category` WHERE  `parent_id` IN (28,19,22,23,25,30,27) [ RunTime:0.000332s ]
[2026-06-12T18:23:47+08:00][sql] SHOW FULL COLUMNS FROM `cmf_portal_category` [ RunTime:0.001392s ]
[2026-06-12T18:23:47+08:00][sql] SELECT * FROM `cmf_portal_category` WHERE (  `type` = 8 ) AND `cmf_portal_category`.`delete_time` = '0' ORDER BY `list_order` ASC [ RunTime:0.000684s ]
[2026-06-12T18:23:47+08:00][sql] SHOW FULL COLUMNS FROM `cmf_product` [ RunTime:0.001352s ]
[2026-06-12T18:23:47+08:00][sql] SELECT COUNT(*) AS think_count FROM `cmf_product` WHERE  `category_id` = 28 LIMIT 1 [ RunTime:0.000656s ]
[2026-06-12T18:23:47+08:00][sql] SELECT COUNT(*) AS think_count FROM `cmf_product` WHERE  `category_id` = 19 LIMIT 1 [ RunTime:0.000424s ]
[2026-06-12T18:23:47+08:00][sql] SELECT COUNT(*) AS think_count FROM `cmf_product` WHERE  `category_id` = 22 LIMIT 1 [ RunTime:0.000283s ]
[2026-06-12T18:23:47+08:00][sql] SELECT COUNT(*) AS think_count FROM `cmf_product` WHERE  `category_id` = 23 LIMIT 1 [ RunTime:0.000269s ]
[2026-06-12T18:23:47+08:00][sql] SELECT COUNT(*) AS think_count FROM `cmf_product` WHERE  `category_id` = 25 LIMIT 1 [ RunTime:0.000268s ]
[2026-06-12T18:23:47+08:00][sql] SELECT COUNT(*) AS think_count FROM `cmf_product` WHERE  `category_id` = 30 LIMIT 1 [ RunTime:0.000250s ]
[2026-06-12T18:23:47+08:00][sql] SELECT COUNT(*) AS think_count FROM `cmf_product` WHERE  `category_id` = 27 LIMIT 1 [ RunTime:0.000230s ]
[2026-06-12T18:23:47+08:00][sql] SELECT COUNT(*) AS think_count FROM `cmf_product` LIMIT 1 [ RunTime:0.000255s ]
[2026-06-12T18:23:47+08:00][sql] SELECT `id`,`category_id`,`title`,`thumbnail`,`industry`,`overview` FROM `cmf_product` ORDER BY `list_order` ASC,`create_time` DESC LIMIT 0,12 [ RunTime:0.001428s ]
[2026-06-12T18:23:47+08:00][sql] SHOW FULL COLUMNS FROM `cmf_slide_item` [ RunTime:0.001746s ]
[2026-06-12T18:23:47+08:00][sql] SELECT `title`,`description`,`image` FROM `cmf_slide_item` WHERE  `slide_id` = 2  AND `status` = 1 ORDER BY `list_order` ASC,`id` DESC LIMIT 1 [ RunTime:0.000827s ]
[2026-06-12T18:23:47+08:00][sql] SELECT `option_value` FROM `cmf_option` WHERE  `option_name` = 'storage' LIMIT 1 [ RunTime:0.000596s ]
[2026-06-12T18:23:47+08:00][sql] SELECT `option_value` FROM `cmf_option` WHERE  `option_name` = 'product_category_faq_settings' LIMIT 1 [ RunTime:0.000660s ]
[2026-06-12T18:23:47+08:00][sql] SHOW FULL COLUMNS FROM `cmf_portal_post` [ RunTime:0.002229s ]
[2026-06-12T18:23:47+08:00][sql] SELECT `id`,`post_title`,`post_excerpt`,`more` FROM `cmf_portal_post` WHERE (  `post_type` = 3 ) AND `cmf_portal_post`.`delete_time` = '0' ORDER BY `create_time` DESC [ RunTime:0.000769s ]
[2026-06-12T18:23:47+08:00][sql] SHOW FULL COLUMNS FROM `cmf_theme_file` [ RunTime:0.001051s ]
[2026-06-12T18:23:47+08:00][sql] SELECT `more`,`file`,`id` FROM `cmf_theme_file` WHERE  `theme` = 'simpleboot3'  AND (  `is_public` = 1 OR `file` = 'portal/product' ) ORDER BY `is_public` DESC [ RunTime:0.000894s ]
[2026-06-12T18:23:57+08:00][sql] CONNECT:[ UseTime:0.000922s ] mysql:host=127.0.0.1;port=3306;dbname=nucleon;charset=utf8mb4
[2026-06-12T18:23:57+08:00][sql] SHOW FULL COLUMNS FROM `cmf_option` [ RunTime:0.001342s ]
[2026-06-12T18:23:57+08:00][sql] SELECT `option_value` FROM `cmf_option` WHERE  `option_name` = 'cdn_settings' LIMIT 1 [ RunTime:0.000480s ]
[2026-06-12T18:23:57+08:00][sql] SELECT `option_value` FROM `cmf_option` WHERE  `option_name` = 'cdn_settings' LIMIT 1 [ RunTime:0.000368s ]
[2026-06-12T18:24:41+08:00][sql] CONNECT:[ UseTime:0.000965s ] mysql:host=127.0.0.1;port=3306;dbname=nucleon;charset=utf8mb4
[2026-06-12T18:24:41+08:00][sql] SHOW FULL COLUMNS FROM `cmf_option` [ RunTime:0.002550s ]
[2026-06-12T18:24:41+08:00][sql] SELECT `option_value` FROM `cmf_option` WHERE  `option_name` = 'cdn_settings' LIMIT 1 [ RunTime:0.000354s ]
[2026-06-12T18:24:41+08:00][sql] SELECT `option_value` FROM `cmf_option` WHERE  `option_name` = 'cdn_settings' LIMIT 1 [ RunTime:0.000563s ]
[2026-06-12T18:24:41+08:00][sql] SHOW FULL COLUMNS FROM `cmf_product_category` [ RunTime:0.001295s ]
[2026-06-12T18:24:41+08:00][sql] SELECT * FROM `cmf_product_category` WHERE  `parent_id` = 0 ORDER BY `list_order` ASC,`create_time` DESC [ RunTime:0.000803s ]
[2026-06-12T18:24:41+08:00][sql] SELECT * FROM `cmf_product_category` WHERE  `parent_id` IN (28,19,22,23,25,30,27) [ RunTime:0.000339s ]
[2026-06-12T18:24:41+08:00][sql] SHOW FULL COLUMNS FROM `cmf_portal_category` [ RunTime:0.001260s ]
[2026-06-12T18:24:41+08:00][sql] SELECT * FROM `cmf_portal_category` WHERE (  `type` = 8 ) AND `cmf_portal_category`.`delete_time` = '0' ORDER BY `list_order` ASC [ RunTime:0.000513s ]
[2026-06-12T18:24:41+08:00][sql] SHOW FULL COLUMNS FROM `cmf_slide_item` [ RunTime:0.000994s ]
[2026-06-12T18:24:41+08:00][sql] SELECT `title`,`description`,`image` FROM `cmf_slide_item` WHERE  `slide_id` = 6  AND `status` = 1 ORDER BY `list_order` ASC,`id` DESC LIMIT 1 [ RunTime:0.000461s ]
[2026-06-12T18:24:41+08:00][sql] SELECT `option_value` FROM `cmf_option` WHERE  `option_name` = 'service_site' LIMIT 1 [ RunTime:0.000319s ]
[2026-06-12T18:24:41+08:00][sql] SHOW FULL COLUMNS FROM `cmf_portal_post` [ RunTime:0.001626s ]
[2026-06-12T18:24:41+08:00][sql] SELECT `id`,`post_title`,`more` FROM `cmf_portal_post` WHERE (  `post_type` = 4 ) AND `cmf_portal_post`.`delete_time` = '0' [ RunTime:0.000580s ]
[2026-06-12T18:24:41+08:00][sql] SHOW FULL COLUMNS FROM `cmf_theme_file` [ RunTime:0.001031s ]
[2026-06-12T18:24:41+08:00][sql] SELECT `more`,`file`,`id` FROM `cmf_theme_file` WHERE  `theme` = 'simpleboot3'  AND (  `is_public` = 1 OR `file` = 'portal/service' ) ORDER BY `is_public` DESC [ RunTime:0.000449s ]
[2026-06-12T18:24:41+08:00][sql] SELECT `option_value` FROM `cmf_option` WHERE  `option_name` = 'storage' LIMIT 1 [ RunTime:0.000608s ]
[2026-06-12T18:25:11+08:00][sql] CONNECT:[ UseTime:0.001125s ] mysql:host=127.0.0.1;port=3306;dbname=nucleon;charset=utf8mb4
[2026-06-12T18:25:11+08:00][sql] SHOW FULL COLUMNS FROM `cmf_option` [ RunTime:0.001359s ]
[2026-06-12T18:25:11+08:00][sql] SELECT `option_value` FROM `cmf_option` WHERE  `option_name` = 'cdn_settings' LIMIT 1 [ RunTime:0.000247s ]
[2026-06-12T18:25:11+08:00][sql] SELECT `option_value` FROM `cmf_option` WHERE  `option_name` = 'cdn_settings' LIMIT 1 [ RunTime:0.000473s ]
[2026-06-12T18:26:28+08:00][sql] CONNECT:[ UseTime:0.001221s ] mysql:host=127.0.0.1;port=3306;dbname=nucleon;charset=utf8mb4
[2026-06-12T18:26:28+08:00][sql] SHOW FULL COLUMNS FROM `cmf_hook` [ RunTime:0.001782s ]
[2026-06-12T18:26:28+08:00][sql] SELECT `hook`,`id` FROM `cmf_hook` WHERE  (  (  `app` = '' OR `app` = 'cmf' )  AND `type` = 3 ) OR `type` = 1 [ RunTime:0.000617s ]
[2026-06-12T18:26:28+08:00][sql] SHOW FULL COLUMNS FROM `cmf_hook_plugin` [ RunTime:0.000987s ]
[2026-06-12T18:26:28+08:00][sql] SELECT `hook`,`plugin` FROM `cmf_hook_plugin` WHERE  `status` = 1  AND `hook` IN ('app_begin','module_init','action_begin','view_filter','app_end','log_write','response_end','admin_init','home_init','send_mobile_verification_code','body_start','before_head_end','footer_start','before_footer','before_footer_end','before_body_end','left_sidebar_start','before_left_sidebar_end','right_sidebar_start','before_right_sidebar_end','comment','guestbook','switch_theme','after_content','before_content','log_write_done','switch_admin_theme','captcha_image','user_login_start') ORDER BY `list_order` ASC [ RunTime:0.000551s ]
[2026-06-12T18:26:28+08:00][sql] SELECT `hook` FROM `cmf_hook` WHERE  `app` = 'portal' [ RunTime:0.000701s ]
[2026-06-12T18:26:28+08:00][sql] SELECT `hook`,`plugin` FROM `cmf_hook_plugin` WHERE  `status` = 1  AND `hook` IN ('portal_before_assign_article','portal_admin_after_save_article','portal_admin_article_index_view','portal_admin_article_add_view','portal_admin_article_edit_view','portal_admin_category_index_view','portal_admin_category_add_view','portal_admin_category_edit_view','portal_admin_page_index_view','portal_admin_page_add_view','portal_admin_page_edit_view','portal_admin_tag_index_view','portal_admin_article_edit_view_right_sidebar','portal_admin_article_edit_view_main') ORDER BY `list_order` ASC [ RunTime:0.000447s ]
[2026-06-12T18:26:28+08:00][sql] SHOW FULL COLUMNS FROM `cmf_plugin` [ RunTime:0.001670s ]
[2026-06-12T18:26:28+08:00][sql] SELECT `config` FROM `cmf_plugin` WHERE  `name` = 'SwitchTheme' LIMIT 1 [ RunTime:0.000846s ]
[2026-06-12T18:26:28+08:00][sql] SHOW FULL COLUMNS FROM `cmf_option` [ RunTime:0.002070s ]
[2026-06-12T18:26:28+08:00][sql] SELECT `option_value` FROM `cmf_option` WHERE  `option_name` = 'cdn_settings' LIMIT 1 [ RunTime:0.000384s ]
[2026-06-12T18:26:28+08:00][sql] SELECT `option_value` FROM `cmf_option` WHERE  `option_name` = 'cdn_settings' LIMIT 1 [ RunTime:0.000875s ]
[2026-06-12T18:26:28+08:00][sql] SHOW FULL COLUMNS FROM `cmf_portal_post` [ RunTime:0.001707s ]
[2026-06-12T18:26:28+08:00][sql] SELECT `id`,`post_title`,`update_time`,`create_time` FROM `cmf_portal_post` WHERE (  `post_type` = 3  AND ( delete_time IS NULL OR delete_time = 0 ) ) AND `cmf_portal_post`.`delete_time` = '0' [ RunTime:0.000634s ]
[2026-06-12T18:26:28+08:00][sql] SHOW FULL COLUMNS FROM `cmf_route` [ RunTime:0.001037s ]
[2026-06-12T18:26:28+08:00][sql] SELECT * FROM `cmf_route` WHERE  `full_url` LIKE 'portal/index/industries_info%' [ RunTime:0.000702s ]
[2026-06-12T18:26:47+08:00][sql] CONNECT:[ UseTime:0.001090s ] mysql:host=127.0.0.1;port=3306;dbname=nucleon;charset=utf8mb4
[2026-06-12T18:26:47+08:00][sql] SHOW FULL COLUMNS FROM `cmf_option` [ RunTime:0.001653s ]
[2026-06-12T18:26:47+08:00][sql] SELECT `option_value` FROM `cmf_option` WHERE  `option_name` = 'cdn_settings' LIMIT 1 [ RunTime:0.000369s ]
[2026-06-12T18:26:47+08:00][sql] SELECT `option_value` FROM `cmf_option` WHERE  `option_name` = 'cdn_settings' LIMIT 1 [ RunTime:0.000323s ]
[2026-06-12T18:26:47+08:00][sql] SHOW FULL COLUMNS FROM `cmf_product_category` [ RunTime:0.001461s ]
[2026-06-12T18:26:47+08:00][sql] SELECT * FROM `cmf_product_category` WHERE  `parent_id` = 0 ORDER BY `list_order` ASC,`create_time` DESC [ RunTime:0.000443s ]
[2026-06-12T18:26:47+08:00][sql] SELECT * FROM `cmf_product_category` WHERE  `parent_id` IN (28,19,22,23,25,30,27) [ RunTime:0.000445s ]
[2026-06-12T18:26:47+08:00][sql] SHOW FULL COLUMNS FROM `cmf_portal_category` [ RunTime:0.001709s ]
[2026-06-12T18:26:47+08:00][sql] SELECT * FROM `cmf_portal_category` WHERE (  `type` = 8 ) AND `cmf_portal_category`.`delete_time` = '0' ORDER BY `list_order` ASC [ RunTime:0.000745s ]
[2026-06-12T18:26:47+08:00][sql] SELECT `option_value` FROM `cmf_option` WHERE  `option_name` = 'site_info' LIMIT 1 [ RunTime:0.000371s ]
[2026-06-12T18:26:47+08:00][sql] SHOW FULL COLUMNS FROM `cmf_slide_item` [ RunTime:0.001390s ]
[2026-06-12T18:26:47+08:00][sql] SELECT `title`,`description`,`image` FROM `cmf_slide_item` WHERE  `slide_id` = 3  AND `status` = 1 ORDER BY `list_order` ASC,`id` DESC LIMIT 1 [ RunTime:0.000436s ]
[2026-06-12T18:26:47+08:00][sql] SHOW FULL COLUMNS FROM `cmf_portal_post` [ RunTime:0.001277s ]
[2026-06-12T18:26:47+08:00][sql] SELECT COUNT(*) AS think_count FROM `cmf_portal_post` WHERE (  `post_type` = 3 ) AND `cmf_portal_post`.`delete_time` = '0' LIMIT 1 [ RunTime:0.000495s ]
[2026-06-12T18:26:47+08:00][sql] SELECT `id`,`more`,`post_title`,`post_excerpt` FROM `cmf_portal_post` WHERE (  `post_type` = 3 ) AND `cmf_portal_post`.`delete_time` = '0' ORDER BY `create_time` DESC LIMIT 0,6 [ RunTime:0.000408s ]
[2026-06-12T18:26:47+08:00][sql] SHOW FULL COLUMNS FROM `cmf_theme_file` [ RunTime:0.001175s ]
[2026-06-12T18:26:47+08:00][sql] SELECT `more`,`file`,`id` FROM `cmf_theme_file` WHERE  `theme` = 'simpleboot3'  AND (  `is_public` = 1 OR `file` = 'portal/industries' ) ORDER BY `is_public` DESC [ RunTime:0.000533s ]
[2026-06-12T18:26:47+08:00][sql] SHOW FULL COLUMNS FROM `cmf_route` [ RunTime:0.001069s ]
[2026-06-12T18:26:47+08:00][sql] SELECT * FROM `cmf_route` WHERE  `status` = 1 ORDER BY `list_order` ASC [ RunTime:0.000626s ]
[2026-06-12T18:26:47+08:00][sql] SELECT `option_value` FROM `cmf_option` WHERE  `option_name` = 'storage' LIMIT 1 [ RunTime:0.000456s ]
[2026-06-12T18:26:56+08:00][sql] CONNECT:[ UseTime:0.012905s ] mysql:host=127.0.0.1;port=3306;dbname=nucleon;charset=utf8mb4
[2026-06-12T18:26:56+08:00][sql] SHOW FULL COLUMNS FROM `cmf_option` [ RunTime:0.001841s ]
[2026-06-12T18:26:56+08:00][sql] SELECT `option_value` FROM `cmf_option` WHERE  `option_name` = 'cdn_settings' LIMIT 1 [ RunTime:0.000397s ]
[2026-06-12T18:26:56+08:00][sql] SELECT `option_value` FROM `cmf_option` WHERE  `option_name` = 'cdn_settings' LIMIT 1 [ RunTime:0.000576s ]
[2026-06-12T18:26:56+08:00][sql] SHOW FULL COLUMNS FROM `cmf_portal_post` [ RunTime:0.001905s ]
[2026-06-12T18:26:56+08:00][sql] SELECT `id`,`post_title`,`update_time`,`create_time` FROM `cmf_portal_post` WHERE (  `post_type` = 8  AND ( delete_time IS NULL OR delete_time = 0 ) ) AND `cmf_portal_post`.`delete_time` = '0' [ RunTime:0.000652s ]
[2026-06-12T18:26:56+08:00][sql] SHOW FULL COLUMNS FROM `cmf_route` [ RunTime:0.001282s ]
[2026-06-12T18:26:56+08:00][sql] SELECT * FROM `cmf_route` WHERE  `full_url` LIKE 'portal/index/news_info%' [ RunTime:0.000690s ]
[2026-06-12T18:27:08+08:00][sql] CONNECT:[ UseTime:0.018209s ] mysql:host=127.0.0.1;port=3306;dbname=nucleon;charset=utf8mb4
[2026-06-12T18:27:08+08:00][sql] SHOW FULL COLUMNS FROM `cmf_option` [ RunTime:0.003525s ]
[2026-06-12T18:27:08+08:00][sql] SELECT `option_value` FROM `cmf_option` WHERE  `option_name` = 'cdn_settings' LIMIT 1 [ RunTime:0.000577s ]
[2026-06-12T18:27:08+08:00][sql] SELECT `option_value` FROM `cmf_option` WHERE  `option_name` = 'cdn_settings' LIMIT 1 [ RunTime:0.000540s ]
[2026-06-12T18:27:09+08:00][sql] CONNECT:[ UseTime:0.001464s ] mysql:host=127.0.0.1;port=3306;dbname=nucleon;charset=utf8mb4
[2026-06-12T18:27:09+08:00][sql] SHOW FULL COLUMNS FROM `cmf_option` [ RunTime:0.001510s ]
[2026-06-12T18:27:09+08:00][sql] SELECT `option_value` FROM `cmf_option` WHERE  `option_name` = 'cdn_settings' LIMIT 1 [ RunTime:0.000280s ]
[2026-06-12T18:27:09+08:00][sql] SELECT `option_value` FROM `cmf_option` WHERE  `option_name` = 'cdn_settings' LIMIT 1 [ RunTime:0.000257s ]
[2026-06-12T18:27:15+08:00][sql] CONNECT:[ UseTime:0.001076s ] mysql:host=127.0.0.1;port=3306;dbname=nucleon;charset=utf8mb4
[2026-06-12T18:27:15+08:00][sql] SHOW FULL COLUMNS FROM `cmf_option` [ RunTime:0.001553s ]
[2026-06-12T18:27:15+08:00][sql] SELECT `option_value` FROM `cmf_option` WHERE  `option_name` = 'cdn_settings' LIMIT 1 [ RunTime:0.000305s ]
[2026-06-12T18:27:15+08:00][sql] SELECT `option_value` FROM `cmf_option` WHERE  `option_name` = 'cdn_settings' LIMIT 1 [ RunTime:0.000491s ]
[2026-06-12T18:27:15+08:00][sql] SHOW FULL COLUMNS FROM `cmf_product` [ RunTime:0.001948s ]
[2026-06-12T18:27:15+08:00][sql] SELECT `id`,`alias`,`update_time`,`create_time` FROM `cmf_product` WHERE  ( delete_time IS NULL OR delete_time = 0 )  AND `alias` <> '' [ RunTime:0.001226s ]
[2026-06-12T18:27:28+08:00][sql] CONNECT:[ UseTime:0.000850s ] mysql:host=127.0.0.1;port=3306;dbname=nucleon;charset=utf8mb4
[2026-06-12T18:27:28+08:00][sql] SHOW FULL COLUMNS FROM `cmf_option` [ RunTime:0.001297s ]
[2026-06-12T18:27:28+08:00][sql] SELECT `option_value` FROM `cmf_option` WHERE  `option_name` = 'cdn_settings' LIMIT 1 [ RunTime:0.000296s ]
[2026-06-12T18:27:28+08:00][sql] SELECT `option_value` FROM `cmf_option` WHERE  `option_name` = 'cdn_settings' LIMIT 1 [ RunTime:0.000410s ]
[2026-06-12T18:27:36+08:00][sql] CONNECT:[ UseTime:0.000791s ] mysql:host=127.0.0.1;port=3306;dbname=nucleon;charset=utf8mb4
[2026-06-12T18:27:36+08:00][sql] SHOW FULL COLUMNS FROM `cmf_option` [ RunTime:0.002239s ]
[2026-06-12T18:27:36+08:00][sql] SELECT `option_value` FROM `cmf_option` WHERE  `option_name` = 'cdn_settings' LIMIT 1 [ RunTime:0.000270s ]
[2026-06-12T18:27:36+08:00][sql] SELECT `option_value` FROM `cmf_option` WHERE  `option_name` = 'cdn_settings' LIMIT 1 [ RunTime:0.000304s ]
[2026-06-12T18:27:36+08:00][sql] SHOW FULL COLUMNS FROM `cmf_product_category` [ RunTime:0.001098s ]
[2026-06-12T18:27:36+08:00][sql] SELECT * FROM `cmf_product_category` WHERE  `parent_id` = 0 ORDER BY `list_order` ASC,`create_time` DESC [ RunTime:0.000343s ]
[2026-06-12T18:27:36+08:00][sql] SELECT * FROM `cmf_product_category` WHERE  `parent_id` IN (28,19,22,23,25,30,27) [ RunTime:0.000306s ]
[2026-06-12T18:27:36+08:00][sql] SHOW FULL COLUMNS FROM `cmf_portal_category` [ RunTime:0.001419s ]
[2026-06-12T18:27:36+08:00][sql] SELECT * FROM `cmf_portal_category` WHERE (  `type` = 8 ) AND `cmf_portal_category`.`delete_time` = '0' ORDER BY `list_order` ASC [ RunTime:0.000375s ]
[2026-06-12T18:27:36+08:00][sql] SELECT * FROM `cmf_portal_category` WHERE (  `id` = 0  AND `status` = 1 ) AND `cmf_portal_category`.`delete_time` = '0' LIMIT 1 [ RunTime:0.000368s ]
[2026-06-12T18:27:36+08:00][sql] SHOW FULL COLUMNS FROM `cmf_slide_item` [ RunTime:0.001074s ]
[2026-06-12T18:27:36+08:00][sql] SELECT `title`,`description`,`image` FROM `cmf_slide_item` WHERE  `slide_id` = 3  AND `status` = 1 ORDER BY `list_order` ASC,`id` DESC LIMIT 1 [ RunTime:0.000394s ]
[2026-06-12T18:27:36+08:00][sql] SHOW FULL COLUMNS FROM `cmf_portal_post` [ RunTime:0.001219s ]
[2026-06-12T18:27:36+08:00][sql] UPDATE `cmf_portal_post`  SET `post_hits` = `post_hits` + 1  WHERE (  `id` = 23 ) AND `cmf_portal_post`.`delete_time` = '0' [ RunTime:0.004188s ]
[2026-06-12T18:27:36+08:00][sql] SELECT * FROM `cmf_portal_post` WHERE (  `post_type` = 3  AND `delete_time` = 0  AND `id` = 23 ) AND `cmf_portal_post`.`delete_time` = '0' LIMIT 1 [ RunTime:0.000380s ]
[2026-06-12T18:27:36+08:00][sql] SELECT * FROM `cmf_portal_post` WHERE (  `post_type` = 3  AND `delete_time` = 0  AND `id` < 23 ) AND `cmf_portal_post`.`delete_time` = '0' ORDER BY `id` DESC LIMIT 1 [ RunTime:0.000756s ]
[2026-06-12T18:27:36+08:00][sql] SELECT * FROM `cmf_portal_post` WHERE (  `post_type` = 3  AND `delete_time` = 0  AND `id` > 23 ) AND `cmf_portal_post`.`delete_time` = '0' ORDER BY `id` ASC LIMIT 1 [ RunTime:0.000501s ]
[2026-06-12T18:27:36+08:00][sql] SHOW FULL COLUMNS FROM `cmf_theme_file` [ RunTime:0.001356s ]
[2026-06-12T18:27:36+08:00][sql] SELECT `more`,`file`,`id` FROM `cmf_theme_file` WHERE  `theme` = 'simpleboot3'  AND (  `is_public` = 1 OR `file` = 'portal/industries-info' ) ORDER BY `is_public` DESC [ RunTime:0.000422s ]
[2026-06-12T18:27:36+08:00][sql] SELECT `option_value` FROM `cmf_option` WHERE  `option_name` = 'storage' LIMIT 1 [ RunTime:0.000422s ]
[2026-06-12T18:27:44+08:00][sql] CONNECT:[ UseTime:0.001451s ] mysql:host=127.0.0.1;port=3306;dbname=nucleon;charset=utf8mb4
[2026-06-12T18:27:44+08:00][sql] SHOW FULL COLUMNS FROM `cmf_option` [ RunTime:0.002335s ]
[2026-06-12T18:27:44+08:00][sql] SELECT `option_value` FROM `cmf_option` WHERE  `option_name` = 'cdn_settings' LIMIT 1 [ RunTime:0.000983s ]
[2026-06-12T18:27:44+08:00][sql] SELECT `option_value` FROM `cmf_option` WHERE  `option_name` = 'cdn_settings' LIMIT 1 [ RunTime:0.001109s ]
[2026-06-12T18:27:54+08:00][sql] CONNECT:[ UseTime:0.000836s ] mysql:host=127.0.0.1;port=3306;dbname=nucleon;charset=utf8mb4
[2026-06-12T18:27:54+08:00][sql] SHOW FULL COLUMNS FROM `cmf_option` [ RunTime:0.003383s ]
[2026-06-12T18:27:54+08:00][sql] SELECT `option_value` FROM `cmf_option` WHERE  `option_name` = 'cdn_settings' LIMIT 1 [ RunTime:0.000403s ]
[2026-06-12T18:27:54+08:00][sql] SELECT `option_value` FROM `cmf_option` WHERE  `option_name` = 'cdn_settings' LIMIT 1 [ RunTime:0.000406s ]
[2026-06-12T18:27:54+08:00][sql] SHOW FULL COLUMNS FROM `cmf_product_category` [ RunTime:0.001281s ]
[2026-06-12T18:27:54+08:00][sql] SELECT * FROM `cmf_product_category` WHERE  `parent_id` = 0 ORDER BY `list_order` ASC,`create_time` DESC [ RunTime:0.000336s ]
[2026-06-12T18:27:54+08:00][sql] SELECT * FROM `cmf_product_category` WHERE  `parent_id` IN (28,19,22,23,25,30,27) [ RunTime:0.000325s ]
[2026-06-12T18:27:54+08:00][sql] SHOW FULL COLUMNS FROM `cmf_portal_category` [ RunTime:0.001102s ]
[2026-06-12T18:27:54+08:00][sql] SELECT * FROM `cmf_portal_category` WHERE (  `type` = 8 ) AND `cmf_portal_category`.`delete_time` = '0' ORDER BY `list_order` ASC [ RunTime:0.000464s ]
[2026-06-12T18:27:54+08:00][sql] SHOW FULL COLUMNS FROM `cmf_slide_item` [ RunTime:0.001502s ]
[2026-06-12T18:27:54+08:00][sql] SELECT `title`,`description`,`image` FROM `cmf_slide_item` WHERE  `slide_id` = 12  AND `status` = 1 ORDER BY `list_order` ASC,`id` DESC LIMIT 1 [ RunTime:0.000413s ]
[2026-06-12T18:27:54+08:00][sql] SELECT * FROM `cmf_portal_category` WHERE (  `id` = 0  AND `status` = 1 ) AND `cmf_portal_category`.`delete_time` = '0' LIMIT 1 [ RunTime:0.000297s ]
[2026-06-12T18:27:54+08:00][sql] SHOW FULL COLUMNS FROM `cmf_portal_post` [ RunTime:0.001227s ]
[2026-06-12T18:27:54+08:00][sql] SELECT COUNT(*) AS think_count FROM `cmf_portal_post` `p` LEFT JOIN `cmf_portal_category_post` `c` ON `p`.`id`=`c`.`post_id` WHERE (  `post_type` = 8 ) AND `p`.`delete_time` = '0' LIMIT 1 [ RunTime:0.000549s ]
[2026-06-12T18:27:54+08:00][sql] SELECT `p`.`id`,`p`.`post_title`,`p`.`thumbnail`,`p`.`more`,c.category_id as cid,`p`.`post_excerpt`,`p`.`create_time` FROM `cmf_portal_post` `p` LEFT JOIN `cmf_portal_category_post` `c` ON `p`.`id`=`c`.`post_id` WHERE (  `post_type` = 8 ) AND `p`.`delete_time` = '0' ORDER BY `c`.`list_order` ASC,`p`.`create_time` DESC LIMIT 0,6 [ RunTime:0.000576s ]
[2026-06-12T18:27:54+08:00][sql] SHOW FULL COLUMNS FROM `cmf_theme_file` [ RunTime:0.000828s ]
[2026-06-12T18:27:54+08:00][sql] SELECT `more`,`file`,`id` FROM `cmf_theme_file` WHERE  `theme` = 'simpleboot3'  AND (  `is_public` = 1 OR `file` = 'portal/news' ) ORDER BY `is_public` DESC [ RunTime:0.000306s ]
[2026-06-12T18:27:54+08:00][sql] SELECT `option_value` FROM `cmf_option` WHERE  `option_name` = 'storage' LIMIT 1 [ RunTime:0.000307s ]
[2026-06-12T18:27:57+08:00][sql] CONNECT:[ UseTime:0.001009s ] mysql:host=127.0.0.1;port=3306;dbname=nucleon;charset=utf8mb4
[2026-06-12T18:27:57+08:00][sql] SHOW FULL COLUMNS FROM `cmf_option` [ RunTime:0.001728s ]
[2026-06-12T18:27:57+08:00][sql] SELECT `option_value` FROM `cmf_option` WHERE  `option_name` = 'cdn_settings' LIMIT 1 [ RunTime:0.000467s ]
[2026-06-12T18:27:57+08:00][sql] SELECT `option_value` FROM `cmf_option` WHERE  `option_name` = 'cdn_settings' LIMIT 1 [ RunTime:0.000460s ]
[2026-06-12T18:27:57+08:00][sql] SHOW FULL COLUMNS FROM `cmf_product_category` [ RunTime:0.001398s ]
[2026-06-12T18:27:57+08:00][sql] SELECT * FROM `cmf_product_category` WHERE  `parent_id` = 0 ORDER BY `list_order` ASC,`create_time` DESC [ RunTime:0.000409s ]
[2026-06-12T18:27:57+08:00][sql] SELECT * FROM `cmf_product_category` WHERE  `parent_id` IN (28,19,22,23,25,30,27) [ RunTime:0.000341s ]
[2026-06-12T18:27:57+08:00][sql] SHOW FULL COLUMNS FROM `cmf_portal_category` [ RunTime:0.001777s ]
[2026-06-12T18:27:57+08:00][sql] SELECT * FROM `cmf_portal_category` WHERE (  `type` = 8 ) AND `cmf_portal_category`.`delete_time` = '0' ORDER BY `list_order` ASC [ RunTime:0.000383s ]
[2026-06-12T18:27:57+08:00][sql] SHOW FULL COLUMNS FROM `cmf_slide_item` [ RunTime:0.001866s ]
[2026-06-12T18:27:57+08:00][sql] SELECT `title`,`description`,`image` FROM `cmf_slide_item` WHERE  `slide_id` = 3  AND `status` = 1 ORDER BY `list_order` ASC,`id` DESC LIMIT 1 [ RunTime:0.000749s ]
[2026-06-12T18:27:57+08:00][sql] SHOW FULL COLUMNS FROM `cmf_portal_post` [ RunTime:0.001309s ]
[2026-06-12T18:27:57+08:00][sql] SELECT COUNT(*) AS think_count FROM `cmf_portal_post` WHERE (  `post_type` = 3 ) AND `cmf_portal_post`.`delete_time` = '0' LIMIT 1 [ RunTime:0.000408s ]
[2026-06-12T18:27:57+08:00][sql] SELECT `id`,`more`,`post_title`,`post_excerpt` FROM `cmf_portal_post` WHERE (  `post_type` = 3 ) AND `cmf_portal_post`.`delete_time` = '0' ORDER BY `create_time` DESC LIMIT 0,6 [ RunTime:0.000370s ]
[2026-06-12T18:27:57+08:00][sql] SHOW FULL COLUMNS FROM `cmf_theme_file` [ RunTime:0.001240s ]
[2026-06-12T18:27:57+08:00][sql] SELECT `more`,`file`,`id` FROM `cmf_theme_file` WHERE  `theme` = 'simpleboot3'  AND (  `is_public` = 1 OR `file` = 'portal/industries' ) ORDER BY `is_public` DESC [ RunTime:0.000464s ]
[2026-06-12T18:27:57+08:00][sql] SELECT `option_value` FROM `cmf_option` WHERE  `option_name` = 'storage' LIMIT 1 [ RunTime:0.000601s ]
[2026-06-12T18:27:58+08:00][sql] CONNECT:[ UseTime:0.000987s ] mysql:host=127.0.0.1;port=3306;dbname=nucleon;charset=utf8mb4
[2026-06-12T18:27:58+08:00][sql] SHOW FULL COLUMNS FROM `cmf_option` [ RunTime:0.001809s ]
[2026-06-12T18:27:58+08:00][sql] SELECT `option_value` FROM `cmf_option` WHERE  `option_name` = 'cdn_settings' LIMIT 1 [ RunTime:0.000318s ]
[2026-06-12T18:27:58+08:00][sql] SELECT `option_value` FROM `cmf_option` WHERE  `option_name` = 'cdn_settings' LIMIT 1 [ RunTime:0.000717s ]
[2026-06-12T18:27:58+08:00][sql] SHOW FULL COLUMNS FROM `cmf_product_category` [ RunTime:0.001371s ]
[2026-06-12T18:27:58+08:00][sql] SELECT * FROM `cmf_product_category` WHERE  `parent_id` = 0 ORDER BY `list_order` ASC,`create_time` DESC [ RunTime:0.000357s ]
[2026-06-12T18:27:58+08:00][sql] SELECT * FROM `cmf_product_category` WHERE  `parent_id` IN (28,19,22,23,25,30,27) [ RunTime:0.000426s ]
[2026-06-12T18:27:58+08:00][sql] SHOW FULL COLUMNS FROM `cmf_portal_category` [ RunTime:0.001305s ]
[2026-06-12T18:27:58+08:00][sql] SELECT * FROM `cmf_portal_category` WHERE (  `type` = 8 ) AND `cmf_portal_category`.`delete_time` = '0' ORDER BY `list_order` ASC [ RunTime:0.000409s ]
[2026-06-12T18:27:58+08:00][sql] SHOW FULL COLUMNS FROM `cmf_slide_item` [ RunTime:0.001297s ]
[2026-06-12T18:27:58+08:00][sql] SELECT `title`,`description`,`image` FROM `cmf_slide_item` WHERE  `slide_id` = 12  AND `status` = 1 ORDER BY `list_order` ASC,`id` DESC LIMIT 1 [ RunTime:0.000419s ]
[2026-06-12T18:27:58+08:00][sql] SELECT * FROM `cmf_portal_category` WHERE (  `id` = 0  AND `status` = 1 ) AND `cmf_portal_category`.`delete_time` = '0' LIMIT 1 [ RunTime:0.000344s ]
[2026-06-12T18:27:58+08:00][sql] SHOW FULL COLUMNS FROM `cmf_portal_post` [ RunTime:0.002095s ]
[2026-06-12T18:27:58+08:00][sql] SELECT COUNT(*) AS think_count FROM `cmf_portal_post` `p` LEFT JOIN `cmf_portal_category_post` `c` ON `p`.`id`=`c`.`post_id` WHERE (  `post_type` = 8 ) AND `p`.`delete_time` = '0' LIMIT 1 [ RunTime:0.000737s ]
[2026-06-12T18:27:58+08:00][sql] SELECT `p`.`id`,`p`.`post_title`,`p`.`thumbnail`,`p`.`more`,c.category_id as cid,`p`.`post_excerpt`,`p`.`create_time` FROM `cmf_portal_post` `p` LEFT JOIN `cmf_portal_category_post` `c` ON `p`.`id`=`c`.`post_id` WHERE (  `post_type` = 8 ) AND `p`.`delete_time` = '0' ORDER BY `c`.`list_order` ASC,`p`.`create_time` DESC LIMIT 0,6 [ RunTime:0.000653s ]
[2026-06-12T18:27:58+08:00][sql] SHOW FULL COLUMNS FROM `cmf_theme_file` [ RunTime:0.001772s ]
[2026-06-12T18:27:58+08:00][sql] SELECT `more`,`file`,`id` FROM `cmf_theme_file` WHERE  `theme` = 'simpleboot3'  AND (  `is_public` = 1 OR `file` = 'portal/news' ) ORDER BY `is_public` DESC [ RunTime:0.000716s ]
[2026-06-12T18:27:58+08:00][sql] SELECT `option_value` FROM `cmf_option` WHERE  `option_name` = 'storage' LIMIT 1 [ RunTime:0.000471s ]
[2026-06-12T18:28:26+08:00][sql] CONNECT:[ UseTime:0.000980s ] mysql:host=127.0.0.1;port=3306;dbname=nucleon;charset=utf8mb4
[2026-06-12T18:28:26+08:00][sql] SHOW FULL COLUMNS FROM `cmf_option` [ RunTime:0.001504s ]
[2026-06-12T18:28:26+08:00][sql] SELECT `option_value` FROM `cmf_option` WHERE  `option_name` = 'cdn_settings' LIMIT 1 [ RunTime:0.000330s ]
[2026-06-12T18:28:26+08:00][sql] SELECT `option_value` FROM `cmf_option` WHERE  `option_name` = 'cdn_settings' LIMIT 1 [ RunTime:0.000614s ]
[2026-06-12T18:28:26+08:00][sql] SHOW FULL COLUMNS FROM `cmf_product_category` [ RunTime:0.001476s ]
[2026-06-12T18:28:26+08:00][sql] SELECT * FROM `cmf_product_category` WHERE  `parent_id` = 0 ORDER BY `list_order` ASC,`create_time` DESC [ RunTime:0.000448s ]
[2026-06-12T18:28:26+08:00][sql] SELECT * FROM `cmf_product_category` WHERE  `parent_id` IN (28,19,22,23,25,30,27) [ RunTime:0.000406s ]
[2026-06-12T18:28:26+08:00][sql] SHOW FULL COLUMNS FROM `cmf_portal_category` [ RunTime:0.001337s ]
[2026-06-12T18:28:26+08:00][sql] SELECT * FROM `cmf_portal_category` WHERE (  `type` = 8 ) AND `cmf_portal_category`.`delete_time` = '0' ORDER BY `list_order` ASC [ RunTime:0.000378s ]
[2026-06-12T18:28:26+08:00][sql] SHOW FULL COLUMNS FROM `cmf_slide_item` [ RunTime:0.001181s ]
[2026-06-12T18:28:26+08:00][sql] SELECT `title`,`description`,`image` FROM `cmf_slide_item` WHERE  `slide_id` = 6  AND `status` = 1 ORDER BY `list_order` ASC,`id` DESC LIMIT 1 [ RunTime:0.000575s ]
[2026-06-12T18:28:26+08:00][sql] SELECT `option_value` FROM `cmf_option` WHERE  `option_name` = 'service_site' LIMIT 1 [ RunTime:0.000462s ]
[2026-06-12T18:28:26+08:00][sql] SHOW FULL COLUMNS FROM `cmf_portal_post` [ RunTime:0.002627s ]
[2026-06-12T18:28:26+08:00][sql] SELECT `id`,`post_title`,`more` FROM `cmf_portal_post` WHERE (  `post_type` = 4 ) AND `cmf_portal_post`.`delete_time` = '0' [ RunTime:0.000626s ]
[2026-06-12T18:28:26+08:00][sql] SHOW FULL COLUMNS FROM `cmf_theme_file` [ RunTime:0.001788s ]
[2026-06-12T18:28:26+08:00][sql] SELECT `more`,`file`,`id` FROM `cmf_theme_file` WHERE  `theme` = 'simpleboot3'  AND (  `is_public` = 1 OR `file` = 'portal/service' ) ORDER BY `is_public` DESC [ RunTime:0.000558s ]
[2026-06-12T18:28:26+08:00][sql] SELECT `option_value` FROM `cmf_option` WHERE  `option_name` = 'storage' LIMIT 1 [ RunTime:0.000886s ]
[2026-06-12T18:28:44+08:00][sql] CONNECT:[ UseTime:0.001218s ] mysql:host=127.0.0.1;port=3306;dbname=nucleon;charset=utf8mb4
[2026-06-12T18:28:44+08:00][sql] SHOW FULL COLUMNS FROM `cmf_option` [ RunTime:0.001994s ]
[2026-06-12T18:28:44+08:00][sql] SELECT `option_value` FROM `cmf_option` WHERE  `option_name` = 'cdn_settings' LIMIT 1 [ RunTime:0.000362s ]
[2026-06-12T18:28:44+08:00][sql] SELECT `option_value` FROM `cmf_option` WHERE  `option_name` = 'cdn_settings' LIMIT 1 [ RunTime:0.000866s ]
[2026-06-12T18:28:44+08:00][sql] SHOW FULL COLUMNS FROM `cmf_product_category` [ RunTime:0.002113s ]
[2026-06-12T18:28:44+08:00][sql] SELECT * FROM `cmf_product_category` WHERE  `parent_id` = 0 ORDER BY `list_order` ASC,`create_time` DESC [ RunTime:0.000586s ]
[2026-06-12T18:28:44+08:00][sql] SELECT * FROM `cmf_product_category` WHERE  `parent_id` IN (28,19,22,23,25,30,27) [ RunTime:0.000543s ]
[2026-06-12T18:28:44+08:00][sql] SHOW FULL COLUMNS FROM `cmf_portal_category` [ RunTime:0.001612s ]
[2026-06-12T18:28:44+08:00][sql] SELECT * FROM `cmf_portal_category` WHERE (  `type` = 8 ) AND `cmf_portal_category`.`delete_time` = '0' ORDER BY `list_order` ASC [ RunTime:0.001470s ]
[2026-06-12T18:28:44+08:00][sql] SHOW FULL COLUMNS FROM `cmf_slide_item` [ RunTime:0.001581s ]
[2026-06-12T18:28:44+08:00][sql] SELECT `title`,`description`,`image` FROM `cmf_slide_item` WHERE  `slide_id` = 12  AND `status` = 1 ORDER BY `list_order` ASC,`id` DESC LIMIT 1 [ RunTime:0.000603s ]
[2026-06-12T18:28:44+08:00][sql] SELECT * FROM `cmf_portal_category` WHERE (  `id` = 0  AND `status` = 1 ) AND `cmf_portal_category`.`delete_time` = '0' LIMIT 1 [ RunTime:0.000452s ]
[2026-06-12T18:28:44+08:00][sql] SHOW FULL COLUMNS FROM `cmf_portal_post` [ RunTime:0.002401s ]
[2026-06-12T18:28:44+08:00][sql] SELECT COUNT(*) AS think_count FROM `cmf_portal_post` `p` LEFT JOIN `cmf_portal_category_post` `c` ON `p`.`id`=`c`.`post_id` WHERE (  `post_type` = 8 ) AND `p`.`delete_time` = '0' LIMIT 1 [ RunTime:0.001301s ]
[2026-06-12T18:28:44+08:00][sql] SELECT `p`.`id`,`p`.`post_title`,`p`.`thumbnail`,`p`.`more`,c.category_id as cid,`p`.`post_excerpt`,`p`.`create_time` FROM `cmf_portal_post` `p` LEFT JOIN `cmf_portal_category_post` `c` ON `p`.`id`=`c`.`post_id` WHERE (  `post_type` = 8 ) AND `p`.`delete_time` = '0' ORDER BY `c`.`list_order` ASC,`p`.`create_time` DESC LIMIT 0,6 [ RunTime:0.000793s ]
[2026-06-12T18:28:44+08:00][sql] SHOW FULL COLUMNS FROM `cmf_theme_file` [ RunTime:0.001897s ]
[2026-06-12T18:28:44+08:00][sql] SELECT `more`,`file`,`id` FROM `cmf_theme_file` WHERE  `theme` = 'simpleboot3'  AND (  `is_public` = 1 OR `file` = 'portal/news' ) ORDER BY `is_public` DESC [ RunTime:0.000805s ]
[2026-06-12T18:28:44+08:00][sql] SELECT `option_value` FROM `cmf_option` WHERE  `option_name` = 'storage' LIMIT 1 [ RunTime:0.000699s ]
[2026-06-12T18:28:45+08:00][sql] CONNECT:[ UseTime:0.000832s ] mysql:host=127.0.0.1;port=3306;dbname=nucleon;charset=utf8mb4
[2026-06-12T18:28:45+08:00][sql] SHOW FULL COLUMNS FROM `cmf_option` [ RunTime:0.001360s ]
[2026-06-12T18:28:45+08:00][sql] SELECT `option_value` FROM `cmf_option` WHERE  `option_name` = 'cdn_settings' LIMIT 1 [ RunTime:0.000302s ]
[2026-06-12T18:28:45+08:00][sql] SELECT `option_value` FROM `cmf_option` WHERE  `option_name` = 'cdn_settings' LIMIT 1 [ RunTime:0.000449s ]
[2026-06-12T18:28:45+08:00][sql] SHOW FULL COLUMNS FROM `cmf_product_category` [ RunTime:0.001204s ]
[2026-06-12T18:28:45+08:00][sql] SELECT * FROM `cmf_product_category` WHERE  `parent_id` = 0 ORDER BY `list_order` ASC,`create_time` DESC [ RunTime:0.000356s ]
[2026-06-12T18:28:45+08:00][sql] SELECT * FROM `cmf_product_category` WHERE  `parent_id` IN (28,19,22,23,25,30,27) [ RunTime:0.000286s ]
[2026-06-12T18:28:45+08:00][sql] SHOW FULL COLUMNS FROM `cmf_portal_category` [ RunTime:0.001145s ]
[2026-06-12T18:28:45+08:00][sql] SELECT * FROM `cmf_portal_category` WHERE (  `type` = 8 ) AND `cmf_portal_category`.`delete_time` = '0' ORDER BY `list_order` ASC [ RunTime:0.000337s ]
[2026-06-12T18:28:45+08:00][sql] SELECT * FROM `cmf_portal_category` WHERE (  `id` = 2  AND `status` = 1 ) AND `cmf_portal_category`.`delete_time` = '0' LIMIT 1 [ RunTime:0.000358s ]
[2026-06-12T18:28:45+08:00][sql] SHOW FULL COLUMNS FROM `cmf_portal_post` [ RunTime:0.001059s ]
[2026-06-12T18:28:45+08:00][sql] SELECT `post`.* FROM `cmf_portal_post` `post` INNER JOIN `cmf_portal_category_post` `relation` ON `post`.`id`=`relation`.`post_id` WHERE (  `post`.`post_type` = '8'  AND `post`.`delete_time` = '0'  AND `relation`.`category_id` = '2'  AND `relation`.`post_id` = '26' ) AND `post`.`delete_time` = '0' LIMIT 1 [ RunTime:0.000662s ]
[2026-06-12T18:28:45+08:00][sql] SHOW FULL COLUMNS FROM `cmf_slide_item` [ RunTime:0.001310s ]
[2026-06-12T18:28:45+08:00][sql] SELECT `title`,`description`,`image` FROM `cmf_slide_item` WHERE  `slide_id` = 12  AND `status` = 1 ORDER BY `list_order` ASC,`id` DESC LIMIT 1 [ RunTime:0.000503s ]
[2026-06-12T18:28:45+08:00][sql] UPDATE `cmf_portal_post`  SET `post_hits` = `post_hits` + 1  WHERE (  `id` = 26 ) AND `cmf_portal_post`.`delete_time` = '0' [ RunTime:0.005459s ]
[2026-06-12T18:28:45+08:00][sql] SELECT `post`.* FROM `cmf_portal_post` `post` INNER JOIN `cmf_portal_category_post` `relation` ON `post`.`id`=`relation`.`post_id` WHERE (  `post`.`post_type` = '8'  AND `post`.`delete_time` = '0'  AND `relation`.`category_id` = '2'  AND `relation`.`post_id` = '26'  AND `relation`.`post_id` = '26' ) AND `post`.`delete_time` = '0' LIMIT 1 [ RunTime:0.000670s ]
[2026-06-12T18:28:45+08:00][sql] SELECT `post`.* FROM `cmf_portal_post` `post` INNER JOIN `cmf_portal_category_post` `relation` ON `post`.`id`=`relation`.`post_id` WHERE (  `post`.`post_type` = '8'  AND `post`.`delete_time` = '0'  AND `relation`.`category_id` = '2'  AND `relation`.`post_id` = '26'  AND `relation`.`post_id` < '26' ) AND `post`.`delete_time` = '0' ORDER BY `id` DESC LIMIT 1 [ RunTime:0.000729s ]
[2026-06-12T18:28:45+08:00][sql] SELECT `post`.* FROM `cmf_portal_post` `post` INNER JOIN `cmf_portal_category_post` `relation` ON `post`.`id`=`relation`.`post_id` WHERE (  `post`.`post_type` = '8'  AND `post`.`delete_time` = '0'  AND `relation`.`category_id` = '2'  AND `relation`.`post_id` = '26'  AND `relation`.`post_id` > '26' ) AND `post`.`delete_time` = '0' ORDER BY `id` DESC LIMIT 1 [ RunTime:0.000371s ]
[2026-06-12T18:28:45+08:00][sql] SHOW FULL COLUMNS FROM `cmf_theme_file` [ RunTime:0.001076s ]
[2026-06-12T18:28:45+08:00][sql] SELECT `more`,`file`,`id` FROM `cmf_theme_file` WHERE  `theme` = 'simpleboot3'  AND (  `is_public` = 1 OR `file` = 'portal/news-info' ) ORDER BY `is_public` DESC [ RunTime:0.000306s ]
[2026-06-12T18:28:45+08:00][sql] SELECT `option_value` FROM `cmf_option` WHERE  `option_name` = 'storage' LIMIT 1 [ RunTime:0.000462s ]
[2026-06-12T18:29:54+08:00][sql] CONNECT:[ UseTime:0.001455s ] mysql:host=127.0.0.1;port=3306;dbname=nucleon;charset=utf8mb4
[2026-06-12T18:29:54+08:00][sql] SHOW FULL COLUMNS FROM `cmf_hook` [ RunTime:0.001763s ]
[2026-06-12T18:29:54+08:00][sql] SELECT `hook`,`id` FROM `cmf_hook` WHERE  (  (  `app` = '' OR `app` = 'cmf' )  AND `type` = 3 ) OR `type` = 1 [ RunTime:0.001392s ]
[2026-06-12T18:29:54+08:00][sql] SHOW FULL COLUMNS FROM `cmf_hook_plugin` [ RunTime:0.001097s ]
[2026-06-12T18:29:54+08:00][sql] SELECT `hook`,`plugin` FROM `cmf_hook_plugin` WHERE  `status` = 1  AND `hook` IN ('app_begin','module_init','action_begin','view_filter','app_end','log_write','response_end','admin_init','home_init','send_mobile_verification_code','body_start','before_head_end','footer_start','before_footer','before_footer_end','before_body_end','left_sidebar_start','before_left_sidebar_end','right_sidebar_start','before_right_sidebar_end','comment','guestbook','switch_theme','after_content','before_content','log_write_done','switch_admin_theme','captcha_image','user_login_start') ORDER BY `list_order` ASC [ RunTime:0.000624s ]
[2026-06-12T18:30:01+08:00][sql] CONNECT:[ UseTime:0.000930s ] mysql:host=127.0.0.1;port=3306;dbname=nucleon;charset=utf8mb4
[2026-06-12T18:30:01+08:00][sql] SHOW FULL COLUMNS FROM `cmf_hook` [ RunTime:0.001457s ]
[2026-06-12T18:30:01+08:00][sql] SELECT `hook` FROM `cmf_hook` WHERE  `app` = 'portal' [ RunTime:0.000547s ]
[2026-06-12T18:30:01+08:00][sql] SHOW FULL COLUMNS FROM `cmf_hook_plugin` [ RunTime:0.000975s ]
[2026-06-12T18:30:01+08:00][sql] SELECT `hook`,`plugin` FROM `cmf_hook_plugin` WHERE  `status` = 1  AND `hook` IN ('portal_before_assign_article','portal_admin_after_save_article','portal_admin_article_index_view','portal_admin_article_add_view','portal_admin_article_edit_view','portal_admin_category_index_view','portal_admin_category_add_view','portal_admin_category_edit_view','portal_admin_page_index_view','portal_admin_page_add_view','portal_admin_page_edit_view','portal_admin_tag_index_view','portal_admin_article_edit_view_right_sidebar','portal_admin_article_edit_view_main') ORDER BY `list_order` ASC [ RunTime:0.000443s ]
[2026-06-12T18:30:01+08:00][sql] SHOW FULL COLUMNS FROM `cmf_plugin` [ RunTime:0.001798s ]
[2026-06-12T18:30:01+08:00][sql] SELECT `config` FROM `cmf_plugin` WHERE  `name` = 'SwitchTheme' LIMIT 1 [ RunTime:0.000517s ]
[2026-06-12T18:30:01+08:00][sql] SHOW FULL COLUMNS FROM `cmf_option` [ RunTime:0.001404s ]
[2026-06-12T18:30:01+08:00][sql] SELECT `option_value` FROM `cmf_option` WHERE  `option_name` = 'cdn_settings' LIMIT 1 [ RunTime:0.000281s ]
[2026-06-12T18:30:01+08:00][sql] SELECT `option_value` FROM `cmf_option` WHERE  `option_name` = 'cdn_settings' LIMIT 1 [ RunTime:0.000555s ]
[2026-06-12T18:30:01+08:00][sql] SHOW FULL COLUMNS FROM `cmf_product_category` [ RunTime:0.001028s ]
[2026-06-12T18:30:01+08:00][sql] SELECT * FROM `cmf_product_category` WHERE  `parent_id` = 0 ORDER BY `list_order` ASC,`create_time` DESC [ RunTime:0.000296s ]
[2026-06-12T18:30:01+08:00][sql] SELECT * FROM `cmf_product_category` WHERE  `parent_id` IN (28,19,22,23,25,30,27) [ RunTime:0.000299s ]
[2026-06-12T18:30:01+08:00][sql] SHOW FULL COLUMNS FROM `cmf_portal_category` [ RunTime:0.001161s ]
[2026-06-12T18:30:01+08:00][sql] SELECT * FROM `cmf_portal_category` WHERE (  `type` = 8 ) AND `cmf_portal_category`.`delete_time` = '0' ORDER BY `list_order` ASC [ RunTime:0.000503s ]
[2026-06-12T18:30:01+08:00][sql] SELECT `option_value` FROM `cmf_option` WHERE  `option_name` = 'site_info' LIMIT 1 [ RunTime:0.000222s ]
[2026-06-12T18:30:01+08:00][sql] SHOW FULL COLUMNS FROM `cmf_slide_item` [ RunTime:0.001064s ]
[2026-06-12T18:30:01+08:00][sql] SELECT `title`,`description`,`image` FROM `cmf_slide_item` WHERE  `slide_id` = 12  AND `status` = 1 ORDER BY `list_order` ASC,`id` DESC LIMIT 1 [ RunTime:0.000466s ]
[2026-06-12T18:30:01+08:00][sql] SELECT * FROM `cmf_portal_category` WHERE (  `id` = 0  AND `status` = 1 ) AND `cmf_portal_category`.`delete_time` = '0' LIMIT 1 [ RunTime:0.000416s ]
[2026-06-12T18:30:01+08:00][sql] SHOW FULL COLUMNS FROM `cmf_portal_post` [ RunTime:0.001636s ]
[2026-06-12T18:30:01+08:00][sql] SELECT COUNT(*) AS think_count FROM `cmf_portal_post` `p` LEFT JOIN `cmf_portal_category_post` `c` ON `p`.`id`=`c`.`post_id` WHERE (  `post_type` = 8 ) AND `p`.`delete_time` = '0' LIMIT 1 [ RunTime:0.000883s ]
[2026-06-12T18:30:01+08:00][sql] SELECT `p`.`id`,`p`.`post_title`,`p`.`thumbnail`,`p`.`more`,c.category_id as cid,`p`.`post_excerpt`,`p`.`create_time` FROM `cmf_portal_post` `p` LEFT JOIN `cmf_portal_category_post` `c` ON `p`.`id`=`c`.`post_id` WHERE (  `post_type` = 8 ) AND `p`.`delete_time` = '0' ORDER BY `c`.`list_order` ASC,`p`.`create_time` DESC LIMIT 0,6 [ RunTime:0.000773s ]
[2026-06-12T18:30:01+08:00][sql] SHOW FULL COLUMNS FROM `cmf_theme_file` [ RunTime:0.001521s ]
[2026-06-12T18:30:01+08:00][sql] SELECT `more`,`file`,`id` FROM `cmf_theme_file` WHERE  `theme` = 'simpleboot3'  AND (  `is_public` = 1 OR `file` = 'portal/news' ) ORDER BY `is_public` DESC [ RunTime:0.000603s ]
[2026-06-12T18:30:01+08:00][sql] SHOW FULL COLUMNS FROM `cmf_route` [ RunTime:0.001674s ]
[2026-06-12T18:30:01+08:00][sql] SELECT * FROM `cmf_route` WHERE  `status` = 1 ORDER BY `list_order` ASC [ RunTime:0.000844s ]
[2026-06-12T18:30:01+08:00][sql] SELECT `option_value` FROM `cmf_option` WHERE  `option_name` = 'storage' LIMIT 1 [ RunTime:0.000687s ]
[2026-06-12T18:30:11+08:00][sql] CONNECT:[ UseTime:0.001449s ] mysql:host=127.0.0.1;port=3306;dbname=nucleon;charset=utf8mb4
[2026-06-12T18:30:11+08:00][sql] SHOW FULL COLUMNS FROM `cmf_option` [ RunTime:0.002061s ]
[2026-06-12T18:30:11+08:00][sql] SELECT `option_value` FROM `cmf_option` WHERE  `option_name` = 'cdn_settings' LIMIT 1 [ RunTime:0.000734s ]
[2026-06-12T18:30:11+08:00][sql] SELECT `option_value` FROM `cmf_option` WHERE  `option_name` = 'cdn_settings' LIMIT 1 [ RunTime:0.000743s ]
[2026-06-12T18:30:11+08:00][sql] SHOW FULL COLUMNS FROM `cmf_product_category` [ RunTime:0.002312s ]
[2026-06-12T18:30:11+08:00][sql] SELECT * FROM `cmf_product_category` WHERE  `parent_id` = 0 ORDER BY `list_order` ASC,`create_time` DESC [ RunTime:0.000378s ]
[2026-06-12T18:30:11+08:00][sql] SELECT * FROM `cmf_product_category` WHERE  `parent_id` IN (28,19,22,23,25,30,27) [ RunTime:0.000375s ]
[2026-06-12T18:30:11+08:00][sql] SHOW FULL COLUMNS FROM `cmf_portal_category` [ RunTime:0.001689s ]
[2026-06-12T18:30:11+08:00][sql] SELECT * FROM `cmf_portal_category` WHERE (  `type` = 8 ) AND `cmf_portal_category`.`delete_time` = '0' ORDER BY `list_order` ASC [ RunTime:0.000581s ]
[2026-06-12T18:30:11+08:00][sql] SELECT * FROM `cmf_portal_category` WHERE (  `id` = 2  AND `status` = 1 ) AND `cmf_portal_category`.`delete_time` = '0' LIMIT 1 [ RunTime:0.000669s ]
[2026-06-12T18:30:11+08:00][sql] SHOW FULL COLUMNS FROM `cmf_portal_post` [ RunTime:0.001286s ]
[2026-06-12T18:30:11+08:00][sql] SELECT `post`.* FROM `cmf_portal_post` `post` INNER JOIN `cmf_portal_category_post` `relation` ON `post`.`id`=`relation`.`post_id` WHERE (  `post`.`post_type` = '8'  AND `post`.`delete_time` = '0'  AND `relation`.`category_id` = '2'  AND `relation`.`post_id` = '26' ) AND `post`.`delete_time` = '0' LIMIT 1 [ RunTime:0.000855s ]
[2026-06-12T18:30:11+08:00][sql] SHOW FULL COLUMNS FROM `cmf_slide_item` [ RunTime:0.001077s ]
[2026-06-12T18:30:11+08:00][sql] SELECT `title`,`description`,`image` FROM `cmf_slide_item` WHERE  `slide_id` = 12  AND `status` = 1 ORDER BY `list_order` ASC,`id` DESC LIMIT 1 [ RunTime:0.000359s ]
[2026-06-12T18:30:11+08:00][sql] UPDATE `cmf_portal_post`  SET `post_hits` = `post_hits` + 1  WHERE (  `id` = 26 ) AND `cmf_portal_post`.`delete_time` = '0' [ RunTime:0.004713s ]
[2026-06-12T18:30:11+08:00][sql] SELECT `post`.* FROM `cmf_portal_post` `post` INNER JOIN `cmf_portal_category_post` `relation` ON `post`.`id`=`relation`.`post_id` WHERE (  `post`.`post_type` = '8'  AND `post`.`delete_time` = '0'  AND `relation`.`category_id` = '2'  AND `relation`.`post_id` = '26'  AND `relation`.`post_id` = '26' ) AND `post`.`delete_time` = '0' LIMIT 1 [ RunTime:0.000909s ]
[2026-06-12T18:30:11+08:00][sql] SELECT `post`.* FROM `cmf_portal_post` `post` INNER JOIN `cmf_portal_category_post` `relation` ON `post`.`id`=`relation`.`post_id` WHERE (  `post`.`post_type` = '8'  AND `post`.`delete_time` = '0'  AND `relation`.`category_id` = '2'  AND `relation`.`post_id` = '26'  AND `relation`.`post_id` < '26' ) AND `post`.`delete_time` = '0' ORDER BY `id` DESC LIMIT 1 [ RunTime:0.000530s ]
[2026-06-12T18:30:11+08:00][sql] SELECT `post`.* FROM `cmf_portal_post` `post` INNER JOIN `cmf_portal_category_post` `relation` ON `post`.`id`=`relation`.`post_id` WHERE (  `post`.`post_type` = '8'  AND `post`.`delete_time` = '0'  AND `relation`.`category_id` = '2'  AND `relation`.`post_id` = '26'  AND `relation`.`post_id` > '26' ) AND `post`.`delete_time` = '0' ORDER BY `id` DESC LIMIT 1 [ RunTime:0.000544s ]
[2026-06-12T18:30:11+08:00][sql] SHOW FULL COLUMNS FROM `cmf_theme_file` [ RunTime:0.002101s ]
[2026-06-12T18:30:11+08:00][sql] SELECT `more`,`file`,`id` FROM `cmf_theme_file` WHERE  `theme` = 'simpleboot3'  AND (  `is_public` = 1 OR `file` = 'portal/news-info' ) ORDER BY `is_public` DESC [ RunTime:0.000535s ]
[2026-06-12T18:30:11+08:00][sql] SELECT `option_value` FROM `cmf_option` WHERE  `option_name` = 'storage' LIMIT 1 [ RunTime:0.000390s ]
[2026-06-12T18:30:12+08:00][sql] CONNECT:[ UseTime:0.001575s ] mysql:host=127.0.0.1;port=3306;dbname=nucleon;charset=utf8mb4
[2026-06-12T18:30:12+08:00][sql] SHOW FULL COLUMNS FROM `cmf_option` [ RunTime:0.002508s ]
[2026-06-12T18:30:12+08:00][sql] SELECT `option_value` FROM `cmf_option` WHERE  `option_name` = 'cdn_settings' LIMIT 1 [ RunTime:0.000483s ]
[2026-06-12T18:30:12+08:00][sql] SELECT `option_value` FROM `cmf_option` WHERE  `option_name` = 'cdn_settings' LIMIT 1 [ RunTime:0.000649s ]
[2026-06-12T18:30:12+08:00][sql] SHOW FULL COLUMNS FROM `cmf_product_category` [ RunTime:0.001875s ]
[2026-06-12T18:30:12+08:00][sql] SELECT * FROM `cmf_product_category` WHERE  `parent_id` = 0 ORDER BY `list_order` ASC,`create_time` DESC [ RunTime:0.000436s ]
[2026-06-12T18:30:12+08:00][sql] SELECT * FROM `cmf_product_category` WHERE  `parent_id` IN (28,19,22,23,25,30,27) [ RunTime:0.000490s ]
[2026-06-12T18:30:12+08:00][sql] SHOW FULL COLUMNS FROM `cmf_portal_category` [ RunTime:0.001513s ]
[2026-06-12T18:30:12+08:00][sql] SELECT * FROM `cmf_portal_category` WHERE (  `type` = 8 ) AND `cmf_portal_category`.`delete_time` = '0' ORDER BY `list_order` ASC [ RunTime:0.000418s ]
[2026-06-12T18:30:12+08:00][sql] SHOW FULL COLUMNS FROM `cmf_slide_item` [ RunTime:0.002158s ]
[2026-06-12T18:30:12+08:00][sql] SELECT `title`,`description`,`image` FROM `cmf_slide_item` WHERE  `slide_id` = 12  AND `status` = 1 ORDER BY `list_order` ASC,`id` DESC LIMIT 1 [ RunTime:0.000825s ]
[2026-06-12T18:30:12+08:00][sql] SELECT * FROM `cmf_portal_category` WHERE (  `id` = 0  AND `status` = 1 ) AND `cmf_portal_category`.`delete_time` = '0' LIMIT 1 [ RunTime:0.000414s ]
[2026-06-12T18:30:12+08:00][sql] SHOW FULL COLUMNS FROM `cmf_portal_post` [ RunTime:0.001756s ]
[2026-06-12T18:30:12+08:00][sql] SELECT COUNT(*) AS think_count FROM `cmf_portal_post` `p` LEFT JOIN `cmf_portal_category_post` `c` ON `p`.`id`=`c`.`post_id` WHERE (  `post_type` = 8 ) AND `p`.`delete_time` = '0' LIMIT 1 [ RunTime:0.000574s ]
[2026-06-12T18:30:12+08:00][sql] SELECT `p`.`id`,`p`.`post_title`,`p`.`thumbnail`,`p`.`more`,c.category_id as cid,`p`.`post_excerpt`,`p`.`create_time` FROM `cmf_portal_post` `p` LEFT JOIN `cmf_portal_category_post` `c` ON `p`.`id`=`c`.`post_id` WHERE (  `post_type` = 8 ) AND `p`.`delete_time` = '0' ORDER BY `c`.`list_order` ASC,`p`.`create_time` DESC LIMIT 0,6 [ RunTime:0.000535s ]
[2026-06-12T18:30:12+08:00][sql] SHOW FULL COLUMNS FROM `cmf_theme_file` [ RunTime:0.001488s ]
[2026-06-12T18:30:12+08:00][sql] SELECT `more`,`file`,`id` FROM `cmf_theme_file` WHERE  `theme` = 'simpleboot3'  AND (  `is_public` = 1 OR `file` = 'portal/news' ) ORDER BY `is_public` DESC [ RunTime:0.000455s ]
[2026-06-12T18:30:12+08:00][sql] SELECT `option_value` FROM `cmf_option` WHERE  `option_name` = 'storage' LIMIT 1 [ RunTime:0.000673s ]
[2026-06-12T18:30:24+08:00][sql] CONNECT:[ UseTime:0.001119s ] mysql:host=127.0.0.1;port=3306;dbname=nucleon;charset=utf8mb4
[2026-06-12T18:30:24+08:00][sql] SHOW FULL COLUMNS FROM `cmf_option` [ RunTime:0.001675s ]
[2026-06-12T18:30:24+08:00][sql] SELECT `option_value` FROM `cmf_option` WHERE  `option_name` = 'cdn_settings' LIMIT 1 [ RunTime:0.000354s ]
[2026-06-12T18:30:24+08:00][sql] SELECT `option_value` FROM `cmf_option` WHERE  `option_name` = 'cdn_settings' LIMIT 1 [ RunTime:0.000753s ]
[2026-06-12T18:30:24+08:00][sql] SHOW FULL COLUMNS FROM `cmf_product_category` [ RunTime:0.002155s ]
[2026-06-12T18:30:24+08:00][sql] SELECT * FROM `cmf_product_category` WHERE  `parent_id` = 0 ORDER BY `list_order` ASC,`create_time` DESC [ RunTime:0.000858s ]
[2026-06-12T18:30:24+08:00][sql] SELECT * FROM `cmf_product_category` WHERE  `parent_id` IN (28,19,22,23,25,30,27) [ RunTime:0.000942s ]
[2026-06-12T18:30:24+08:00][sql] SHOW FULL COLUMNS FROM `cmf_portal_category` [ RunTime:0.004646s ]
[2026-06-12T18:30:24+08:00][sql] SELECT * FROM `cmf_portal_category` WHERE (  `type` = 8 ) AND `cmf_portal_category`.`delete_time` = '0' ORDER BY `list_order` ASC [ RunTime:0.001429s ]
[2026-06-12T18:30:24+08:00][sql] SHOW FULL COLUMNS FROM `cmf_slide_item` [ RunTime:0.001989s ]
[2026-06-12T18:30:24+08:00][sql] SELECT `title`,`description`,`image` FROM `cmf_slide_item` WHERE  `slide_id` = 12  AND `status` = 1 ORDER BY `list_order` ASC,`id` DESC LIMIT 1 [ RunTime:0.000606s ]
[2026-06-12T18:30:24+08:00][sql] SELECT * FROM `cmf_portal_category` WHERE (  `id` = 0  AND `status` = 1 ) AND `cmf_portal_category`.`delete_time` = '0' LIMIT 1 [ RunTime:0.000425s ]
[2026-06-12T18:30:24+08:00][sql] SHOW FULL COLUMNS FROM `cmf_portal_post` [ RunTime:0.001618s ]
[2026-06-12T18:30:24+08:00][sql] SELECT COUNT(*) AS think_count FROM `cmf_portal_post` `p` LEFT JOIN `cmf_portal_category_post` `c` ON `p`.`id`=`c`.`post_id` WHERE (  `post_type` = 8 ) AND `p`.`delete_time` = '0' LIMIT 1 [ RunTime:0.000873s ]
[2026-06-12T18:30:24+08:00][sql] SELECT `p`.`id`,`p`.`post_title`,`p`.`thumbnail`,`p`.`more`,c.category_id as cid,`p`.`post_excerpt`,`p`.`create_time` FROM `cmf_portal_post` `p` LEFT JOIN `cmf_portal_category_post` `c` ON `p`.`id`=`c`.`post_id` WHERE (  `post_type` = 8 ) AND `p`.`delete_time` = '0' ORDER BY `c`.`list_order` ASC,`p`.`create_time` DESC LIMIT 0,6 [ RunTime:0.000681s ]
[2026-06-12T18:30:24+08:00][sql] SHOW FULL COLUMNS FROM `cmf_theme_file` [ RunTime:0.001499s ]
[2026-06-12T18:30:24+08:00][sql] SELECT `more`,`file`,`id` FROM `cmf_theme_file` WHERE  `theme` = 'simpleboot3'  AND (  `is_public` = 1 OR `file` = 'portal/news' ) ORDER BY `is_public` DESC [ RunTime:0.000372s ]
[2026-06-12T18:30:24+08:00][sql] SELECT `option_value` FROM `cmf_option` WHERE  `option_name` = 'storage' LIMIT 1 [ RunTime:0.000306s ]
[2026-06-12T18:30:24+08:00][sql] CONNECT:[ UseTime:0.000995s ] mysql:host=127.0.0.1;port=3306;dbname=nucleon;charset=utf8mb4
[2026-06-12T18:30:24+08:00][sql] SHOW FULL COLUMNS FROM `cmf_option` [ RunTime:0.003171s ]
[2026-06-12T18:30:24+08:00][sql] SELECT `option_value` FROM `cmf_option` WHERE  `option_name` = 'cdn_settings' LIMIT 1 [ RunTime:0.000674s ]
[2026-06-12T18:30:24+08:00][sql] SELECT `option_value` FROM `cmf_option` WHERE  `option_name` = 'cdn_settings' LIMIT 1 [ RunTime:0.000775s ]
[2026-06-12T18:30:24+08:00][sql] SHOW FULL COLUMNS FROM `cmf_product_category` [ RunTime:0.002128s ]
[2026-06-12T18:30:24+08:00][sql] SELECT * FROM `cmf_product_category` WHERE  `parent_id` = 0 ORDER BY `list_order` ASC,`create_time` DESC [ RunTime:0.000402s ]
[2026-06-12T18:30:24+08:00][sql] SELECT * FROM `cmf_product_category` WHERE  `parent_id` IN (28,19,22,23,25,30,27) [ RunTime:0.000384s ]
[2026-06-12T18:30:24+08:00][sql] SHOW FULL COLUMNS FROM `cmf_portal_category` [ RunTime:0.003059s ]
[2026-06-12T18:30:24+08:00][sql] SELECT * FROM `cmf_portal_category` WHERE (  `type` = 8 ) AND `cmf_portal_category`.`delete_time` = '0' ORDER BY `list_order` ASC [ RunTime:0.000647s ]
[2026-06-12T18:30:24+08:00][sql] SHOW FULL COLUMNS FROM `cmf_slide_item` [ RunTime:0.002012s ]
[2026-06-12T18:30:24+08:00][sql] SELECT `title`,`description`,`image` FROM `cmf_slide_item` WHERE  `slide_id` = 12  AND `status` = 1 ORDER BY `list_order` ASC,`id` DESC LIMIT 1 [ RunTime:0.000641s ]
[2026-06-12T18:30:24+08:00][sql] SELECT * FROM `cmf_portal_category` WHERE (  `id` = 0  AND `status` = 1 ) AND `cmf_portal_category`.`delete_time` = '0' LIMIT 1 [ RunTime:0.000403s ]
[2026-06-12T18:30:24+08:00][sql] SHOW FULL COLUMNS FROM `cmf_portal_post` [ RunTime:0.001338s ]
[2026-06-12T18:30:24+08:00][sql] SELECT COUNT(*) AS think_count FROM `cmf_portal_post` `p` LEFT JOIN `cmf_portal_category_post` `c` ON `p`.`id`=`c`.`post_id` WHERE (  `post_type` = 8 ) AND `p`.`delete_time` = '0' LIMIT 1 [ RunTime:0.000632s ]
[2026-06-12T18:30:24+08:00][sql] SELECT `p`.`id`,`p`.`post_title`,`p`.`thumbnail`,`p`.`more`,c.category_id as cid,`p`.`post_excerpt`,`p`.`create_time` FROM `cmf_portal_post` `p` LEFT JOIN `cmf_portal_category_post` `c` ON `p`.`id`=`c`.`post_id` WHERE (  `post_type` = 8 ) AND `p`.`delete_time` = '0' ORDER BY `c`.`list_order` ASC,`p`.`create_time` DESC LIMIT 0,6 [ RunTime:0.000829s ]
[2026-06-12T18:30:24+08:00][sql] SHOW FULL COLUMNS FROM `cmf_theme_file` [ RunTime:0.004034s ]
[2026-06-12T18:30:24+08:00][sql] SELECT `more`,`file`,`id` FROM `cmf_theme_file` WHERE  `theme` = 'simpleboot3'  AND (  `is_public` = 1 OR `file` = 'portal/news' ) ORDER BY `is_public` DESC [ RunTime:0.000708s ]
[2026-06-12T18:30:24+08:00][sql] SELECT `option_value` FROM `cmf_option` WHERE  `option_name` = 'storage' LIMIT 1 [ RunTime:0.000844s ]
[2026-06-12T18:30:24+08:00][sql] CONNECT:[ UseTime:0.001827s ] mysql:host=127.0.0.1;port=3306;dbname=nucleon;charset=utf8mb4
[2026-06-12T18:30:24+08:00][sql] SHOW FULL COLUMNS FROM `cmf_option` [ RunTime:0.001323s ]
[2026-06-12T18:30:24+08:00][sql] SELECT `option_value` FROM `cmf_option` WHERE  `option_name` = 'cdn_settings' LIMIT 1 [ RunTime:0.000317s ]
[2026-06-12T18:30:24+08:00][sql] SELECT `option_value` FROM `cmf_option` WHERE  `option_name` = 'cdn_settings' LIMIT 1 [ RunTime:0.000312s ]
[2026-06-12T18:30:24+08:00][sql] SHOW FULL COLUMNS FROM `cmf_product_category` [ RunTime:0.001126s ]
[2026-06-12T18:30:24+08:00][sql] SELECT * FROM `cmf_product_category` WHERE  `parent_id` = 0 ORDER BY `list_order` ASC,`create_time` DESC [ RunTime:0.000323s ]
[2026-06-12T18:30:24+08:00][sql] SELECT * FROM `cmf_product_category` WHERE  `parent_id` IN (28,19,22,23,25,30,27) [ RunTime:0.000330s ]
[2026-06-12T18:30:24+08:00][sql] SHOW FULL COLUMNS FROM `cmf_portal_category` [ RunTime:0.001177s ]
[2026-06-12T18:30:24+08:00][sql] SELECT * FROM `cmf_portal_category` WHERE (  `type` = 8 ) AND `cmf_portal_category`.`delete_time` = '0' ORDER BY `list_order` ASC [ RunTime:0.000546s ]
[2026-06-12T18:30:24+08:00][sql] SHOW FULL COLUMNS FROM `cmf_slide_item` [ RunTime:0.001568s ]
[2026-06-12T18:30:24+08:00][sql] SELECT `title`,`description`,`image` FROM `cmf_slide_item` WHERE  `slide_id` = 6  AND `status` = 1 ORDER BY `list_order` ASC,`id` DESC LIMIT 1 [ RunTime:0.000447s ]
[2026-06-12T18:30:24+08:00][sql] SELECT `option_value` FROM `cmf_option` WHERE  `option_name` = 'service_site' LIMIT 1 [ RunTime:0.000251s ]
[2026-06-12T18:30:24+08:00][sql] SHOW FULL COLUMNS FROM `cmf_portal_post` [ RunTime:0.001711s ]
[2026-06-12T18:30:24+08:00][sql] SELECT `id`,`post_title`,`more` FROM `cmf_portal_post` WHERE (  `post_type` = 4 ) AND `cmf_portal_post`.`delete_time` = '0' [ RunTime:0.000484s ]
[2026-06-12T18:30:24+08:00][sql] SHOW FULL COLUMNS FROM `cmf_theme_file` [ RunTime:0.001049s ]
[2026-06-12T18:30:24+08:00][sql] SELECT `more`,`file`,`id` FROM `cmf_theme_file` WHERE  `theme` = 'simpleboot3'  AND (  `is_public` = 1 OR `file` = 'portal/service' ) ORDER BY `is_public` DESC [ RunTime:0.000361s ]
[2026-06-12T18:30:24+08:00][sql] SELECT `option_value` FROM `cmf_option` WHERE  `option_name` = 'storage' LIMIT 1 [ RunTime:0.000674s ]
[2026-06-12T18:30:25+08:00][sql] CONNECT:[ UseTime:0.000871s ] mysql:host=127.0.0.1;port=3306;dbname=nucleon;charset=utf8mb4
[2026-06-12T18:30:25+08:00][sql] SHOW FULL COLUMNS FROM `cmf_option` [ RunTime:0.002507s ]
[2026-06-12T18:30:25+08:00][sql] SELECT `option_value` FROM `cmf_option` WHERE  `option_name` = 'cdn_settings' LIMIT 1 [ RunTime:0.000388s ]
[2026-06-12T18:30:25+08:00][sql] SELECT `option_value` FROM `cmf_option` WHERE  `option_name` = 'cdn_settings' LIMIT 1 [ RunTime:0.000537s ]
[2026-06-12T18:30:25+08:00][sql] SHOW FULL COLUMNS FROM `cmf_product_category` [ RunTime:0.001277s ]
[2026-06-12T18:30:25+08:00][sql] SELECT * FROM `cmf_product_category` WHERE  `parent_id` = 0 ORDER BY `list_order` ASC,`create_time` DESC [ RunTime:0.000375s ]
[2026-06-12T18:30:25+08:00][sql] SELECT * FROM `cmf_product_category` WHERE  `parent_id` IN (28,19,22,23,25,30,27) [ RunTime:0.000314s ]
[2026-06-12T18:30:25+08:00][sql] SHOW FULL COLUMNS FROM `cmf_portal_category` [ RunTime:0.001166s ]
[2026-06-12T18:30:25+08:00][sql] SELECT * FROM `cmf_portal_category` WHERE (  `type` = 8 ) AND `cmf_portal_category`.`delete_time` = '0' ORDER BY `list_order` ASC [ RunTime:0.000329s ]
[2026-06-12T18:30:25+08:00][sql] SHOW FULL COLUMNS FROM `cmf_slide_item` [ RunTime:0.001175s ]
[2026-06-12T18:30:25+08:00][sql] SELECT `title`,`description`,`image` FROM `cmf_slide_item` WHERE  `slide_id` = 6  AND `status` = 1 ORDER BY `list_order` ASC,`id` DESC LIMIT 1 [ RunTime:0.000374s ]
[2026-06-12T18:30:25+08:00][sql] SHOW FULL COLUMNS FROM `cmf_portal_post` [ RunTime:0.001807s ]
[2026-06-12T18:30:25+08:00][sql] SELECT `id`,`post_title`,`more` FROM `cmf_portal_post` WHERE (  `post_type` = 4 ) AND `cmf_portal_post`.`delete_time` = '0' [ RunTime:0.000436s ]
[2026-06-12T18:30:25+08:00][sql] SHOW FULL COLUMNS FROM `cmf_theme_file` [ RunTime:0.001209s ]
[2026-06-12T18:30:25+08:00][sql] SELECT `more`,`file`,`id` FROM `cmf_theme_file` WHERE  `theme` = 'simpleboot3'  AND (  `is_public` = 1 OR `file` = 'portal/service' ) ORDER BY `is_public` DESC [ RunTime:0.000330s ]
[2026-06-12T18:30:25+08:00][sql] SELECT `option_value` FROM `cmf_option` WHERE  `option_name` = 'storage' LIMIT 1 [ RunTime:0.000365s ]
[2026-06-12T18:30:45+08:00][sql] CONNECT:[ UseTime:0.000813s ] mysql:host=127.0.0.1;port=3306;dbname=nucleon;charset=utf8mb4
[2026-06-12T18:30:45+08:00][sql] SHOW FULL COLUMNS FROM `cmf_option` [ RunTime:0.001903s ]
[2026-06-12T18:30:45+08:00][sql] SELECT `option_value` FROM `cmf_option` WHERE  `option_name` = 'cdn_settings' LIMIT 1 [ RunTime:0.000317s ]
[2026-06-12T18:30:45+08:00][sql] SELECT `option_value` FROM `cmf_option` WHERE  `option_name` = 'cdn_settings' LIMIT 1 [ RunTime:0.000416s ]
[2026-06-12T18:30:45+08:00][sql] SHOW FULL COLUMNS FROM `cmf_product_category` [ RunTime:0.001321s ]
[2026-06-12T18:30:45+08:00][sql] SELECT * FROM `cmf_product_category` WHERE  `parent_id` = 0 ORDER BY `list_order` ASC,`create_time` DESC [ RunTime:0.000284s ]
[2026-06-12T18:30:45+08:00][sql] SELECT * FROM `cmf_product_category` WHERE  `parent_id` IN (28,19,22,23,25,30,27) [ RunTime:0.000278s ]
[2026-06-12T18:30:45+08:00][sql] SHOW FULL COLUMNS FROM `cmf_portal_category` [ RunTime:0.000876s ]
[2026-06-12T18:30:45+08:00][sql] SELECT * FROM `cmf_portal_category` WHERE (  `type` = 8 ) AND `cmf_portal_category`.`delete_time` = '0' ORDER BY `list_order` ASC [ RunTime:0.000303s ]
[2026-06-12T18:30:45+08:00][sql] SHOW FULL COLUMNS FROM `cmf_slide_item` [ RunTime:0.000798s ]
[2026-06-12T18:30:45+08:00][sql] SELECT `title`,`description`,`image` FROM `cmf_slide_item` WHERE  `slide_id` = 12  AND `status` = 1 ORDER BY `list_order` ASC,`id` DESC LIMIT 1 [ RunTime:0.000306s ]
[2026-06-12T18:30:45+08:00][sql] SELECT * FROM `cmf_portal_category` WHERE (  `id` = 0  AND `status` = 1 ) AND `cmf_portal_category`.`delete_time` = '0' LIMIT 1 [ RunTime:0.000244s ]
[2026-06-12T18:30:45+08:00][sql] SHOW FULL COLUMNS FROM `cmf_portal_post` [ RunTime:0.001005s ]
[2026-06-12T18:30:45+08:00][sql] SELECT COUNT(*) AS think_count FROM `cmf_portal_post` `p` LEFT JOIN `cmf_portal_category_post` `c` ON `p`.`id`=`c`.`post_id` WHERE (  `post_type` = 8 ) AND `p`.`delete_time` = '0' LIMIT 1 [ RunTime:0.000569s ]
[2026-06-12T18:30:45+08:00][sql] SELECT `p`.`id`,`p`.`post_title`,`p`.`thumbnail`,`p`.`more`,c.category_id as cid,`p`.`post_excerpt`,`p`.`create_time` FROM `cmf_portal_post` `p` LEFT JOIN `cmf_portal_category_post` `c` ON `p`.`id`=`c`.`post_id` WHERE (  `post_type` = 8 ) AND `p`.`delete_time` = '0' ORDER BY `c`.`list_order` ASC,`p`.`create_time` DESC LIMIT 0,6 [ RunTime:0.000425s ]
[2026-06-12T18:30:45+08:00][sql] SHOW FULL COLUMNS FROM `cmf_theme_file` [ RunTime:0.001422s ]
[2026-06-12T18:30:45+08:00][sql] SELECT `more`,`file`,`id` FROM `cmf_theme_file` WHERE  `theme` = 'simpleboot3'  AND (  `is_public` = 1 OR `file` = 'portal/news' ) ORDER BY `is_public` DESC [ RunTime:0.000291s ]
[2026-06-12T18:30:45+08:00][sql] SELECT `option_value` FROM `cmf_option` WHERE  `option_name` = 'storage' LIMIT 1 [ RunTime:0.000238s ]
[2026-06-12T18:31:19+08:00][sql] CONNECT:[ UseTime:0.000970s ] mysql:host=127.0.0.1;port=3306;dbname=nucleon;charset=utf8mb4
[2026-06-12T18:31:19+08:00][sql] SHOW FULL COLUMNS FROM `cmf_hook` [ RunTime:0.001553s ]
[2026-06-12T18:31:19+08:00][sql] SELECT `hook`,`id` FROM `cmf_hook` WHERE  (  (  `app` = '' OR `app` = 'cmf' )  AND `type` = 3 ) OR `type` = 1 [ RunTime:0.000662s ]
[2026-06-12T18:31:19+08:00][sql] SHOW FULL COLUMNS FROM `cmf_hook_plugin` [ RunTime:0.001588s ]
[2026-06-12T18:31:19+08:00][sql] SELECT `hook`,`plugin` FROM `cmf_hook_plugin` WHERE  `status` = 1  AND `hook` IN ('app_begin','module_init','action_begin','view_filter','app_end','log_write','response_end','admin_init','home_init','send_mobile_verification_code','body_start','before_head_end','footer_start','before_footer','before_footer_end','before_body_end','left_sidebar_start','before_left_sidebar_end','right_sidebar_start','before_right_sidebar_end','comment','guestbook','switch_theme','after_content','before_content','log_write_done','switch_admin_theme','captcha_image','user_login_start') ORDER BY `list_order` ASC [ RunTime:0.000526s ]
[2026-06-12T18:31:19+08:00][sql] SELECT `hook` FROM `cmf_hook` WHERE  `app` = 'portal' [ RunTime:0.000501s ]
[2026-06-12T18:31:19+08:00][sql] SELECT `hook`,`plugin` FROM `cmf_hook_plugin` WHERE  `status` = 1  AND `hook` IN ('portal_before_assign_article','portal_admin_after_save_article','portal_admin_article_index_view','portal_admin_article_add_view','portal_admin_article_edit_view','portal_admin_category_index_view','portal_admin_category_add_view','portal_admin_category_edit_view','portal_admin_page_index_view','portal_admin_page_add_view','portal_admin_page_edit_view','portal_admin_tag_index_view','portal_admin_article_edit_view_right_sidebar','portal_admin_article_edit_view_main') ORDER BY `list_order` ASC [ RunTime:0.000404s ]
[2026-06-12T18:31:19+08:00][sql] SHOW FULL COLUMNS FROM `cmf_plugin` [ RunTime:0.001247s ]
[2026-06-12T18:31:19+08:00][sql] SELECT `config` FROM `cmf_plugin` WHERE  `name` = 'SwitchTheme' LIMIT 1 [ RunTime:0.000669s ]
[2026-06-12T18:31:19+08:00][sql] SHOW FULL COLUMNS FROM `cmf_option` [ RunTime:0.002649s ]
[2026-06-12T18:31:19+08:00][sql] SELECT `option_value` FROM `cmf_option` WHERE  `option_name` = 'cdn_settings' LIMIT 1 [ RunTime:0.000486s ]
[2026-06-12T18:31:19+08:00][sql] SELECT `option_value` FROM `cmf_option` WHERE  `option_name` = 'cdn_settings' LIMIT 1 [ RunTime:0.000431s ]
[2026-06-12T18:31:19+08:00][sql] SHOW FULL COLUMNS FROM `cmf_product_category` [ RunTime:0.001801s ]
[2026-06-12T18:31:19+08:00][sql] SELECT * FROM `cmf_product_category` WHERE  `parent_id` = 0 ORDER BY `list_order` ASC,`create_time` DESC [ RunTime:0.000360s ]
[2026-06-12T18:31:19+08:00][sql] SELECT * FROM `cmf_product_category` WHERE  `parent_id` IN (28,19,22,23,25,30,27) [ RunTime:0.000325s ]
[2026-06-12T18:31:19+08:00][sql] SHOW FULL COLUMNS FROM `cmf_portal_category` [ RunTime:0.001838s ]
[2026-06-12T18:31:19+08:00][sql] SELECT * FROM `cmf_portal_category` WHERE (  `type` = 8 ) AND `cmf_portal_category`.`delete_time` = '0' ORDER BY `list_order` ASC [ RunTime:0.000598s ]
[2026-06-12T18:31:19+08:00][sql] SELECT `option_value` FROM `cmf_option` WHERE  `option_name` = 'site_info' LIMIT 1 [ RunTime:0.000279s ]
[2026-06-12T18:31:19+08:00][sql] SHOW FULL COLUMNS FROM `cmf_slide_item` [ RunTime:0.001239s ]
[2026-06-12T18:31:19+08:00][sql] SELECT `title`,`description`,`image`,`url`,`target`,`content` FROM `cmf_slide_item` WHERE  `slide_id` = 1 ORDER BY `list_order` ASC [ RunTime:0.000345s ]
[2026-06-12T18:31:19+08:00][sql] SHOW FULL COLUMNS FROM `cmf_slide` [ RunTime:0.000929s ]
[2026-06-12T18:31:19+08:00][sql] SELECT * FROM `cmf_slide` WHERE  `name` LIKE '%choose%' OR `name` LIKE '%选择%' LIMIT 1 [ RunTime:0.000466s ]
[2026-06-12T18:31:19+08:00][sql] SELECT `title`,`description`,`image`,`url`,`target`,`content` FROM `cmf_slide_item` WHERE  `slide_id` = 14  AND `status` = 1 ORDER BY `list_order` ASC [ RunTime:0.000361s ]
[2026-06-12T18:31:19+08:00][sql] SELECT * FROM `cmf_product_category` WHERE  `parent_id` = 0  AND `recommend` = 1 ORDER BY `list_order` ASC,`create_time` DESC [ RunTime:0.000316s ]
[2026-06-12T18:31:19+08:00][sql] SHOW FULL COLUMNS FROM `cmf_product` [ RunTime:0.001380s ]
[2026-06-12T18:31:19+08:00][sql] SELECT `id`,`title`,`thumbnail`,`industry` FROM `cmf_product` WHERE  `is_recommended` = 1  AND `category_id` = 28 ORDER BY `list_order` ASC LIMIT 6 [ RunTime:0.000730s ]
[2026-06-12T18:31:19+08:00][sql] SELECT `id`,`title`,`thumbnail`,`industry` FROM `cmf_product` WHERE  `is_recommended` = 1  AND `category_id` = 19 ORDER BY `list_order` ASC LIMIT 6 [ RunTime:0.000446s ]
[2026-06-12T18:31:19+08:00][sql] SELECT `id`,`title`,`thumbnail`,`industry` FROM `cmf_product` WHERE  `is_recommended` = 1  AND `category_id` = 23 ORDER BY `list_order` ASC LIMIT 6 [ RunTime:0.000334s ]
[2026-06-12T18:31:19+08:00][sql] SELECT `id`,`title`,`thumbnail`,`industry` FROM `cmf_product` WHERE  `is_recommended` = 1  AND `category_id` = 25 ORDER BY `list_order` ASC LIMIT 6 [ RunTime:0.000313s ]
[2026-06-12T18:31:19+08:00][sql] SELECT `id`,`title`,`thumbnail`,`industry` FROM `cmf_product` WHERE  `is_recommended` = 1  AND `category_id` = 30 ORDER BY `list_order` ASC LIMIT 6 [ RunTime:0.000286s ]
[2026-06-12T18:31:19+08:00][sql] SELECT `option_value` FROM `cmf_option` WHERE  `option_name` = 'index_setting' LIMIT 1 [ RunTime:0.000231s ]
[2026-06-12T18:31:19+08:00][sql] SELECT `option_value` FROM `cmf_option` WHERE  `option_name` = 'about_site' LIMIT 1 [ RunTime:0.000438s ]
[2026-06-12T18:31:19+08:00][sql] SHOW FULL COLUMNS FROM `cmf_portal_post` [ RunTime:0.001446s ]
[2026-06-12T18:31:19+08:00][sql] SELECT `p`.`id`,`p`.`post_title`,`p`.`post_excerpt`,`p`.`thumbnail`,`p`.`create_time`,`c`.`category_id` FROM `cmf_portal_post` `p` INNER JOIN `cmf_portal_category_post` `c` ON `p`.`id`=`c`.`post_id` WHERE (  `p`.`post_type` = '8' ) AND `p`.`delete_time` = '0' ORDER BY `c`.`list_order` ASC,`p`.`create_time` DESC [ RunTime:0.000848s ]
[2026-06-12T18:31:19+08:00][sql] SELECT `id`,`post_title`,`post_excerpt`,`more` FROM `cmf_portal_post` WHERE (  `post_type` = 3 ) AND `cmf_portal_post`.`delete_time` = '0' ORDER BY `create_time` DESC [ RunTime:0.000370s ]
[2026-06-12T18:31:19+08:00][sql] SELECT `option_value` FROM `cmf_option` WHERE  `option_name` = 'product_category_hero_settings' LIMIT 1 [ RunTime:0.000258s ]
[2026-06-12T18:31:19+08:00][sql] SHOW FULL COLUMNS FROM `cmf_theme_file` [ RunTime:0.002036s ]
[2026-06-12T18:31:19+08:00][sql] SELECT `more`,`file`,`id` FROM `cmf_theme_file` WHERE  `theme` = 'simpleboot3'  AND (  `is_public` = 1 OR `file` = 'portal/index' ) ORDER BY `is_public` DESC [ RunTime:0.000681s ]
[2026-06-12T18:31:19+08:00][sql] SHOW FULL COLUMNS FROM `cmf_route` [ RunTime:0.001674s ]
[2026-06-12T18:31:19+08:00][sql] SELECT * FROM `cmf_route` WHERE  `status` = 1 ORDER BY `list_order` ASC [ RunTime:0.000705s ]
[2026-06-12T18:31:19+08:00][sql] SELECT `option_value` FROM `cmf_option` WHERE  `option_name` = 'storage' LIMIT 1 [ RunTime:0.000493s ]
[2026-06-12T18:31:34+08:00][sql] CONNECT:[ UseTime:0.011732s ] mysql:host=127.0.0.1;port=3306;dbname=nucleon;charset=utf8mb4
[2026-06-12T18:31:34+08:00][sql] SHOW FULL COLUMNS FROM `cmf_option` [ RunTime:0.002272s ]
[2026-06-12T18:31:34+08:00][sql] SELECT `option_value` FROM `cmf_option` WHERE  `option_name` = 'cdn_settings' LIMIT 1 [ RunTime:0.000320s ]
[2026-06-12T18:31:34+08:00][sql] SELECT `option_value` FROM `cmf_option` WHERE  `option_name` = 'cdn_settings' LIMIT 1 [ RunTime:0.000349s ]
[2026-06-12T18:31:34+08:00][sql] SHOW FULL COLUMNS FROM `cmf_product_category` [ RunTime:0.001230s ]
[2026-06-12T18:31:34+08:00][sql] SELECT * FROM `cmf_product_category` WHERE  `parent_id` = 0 ORDER BY `list_order` ASC,`create_time` DESC [ RunTime:0.000332s ]
[2026-06-12T18:31:34+08:00][sql] SELECT * FROM `cmf_product_category` WHERE  `parent_id` IN (28,19,22,23,25,30,27) [ RunTime:0.000314s ]
[2026-06-12T18:31:34+08:00][sql] SHOW FULL COLUMNS FROM `cmf_portal_category` [ RunTime:0.001324s ]
[2026-06-12T18:31:34+08:00][sql] SELECT * FROM `cmf_portal_category` WHERE (  `type` = 8 ) AND `cmf_portal_category`.`delete_time` = '0' ORDER BY `list_order` ASC [ RunTime:0.000358s ]
[2026-06-12T18:31:34+08:00][sql] SHOW FULL COLUMNS FROM `cmf_slide_item` [ RunTime:0.001408s ]
[2026-06-12T18:31:34+08:00][sql] SELECT `title`,`description`,`image` FROM `cmf_slide_item` WHERE  `slide_id` = 12  AND `status` = 1 ORDER BY `list_order` ASC,`id` DESC LIMIT 1 [ RunTime:0.000571s ]
[2026-06-12T18:31:34+08:00][sql] SELECT * FROM `cmf_portal_category` WHERE (  `id` = 0  AND `status` = 1 ) AND `cmf_portal_category`.`delete_time` = '0' LIMIT 1 [ RunTime:0.000342s ]
[2026-06-12T18:31:34+08:00][sql] SHOW FULL COLUMNS FROM `cmf_portal_post` [ RunTime:0.001417s ]
[2026-06-12T18:31:34+08:00][sql] SELECT COUNT(*) AS think_count FROM `cmf_portal_post` `p` LEFT JOIN `cmf_portal_category_post` `c` ON `p`.`id`=`c`.`post_id` WHERE (  `post_type` = 8 ) AND `p`.`delete_time` = '0' LIMIT 1 [ RunTime:0.000673s ]
[2026-06-12T18:31:34+08:00][sql] SELECT `p`.`id`,`p`.`post_title`,`p`.`thumbnail`,`p`.`more`,c.category_id as cid,`p`.`post_excerpt`,`p`.`create_time` FROM `cmf_portal_post` `p` LEFT JOIN `cmf_portal_category_post` `c` ON `p`.`id`=`c`.`post_id` WHERE (  `post_type` = 8 ) AND `p`.`delete_time` = '0' ORDER BY `c`.`list_order` ASC,`p`.`create_time` DESC LIMIT 0,6 [ RunTime:0.000517s ]
[2026-06-12T18:31:34+08:00][sql] SHOW FULL COLUMNS FROM `cmf_theme_file` [ RunTime:0.001118s ]
[2026-06-12T18:31:34+08:00][sql] SELECT `more`,`file`,`id` FROM `cmf_theme_file` WHERE  `theme` = 'simpleboot3'  AND (  `is_public` = 1 OR `file` = 'portal/news' ) ORDER BY `is_public` DESC [ RunTime:0.000310s ]
[2026-06-12T18:31:34+08:00][sql] SELECT `option_value` FROM `cmf_option` WHERE  `option_name` = 'storage' LIMIT 1 [ RunTime:0.000713s ]
[2026-06-12T18:31:35+08:00][sql] CONNECT:[ UseTime:0.001095s ] mysql:host=127.0.0.1;port=3306;dbname=nucleon;charset=utf8mb4
[2026-06-12T18:31:35+08:00][sql] SHOW FULL COLUMNS FROM `cmf_option` [ RunTime:0.001772s ]
[2026-06-12T18:31:35+08:00][sql] SELECT `option_value` FROM `cmf_option` WHERE  `option_name` = 'cdn_settings' LIMIT 1 [ RunTime:0.000317s ]
[2026-06-12T18:31:35+08:00][sql] SELECT `option_value` FROM `cmf_option` WHERE  `option_name` = 'cdn_settings' LIMIT 1 [ RunTime:0.000275s ]
[2026-06-12T18:31:35+08:00][sql] SHOW FULL COLUMNS FROM `cmf_product_category` [ RunTime:0.001094s ]
[2026-06-12T18:31:35+08:00][sql] SELECT * FROM `cmf_product_category` WHERE  `parent_id` = 0 ORDER BY `list_order` ASC,`create_time` DESC [ RunTime:0.000364s ]
[2026-06-12T18:31:35+08:00][sql] SELECT * FROM `cmf_product_category` WHERE  `parent_id` IN (28,19,22,23,25,30,27) [ RunTime:0.000376s ]
[2026-06-12T18:31:35+08:00][sql] SHOW FULL COLUMNS FROM `cmf_portal_category` [ RunTime:0.001195s ]
[2026-06-12T18:31:35+08:00][sql] SELECT * FROM `cmf_portal_category` WHERE (  `type` = 8 ) AND `cmf_portal_category`.`delete_time` = '0' ORDER BY `list_order` ASC [ RunTime:0.000309s ]
[2026-06-12T18:31:35+08:00][sql] SHOW FULL COLUMNS FROM `cmf_slide_item` [ RunTime:0.001242s ]
[2026-06-12T18:31:35+08:00][sql] SELECT `title`,`description`,`image` FROM `cmf_slide_item` WHERE  `slide_id` = 12  AND `status` = 1 ORDER BY `list_order` ASC,`id` DESC LIMIT 1 [ RunTime:0.000398s ]
[2026-06-12T18:31:35+08:00][sql] SELECT * FROM `cmf_portal_category` WHERE (  `id` = 0  AND `status` = 1 ) AND `cmf_portal_category`.`delete_time` = '0' LIMIT 1 [ RunTime:0.000350s ]
[2026-06-12T18:31:35+08:00][sql] SHOW FULL COLUMNS FROM `cmf_portal_post` [ RunTime:0.001200s ]
[2026-06-12T18:31:35+08:00][sql] SELECT COUNT(*) AS think_count FROM `cmf_portal_post` `p` LEFT JOIN `cmf_portal_category_post` `c` ON `p`.`id`=`c`.`post_id` WHERE (  `post_type` = 8 ) AND `p`.`delete_time` = '0' LIMIT 1 [ RunTime:0.000469s ]
[2026-06-12T18:31:35+08:00][sql] SELECT `p`.`id`,`p`.`post_title`,`p`.`thumbnail`,`p`.`more`,c.category_id as cid,`p`.`post_excerpt`,`p`.`create_time` FROM `cmf_portal_post` `p` LEFT JOIN `cmf_portal_category_post` `c` ON `p`.`id`=`c`.`post_id` WHERE (  `post_type` = 8 ) AND `p`.`delete_time` = '0' ORDER BY `c`.`list_order` ASC,`p`.`create_time` DESC LIMIT 0,6 [ RunTime:0.000497s ]
[2026-06-12T18:31:35+08:00][sql] SHOW FULL COLUMNS FROM `cmf_theme_file` [ RunTime:0.000931s ]
[2026-06-12T18:31:35+08:00][sql] SELECT `more`,`file`,`id` FROM `cmf_theme_file` WHERE  `theme` = 'simpleboot3'  AND (  `is_public` = 1 OR `file` = 'portal/news' ) ORDER BY `is_public` DESC [ RunTime:0.000401s ]
[2026-06-12T18:31:35+08:00][sql] SELECT `option_value` FROM `cmf_option` WHERE  `option_name` = 'storage' LIMIT 1 [ RunTime:0.000352s ]
[2026-06-12T18:31:37+08:00][sql] CONNECT:[ UseTime:0.000879s ] mysql:host=127.0.0.1;port=3306;dbname=nucleon;charset=utf8mb4
[2026-06-12T18:31:37+08:00][sql] SHOW FULL COLUMNS FROM `cmf_option` [ RunTime:0.001062s ]
[2026-06-12T18:31:37+08:00][sql] SELECT `option_value` FROM `cmf_option` WHERE  `option_name` = 'cdn_settings' LIMIT 1 [ RunTime:0.000292s ]
[2026-06-12T18:31:37+08:00][sql] SELECT `option_value` FROM `cmf_option` WHERE  `option_name` = 'cdn_settings' LIMIT 1 [ RunTime:0.000389s ]
[2026-06-12T18:31:37+08:00][sql] SHOW FULL COLUMNS FROM `cmf_product_category` [ RunTime:0.000975s ]
[2026-06-12T18:31:37+08:00][sql] SELECT * FROM `cmf_product_category` WHERE  `parent_id` = 0 ORDER BY `list_order` ASC,`create_time` DESC [ RunTime:0.000301s ]
[2026-06-12T18:31:37+08:00][sql] SELECT * FROM `cmf_product_category` WHERE  `parent_id` IN (28,19,22,23,25,30,27) [ RunTime:0.000297s ]
[2026-06-12T18:31:37+08:00][sql] SHOW FULL COLUMNS FROM `cmf_portal_category` [ RunTime:0.000957s ]
[2026-06-12T18:31:37+08:00][sql] SELECT * FROM `cmf_portal_category` WHERE (  `type` = 8 ) AND `cmf_portal_category`.`delete_time` = '0' ORDER BY `list_order` ASC [ RunTime:0.000292s ]
[2026-06-12T18:31:37+08:00][sql] SHOW FULL COLUMNS FROM `cmf_slide_item` [ RunTime:0.001439s ]
[2026-06-12T18:31:37+08:00][sql] SELECT `title`,`description`,`image` FROM `cmf_slide_item` WHERE  `slide_id` = 5  AND `status` = 1 ORDER BY `list_order` ASC,`id` DESC LIMIT 1 [ RunTime:0.000463s ]
[2026-06-12T18:31:37+08:00][sql] SELECT `option_value` FROM `cmf_option` WHERE  `option_name` = 'quote_site' LIMIT 1 [ RunTime:0.000247s ]
[2026-06-12T18:31:37+08:00][sql] SHOW FULL COLUMNS FROM `cmf_theme_file` [ RunTime:0.002127s ]
[2026-06-12T18:31:37+08:00][sql] SELECT `more`,`file`,`id` FROM `cmf_theme_file` WHERE  `theme` = 'simpleboot3'  AND (  `is_public` = 1 OR `file` = 'portal/quote' ) ORDER BY `is_public` DESC [ RunTime:0.000398s ]
[2026-06-12T18:31:37+08:00][sql] SELECT `option_value` FROM `cmf_option` WHERE  `option_name` = 'storage' LIMIT 1 [ RunTime:0.000639s ]
[2026-06-12T18:31:44+08:00][sql] CONNECT:[ UseTime:0.000801s ] mysql:host=127.0.0.1;port=3306;dbname=nucleon;charset=utf8mb4
[2026-06-12T18:31:44+08:00][sql] SHOW FULL COLUMNS FROM `cmf_option` [ RunTime:0.001692s ]
[2026-06-12T18:31:44+08:00][sql] SELECT `option_value` FROM `cmf_option` WHERE  `option_name` = 'cdn_settings' LIMIT 1 [ RunTime:0.000326s ]
[2026-06-12T18:31:44+08:00][sql] SELECT `option_value` FROM `cmf_option` WHERE  `option_name` = 'cdn_settings' LIMIT 1 [ RunTime:0.000371s ]
[2026-06-12T18:31:44+08:00][sql] SHOW FULL COLUMNS FROM `cmf_portal_post` [ RunTime:0.001294s ]
[2026-06-12T18:31:44+08:00][sql] SELECT `id`,`post_title`,`update_time`,`create_time` FROM `cmf_portal_post` WHERE (  `post_type` = 8  AND ( delete_time IS NULL OR delete_time = 0 ) ) AND `cmf_portal_post`.`delete_time` = '0' [ RunTime:0.000461s ]
[2026-06-12T18:31:44+08:00][sql] SHOW FULL COLUMNS FROM `cmf_route` [ RunTime:0.000870s ]
[2026-06-12T18:31:44+08:00][sql] SELECT * FROM `cmf_route` WHERE  `full_url` LIKE 'portal/index/news_info%' [ RunTime:0.000368s ]
[2026-06-12T18:31:51+08:00][sql] CONNECT:[ UseTime:0.000701s ] mysql:host=127.0.0.1;port=3306;dbname=nucleon;charset=utf8mb4
[2026-06-12T18:31:51+08:00][sql] SHOW FULL COLUMNS FROM `cmf_option` [ RunTime:0.001755s ]
[2026-06-12T18:31:51+08:00][sql] SELECT `option_value` FROM `cmf_option` WHERE  `option_name` = 'cdn_settings' LIMIT 1 [ RunTime:0.000266s ]
[2026-06-12T18:31:51+08:00][sql] SELECT `option_value` FROM `cmf_option` WHERE  `option_name` = 'cdn_settings' LIMIT 1 [ RunTime:0.000276s ]
[2026-06-12T18:31:51+08:00][sql] SHOW FULL COLUMNS FROM `cmf_product_category` [ RunTime:0.000898s ]
[2026-06-12T18:31:51+08:00][sql] SELECT * FROM `cmf_product_category` WHERE  `parent_id` = 0 ORDER BY `list_order` ASC,`create_time` DESC [ RunTime:0.000527s ]
[2026-06-12T18:31:51+08:00][sql] SELECT * FROM `cmf_product_category` WHERE  `parent_id` IN (28,19,22,23,25,30,27) [ RunTime:0.000346s ]
[2026-06-12T18:31:51+08:00][sql] SHOW FULL COLUMNS FROM `cmf_portal_category` [ RunTime:0.001030s ]
[2026-06-12T18:31:51+08:00][sql] SELECT * FROM `cmf_portal_category` WHERE (  `type` = 8 ) AND `cmf_portal_category`.`delete_time` = '0' ORDER BY `list_order` ASC [ RunTime:0.000520s ]
[2026-06-12T18:31:51+08:00][sql] SELECT * FROM `cmf_portal_category` WHERE (  `id` = 1  AND `status` = 1 ) AND `cmf_portal_category`.`delete_time` = '0' LIMIT 1 [ RunTime:0.000286s ]
[2026-06-12T18:31:51+08:00][sql] SHOW FULL COLUMNS FROM `cmf_portal_post` [ RunTime:0.000899s ]
[2026-06-12T18:31:51+08:00][sql] SELECT `post`.* FROM `cmf_portal_post` `post` INNER JOIN `cmf_portal_category_post` `relation` ON `post`.`id`=`relation`.`post_id` WHERE (  `post`.`post_type` = '8'  AND `post`.`delete_time` = '0'  AND `relation`.`category_id` = '1'  AND `relation`.`post_id` = '10' ) AND `post`.`delete_time` = '0' LIMIT 1 [ RunTime:0.000472s ]
[2026-06-12T18:31:51+08:00][sql] SHOW FULL COLUMNS FROM `cmf_slide_item` [ RunTime:0.000830s ]
[2026-06-12T18:31:51+08:00][sql] SELECT `title`,`description`,`image` FROM `cmf_slide_item` WHERE  `slide_id` = 12  AND `status` = 1 ORDER BY `list_order` ASC,`id` DESC LIMIT 1 [ RunTime:0.000542s ]
[2026-06-12T18:31:51+08:00][sql] UPDATE `cmf_portal_post`  SET `post_hits` = `post_hits` + 1  WHERE (  `id` = 10 ) AND `cmf_portal_post`.`delete_time` = '0' [ RunTime:0.004975s ]
[2026-06-12T18:31:51+08:00][sql] SELECT `post`.* FROM `cmf_portal_post` `post` INNER JOIN `cmf_portal_category_post` `relation` ON `post`.`id`=`relation`.`post_id` WHERE (  `post`.`post_type` = '8'  AND `post`.`delete_time` = '0'  AND `relation`.`category_id` = '1'  AND `relation`.`post_id` = '10'  AND `relation`.`post_id` = '10' ) AND `post`.`delete_time` = '0' LIMIT 1 [ RunTime:0.000395s ]
[2026-06-12T18:31:51+08:00][sql] SELECT `post`.* FROM `cmf_portal_post` `post` INNER JOIN `cmf_portal_category_post` `relation` ON `post`.`id`=`relation`.`post_id` WHERE (  `post`.`post_type` = '8'  AND `post`.`delete_time` = '0'  AND `relation`.`category_id` = '1'  AND `relation`.`post_id` = '10'  AND `relation`.`post_id` < '10' ) AND `post`.`delete_time` = '0' ORDER BY `id` DESC LIMIT 1 [ RunTime:0.000284s ]
[2026-06-12T18:31:51+08:00][sql] SELECT `post`.* FROM `cmf_portal_post` `post` INNER JOIN `cmf_portal_category_post` `relation` ON `post`.`id`=`relation`.`post_id` WHERE (  `post`.`post_type` = '8'  AND `post`.`delete_time` = '0'  AND `relation`.`category_id` = '1'  AND `relation`.`post_id` = '10'  AND `relation`.`post_id` > '10' ) AND `post`.`delete_time` = '0' ORDER BY `id` DESC LIMIT 1 [ RunTime:0.000318s ]
[2026-06-12T18:31:51+08:00][sql] SHOW FULL COLUMNS FROM `cmf_theme_file` [ RunTime:0.000934s ]
[2026-06-12T18:31:51+08:00][sql] SELECT `more`,`file`,`id` FROM `cmf_theme_file` WHERE  `theme` = 'simpleboot3'  AND (  `is_public` = 1 OR `file` = 'portal/news-info' ) ORDER BY `is_public` DESC [ RunTime:0.000358s ]
[2026-06-12T18:31:51+08:00][sql] SELECT `option_value` FROM `cmf_option` WHERE  `option_name` = 'storage' LIMIT 1 [ RunTime:0.000662s ]
[2026-06-12T18:32:52+08:00][sql] CONNECT:[ UseTime:0.000886s ] mysql:host=127.0.0.1;port=3306;dbname=nucleon;charset=utf8mb4
[2026-06-12T18:32:52+08:00][sql] SHOW FULL COLUMNS FROM `cmf_option` [ RunTime:0.001861s ]
[2026-06-12T18:32:52+08:00][sql] SELECT `option_value` FROM `cmf_option` WHERE  `option_name` = 'cdn_settings' LIMIT 1 [ RunTime:0.000257s ]
[2026-06-12T18:32:52+08:00][sql] SELECT `option_value` FROM `cmf_option` WHERE  `option_name` = 'cdn_settings' LIMIT 1 [ RunTime:0.000300s ]
[2026-06-12T18:32:52+08:00][sql] SHOW FULL COLUMNS FROM `cmf_product_category` [ RunTime:0.001125s ]
[2026-06-12T18:32:52+08:00][sql] SELECT * FROM `cmf_product_category` WHERE  `parent_id` = 0 ORDER BY `list_order` ASC,`create_time` DESC [ RunTime:0.000470s ]
[2026-06-12T18:32:52+08:00][sql] SELECT * FROM `cmf_product_category` WHERE  `parent_id` IN (28,19,22,23,25,30,27) [ RunTime:0.000784s ]
[2026-06-12T18:32:52+08:00][sql] SHOW FULL COLUMNS FROM `cmf_portal_category` [ RunTime:0.002431s ]
[2026-06-12T18:32:52+08:00][sql] SELECT * FROM `cmf_portal_category` WHERE (  `type` = 8 ) AND `cmf_portal_category`.`delete_time` = '0' ORDER BY `list_order` ASC [ RunTime:0.000437s ]
[2026-06-12T18:32:52+08:00][sql] SELECT * FROM `cmf_portal_category` WHERE (  `id` = 1  AND `status` = 1 ) AND `cmf_portal_category`.`delete_time` = '0' LIMIT 1 [ RunTime:0.000361s ]
[2026-06-12T18:32:52+08:00][sql] SHOW FULL COLUMNS FROM `cmf_portal_post` [ RunTime:0.001043s ]
[2026-06-12T18:32:52+08:00][sql] SELECT `post`.* FROM `cmf_portal_post` `post` INNER JOIN `cmf_portal_category_post` `relation` ON `post`.`id`=`relation`.`post_id` WHERE (  `post`.`post_type` = '8'  AND `post`.`delete_time` = '0'  AND `relation`.`category_id` = '1'  AND `relation`.`post_id` = '10' ) AND `post`.`delete_time` = '0' LIMIT 1 [ RunTime:0.000624s ]
[2026-06-12T18:32:52+08:00][sql] SHOW FULL COLUMNS FROM `cmf_slide_item` [ RunTime:0.001595s ]
[2026-06-12T18:32:52+08:00][sql] SELECT `title`,`description`,`image` FROM `cmf_slide_item` WHERE  `slide_id` = 12  AND `status` = 1 ORDER BY `list_order` ASC,`id` DESC LIMIT 1 [ RunTime:0.000627s ]
[2026-06-12T18:32:52+08:00][sql] UPDATE `cmf_portal_post`  SET `post_hits` = `post_hits` + 1  WHERE (  `id` = 10 ) AND `cmf_portal_post`.`delete_time` = '0' [ RunTime:0.003631s ]
[2026-06-12T18:32:52+08:00][sql] SELECT `post`.* FROM `cmf_portal_post` `post` INNER JOIN `cmf_portal_category_post` `relation` ON `post`.`id`=`relation`.`post_id` WHERE (  `post`.`post_type` = '8'  AND `post`.`delete_time` = '0'  AND `relation`.`category_id` = '1'  AND `relation`.`post_id` = '10'  AND `relation`.`post_id` = '10' ) AND `post`.`delete_time` = '0' LIMIT 1 [ RunTime:0.000801s ]
[2026-06-12T18:32:52+08:00][sql] SELECT `post`.* FROM `cmf_portal_post` `post` INNER JOIN `cmf_portal_category_post` `relation` ON `post`.`id`=`relation`.`post_id` WHERE (  `post`.`post_type` = '8'  AND `post`.`delete_time` = '0'  AND `relation`.`category_id` = '1'  AND `relation`.`post_id` = '10'  AND `relation`.`post_id` < '10' ) AND `post`.`delete_time` = '0' ORDER BY `id` DESC LIMIT 1 [ RunTime:0.000348s ]
[2026-06-12T18:32:52+08:00][sql] SELECT `post`.* FROM `cmf_portal_post` `post` INNER JOIN `cmf_portal_category_post` `relation` ON `post`.`id`=`relation`.`post_id` WHERE (  `post`.`post_type` = '8'  AND `post`.`delete_time` = '0'  AND `relation`.`category_id` = '1'  AND `relation`.`post_id` = '10'  AND `relation`.`post_id` > '10' ) AND `post`.`delete_time` = '0' ORDER BY `id` DESC LIMIT 1 [ RunTime:0.000284s ]
[2026-06-12T18:32:52+08:00][sql] SHOW FULL COLUMNS FROM `cmf_theme_file` [ RunTime:0.001374s ]
[2026-06-12T18:32:52+08:00][sql] SELECT `more`,`file`,`id` FROM `cmf_theme_file` WHERE  `theme` = 'simpleboot3'  AND (  `is_public` = 1 OR `file` = 'portal/news-info' ) ORDER BY `is_public` DESC [ RunTime:0.000402s ]
[2026-06-12T18:32:52+08:00][sql] SELECT `option_value` FROM `cmf_option` WHERE  `option_name` = 'storage' LIMIT 1 [ RunTime:0.000827s ]
[2026-06-12T18:32:54+08:00][sql] CONNECT:[ UseTime:0.001200s ] mysql:host=127.0.0.1;port=3306;dbname=nucleon;charset=utf8mb4
[2026-06-12T18:32:54+08:00][sql] SHOW FULL COLUMNS FROM `cmf_option` [ RunTime:0.002000s ]
[2026-06-12T18:32:54+08:00][sql] SELECT `option_value` FROM `cmf_option` WHERE  `option_name` = 'cdn_settings' LIMIT 1 [ RunTime:0.000319s ]
[2026-06-12T18:32:54+08:00][sql] SELECT `option_value` FROM `cmf_option` WHERE  `option_name` = 'cdn_settings' LIMIT 1 [ RunTime:0.000765s ]
[2026-06-12T18:32:54+08:00][sql] SHOW FULL COLUMNS FROM `cmf_product_category` [ RunTime:0.003067s ]
[2026-06-12T18:32:54+08:00][sql] SELECT * FROM `cmf_product_category` WHERE  `parent_id` = 0 ORDER BY `list_order` ASC,`create_time` DESC [ RunTime:0.001276s ]
[2026-06-12T18:32:54+08:00][sql] SELECT * FROM `cmf_product_category` WHERE  `parent_id` IN (28,19,22,23,25,30,27) [ RunTime:0.000562s ]
[2026-06-12T18:32:54+08:00][sql] SHOW FULL COLUMNS FROM `cmf_portal_category` [ RunTime:0.001756s ]
[2026-06-12T18:32:54+08:00][sql] SELECT * FROM `cmf_portal_category` WHERE (  `type` = 8 ) AND `cmf_portal_category`.`delete_time` = '0' ORDER BY `list_order` ASC [ RunTime:0.000809s ]
[2026-06-12T18:32:54+08:00][sql] SHOW FULL COLUMNS FROM `cmf_slide_item` [ RunTime:0.001618s ]
[2026-06-12T18:32:54+08:00][sql] SELECT `title`,`description`,`image`,`url`,`target`,`content` FROM `cmf_slide_item` WHERE  `slide_id` = 1 ORDER BY `list_order` ASC [ RunTime:0.000761s ]
[2026-06-12T18:32:54+08:00][sql] SHOW FULL COLUMNS FROM `cmf_slide` [ RunTime:0.002027s ]
[2026-06-12T18:32:54+08:00][sql] SELECT * FROM `cmf_slide` WHERE  `name` LIKE '%choose%' OR `name` LIKE '%选择%' LIMIT 1 [ RunTime:0.001022s ]
[2026-06-12T18:32:54+08:00][sql] SELECT `title`,`description`,`image`,`url`,`target`,`content` FROM `cmf_slide_item` WHERE  `slide_id` = 14  AND `status` = 1 ORDER BY `list_order` ASC [ RunTime:0.000689s ]
[2026-06-12T18:32:54+08:00][sql] SELECT * FROM `cmf_product_category` WHERE  `parent_id` = 0  AND `recommend` = 1 ORDER BY `list_order` ASC,`create_time` DESC [ RunTime:0.000465s ]
[2026-06-12T18:32:54+08:00][sql] SHOW FULL COLUMNS FROM `cmf_product` [ RunTime:0.001647s ]
[2026-06-12T18:32:54+08:00][sql] SELECT `id`,`title`,`thumbnail`,`industry` FROM `cmf_product` WHERE  `is_recommended` = 1  AND `category_id` = 28 ORDER BY `list_order` ASC LIMIT 6 [ RunTime:0.001097s ]
[2026-06-12T18:32:54+08:00][sql] SELECT `id`,`title`,`thumbnail`,`industry` FROM `cmf_product` WHERE  `is_recommended` = 1  AND `category_id` = 19 ORDER BY `list_order` ASC LIMIT 6 [ RunTime:0.000476s ]
[2026-06-12T18:32:54+08:00][sql] SELECT `id`,`title`,`thumbnail`,`industry` FROM `cmf_product` WHERE  `is_recommended` = 1  AND `category_id` = 23 ORDER BY `list_order` ASC LIMIT 6 [ RunTime:0.000517s ]
[2026-06-12T18:32:54+08:00][sql] SELECT `id`,`title`,`thumbnail`,`industry` FROM `cmf_product` WHERE  `is_recommended` = 1  AND `category_id` = 25 ORDER BY `list_order` ASC LIMIT 6 [ RunTime:0.000392s ]
[2026-06-12T18:32:54+08:00][sql] SELECT `id`,`title`,`thumbnail`,`industry` FROM `cmf_product` WHERE  `is_recommended` = 1  AND `category_id` = 30 ORDER BY `list_order` ASC LIMIT 6 [ RunTime:0.000340s ]
[2026-06-12T18:32:54+08:00][sql] SHOW FULL COLUMNS FROM `cmf_portal_post` [ RunTime:0.002351s ]
[2026-06-12T18:32:54+08:00][sql] SELECT `p`.`id`,`p`.`post_title`,`p`.`post_excerpt`,`p`.`thumbnail`,`p`.`create_time`,`c`.`category_id` FROM `cmf_portal_post` `p` INNER JOIN `cmf_portal_category_post` `c` ON `p`.`id`=`c`.`post_id` WHERE (  `p`.`post_type` = '8' ) AND `p`.`delete_time` = '0' ORDER BY `c`.`list_order` ASC,`p`.`create_time` DESC [ RunTime:0.002142s ]
[2026-06-12T18:32:54+08:00][sql] SELECT `id`,`post_title`,`post_excerpt`,`more` FROM `cmf_portal_post` WHERE (  `post_type` = 3 ) AND `cmf_portal_post`.`delete_time` = '0' ORDER BY `create_time` DESC [ RunTime:0.001044s ]
[2026-06-12T18:32:54+08:00][sql] SHOW FULL COLUMNS FROM `cmf_theme_file` [ RunTime:0.002059s ]
[2026-06-12T18:32:54+08:00][sql] SELECT `more`,`file`,`id` FROM `cmf_theme_file` WHERE  `theme` = 'simpleboot3'  AND (  `is_public` = 1 OR `file` = 'portal/index' ) ORDER BY `is_public` DESC [ RunTime:0.000790s ]
[2026-06-12T18:32:54+08:00][sql] SELECT `option_value` FROM `cmf_option` WHERE  `option_name` = 'storage' LIMIT 1 [ RunTime:0.000636s ]
[2026-06-12T18:32:55+08:00][sql] CONNECT:[ UseTime:0.000899s ] mysql:host=127.0.0.1;port=3306;dbname=nucleon;charset=utf8mb4
[2026-06-12T18:32:55+08:00][sql] SHOW FULL COLUMNS FROM `cmf_option` [ RunTime:0.001339s ]
[2026-06-12T18:32:55+08:00][sql] SELECT `option_value` FROM `cmf_option` WHERE  `option_name` = 'cdn_settings' LIMIT 1 [ RunTime:0.000299s ]
[2026-06-12T18:32:55+08:00][sql] SELECT `option_value` FROM `cmf_option` WHERE  `option_name` = 'cdn_settings' LIMIT 1 [ RunTime:0.000277s ]
[2026-06-12T18:32:55+08:00][sql] SHOW FULL COLUMNS FROM `cmf_product_category` [ RunTime:0.001253s ]
[2026-06-12T18:32:55+08:00][sql] SELECT * FROM `cmf_product_category` WHERE  `parent_id` = 0 ORDER BY `list_order` ASC,`create_time` DESC [ RunTime:0.000372s ]
[2026-06-12T18:32:55+08:00][sql] SELECT * FROM `cmf_product_category` WHERE  `parent_id` IN (28,19,22,23,25,30,27) [ RunTime:0.000492s ]
[2026-06-12T18:32:55+08:00][sql] SHOW FULL COLUMNS FROM `cmf_portal_category` [ RunTime:0.001258s ]
[2026-06-12T18:32:55+08:00][sql] SELECT * FROM `cmf_portal_category` WHERE (  `type` = 8 ) AND `cmf_portal_category`.`delete_time` = '0' ORDER BY `list_order` ASC [ RunTime:0.000386s ]
[2026-06-12T18:32:55+08:00][sql] SHOW FULL COLUMNS FROM `cmf_slide_item` [ RunTime:0.001058s ]
[2026-06-12T18:32:55+08:00][sql] SELECT `title`,`description`,`image`,`url`,`target`,`content` FROM `cmf_slide_item` WHERE  `slide_id` = 1 ORDER BY `list_order` ASC [ RunTime:0.000312s ]
[2026-06-12T18:32:55+08:00][sql] SHOW FULL COLUMNS FROM `cmf_slide` [ RunTime:0.000918s ]
[2026-06-12T18:32:55+08:00][sql] SELECT * FROM `cmf_slide` WHERE  `name` LIKE '%choose%' OR `name` LIKE '%选择%' LIMIT 1 [ RunTime:0.000452s ]
[2026-06-12T18:32:55+08:00][sql] SELECT `title`,`description`,`image`,`url`,`target`,`content` FROM `cmf_slide_item` WHERE  `slide_id` = 14  AND `status` = 1 ORDER BY `list_order` ASC [ RunTime:0.000337s ]
[2026-06-12T18:32:55+08:00][sql] SELECT * FROM `cmf_product_category` WHERE  `parent_id` = 0  AND `recommend` = 1 ORDER BY `list_order` ASC,`create_time` DESC [ RunTime:0.000325s ]
[2026-06-12T18:32:55+08:00][sql] SHOW FULL COLUMNS FROM `cmf_product` [ RunTime:0.001286s ]
[2026-06-12T18:32:55+08:00][sql] SELECT `id`,`title`,`thumbnail`,`industry` FROM `cmf_product` WHERE  `is_recommended` = 1  AND `category_id` = 28 ORDER BY `list_order` ASC LIMIT 6 [ RunTime:0.000875s ]
[2026-06-12T18:32:55+08:00][sql] SELECT `id`,`title`,`thumbnail`,`industry` FROM `cmf_product` WHERE  `is_recommended` = 1  AND `category_id` = 19 ORDER BY `list_order` ASC LIMIT 6 [ RunTime:0.000434s ]
[2026-06-12T18:32:55+08:00][sql] SELECT `id`,`title`,`thumbnail`,`industry` FROM `cmf_product` WHERE  `is_recommended` = 1  AND `category_id` = 23 ORDER BY `list_order` ASC LIMIT 6 [ RunTime:0.000336s ]
[2026-06-12T18:32:55+08:00][sql] SELECT `id`,`title`,`thumbnail`,`industry` FROM `cmf_product` WHERE  `is_recommended` = 1  AND `category_id` = 25 ORDER BY `list_order` ASC LIMIT 6 [ RunTime:0.000314s ]
[2026-06-12T18:32:55+08:00][sql] SELECT `id`,`title`,`thumbnail`,`industry` FROM `cmf_product` WHERE  `is_recommended` = 1  AND `category_id` = 30 ORDER BY `list_order` ASC LIMIT 6 [ RunTime:0.000298s ]
[2026-06-12T18:32:55+08:00][sql] SHOW FULL COLUMNS FROM `cmf_portal_post` [ RunTime:0.002029s ]
[2026-06-12T18:32:55+08:00][sql] SELECT `p`.`id`,`p`.`post_title`,`p`.`post_excerpt`,`p`.`thumbnail`,`p`.`create_time`,`c`.`category_id` FROM `cmf_portal_post` `p` INNER JOIN `cmf_portal_category_post` `c` ON `p`.`id`=`c`.`post_id` WHERE (  `p`.`post_type` = '8' ) AND `p`.`delete_time` = '0' ORDER BY `c`.`list_order` ASC,`p`.`create_time` DESC [ RunTime:0.001606s ]
[2026-06-12T18:32:55+08:00][sql] SELECT `id`,`post_title`,`post_excerpt`,`more` FROM `cmf_portal_post` WHERE (  `post_type` = 3 ) AND `cmf_portal_post`.`delete_time` = '0' ORDER BY `create_time` DESC [ RunTime:0.000577s ]
[2026-06-12T18:32:55+08:00][sql] SHOW FULL COLUMNS FROM `cmf_theme_file` [ RunTime:0.001159s ]
[2026-06-12T18:32:55+08:00][sql] SELECT `more`,`file`,`id` FROM `cmf_theme_file` WHERE  `theme` = 'simpleboot3'  AND (  `is_public` = 1 OR `file` = 'portal/index' ) ORDER BY `is_public` DESC [ RunTime:0.000346s ]
[2026-06-12T18:32:55+08:00][sql] SELECT `option_value` FROM `cmf_option` WHERE  `option_name` = 'storage' LIMIT 1 [ RunTime:0.000497s ]
[2026-06-12T19:34:25+08:00][sql] CONNECT:[ UseTime:0.006002s ] mysql:host=127.0.0.1;port=3306;dbname=nucleon;charset=utf8mb4
[2026-06-12T19:34:25+08:00][sql] SHOW FULL COLUMNS FROM `cmf_plugin` [ RunTime:0.004484s ]
[2026-06-12T19:34:25+08:00][sql] SELECT `config` FROM `cmf_plugin` WHERE  `name` = 'SwitchTheme' LIMIT 1 [ RunTime:0.002802s ]
[2026-06-12T19:34:25+08:00][sql] SHOW FULL COLUMNS FROM `cmf_option` [ RunTime:0.003121s ]
[2026-06-12T19:34:25+08:00][sql] SELECT `option_value` FROM `cmf_option` WHERE  `option_name` = 'cdn_settings' LIMIT 1 [ RunTime:0.000486s ]
[2026-06-12T19:34:25+08:00][sql] SELECT `option_value` FROM `cmf_option` WHERE  `option_name` = 'cdn_settings' LIMIT 1 [ RunTime:0.000656s ]
[2026-06-12T19:34:25+08:00][sql] SHOW FULL COLUMNS FROM `cmf_product_category` [ RunTime:0.002443s ]
[2026-06-12T19:34:25+08:00][sql] SELECT * FROM `cmf_product_category` WHERE  `parent_id` = 0 ORDER BY `list_order` ASC,`create_time` DESC [ RunTime:0.000909s ]
[2026-06-12T19:34:25+08:00][sql] SELECT * FROM `cmf_product_category` WHERE  `parent_id` IN (28,19,22,23,25,30,27) [ RunTime:0.001825s ]
[2026-06-12T19:34:25+08:00][sql] SHOW FULL COLUMNS FROM `cmf_portal_category` [ RunTime:0.002201s ]
[2026-06-12T19:34:25+08:00][sql] SELECT * FROM `cmf_portal_category` WHERE (  `type` = 8 ) AND `cmf_portal_category`.`delete_time` = '0' ORDER BY `list_order` ASC [ RunTime:0.001017s ]
[2026-06-12T19:34:25+08:00][sql] SHOW FULL COLUMNS FROM `cmf_slide_item` [ RunTime:0.001584s ]
[2026-06-12T19:34:25+08:00][sql] SELECT `title`,`description`,`image`,`url`,`target`,`content` FROM `cmf_slide_item` WHERE  `slide_id` = 1 ORDER BY `list_order` ASC [ RunTime:0.001573s ]
[2026-06-12T19:34:25+08:00][sql] SHOW FULL COLUMNS FROM `cmf_slide` [ RunTime:0.001048s ]
[2026-06-12T19:34:25+08:00][sql] SELECT * FROM `cmf_slide` WHERE  `name` LIKE '%choose%' OR `name` LIKE '%选择%' LIMIT 1 [ RunTime:0.002200s ]
[2026-06-12T19:34:25+08:00][sql] SELECT `title`,`description`,`image`,`url`,`target`,`content` FROM `cmf_slide_item` WHERE  `slide_id` = 14  AND `status` = 1 ORDER BY `list_order` ASC [ RunTime:0.000518s ]
[2026-06-12T19:34:25+08:00][sql] SELECT * FROM `cmf_product_category` WHERE  `parent_id` = 0  AND `recommend` = 1 ORDER BY `list_order` ASC,`create_time` DESC [ RunTime:0.000795s ]
[2026-06-12T19:34:25+08:00][sql] SHOW FULL COLUMNS FROM `cmf_product` [ RunTime:0.001450s ]
[2026-06-12T19:34:25+08:00][sql] SELECT `id`,`title`,`thumbnail`,`industry` FROM `cmf_product` WHERE  `is_recommended` = 1  AND `category_id` = 28 ORDER BY `list_order` ASC LIMIT 6 [ RunTime:0.000838s ]
[2026-06-12T19:34:25+08:00][sql] SELECT `id`,`title`,`thumbnail`,`industry` FROM `cmf_product` WHERE  `is_recommended` = 1  AND `category_id` = 19 ORDER BY `list_order` ASC LIMIT 6 [ RunTime:0.000457s ]
[2026-06-12T19:34:25+08:00][sql] SELECT `id`,`title`,`thumbnail`,`industry` FROM `cmf_product` WHERE  `is_recommended` = 1  AND `category_id` = 23 ORDER BY `list_order` ASC LIMIT 6 [ RunTime:0.000341s ]
[2026-06-12T19:34:25+08:00][sql] SELECT `id`,`title`,`thumbnail`,`industry` FROM `cmf_product` WHERE  `is_recommended` = 1  AND `category_id` = 25 ORDER BY `list_order` ASC LIMIT 6 [ RunTime:0.000309s ]
[2026-06-12T19:34:25+08:00][sql] SELECT `id`,`title`,`thumbnail`,`industry` FROM `cmf_product` WHERE  `is_recommended` = 1  AND `category_id` = 30 ORDER BY `list_order` ASC LIMIT 6 [ RunTime:0.000277s ]
[2026-06-12T19:34:25+08:00][sql] SHOW FULL COLUMNS FROM `cmf_portal_post` [ RunTime:0.001886s ]
[2026-06-12T19:34:25+08:00][sql] SELECT `p`.`id`,`p`.`post_title`,`p`.`post_excerpt`,`p`.`thumbnail`,`p`.`create_time`,`c`.`category_id` FROM `cmf_portal_post` `p` INNER JOIN `cmf_portal_category_post` `c` ON `p`.`id`=`c`.`post_id` WHERE (  `p`.`post_type` = '8' ) AND `p`.`delete_time` = '0' ORDER BY `c`.`list_order` ASC,`p`.`create_time` DESC [ RunTime:0.000985s ]
[2026-06-12T19:34:25+08:00][sql] SELECT `id`,`post_title`,`post_excerpt`,`more` FROM `cmf_portal_post` WHERE (  `post_type` = 3 ) AND `cmf_portal_post`.`delete_time` = '0' ORDER BY `create_time` DESC [ RunTime:0.000501s ]
[2026-06-12T19:34:25+08:00][sql] SHOW FULL COLUMNS FROM `cmf_theme_file` [ RunTime:0.001393s ]
[2026-06-12T19:34:25+08:00][sql] SELECT `more`,`file`,`id` FROM `cmf_theme_file` WHERE  `theme` = 'simpleboot3'  AND (  `is_public` = 1 OR `file` = 'portal/index' ) ORDER BY `is_public` DESC [ RunTime:0.000480s ]
[2026-06-12T19:34:25+08:00][sql] SELECT `option_value` FROM `cmf_option` WHERE  `option_name` = 'storage' LIMIT 1 [ RunTime:0.000606s ]
[2026-06-12T19:34:30+08:00][sql] CONNECT:[ UseTime:0.001641s ] mysql:host=127.0.0.1;port=3306;dbname=nucleon;charset=utf8mb4
[2026-06-12T19:34:30+08:00][sql] SHOW FULL COLUMNS FROM `cmf_option` [ RunTime:0.003933s ]
[2026-06-12T19:34:30+08:00][sql] SELECT `option_value` FROM `cmf_option` WHERE  `option_name` = 'cdn_settings' LIMIT 1 [ RunTime:0.000891s ]
[2026-06-12T19:34:30+08:00][sql] SELECT `option_value` FROM `cmf_option` WHERE  `option_name` = 'cdn_settings' LIMIT 1 [ RunTime:0.000692s ]
[2026-06-12T19:34:30+08:00][sql] SHOW FULL COLUMNS FROM `cmf_product_category` [ RunTime:0.001572s ]
[2026-06-12T19:34:30+08:00][sql] SELECT * FROM `cmf_product_category` WHERE  `parent_id` = 0 ORDER BY `list_order` ASC,`create_time` DESC [ RunTime:0.000763s ]
[2026-06-12T19:34:30+08:00][sql] SELECT * FROM `cmf_product_category` WHERE  `parent_id` IN (28,19,22,23,25,30,27) [ RunTime:0.001142s ]
[2026-06-12T19:34:30+08:00][sql] SHOW FULL COLUMNS FROM `cmf_portal_category` [ RunTime:0.002536s ]
[2026-06-12T19:34:30+08:00][sql] SELECT * FROM `cmf_portal_category` WHERE (  `type` = 8 ) AND `cmf_portal_category`.`delete_time` = '0' ORDER BY `list_order` ASC [ RunTime:0.000681s ]
[2026-06-12T19:34:30+08:00][sql] SHOW FULL COLUMNS FROM `cmf_product` [ RunTime:0.003196s ]
[2026-06-12T19:34:30+08:00][sql] SELECT COUNT(*) AS think_count FROM `cmf_product` WHERE  `category_id` = 28 LIMIT 1 [ RunTime:0.005273s ]
[2026-06-12T19:34:30+08:00][sql] SELECT COUNT(*) AS think_count FROM `cmf_product` WHERE  `category_id` = 19 LIMIT 1 [ RunTime:0.000888s ]
[2026-06-12T19:34:30+08:00][sql] SELECT COUNT(*) AS think_count FROM `cmf_product` WHERE  `category_id` = 22 LIMIT 1 [ RunTime:0.000620s ]
[2026-06-12T19:34:30+08:00][sql] SELECT COUNT(*) AS think_count FROM `cmf_product` WHERE  `category_id` = 23 LIMIT 1 [ RunTime:0.000510s ]
[2026-06-12T19:34:30+08:00][sql] SELECT COUNT(*) AS think_count FROM `cmf_product` WHERE  `category_id` = 25 LIMIT 1 [ RunTime:0.000484s ]
[2026-06-12T19:34:30+08:00][sql] SELECT COUNT(*) AS think_count FROM `cmf_product` WHERE  `category_id` = 30 LIMIT 1 [ RunTime:0.000314s ]
[2026-06-12T19:34:30+08:00][sql] SELECT COUNT(*) AS think_count FROM `cmf_product` WHERE  `category_id` = 27 LIMIT 1 [ RunTime:0.000337s ]
[2026-06-12T19:34:30+08:00][sql] SELECT COUNT(*) AS think_count FROM `cmf_product` LIMIT 1 [ RunTime:0.000355s ]
[2026-06-12T19:34:30+08:00][sql] SELECT `id`,`category_id`,`title`,`thumbnail`,`industry`,`overview` FROM `cmf_product` ORDER BY `list_order` ASC,`create_time` DESC LIMIT 0,12 [ RunTime:0.001323s ]
[2026-06-12T19:34:30+08:00][sql] SHOW FULL COLUMNS FROM `cmf_slide_item` [ RunTime:0.002477s ]
[2026-06-12T19:34:30+08:00][sql] SELECT `title`,`description`,`image` FROM `cmf_slide_item` WHERE  `slide_id` = 2  AND `status` = 1 ORDER BY `list_order` ASC,`id` DESC LIMIT 1 [ RunTime:0.000974s ]
[2026-06-12T19:34:30+08:00][sql] SELECT `option_value` FROM `cmf_option` WHERE  `option_name` = 'storage' LIMIT 1 [ RunTime:0.000422s ]
[2026-06-12T19:34:30+08:00][sql] SELECT `option_value` FROM `cmf_option` WHERE  `option_name` = 'product_category_faq_settings' LIMIT 1 [ RunTime:0.000399s ]
[2026-06-12T19:34:30+08:00][sql] SHOW FULL COLUMNS FROM `cmf_portal_post` [ RunTime:0.001744s ]
[2026-06-12T19:34:30+08:00][sql] SELECT `id`,`post_title`,`post_excerpt`,`more` FROM `cmf_portal_post` WHERE (  `post_type` = 3 ) AND `cmf_portal_post`.`delete_time` = '0' ORDER BY `create_time` DESC [ RunTime:0.000684s ]
[2026-06-12T19:34:30+08:00][sql] SHOW FULL COLUMNS FROM `cmf_theme_file` [ RunTime:0.001731s ]
[2026-06-12T19:34:30+08:00][sql] SELECT `more`,`file`,`id` FROM `cmf_theme_file` WHERE  `theme` = 'simpleboot3'  AND (  `is_public` = 1 OR `file` = 'portal/product' ) ORDER BY `is_public` DESC [ RunTime:0.000640s ]
