[2026-06-17T09:05:55+08:00][sql] CONNECT:[ UseTime:0.002195s ] mysql:host=127.0.0.1;port=3306;dbname=nucleon;charset=utf8mb4
[2026-06-17T09:05:55+08:00][sql] SHOW FULL COLUMNS FROM `cmf_hook` [ RunTime:0.011121s ]
[2026-06-17T09:05:55+08:00][sql] SELECT `hook`,`id` FROM `cmf_hook` WHERE  (  (  `app` = '' OR `app` = 'cmf' )  AND `type` = 3 ) OR `type` = 1 [ RunTime:0.003784s ]
[2026-06-17T09:05:55+08:00][sql] SHOW FULL COLUMNS FROM `cmf_hook_plugin` [ RunTime:0.002936s ]
[2026-06-17T09:05:55+08:00][sql] SELECT `hook`,`plugin` FROM `cmf_hook_plugin` WHERE  `status` = 1  AND `hook` IN ('app_begin','module_init','action_begin','view_filter','app_end','log_write','response_end','admin_init','home_init','send_mobile_verification_code','body_start','before_head_end','footer_start','before_footer','before_footer_end','before_body_end','left_sidebar_start','before_left_sidebar_end','right_sidebar_start','before_right_sidebar_end','comment','guestbook','switch_theme','after_content','before_content','log_write_done','switch_admin_theme','captcha_image','user_login_start') ORDER BY `list_order` ASC [ RunTime:0.003542s ]
[2026-06-17T09:05:55+08:00][sql] SELECT `hook` FROM `cmf_hook` WHERE  `app` = 'portal' [ RunTime:0.000557s ]
[2026-06-17T09:05:55+08:00][sql] SELECT `hook`,`plugin` FROM `cmf_hook_plugin` WHERE  `status` = 1  AND `hook` IN ('portal_before_assign_article','portal_admin_after_save_article','portal_admin_article_index_view','portal_admin_article_add_view','portal_admin_article_edit_view','portal_admin_category_index_view','portal_admin_category_add_view','portal_admin_category_edit_view','portal_admin_page_index_view','portal_admin_page_add_view','portal_admin_page_edit_view','portal_admin_tag_index_view','portal_admin_article_edit_view_right_sidebar','portal_admin_article_edit_view_main') ORDER BY `list_order` ASC [ RunTime:0.000440s ]
[2026-06-17T09:05:55+08:00][sql] SHOW FULL COLUMNS FROM `cmf_plugin` [ RunTime:0.003059s ]
[2026-06-17T09:05:55+08:00][sql] SELECT `config` FROM `cmf_plugin` WHERE  `name` = 'SwitchTheme' LIMIT 1 [ RunTime:0.003067s ]
[2026-06-17T09:05:55+08:00][sql] SHOW FULL COLUMNS FROM `cmf_option` [ RunTime:0.003337s ]
[2026-06-17T09:05:55+08:00][sql] SELECT `option_value` FROM `cmf_option` WHERE  `option_name` = 'cdn_settings' LIMIT 1 [ RunTime:0.001741s ]
[2026-06-17T09:05:55+08:00][sql] SELECT `option_value` FROM `cmf_option` WHERE  `option_name` = 'cdn_settings' LIMIT 1 [ RunTime:0.000464s ]
[2026-06-17T09:05:55+08:00][sql] SHOW FULL COLUMNS FROM `cmf_product_category` [ RunTime:0.001431s ]
[2026-06-17T09:05:55+08:00][sql] SELECT * FROM `cmf_product_category` WHERE  `parent_id` = 0 ORDER BY `list_order` ASC,`create_time` DESC [ RunTime:0.002731s ]
[2026-06-17T09:05:55+08:00][sql] SELECT * FROM `cmf_product_category` WHERE  `parent_id` IN (28,19,22,23,25,30,27) [ RunTime:0.000549s ]
[2026-06-17T09:05:55+08:00][sql] SHOW FULL COLUMNS FROM `cmf_portal_category` [ RunTime:0.002400s ]
[2026-06-17T09:05:55+08:00][sql] SELECT * FROM `cmf_portal_category` WHERE (  `type` = 8 ) AND `cmf_portal_category`.`delete_time` = '0' ORDER BY `list_order` ASC [ RunTime:0.002172s ]
[2026-06-17T09:05:55+08:00][sql] SELECT `option_value` FROM `cmf_option` WHERE  `option_name` = 'site_info' LIMIT 1 [ RunTime:0.000306s ]
[2026-06-17T09:05:55+08:00][sql] SHOW FULL COLUMNS FROM `cmf_slide_item` [ RunTime:0.002275s ]
[2026-06-17T09:05:55+08:00][sql] SELECT `title`,`description`,`image`,`url`,`target`,`content` FROM `cmf_slide_item` WHERE  `slide_id` = 1 ORDER BY `list_order` ASC [ RunTime:0.002937s ]
[2026-06-17T09:05:55+08:00][sql] SHOW FULL COLUMNS FROM `cmf_slide` [ RunTime:0.001259s ]
[2026-06-17T09:05:55+08:00][sql] SELECT * FROM `cmf_slide` WHERE  `name` LIKE '%choose%' OR `name` LIKE '%选择%' LIMIT 1 [ RunTime:0.000674s ]
[2026-06-17T09:05:55+08:00][sql] SELECT `title`,`description`,`image`,`url`,`target`,`content` FROM `cmf_slide_item` WHERE  `slide_id` = 14  AND `status` = 1 ORDER BY `list_order` ASC [ RunTime:0.000345s ]
[2026-06-17T09:05:55+08:00][sql] SELECT * FROM `cmf_product_category` WHERE  `parent_id` = 0  AND `recommend` = 1 ORDER BY `list_order` ASC,`create_time` DESC [ RunTime:0.000311s ]
[2026-06-17T09:05:55+08:00][sql] SHOW FULL COLUMNS FROM `cmf_product` [ RunTime:0.001339s ]
[2026-06-17T09:05:55+08:00][sql] SELECT `id`,`title`,`thumbnail`,`industry` FROM `cmf_product` WHERE  `is_recommended` = 1  AND `category_id` = 28 ORDER BY `list_order` ASC LIMIT 6 [ RunTime:0.004757s ]
[2026-06-17T09:05:55+08:00][sql] SELECT `id`,`title`,`thumbnail`,`industry` FROM `cmf_product` WHERE  `is_recommended` = 1  AND `category_id` = 19 ORDER BY `list_order` ASC LIMIT 6 [ RunTime:0.000976s ]
[2026-06-17T09:05:55+08:00][sql] SELECT `id`,`title`,`thumbnail`,`industry` FROM `cmf_product` WHERE  `is_recommended` = 1  AND `category_id` = 23 ORDER BY `list_order` ASC LIMIT 6 [ RunTime:0.000403s ]
[2026-06-17T09:05:55+08:00][sql] SELECT `id`,`title`,`thumbnail`,`industry` FROM `cmf_product` WHERE  `is_recommended` = 1  AND `category_id` = 25 ORDER BY `list_order` ASC LIMIT 6 [ RunTime:0.000623s ]
[2026-06-17T09:05:55+08:00][sql] SELECT `id`,`title`,`thumbnail`,`industry` FROM `cmf_product` WHERE  `is_recommended` = 1  AND `category_id` = 30 ORDER BY `list_order` ASC LIMIT 6 [ RunTime:0.000311s ]
[2026-06-17T09:05:55+08:00][sql] SELECT `option_value` FROM `cmf_option` WHERE  `option_name` = 'index_setting' LIMIT 1 [ RunTime:0.000256s ]
[2026-06-17T09:05:55+08:00][sql] SELECT `option_value` FROM `cmf_option` WHERE  `option_name` = 'about_site' LIMIT 1 [ RunTime:0.000317s ]
[2026-06-17T09:05:55+08:00][sql] SHOW FULL COLUMNS FROM `cmf_portal_post` [ RunTime:0.001625s ]
[2026-06-17T09:05:55+08:00][sql] SELECT `p`.`id`,`p`.`post_title`,`p`.`post_excerpt`,`p`.`thumbnail`,`p`.`create_time`,`c`.`category_id` FROM `cmf_portal_post` `p` INNER JOIN `cmf_portal_category_post` `c` ON `p`.`id`=`c`.`post_id` WHERE (  `p`.`post_type` = '8' ) AND `p`.`delete_time` = '0' ORDER BY `c`.`list_order` ASC,`p`.`create_time` DESC [ RunTime:0.002035s ]
[2026-06-17T09:05:55+08:00][sql] SELECT `id`,`post_title`,`post_excerpt`,`more` FROM `cmf_portal_post` WHERE (  `post_type` = 3 ) AND `cmf_portal_post`.`delete_time` = '0' ORDER BY `create_time` DESC [ RunTime:0.000351s ]
[2026-06-17T09:05:55+08:00][sql] SELECT `option_value` FROM `cmf_option` WHERE  `option_name` = 'product_category_hero_settings' LIMIT 1 [ RunTime:0.000440s ]
[2026-06-17T09:05:55+08:00][sql] SHOW FULL COLUMNS FROM `cmf_theme_file` [ RunTime:0.001492s ]
[2026-06-17T09:05:55+08:00][sql] SELECT `more`,`file`,`id` FROM `cmf_theme_file` WHERE  `theme` = 'simpleboot3'  AND (  `is_public` = 1 OR `file` = 'portal/index' ) ORDER BY `is_public` DESC [ RunTime:0.001136s ]
[2026-06-17T09:05:55+08:00][sql] SHOW FULL COLUMNS FROM `cmf_route` [ RunTime:0.001515s ]
[2026-06-17T09:05:55+08:00][sql] SELECT * FROM `cmf_route` WHERE  `status` = 1 ORDER BY `list_order` ASC [ RunTime:0.000922s ]
[2026-06-17T09:05:55+08:00][sql] SELECT `option_value` FROM `cmf_option` WHERE  `option_name` = 'storage' LIMIT 1 [ RunTime:0.000767s ]
[2026-06-17T09:11:43+08:00][sql] CONNECT:[ UseTime:0.002030s ] mysql:host=127.0.0.1;port=3306;dbname=nucleon;charset=utf8mb4
[2026-06-17T09:11:43+08:00][sql] SHOW FULL COLUMNS FROM `cmf_option` [ RunTime:0.009042s ]
[2026-06-17T09:11:43+08:00][sql] SELECT `option_value` FROM `cmf_option` WHERE  `option_name` = 'cdn_settings' LIMIT 1 [ RunTime:0.000896s ]
[2026-06-17T09:11:43+08:00][sql] SELECT `option_value` FROM `cmf_option` WHERE  `option_name` = 'cdn_settings' LIMIT 1 [ RunTime:0.000587s ]
[2026-06-17T09:11:43+08:00][sql] SHOW FULL COLUMNS FROM `cmf_product_category` [ RunTime:0.001168s ]
[2026-06-17T09:11:43+08:00][sql] SELECT * FROM `cmf_product_category` WHERE  `parent_id` = 0 ORDER BY `list_order` ASC,`create_time` DESC [ RunTime:0.001829s ]
[2026-06-17T09:11:43+08:00][sql] SELECT * FROM `cmf_product_category` WHERE  `parent_id` IN (28,19,22,23,25,30,27) [ RunTime:0.000394s ]
[2026-06-17T09:11:43+08:00][sql] SHOW FULL COLUMNS FROM `cmf_portal_category` [ RunTime:0.001576s ]
[2026-06-17T09:11:43+08:00][sql] SELECT * FROM `cmf_portal_category` WHERE (  `type` = 8 ) AND `cmf_portal_category`.`delete_time` = '0' ORDER BY `list_order` ASC [ RunTime:0.001584s ]
[2026-06-17T09:11:43+08:00][sql] SHOW FULL COLUMNS FROM `cmf_product` [ RunTime:0.001344s ]
[2026-06-17T09:11:43+08:00][sql] SELECT COUNT(*) AS think_count FROM `cmf_product` WHERE  `category_id` = 28 LIMIT 1 [ RunTime:0.005235s ]
[2026-06-17T09:11:43+08:00][sql] SELECT COUNT(*) AS think_count FROM `cmf_product` WHERE  `category_id` = 19 LIMIT 1 [ RunTime:0.000585s ]
[2026-06-17T09:11:43+08:00][sql] SELECT COUNT(*) AS think_count FROM `cmf_product` WHERE  `category_id` = 22 LIMIT 1 [ RunTime:0.000280s ]
[2026-06-17T09:11:43+08:00][sql] SELECT COUNT(*) AS think_count FROM `cmf_product` WHERE  `category_id` = 23 LIMIT 1 [ RunTime:0.000291s ]
[2026-06-17T09:11:43+08:00][sql] SELECT COUNT(*) AS think_count FROM `cmf_product` WHERE  `category_id` = 25 LIMIT 1 [ RunTime:0.000247s ]
[2026-06-17T09:11:43+08:00][sql] SELECT COUNT(*) AS think_count FROM `cmf_product` WHERE  `category_id` = 30 LIMIT 1 [ RunTime:0.000262s ]
[2026-06-17T09:11:43+08:00][sql] SELECT COUNT(*) AS think_count FROM `cmf_product` WHERE  `category_id` = 27 LIMIT 1 [ RunTime:0.000250s ]
[2026-06-17T09:11:43+08:00][sql] SELECT COUNT(*) AS think_count FROM `cmf_product` LIMIT 1 [ RunTime:0.000279s ]
[2026-06-17T09:11:43+08:00][sql] SELECT `id`,`category_id`,`title`,`thumbnail`,`industry`,`overview` FROM `cmf_product` ORDER BY `list_order` ASC,`create_time` DESC LIMIT 0,12 [ RunTime:0.002320s ]
[2026-06-17T09:11:43+08:00][sql] SHOW FULL COLUMNS FROM `cmf_slide_item` [ RunTime:0.002238s ]
[2026-06-17T09:11:43+08:00][sql] SELECT `title`,`description`,`image` FROM `cmf_slide_item` WHERE  `slide_id` = 2  AND `status` = 1 ORDER BY `list_order` ASC,`id` DESC LIMIT 1 [ RunTime:0.001342s ]
[2026-06-17T09:11:43+08:00][sql] SELECT `option_value` FROM `cmf_option` WHERE  `option_name` = 'storage' LIMIT 1 [ RunTime:0.000266s ]
[2026-06-17T09:11:43+08:00][sql] SELECT `option_value` FROM `cmf_option` WHERE  `option_name` = 'product_category_faq_settings' LIMIT 1 [ RunTime:0.000304s ]
[2026-06-17T09:11:43+08:00][sql] SHOW FULL COLUMNS FROM `cmf_portal_post` [ RunTime:0.001378s ]
[2026-06-17T09:11:43+08:00][sql] SELECT `id`,`post_title`,`post_excerpt`,`more` FROM `cmf_portal_post` WHERE (  `post_type` = 3 ) AND `cmf_portal_post`.`delete_time` = '0' ORDER BY `create_time` DESC [ RunTime:0.000752s ]
[2026-06-17T09:11:43+08:00][sql] SHOW FULL COLUMNS FROM `cmf_theme_file` [ RunTime:0.001161s ]
[2026-06-17T09:11:43+08:00][sql] SELECT `more`,`file`,`id` FROM `cmf_theme_file` WHERE  `theme` = 'simpleboot3'  AND (  `is_public` = 1 OR `file` = 'portal/product' ) ORDER BY `is_public` DESC [ RunTime:0.001785s ]
[2026-06-17T09:13:07+08:00][sql] CONNECT:[ UseTime:0.001680s ] mysql:host=127.0.0.1;port=3306;dbname=nucleon;charset=utf8mb4
[2026-06-17T09:13:07+08:00][sql] SHOW FULL COLUMNS FROM `cmf_option` [ RunTime:0.006837s ]
[2026-06-17T09:13:07+08:00][sql] SELECT `option_value` FROM `cmf_option` WHERE  `option_name` = 'cdn_settings' LIMIT 1 [ RunTime:0.001837s ]
[2026-06-17T09:13:07+08:00][sql] SELECT `option_value` FROM `cmf_option` WHERE  `option_name` = 'cdn_settings' LIMIT 1 [ RunTime:0.000490s ]
[2026-06-17T09:13:07+08:00][sql] SHOW FULL COLUMNS FROM `cmf_product_category` [ RunTime:0.001306s ]
[2026-06-17T09:13:07+08:00][sql] SELECT * FROM `cmf_product_category` WHERE  `parent_id` = 0 ORDER BY `list_order` ASC,`create_time` DESC [ RunTime:0.002588s ]
[2026-06-17T09:13:07+08:00][sql] SELECT * FROM `cmf_product_category` WHERE  `parent_id` IN (28,19,22,23,25,30,27) [ RunTime:0.000344s ]
[2026-06-17T09:13:07+08:00][sql] SHOW FULL COLUMNS FROM `cmf_portal_category` [ RunTime:0.001283s ]
[2026-06-17T09:13:07+08:00][sql] SELECT * FROM `cmf_portal_category` WHERE (  `type` = 8 ) AND `cmf_portal_category`.`delete_time` = '0' ORDER BY `list_order` ASC [ RunTime:0.001802s ]
[2026-06-17T09:13:07+08:00][sql] SHOW FULL COLUMNS FROM `cmf_product` [ RunTime:0.001519s ]
[2026-06-17T09:13:07+08:00][sql] SELECT * FROM `cmf_product` WHERE  `id` = 73 LIMIT 1 [ RunTime:0.001282s ]
[2026-06-17T09:13:07+08:00][sql] SELECT * FROM `cmf_product_category` WHERE  `id` = 22 LIMIT 1 [ RunTime:0.000356s ]
[2026-06-17T09:13:07+08:00][sql] SELECT `option_value` FROM `cmf_option` WHERE  `option_name` = 'product_setting' LIMIT 1 [ RunTime:0.000312s ]
[2026-06-17T09:13:07+08:00][sql] SELECT `id`,`title`,`industry`,`thumbnail` FROM `cmf_product` WHERE  `id` <> 73  AND `is_recommended` = 1  AND `category_id` = 22 ORDER BY RAND() LIMIT 8 [ RunTime:0.003545s ]
[2026-06-17T09:13:07+08:00][sql] SHOW FULL COLUMNS FROM `cmf_slide_item` [ RunTime:0.001955s ]
[2026-06-17T09:13:07+08:00][sql] SELECT `title`,`description`,`image` FROM `cmf_slide_item` WHERE  `slide_id` = 2  AND `status` = 1 ORDER BY `list_order` ASC,`id` DESC LIMIT 1 [ RunTime:0.001078s ]
[2026-06-17T09:13:07+08:00][sql] SHOW FULL COLUMNS FROM `cmf_theme_file` [ RunTime:0.001298s ]
[2026-06-17T09:13:07+08:00][sql] SELECT `more`,`file`,`id` FROM `cmf_theme_file` WHERE  `theme` = 'simpleboot3'  AND (  `is_public` = 1 OR `file` = 'portal/product-info' ) ORDER BY `is_public` DESC [ RunTime:0.000506s ]
[2026-06-17T09:13:07+08:00][sql] SELECT `option_value` FROM `cmf_option` WHERE  `option_name` = 'storage' LIMIT 1 [ RunTime:0.000675s ]
[2026-06-17T09:13:31+08:00][sql] CONNECT:[ UseTime:0.001098s ] mysql:host=127.0.0.1;port=3306;dbname=nucleon;charset=utf8mb4
[2026-06-17T09:13:31+08:00][sql] SHOW FULL COLUMNS FROM `cmf_option` [ RunTime:0.004915s ]
[2026-06-17T09:13:31+08:00][sql] SELECT `option_value` FROM `cmf_option` WHERE  `option_name` = 'cdn_settings' LIMIT 1 [ RunTime:0.001079s ]
[2026-06-17T09:13:31+08:00][sql] SELECT `option_value` FROM `cmf_option` WHERE  `option_name` = 'cdn_settings' LIMIT 1 [ RunTime:0.000484s ]
[2026-06-17T09:13:31+08:00][sql] SHOW FULL COLUMNS FROM `cmf_product_category` [ RunTime:0.001289s ]
[2026-06-17T09:13:31+08:00][sql] SELECT * FROM `cmf_product_category` WHERE  `parent_id` = 0 ORDER BY `list_order` ASC,`create_time` DESC [ RunTime:0.001447s ]
[2026-06-17T09:13:31+08:00][sql] SELECT * FROM `cmf_product_category` WHERE  `parent_id` IN (28,19,22,23,25,30,27) [ RunTime:0.000397s ]
[2026-06-17T09:13:31+08:00][sql] SHOW FULL COLUMNS FROM `cmf_portal_category` [ RunTime:0.001255s ]
[2026-06-17T09:13:31+08:00][sql] SELECT * FROM `cmf_portal_category` WHERE (  `type` = 8 ) AND `cmf_portal_category`.`delete_time` = '0' ORDER BY `list_order` ASC [ RunTime:0.000955s ]
[2026-06-17T09:13:31+08:00][sql] SHOW FULL COLUMNS FROM `cmf_slide_item` [ RunTime:0.001790s ]
[2026-06-17T09:13:31+08:00][sql] SELECT `title`,`description`,`image`,`url`,`target`,`content` FROM `cmf_slide_item` WHERE  `slide_id` = 1 ORDER BY `list_order` ASC [ RunTime:0.000915s ]
[2026-06-17T09:13:31+08:00][sql] SHOW FULL COLUMNS FROM `cmf_slide` [ RunTime:0.001320s ]
[2026-06-17T09:13:31+08:00][sql] SELECT * FROM `cmf_slide` WHERE  `name` LIKE '%choose%' OR `name` LIKE '%选择%' LIMIT 1 [ RunTime:0.001176s ]
[2026-06-17T09:13:31+08:00][sql] SELECT `title`,`description`,`image`,`url`,`target`,`content` FROM `cmf_slide_item` WHERE  `slide_id` = 14  AND `status` = 1 ORDER BY `list_order` ASC [ RunTime:0.000894s ]
[2026-06-17T09:13:31+08:00][sql] SELECT * FROM `cmf_product_category` WHERE  `parent_id` = 0  AND `recommend` = 1 ORDER BY `list_order` ASC,`create_time` DESC [ RunTime:0.000315s ]
[2026-06-17T09:13:31+08:00][sql] SHOW FULL COLUMNS FROM `cmf_product` [ RunTime:0.001767s ]
[2026-06-17T09:13:31+08:00][sql] SELECT `id`,`title`,`thumbnail`,`industry` FROM `cmf_product` WHERE  `is_recommended` = 1  AND `category_id` = 28 ORDER BY `list_order` ASC LIMIT 6 [ RunTime:0.001561s ]
[2026-06-17T09:13:31+08:00][sql] SELECT `id`,`title`,`thumbnail`,`industry` FROM `cmf_product` WHERE  `is_recommended` = 1  AND `category_id` = 19 ORDER BY `list_order` ASC LIMIT 6 [ RunTime:0.000411s ]
[2026-06-17T09:13:31+08:00][sql] SELECT `id`,`title`,`thumbnail`,`industry` FROM `cmf_product` WHERE  `is_recommended` = 1  AND `category_id` = 23 ORDER BY `list_order` ASC LIMIT 6 [ RunTime:0.000330s ]
[2026-06-17T09:13:31+08:00][sql] SELECT `id`,`title`,`thumbnail`,`industry` FROM `cmf_product` WHERE  `is_recommended` = 1  AND `category_id` = 25 ORDER BY `list_order` ASC LIMIT 6 [ RunTime:0.000866s ]
[2026-06-17T09:13:31+08:00][sql] SELECT `id`,`title`,`thumbnail`,`industry` FROM `cmf_product` WHERE  `is_recommended` = 1  AND `category_id` = 30 ORDER BY `list_order` ASC LIMIT 6 [ RunTime:0.000273s ]
[2026-06-17T09:13:31+08:00][sql] SHOW FULL COLUMNS FROM `cmf_portal_post` [ RunTime:0.001741s ]
[2026-06-17T09:13:31+08:00][sql] SELECT `p`.`id`,`p`.`post_title`,`p`.`post_excerpt`,`p`.`thumbnail`,`p`.`create_time`,`c`.`category_id` FROM `cmf_portal_post` `p` INNER JOIN `cmf_portal_category_post` `c` ON `p`.`id`=`c`.`post_id` WHERE (  `p`.`post_type` = '8' ) AND `p`.`delete_time` = '0' ORDER BY `c`.`list_order` ASC,`p`.`create_time` DESC [ RunTime:0.002733s ]
[2026-06-17T09:13:31+08:00][sql] SELECT `id`,`post_title`,`post_excerpt`,`more` FROM `cmf_portal_post` WHERE (  `post_type` = 3 ) AND `cmf_portal_post`.`delete_time` = '0' ORDER BY `create_time` DESC [ RunTime:0.000472s ]
[2026-06-17T09:13:31+08:00][sql] SHOW FULL COLUMNS FROM `cmf_theme_file` [ RunTime:0.001152s ]
[2026-06-17T09:13:31+08:00][sql] SELECT `more`,`file`,`id` FROM `cmf_theme_file` WHERE  `theme` = 'simpleboot3_mobile'  AND (  `is_public` = 1 OR `file` = 'portal/index' ) ORDER BY `is_public` DESC [ RunTime:0.000996s ]
[2026-06-17T09:13:31+08:00][sql] SELECT `option_value` FROM `cmf_option` WHERE  `option_name` = 'storage' LIMIT 1 [ RunTime:0.000443s ]
[2026-06-17T09:13:48+08:00][sql] CONNECT:[ UseTime:0.000968s ] mysql:host=127.0.0.1;port=3306;dbname=nucleon;charset=utf8mb4
[2026-06-17T09:13:48+08:00][sql] SHOW FULL COLUMNS FROM `cmf_option` [ RunTime:0.007663s ]
[2026-06-17T09:13:48+08:00][sql] SELECT `option_value` FROM `cmf_option` WHERE  `option_name` = 'cdn_settings' LIMIT 1 [ RunTime:0.001559s ]
[2026-06-17T09:13:48+08:00][sql] SELECT `option_value` FROM `cmf_option` WHERE  `option_name` = 'cdn_settings' LIMIT 1 [ RunTime:0.001397s ]
[2026-06-17T09:13:48+08:00][sql] SHOW FULL COLUMNS FROM `cmf_product_category` [ RunTime:0.001835s ]
[2026-06-17T09:13:48+08:00][sql] SELECT * FROM `cmf_product_category` WHERE  `parent_id` = 0 ORDER BY `list_order` ASC,`create_time` DESC [ RunTime:0.001101s ]
[2026-06-17T09:13:48+08:00][sql] SELECT * FROM `cmf_product_category` WHERE  `parent_id` IN (28,19,22,23,25,30,27) [ RunTime:0.000513s ]
[2026-06-17T09:13:48+08:00][sql] SHOW FULL COLUMNS FROM `cmf_portal_category` [ RunTime:0.001196s ]
[2026-06-17T09:13:48+08:00][sql] SELECT * FROM `cmf_portal_category` WHERE (  `type` = 8 ) AND `cmf_portal_category`.`delete_time` = '0' ORDER BY `list_order` ASC [ RunTime:0.000456s ]
[2026-06-17T09:13:48+08:00][sql] SHOW FULL COLUMNS FROM `cmf_product` [ RunTime:0.001740s ]
[2026-06-17T09:13:48+08:00][sql] SELECT COUNT(*) AS think_count FROM `cmf_product` WHERE  `category_id` = 28 LIMIT 1 [ RunTime:0.001556s ]
[2026-06-17T09:13:48+08:00][sql] SELECT COUNT(*) AS think_count FROM `cmf_product` WHERE  `category_id` = 19 LIMIT 1 [ RunTime:0.000618s ]
[2026-06-17T09:13:48+08:00][sql] SELECT COUNT(*) AS think_count FROM `cmf_product` WHERE  `category_id` = 22 LIMIT 1 [ RunTime:0.000415s ]
[2026-06-17T09:13:48+08:00][sql] SELECT COUNT(*) AS think_count FROM `cmf_product` WHERE  `category_id` = 23 LIMIT 1 [ RunTime:0.000343s ]
[2026-06-17T09:13:48+08:00][sql] SELECT COUNT(*) AS think_count FROM `cmf_product` WHERE  `category_id` = 25 LIMIT 1 [ RunTime:0.000303s ]
[2026-06-17T09:13:48+08:00][sql] SELECT COUNT(*) AS think_count FROM `cmf_product` WHERE  `category_id` = 30 LIMIT 1 [ RunTime:0.000341s ]
[2026-06-17T09:13:48+08:00][sql] SELECT COUNT(*) AS think_count FROM `cmf_product` WHERE  `category_id` = 27 LIMIT 1 [ RunTime:0.000448s ]
[2026-06-17T09:13:48+08:00][sql] SELECT COUNT(*) AS think_count FROM `cmf_product` LIMIT 1 [ RunTime:0.000387s ]
[2026-06-17T09:13:48+08:00][sql] SELECT `id`,`category_id`,`title`,`thumbnail`,`industry`,`overview` FROM `cmf_product` ORDER BY `list_order` ASC,`create_time` DESC LIMIT 0,12 [ RunTime:0.001050s ]
[2026-06-17T09:13:48+08:00][sql] SHOW FULL COLUMNS FROM `cmf_slide_item` [ RunTime:0.001415s ]
[2026-06-17T09:13:48+08:00][sql] SELECT `title`,`description`,`image` FROM `cmf_slide_item` WHERE  `slide_id` = 7  AND `status` = 1 ORDER BY `list_order` ASC,`id` DESC LIMIT 1 [ RunTime:0.000645s ]
[2026-06-17T09:13:48+08:00][sql] SELECT `option_value` FROM `cmf_option` WHERE  `option_name` = 'storage' LIMIT 1 [ RunTime:0.000228s ]
[2026-06-17T09:13:48+08:00][sql] SHOW FULL COLUMNS FROM `cmf_portal_post` [ RunTime:0.001396s ]
[2026-06-17T09:13:48+08:00][sql] SELECT `id`,`post_title`,`post_excerpt`,`more` FROM `cmf_portal_post` WHERE (  `post_type` = 3 ) AND `cmf_portal_post`.`delete_time` = '0' ORDER BY `create_time` DESC [ RunTime:0.000518s ]
[2026-06-17T09:13:48+08:00][sql] SHOW FULL COLUMNS FROM `cmf_theme_file` [ RunTime:0.001051s ]
[2026-06-17T09:13:48+08:00][sql] SELECT `more`,`file`,`id` FROM `cmf_theme_file` WHERE  `theme` = 'simpleboot3_mobile'  AND (  `is_public` = 1 OR `file` = 'portal/product' ) ORDER BY `is_public` DESC [ RunTime:0.000632s ]
[2026-06-17T09:13:50+08:00][sql] CONNECT:[ UseTime:0.001378s ] mysql:host=127.0.0.1;port=3306;dbname=nucleon;charset=utf8mb4
[2026-06-17T09:13:50+08:00][sql] SHOW FULL COLUMNS FROM `cmf_option` [ RunTime:0.003796s ]
[2026-06-17T09:13:50+08:00][sql] SELECT `option_value` FROM `cmf_option` WHERE  `option_name` = 'cdn_settings' LIMIT 1 [ RunTime:0.000546s ]
[2026-06-17T09:13:50+08:00][sql] SELECT `option_value` FROM `cmf_option` WHERE  `option_name` = 'cdn_settings' LIMIT 1 [ RunTime:0.000629s ]
[2026-06-17T09:13:50+08:00][sql] SHOW FULL COLUMNS FROM `cmf_product_category` [ RunTime:0.001973s ]
[2026-06-17T09:13:50+08:00][sql] SELECT * FROM `cmf_product_category` WHERE  `parent_id` = 0 ORDER BY `list_order` ASC,`create_time` DESC [ RunTime:0.000936s ]
[2026-06-17T09:13:50+08:00][sql] SELECT * FROM `cmf_product_category` WHERE  `parent_id` IN (28,19,22,23,25,30,27) [ RunTime:0.000309s ]
[2026-06-17T09:13:50+08:00][sql] SHOW FULL COLUMNS FROM `cmf_portal_category` [ RunTime:0.001176s ]
[2026-06-17T09:13:50+08:00][sql] SELECT * FROM `cmf_portal_category` WHERE (  `type` = 8 ) AND `cmf_portal_category`.`delete_time` = '0' ORDER BY `list_order` ASC [ RunTime:0.000955s ]
[2026-06-17T09:13:50+08:00][sql] SELECT * FROM `cmf_product_category` WHERE  `id` = 28 LIMIT 1 [ RunTime:0.000306s ]
[2026-06-17T09:13:50+08:00][sql] SHOW FULL COLUMNS FROM `cmf_product` [ RunTime:0.001241s ]
[2026-06-17T09:13:50+08:00][sql] SELECT COUNT(*) AS think_count FROM `cmf_product` WHERE  `category_id` = 28 LIMIT 1 [ RunTime:0.000434s ]
[2026-06-17T09:13:50+08:00][sql] SELECT COUNT(*) AS think_count FROM `cmf_product` WHERE  `category_id` = 19 LIMIT 1 [ RunTime:0.000292s ]
[2026-06-17T09:13:50+08:00][sql] SELECT COUNT(*) AS think_count FROM `cmf_product` WHERE  `category_id` = 22 LIMIT 1 [ RunTime:0.000288s ]
[2026-06-17T09:13:50+08:00][sql] SELECT COUNT(*) AS think_count FROM `cmf_product` WHERE  `category_id` = 23 LIMIT 1 [ RunTime:0.000247s ]
[2026-06-17T09:13:50+08:00][sql] SELECT COUNT(*) AS think_count FROM `cmf_product` WHERE  `category_id` = 25 LIMIT 1 [ RunTime:0.000288s ]
[2026-06-17T09:13:50+08:00][sql] SELECT COUNT(*) AS think_count FROM `cmf_product` WHERE  `category_id` = 30 LIMIT 1 [ RunTime:0.000276s ]
[2026-06-17T09:13:50+08:00][sql] SELECT COUNT(*) AS think_count FROM `cmf_product` WHERE  `category_id` = 27 LIMIT 1 [ RunTime:0.000281s ]
[2026-06-17T09:13:50+08:00][sql] SELECT COUNT(*) AS think_count FROM `cmf_product` WHERE  `category_id` = 28 LIMIT 1 [ RunTime:0.000293s ]
[2026-06-17T09:13:50+08:00][sql] SELECT `id`,`category_id`,`title`,`thumbnail`,`industry`,`overview` FROM `cmf_product` WHERE  `category_id` = 28 ORDER BY `list_order` ASC,`create_time` DESC LIMIT 0,12 [ RunTime:0.000939s ]
[2026-06-17T09:13:50+08:00][sql] SHOW FULL COLUMNS FROM `cmf_slide_item` [ RunTime:0.001321s ]
[2026-06-17T09:13:50+08:00][sql] SELECT `title`,`description`,`image` FROM `cmf_slide_item` WHERE  `slide_id` = 7  AND `status` = 1 ORDER BY `list_order` ASC,`id` DESC LIMIT 1 [ RunTime:0.000557s ]
[2026-06-17T09:13:50+08:00][sql] SELECT `option_value` FROM `cmf_option` WHERE  `option_name` = 'storage' LIMIT 1 [ RunTime:0.000291s ]
[2026-06-17T09:13:50+08:00][sql] SHOW FULL COLUMNS FROM `cmf_portal_post` [ RunTime:0.001496s ]
[2026-06-17T09:13:50+08:00][sql] SELECT `id`,`post_title`,`post_excerpt`,`more` FROM `cmf_portal_post` WHERE (  `post_type` = 3 ) AND `cmf_portal_post`.`delete_time` = '0' ORDER BY `create_time` DESC [ RunTime:0.000875s ]
[2026-06-17T09:13:50+08:00][sql] SHOW FULL COLUMNS FROM `cmf_theme_file` [ RunTime:0.001162s ]
[2026-06-17T09:13:50+08:00][sql] SELECT `more`,`file`,`id` FROM `cmf_theme_file` WHERE  `theme` = 'simpleboot3_mobile'  AND (  `is_public` = 1 OR `file` = 'portal/product' ) ORDER BY `is_public` DESC [ RunTime:0.000735s ]
[2026-06-17T09:23:19+08:00][sql] CONNECT:[ UseTime:0.001786s ] mysql:host=127.0.0.1;port=3306;dbname=nucleon;charset=utf8mb4
[2026-06-17T09:23:19+08:00][sql] SHOW FULL COLUMNS FROM `cmf_hook` [ RunTime:0.012398s ]
[2026-06-17T09:23:19+08:00][sql] SELECT `hook`,`id` FROM `cmf_hook` WHERE  (  (  `app` = '' OR `app` = 'cmf' )  AND `type` = 3 ) OR `type` = 1 [ RunTime:0.007088s ]
[2026-06-17T09:23:19+08:00][sql] SHOW FULL COLUMNS FROM `cmf_hook_plugin` [ RunTime:0.001017s ]
[2026-06-17T09:23:19+08:00][sql] SELECT `hook`,`plugin` FROM `cmf_hook_plugin` WHERE  `status` = 1  AND `hook` IN ('app_begin','module_init','action_begin','view_filter','app_end','log_write','response_end','admin_init','home_init','send_mobile_verification_code','body_start','before_head_end','footer_start','before_footer','before_footer_end','before_body_end','left_sidebar_start','before_left_sidebar_end','right_sidebar_start','before_right_sidebar_end','comment','guestbook','switch_theme','after_content','before_content','log_write_done','switch_admin_theme','captcha_image','user_login_start') ORDER BY `list_order` ASC [ RunTime:0.002593s ]
[2026-06-17T09:23:19+08:00][sql] SELECT `hook` FROM `cmf_hook` WHERE  `app` = 'portal' [ RunTime:0.000569s ]
[2026-06-17T09:23:19+08:00][sql] SELECT `hook`,`plugin` FROM `cmf_hook_plugin` WHERE  `status` = 1  AND `hook` IN ('portal_before_assign_article','portal_admin_after_save_article','portal_admin_article_index_view','portal_admin_article_add_view','portal_admin_article_edit_view','portal_admin_category_index_view','portal_admin_category_add_view','portal_admin_category_edit_view','portal_admin_page_index_view','portal_admin_page_add_view','portal_admin_page_edit_view','portal_admin_tag_index_view','portal_admin_article_edit_view_right_sidebar','portal_admin_article_edit_view_main') ORDER BY `list_order` ASC [ RunTime:0.000361s ]
[2026-06-17T09:23:19+08:00][sql] SHOW FULL COLUMNS FROM `cmf_plugin` [ RunTime:0.001891s ]
[2026-06-17T09:23:19+08:00][sql] SELECT `config` FROM `cmf_plugin` WHERE  `name` = 'SwitchTheme' LIMIT 1 [ RunTime:0.001591s ]
[2026-06-17T09:23:19+08:00][sql] SHOW FULL COLUMNS FROM `cmf_option` [ RunTime:0.001654s ]
[2026-06-17T09:23:19+08:00][sql] SELECT `option_value` FROM `cmf_option` WHERE  `option_name` = 'cdn_settings' LIMIT 1 [ RunTime:0.001867s ]
[2026-06-17T09:23:19+08:00][sql] SELECT `option_value` FROM `cmf_option` WHERE  `option_name` = 'cdn_settings' LIMIT 1 [ RunTime:0.000972s ]
[2026-06-17T09:23:19+08:00][sql] SHOW FULL COLUMNS FROM `cmf_product_category` [ RunTime:0.001526s ]
[2026-06-17T09:23:19+08:00][sql] SELECT * FROM `cmf_product_category` WHERE  `parent_id` = 0 ORDER BY `list_order` ASC,`create_time` DESC [ RunTime:0.001823s ]
[2026-06-17T09:23:19+08:00][sql] SELECT * FROM `cmf_product_category` WHERE  `parent_id` IN (28,19,22,23,25,30,27) [ RunTime:0.000708s ]
[2026-06-17T09:23:19+08:00][sql] SHOW FULL COLUMNS FROM `cmf_portal_category` [ RunTime:0.002608s ]
[2026-06-17T09:23:19+08:00][sql] SELECT * FROM `cmf_portal_category` WHERE (  `type` = 8 ) AND `cmf_portal_category`.`delete_time` = '0' ORDER BY `list_order` ASC [ RunTime:0.001187s ]
[2026-06-17T09:23:19+08:00][sql] SELECT `option_value` FROM `cmf_option` WHERE  `option_name` = 'site_info' LIMIT 1 [ RunTime:0.000331s ]
[2026-06-17T09:23:19+08:00][sql] SELECT * FROM `cmf_product_category` WHERE  `id` = 28 LIMIT 1 [ RunTime:0.000747s ]
[2026-06-17T09:23:19+08:00][sql] SELECT `option_value` FROM `cmf_option` WHERE  `option_name` = 'product_category_hero_settings' LIMIT 1 [ RunTime:0.000327s ]
[2026-06-17T09:23:19+08:00][sql] SHOW FULL COLUMNS FROM `cmf_product` [ RunTime:0.002294s ]
[2026-06-17T09:23:19+08:00][sql] SELECT COUNT(*) AS think_count FROM `cmf_product` WHERE  `category_id` = 28 LIMIT 1 [ RunTime:0.001677s ]
[2026-06-17T09:23:19+08:00][sql] SELECT COUNT(*) AS think_count FROM `cmf_product` WHERE  `category_id` = 19 LIMIT 1 [ RunTime:0.000787s ]
[2026-06-17T09:23:19+08:00][sql] SELECT COUNT(*) AS think_count FROM `cmf_product` WHERE  `category_id` = 22 LIMIT 1 [ RunTime:0.000268s ]
[2026-06-17T09:23:19+08:00][sql] SELECT COUNT(*) AS think_count FROM `cmf_product` WHERE  `category_id` = 23 LIMIT 1 [ RunTime:0.000278s ]
[2026-06-17T09:23:19+08:00][sql] SELECT COUNT(*) AS think_count FROM `cmf_product` WHERE  `category_id` = 25 LIMIT 1 [ RunTime:0.000433s ]
[2026-06-17T09:23:19+08:00][sql] SELECT COUNT(*) AS think_count FROM `cmf_product` WHERE  `category_id` = 30 LIMIT 1 [ RunTime:0.000251s ]
[2026-06-17T09:23:19+08:00][sql] SELECT COUNT(*) AS think_count FROM `cmf_product` WHERE  `category_id` = 27 LIMIT 1 [ RunTime:0.000435s ]
[2026-06-17T09:23:19+08:00][sql] SELECT COUNT(*) AS think_count FROM `cmf_product` WHERE  `category_id` = 28 LIMIT 1 [ RunTime:0.000333s ]
[2026-06-17T09:23:19+08:00][sql] SELECT `id`,`category_id`,`title`,`thumbnail`,`industry`,`overview` FROM `cmf_product` WHERE  `category_id` = 28 ORDER BY `list_order` ASC,`create_time` DESC LIMIT 0,12 [ RunTime:0.001174s ]
[2026-06-17T09:23:19+08:00][sql] SHOW FULL COLUMNS FROM `cmf_slide_item` [ RunTime:0.001375s ]
[2026-06-17T09:23:19+08:00][sql] SELECT `title`,`description`,`image` FROM `cmf_slide_item` WHERE  `slide_id` = 7  AND `status` = 1 ORDER BY `list_order` ASC,`id` DESC LIMIT 1 [ RunTime:0.001633s ]
[2026-06-17T09:23:19+08:00][sql] SELECT `option_value` FROM `cmf_option` WHERE  `option_name` = 'storage' LIMIT 1 [ RunTime:0.000261s ]
[2026-06-17T09:23:19+08:00][sql] SELECT `option_value` FROM `cmf_option` WHERE  `option_name` = 'product_category_faq_settings' LIMIT 1 [ RunTime:0.000349s ]
[2026-06-17T09:23:19+08:00][sql] SHOW FULL COLUMNS FROM `cmf_portal_post` [ RunTime:0.001438s ]
[2026-06-17T09:23:19+08:00][sql] SELECT `id`,`post_title`,`post_excerpt`,`more` FROM `cmf_portal_post` WHERE (  `post_type` = 3 ) AND `cmf_portal_post`.`delete_time` = '0' ORDER BY `create_time` DESC [ RunTime:0.000607s ]
[2026-06-17T09:23:19+08:00][sql] SHOW FULL COLUMNS FROM `cmf_theme_file` [ RunTime:0.001852s ]
[2026-06-17T09:23:19+08:00][sql] SELECT `more`,`file`,`id` FROM `cmf_theme_file` WHERE  `theme` = 'simpleboot3_mobile'  AND (  `is_public` = 1 OR `file` = 'portal/product' ) ORDER BY `is_public` DESC [ RunTime:0.000491s ]
[2026-06-17T09:23:19+08:00][sql] SHOW FULL COLUMNS FROM `cmf_route` [ RunTime:0.001564s ]
[2026-06-17T09:23:19+08:00][sql] SELECT * FROM `cmf_route` WHERE  `status` = 1 ORDER BY `list_order` ASC [ RunTime:0.000843s ]
[2026-06-17T10:42:33+08:00][sql] CONNECT:[ UseTime:0.050719s ] mysql:host=127.0.0.1;port=3306;dbname=nucleon;charset=utf8mb4
[2026-06-17T10:42:33+08:00][sql] SHOW FULL COLUMNS FROM `cmf_option` [ RunTime:0.069882s ]
[2026-06-17T10:42:33+08:00][sql] SELECT `option_value` FROM `cmf_option` WHERE  `option_name` = 'cdn_settings' LIMIT 1 [ RunTime:0.003140s ]
[2026-06-17T10:42:33+08:00][sql] SELECT `option_value` FROM `cmf_option` WHERE  `option_name` = 'cdn_settings' LIMIT 1 [ RunTime:0.000433s ]
[2026-06-17T10:42:33+08:00][sql] SHOW FULL COLUMNS FROM `cmf_product_category` [ RunTime:0.002547s ]
[2026-06-17T10:42:33+08:00][sql] SELECT * FROM `cmf_product_category` WHERE  `parent_id` = 0 ORDER BY `list_order` ASC,`create_time` DESC [ RunTime:0.001722s ]
[2026-06-17T10:42:33+08:00][sql] SELECT * FROM `cmf_product_category` WHERE  `parent_id` IN (28,19,22,23,25,30,27) [ RunTime:0.000527s ]
[2026-06-17T10:42:33+08:00][sql] SHOW FULL COLUMNS FROM `cmf_portal_category` [ RunTime:0.003126s ]
[2026-06-17T10:42:33+08:00][sql] SELECT * FROM `cmf_portal_category` WHERE (  `type` = 8 ) AND `cmf_portal_category`.`delete_time` = '0' ORDER BY `list_order` ASC [ RunTime:0.002533s ]
[2026-06-17T10:42:33+08:00][sql] SHOW FULL COLUMNS FROM `cmf_slide_item` [ RunTime:0.001780s ]
[2026-06-17T10:42:33+08:00][sql] SELECT `title`,`description`,`image`,`url`,`target`,`content` FROM `cmf_slide_item` WHERE  `slide_id` = 1 ORDER BY `list_order` ASC [ RunTime:0.001449s ]
[2026-06-17T10:42:33+08:00][sql] SHOW FULL COLUMNS FROM `cmf_slide` [ RunTime:0.002264s ]
[2026-06-17T10:42:33+08:00][sql] SELECT * FROM `cmf_slide` WHERE  `name` LIKE '%choose%' OR `name` LIKE '%选择%' LIMIT 1 [ RunTime:0.009321s ]
[2026-06-17T10:42:33+08:00][sql] SELECT `title`,`description`,`image`,`url`,`target`,`content` FROM `cmf_slide_item` WHERE  `slide_id` = 14  AND `status` = 1 ORDER BY `list_order` ASC [ RunTime:0.000773s ]
[2026-06-17T10:42:33+08:00][sql] SELECT * FROM `cmf_product_category` WHERE  `parent_id` = 0  AND `recommend` = 1 ORDER BY `list_order` ASC,`create_time` DESC [ RunTime:0.000857s ]
[2026-06-17T10:42:33+08:00][sql] SHOW FULL COLUMNS FROM `cmf_product` [ RunTime:0.004057s ]
[2026-06-17T10:42:33+08:00][sql] SELECT `id`,`title`,`thumbnail`,`industry` FROM `cmf_product` WHERE  `is_recommended` = 1  AND `category_id` = 28 ORDER BY `list_order` ASC LIMIT 6 [ RunTime:0.005099s ]
[2026-06-17T10:42:33+08:00][sql] SELECT `id`,`title`,`thumbnail`,`industry` FROM `cmf_product` WHERE  `is_recommended` = 1  AND `category_id` = 19 ORDER BY `list_order` ASC LIMIT 6 [ RunTime:0.003025s ]
[2026-06-17T10:42:33+08:00][sql] SELECT `id`,`title`,`thumbnail`,`industry` FROM `cmf_product` WHERE  `is_recommended` = 1  AND `category_id` = 23 ORDER BY `list_order` ASC LIMIT 6 [ RunTime:0.001144s ]
[2026-06-17T10:42:33+08:00][sql] SELECT `id`,`title`,`thumbnail`,`industry` FROM `cmf_product` WHERE  `is_recommended` = 1  AND `category_id` = 25 ORDER BY `list_order` ASC LIMIT 6 [ RunTime:0.000448s ]
[2026-06-17T10:42:33+08:00][sql] SELECT `id`,`title`,`thumbnail`,`industry` FROM `cmf_product` WHERE  `is_recommended` = 1  AND `category_id` = 30 ORDER BY `list_order` ASC LIMIT 6 [ RunTime:0.000287s ]
[2026-06-17T10:42:33+08:00][sql] SELECT `option_value` FROM `cmf_option` WHERE  `option_name` = 'index_setting' LIMIT 1 [ RunTime:0.000289s ]
[2026-06-17T10:42:33+08:00][sql] SELECT `option_value` FROM `cmf_option` WHERE  `option_name` = 'about_site' LIMIT 1 [ RunTime:0.002314s ]
[2026-06-17T10:42:33+08:00][sql] SHOW FULL COLUMNS FROM `cmf_portal_post` [ RunTime:0.004525s ]
[2026-06-17T10:42:33+08:00][sql] SELECT `p`.`id`,`p`.`post_title`,`p`.`post_excerpt`,`p`.`thumbnail`,`p`.`create_time`,`c`.`category_id` FROM `cmf_portal_post` `p` INNER JOIN `cmf_portal_category_post` `c` ON `p`.`id`=`c`.`post_id` WHERE (  `p`.`post_type` = '8' ) AND `p`.`delete_time` = '0' ORDER BY `c`.`list_order` ASC,`p`.`create_time` DESC [ RunTime:0.010473s ]
[2026-06-17T10:42:33+08:00][sql] SELECT `id`,`post_title`,`post_excerpt`,`more` FROM `cmf_portal_post` WHERE (  `post_type` = 3 ) AND `cmf_portal_post`.`delete_time` = '0' ORDER BY `create_time` DESC [ RunTime:0.000885s ]
[2026-06-17T10:42:33+08:00][sql] SHOW FULL COLUMNS FROM `cmf_theme_file` [ RunTime:0.002605s ]
[2026-06-17T10:42:33+08:00][sql] SELECT `more`,`file`,`id` FROM `cmf_theme_file` WHERE  `theme` = 'simpleboot3'  AND (  `is_public` = 1 OR `file` = 'portal/index' ) ORDER BY `is_public` DESC [ RunTime:0.001008s ]
[2026-06-17T10:42:33+08:00][sql] SELECT `option_value` FROM `cmf_option` WHERE  `option_name` = 'storage' LIMIT 1 [ RunTime:0.000537s ]
[2026-06-17T10:51:15+08:00][sql] CONNECT:[ UseTime:0.001723s ] mysql:host=127.0.0.1;port=3306;dbname=newncl;charset=utf8mb4
[2026-06-17T10:51:15+08:00][sql] SHOW FULL COLUMNS FROM `cmf_plugin` [ RunTime:0.013359s ]
[2026-06-17T10:51:15+08:00][sql] SELECT `config` FROM `cmf_plugin` WHERE  `name` = 'SwitchTheme' LIMIT 1 [ RunTime:0.004709s ]
[2026-06-17T10:51:15+08:00][sql] SHOW FULL COLUMNS FROM `cmf_option` [ RunTime:0.004191s ]
[2026-06-17T10:51:15+08:00][sql] SELECT `option_value` FROM `cmf_option` WHERE  `option_name` = 'cdn_settings' LIMIT 1 [ RunTime:0.003315s ]
[2026-06-17T10:51:15+08:00][sql] SELECT `option_value` FROM `cmf_option` WHERE  `option_name` = 'cdn_settings' LIMIT 1 [ RunTime:0.001085s ]
[2026-06-17T10:51:15+08:00][sql] SHOW FULL COLUMNS FROM `cmf_product_category` [ RunTime:0.002612s ]
[2026-06-17T10:51:15+08:00][sql] SELECT * FROM `cmf_product_category` WHERE  `parent_id` = 0 ORDER BY `list_order` ASC,`create_time` DESC [ RunTime:0.002082s ]
[2026-06-17T10:51:15+08:00][sql] SELECT * FROM `cmf_product_category` WHERE  `parent_id` IN (28,19,23,25,30,22,27) [ RunTime:0.000413s ]
[2026-06-17T10:51:15+08:00][sql] SHOW FULL COLUMNS FROM `cmf_portal_category` [ RunTime:0.002950s ]
[2026-06-17T10:51:15+08:00][sql] SELECT * FROM `cmf_portal_category` WHERE (  `type` = 8 ) AND `cmf_portal_category`.`delete_time` = '0' ORDER BY `list_order` ASC [ RunTime:0.003587s ]
[2026-06-17T10:51:15+08:00][sql] SHOW FULL COLUMNS FROM `cmf_slide_item` [ RunTime:0.001449s ]
[2026-06-17T10:51:15+08:00][sql] SELECT `title`,`description`,`image`,`url`,`target`,`content` FROM `cmf_slide_item` WHERE  `slide_id` = 1 ORDER BY `list_order` ASC [ RunTime:0.002592s ]
[2026-06-17T10:51:15+08:00][sql] SHOW FULL COLUMNS FROM `cmf_slide` [ RunTime:0.001179s ]
[2026-06-17T10:51:15+08:00][sql] SELECT * FROM `cmf_slide` WHERE  `name` LIKE '%choose%' OR `name` LIKE '%选择%' LIMIT 1 [ RunTime:0.001822s ]
[2026-06-17T10:51:15+08:00][sql] SELECT `title`,`description`,`image`,`url`,`target`,`content` FROM `cmf_slide_item` WHERE  `slide_id` = 14  AND `status` = 1 ORDER BY `list_order` ASC [ RunTime:0.000714s ]
[2026-06-17T10:51:15+08:00][sql] SELECT * FROM `cmf_product_category` WHERE  `parent_id` = 0  AND `recommend` = 1 ORDER BY `list_order` ASC,`create_time` DESC [ RunTime:0.000591s ]
[2026-06-17T10:51:15+08:00][sql] SHOW FULL COLUMNS FROM `cmf_product` [ RunTime:0.001448s ]
[2026-06-17T10:51:15+08:00][sql] SELECT `id`,`title`,`thumbnail`,`industry` FROM `cmf_product` WHERE  `is_recommended` = 1  AND `category_id` = 28 ORDER BY `list_order` ASC LIMIT 6 [ RunTime:0.002867s ]
[2026-06-17T10:51:15+08:00][sql] SELECT `id`,`title`,`thumbnail`,`industry` FROM `cmf_product` WHERE  `is_recommended` = 1  AND `category_id` = 19 ORDER BY `list_order` ASC LIMIT 6 [ RunTime:0.000429s ]
[2026-06-17T10:51:15+08:00][sql] SELECT `id`,`title`,`thumbnail`,`industry` FROM `cmf_product` WHERE  `is_recommended` = 1  AND `category_id` = 23 ORDER BY `list_order` ASC LIMIT 6 [ RunTime:0.000286s ]
[2026-06-17T10:51:15+08:00][sql] SELECT `id`,`title`,`thumbnail`,`industry` FROM `cmf_product` WHERE  `is_recommended` = 1  AND `category_id` = 25 ORDER BY `list_order` ASC LIMIT 6 [ RunTime:0.000657s ]
[2026-06-17T10:51:15+08:00][sql] SELECT `id`,`title`,`thumbnail`,`industry` FROM `cmf_product` WHERE  `is_recommended` = 1  AND `category_id` = 30 ORDER BY `list_order` ASC LIMIT 6 [ RunTime:0.000293s ]
[2026-06-17T10:51:15+08:00][sql] SHOW FULL COLUMNS FROM `cmf_portal_post` [ RunTime:0.001519s ]
[2026-06-17T10:51:15+08:00][sql] SELECT `p`.`id`,`p`.`post_title`,`p`.`post_excerpt`,`p`.`thumbnail`,`p`.`create_time`,`c`.`category_id` FROM `cmf_portal_post` `p` INNER JOIN `cmf_portal_category_post` `c` ON `p`.`id`=`c`.`post_id` WHERE (  `p`.`post_type` = '8' ) AND `p`.`delete_time` = '0' ORDER BY `c`.`list_order` ASC,`p`.`create_time` DESC [ RunTime:0.004961s ]
[2026-06-17T10:51:15+08:00][sql] SELECT `id`,`post_title`,`post_excerpt`,`more` FROM `cmf_portal_post` WHERE (  `post_type` = 3 ) AND `cmf_portal_post`.`delete_time` = '0' ORDER BY `create_time` DESC [ RunTime:0.001005s ]
[2026-06-17T10:51:15+08:00][sql] SHOW FULL COLUMNS FROM `cmf_theme_file` [ RunTime:0.001854s ]
[2026-06-17T10:51:15+08:00][sql] SELECT `more`,`file`,`id` FROM `cmf_theme_file` WHERE  `theme` = 'simpleboot3'  AND (  `is_public` = 1 OR `file` = 'portal/index' ) ORDER BY `is_public` DESC [ RunTime:0.001797s ]
[2026-06-17T10:51:15+08:00][sql] SELECT `option_value` FROM `cmf_option` WHERE  `option_name` = 'storage' LIMIT 1 [ RunTime:0.001532s ]
[2026-06-17T10:51:18+08:00][sql] CONNECT:[ UseTime:0.002226s ] mysql:host=127.0.0.1;port=3306;dbname=newncl;charset=utf8mb4
[2026-06-17T10:51:18+08:00][sql] SHOW FULL COLUMNS FROM `cmf_option` [ RunTime:0.011273s ]
[2026-06-17T10:51:18+08:00][sql] SELECT `option_value` FROM `cmf_option` WHERE  `option_name` = 'cdn_settings' LIMIT 1 [ RunTime:0.002185s ]
[2026-06-17T10:51:18+08:00][sql] SELECT `option_value` FROM `cmf_option` WHERE  `option_name` = 'cdn_settings' LIMIT 1 [ RunTime:0.000508s ]
[2026-06-17T10:51:18+08:00][sql] SHOW FULL COLUMNS FROM `cmf_product_category` [ RunTime:0.000988s ]
[2026-06-17T10:51:18+08:00][sql] SELECT * FROM `cmf_product_category` WHERE  `parent_id` = 0 ORDER BY `list_order` ASC,`create_time` DESC [ RunTime:0.002166s ]
[2026-06-17T10:51:18+08:00][sql] SELECT * FROM `cmf_product_category` WHERE  `parent_id` IN (28,19,23,25,30,22,27) [ RunTime:0.001829s ]
[2026-06-17T10:51:18+08:00][sql] SHOW FULL COLUMNS FROM `cmf_portal_category` [ RunTime:0.001445s ]
[2026-06-17T10:51:18+08:00][sql] SELECT * FROM `cmf_portal_category` WHERE (  `type` = 8 ) AND `cmf_portal_category`.`delete_time` = '0' ORDER BY `list_order` ASC [ RunTime:0.001161s ]
[2026-06-17T10:51:18+08:00][sql] SHOW FULL COLUMNS FROM `cmf_product` [ RunTime:0.001523s ]
[2026-06-17T10:51:18+08:00][sql] SELECT COUNT(*) AS think_count FROM `cmf_product` WHERE  `category_id` = 28 LIMIT 1 [ RunTime:0.002026s ]
[2026-06-17T10:51:18+08:00][sql] SELECT COUNT(*) AS think_count FROM `cmf_product` WHERE  `category_id` = 19 LIMIT 1 [ RunTime:0.000764s ]
[2026-06-17T10:51:18+08:00][sql] SELECT COUNT(*) AS think_count FROM `cmf_product` WHERE  `category_id` = 23 LIMIT 1 [ RunTime:0.000248s ]
[2026-06-17T10:51:18+08:00][sql] SELECT COUNT(*) AS think_count FROM `cmf_product` WHERE  `category_id` = 25 LIMIT 1 [ RunTime:0.000245s ]
[2026-06-17T10:51:18+08:00][sql] SELECT COUNT(*) AS think_count FROM `cmf_product` WHERE  `category_id` = 30 LIMIT 1 [ RunTime:0.000764s ]
[2026-06-17T10:51:18+08:00][sql] SELECT COUNT(*) AS think_count FROM `cmf_product` WHERE  `category_id` = 22 LIMIT 1 [ RunTime:0.000289s ]
[2026-06-17T10:51:18+08:00][sql] SELECT COUNT(*) AS think_count FROM `cmf_product` WHERE  `category_id` = 27 LIMIT 1 [ RunTime:0.000211s ]
[2026-06-17T10:51:18+08:00][sql] SELECT COUNT(*) AS think_count FROM `cmf_product` LIMIT 1 [ RunTime:0.000227s ]
[2026-06-17T10:51:18+08:00][sql] SELECT `id`,`category_id`,`title`,`thumbnail`,`industry`,`overview` FROM `cmf_product` ORDER BY `list_order` ASC,`create_time` DESC LIMIT 0,12 [ RunTime:0.000707s ]
[2026-06-17T10:51:18+08:00][sql] SHOW FULL COLUMNS FROM `cmf_slide_item` [ RunTime:0.001552s ]
[2026-06-17T10:51:18+08:00][sql] SELECT `title`,`description`,`image` FROM `cmf_slide_item` WHERE  `slide_id` = 2  AND `status` = 1 ORDER BY `list_order` ASC,`id` DESC LIMIT 1 [ RunTime:0.002227s ]
[2026-06-17T10:51:18+08:00][sql] SELECT `option_value` FROM `cmf_option` WHERE  `option_name` = 'storage' LIMIT 1 [ RunTime:0.000649s ]
[2026-06-17T10:51:18+08:00][sql] SHOW FULL COLUMNS FROM `cmf_portal_post` [ RunTime:0.002040s ]
[2026-06-17T10:51:18+08:00][sql] SELECT `id`,`post_title`,`post_excerpt`,`more` FROM `cmf_portal_post` WHERE (  `post_type` = 3 ) AND `cmf_portal_post`.`delete_time` = '0' ORDER BY `create_time` DESC [ RunTime:0.002195s ]
[2026-06-17T10:51:18+08:00][sql] SHOW FULL COLUMNS FROM `cmf_theme_file` [ RunTime:0.002730s ]
[2026-06-17T10:51:18+08:00][sql] SELECT `more`,`file`,`id` FROM `cmf_theme_file` WHERE  `theme` = 'simpleboot3'  AND (  `is_public` = 1 OR `file` = 'portal/product' ) ORDER BY `is_public` DESC [ RunTime:0.001155s ]
[2026-06-17T10:51:21+08:00][sql] CONNECT:[ UseTime:0.001023s ] mysql:host=127.0.0.1;port=3306;dbname=newncl;charset=utf8mb4
[2026-06-17T10:51:21+08:00][sql] SHOW FULL COLUMNS FROM `cmf_option` [ RunTime:0.004998s ]
[2026-06-17T10:51:21+08:00][sql] SELECT `option_value` FROM `cmf_option` WHERE  `option_name` = 'cdn_settings' LIMIT 1 [ RunTime:0.001842s ]
[2026-06-17T10:51:21+08:00][sql] SELECT `option_value` FROM `cmf_option` WHERE  `option_name` = 'cdn_settings' LIMIT 1 [ RunTime:0.000536s ]
[2026-06-17T10:51:21+08:00][sql] SHOW FULL COLUMNS FROM `cmf_product_category` [ RunTime:0.001242s ]
[2026-06-17T10:51:21+08:00][sql] SELECT * FROM `cmf_product_category` WHERE  `parent_id` = 0 ORDER BY `list_order` ASC,`create_time` DESC [ RunTime:0.000603s ]
[2026-06-17T10:51:21+08:00][sql] SELECT * FROM `cmf_product_category` WHERE  `parent_id` IN (28,19,23,25,30,22,27) [ RunTime:0.000375s ]
[2026-06-17T10:51:21+08:00][sql] SHOW FULL COLUMNS FROM `cmf_portal_category` [ RunTime:0.001261s ]
[2026-06-17T10:51:21+08:00][sql] SELECT * FROM `cmf_portal_category` WHERE (  `type` = 8 ) AND `cmf_portal_category`.`delete_time` = '0' ORDER BY `list_order` ASC [ RunTime:0.000534s ]
[2026-06-17T10:51:21+08:00][sql] SHOW FULL COLUMNS FROM `cmf_product` [ RunTime:0.002196s ]
[2026-06-17T10:51:21+08:00][sql] SELECT COUNT(*) AS think_count FROM `cmf_product` WHERE  `category_id` = 28 LIMIT 1 [ RunTime:0.000939s ]
[2026-06-17T10:51:21+08:00][sql] SELECT COUNT(*) AS think_count FROM `cmf_product` WHERE  `category_id` = 19 LIMIT 1 [ RunTime:0.000409s ]
[2026-06-17T10:51:21+08:00][sql] SELECT COUNT(*) AS think_count FROM `cmf_product` WHERE  `category_id` = 23 LIMIT 1 [ RunTime:0.000279s ]
[2026-06-17T10:51:21+08:00][sql] SELECT COUNT(*) AS think_count FROM `cmf_product` WHERE  `category_id` = 25 LIMIT 1 [ RunTime:0.000266s ]
[2026-06-17T10:51:21+08:00][sql] SELECT COUNT(*) AS think_count FROM `cmf_product` WHERE  `category_id` = 30 LIMIT 1 [ RunTime:0.000272s ]
[2026-06-17T10:51:21+08:00][sql] SELECT COUNT(*) AS think_count FROM `cmf_product` WHERE  `category_id` = 22 LIMIT 1 [ RunTime:0.000246s ]
[2026-06-17T10:51:21+08:00][sql] SELECT COUNT(*) AS think_count FROM `cmf_product` WHERE  `category_id` = 27 LIMIT 1 [ RunTime:0.000271s ]
[2026-06-17T10:51:21+08:00][sql] SELECT COUNT(*) AS think_count FROM `cmf_product` LIMIT 1 [ RunTime:0.000251s ]
[2026-06-17T10:51:21+08:00][sql] SELECT `id`,`category_id`,`title`,`thumbnail`,`industry`,`overview` FROM `cmf_product` ORDER BY `list_order` ASC,`create_time` DESC LIMIT 0,12 [ RunTime:0.000573s ]
[2026-06-17T10:51:21+08:00][sql] SHOW FULL COLUMNS FROM `cmf_slide_item` [ RunTime:0.001255s ]
[2026-06-17T10:51:21+08:00][sql] SELECT `title`,`description`,`image` FROM `cmf_slide_item` WHERE  `slide_id` = 2  AND `status` = 1 ORDER BY `list_order` ASC,`id` DESC LIMIT 1 [ RunTime:0.001526s ]
[2026-06-17T10:51:21+08:00][sql] SELECT `option_value` FROM `cmf_option` WHERE  `option_name` = 'storage' LIMIT 1 [ RunTime:0.000272s ]
[2026-06-17T10:51:21+08:00][sql] SHOW FULL COLUMNS FROM `cmf_portal_post` [ RunTime:0.001370s ]
[2026-06-17T10:51:21+08:00][sql] SELECT `id`,`post_title`,`post_excerpt`,`more` FROM `cmf_portal_post` WHERE (  `post_type` = 3 ) AND `cmf_portal_post`.`delete_time` = '0' ORDER BY `create_time` DESC [ RunTime:0.002985s ]
[2026-06-17T10:51:21+08:00][sql] SHOW FULL COLUMNS FROM `cmf_theme_file` [ RunTime:0.002016s ]
[2026-06-17T10:51:21+08:00][sql] SELECT `more`,`file`,`id` FROM `cmf_theme_file` WHERE  `theme` = 'simpleboot3'  AND (  `is_public` = 1 OR `file` = 'portal/product' ) ORDER BY `is_public` DESC [ RunTime:0.000555s ]
[2026-06-17T10:51:36+08:00][sql] CONNECT:[ UseTime:0.001910s ] mysql:host=127.0.0.1;port=3306;dbname=newncl;charset=utf8mb4
[2026-06-17T10:51:36+08:00][sql] SHOW FULL COLUMNS FROM `cmf_option` [ RunTime:0.002732s ]
[2026-06-17T10:51:36+08:00][sql] SELECT `option_value` FROM `cmf_option` WHERE  `option_name` = 'cdn_settings' LIMIT 1 [ RunTime:0.000526s ]
[2026-06-17T10:51:36+08:00][sql] SELECT `option_value` FROM `cmf_option` WHERE  `option_name` = 'cdn_settings' LIMIT 1 [ RunTime:0.000275s ]
[2026-06-17T10:51:36+08:00][sql] SHOW FULL COLUMNS FROM `cmf_product_category` [ RunTime:0.001065s ]
[2026-06-17T10:51:36+08:00][sql] SELECT * FROM `cmf_product_category` WHERE  `parent_id` = 0 ORDER BY `list_order` ASC,`create_time` DESC [ RunTime:0.001610s ]
[2026-06-17T10:51:36+08:00][sql] SELECT * FROM `cmf_product_category` WHERE  `parent_id` IN (28,19,23,25,30,22,27) [ RunTime:0.000611s ]
[2026-06-17T10:51:36+08:00][sql] SHOW FULL COLUMNS FROM `cmf_portal_category` [ RunTime:0.001288s ]
[2026-06-17T10:51:36+08:00][sql] SELECT * FROM `cmf_portal_category` WHERE (  `type` = 8 ) AND `cmf_portal_category`.`delete_time` = '0' ORDER BY `list_order` ASC [ RunTime:0.002114s ]
[2026-06-17T10:51:36+08:00][sql] SHOW FULL COLUMNS FROM `cmf_slide_item` [ RunTime:0.001092s ]
[2026-06-17T10:51:36+08:00][sql] SELECT `title`,`description`,`image`,`url`,`target`,`content` FROM `cmf_slide_item` WHERE  `slide_id` = 1 ORDER BY `list_order` ASC [ RunTime:0.001065s ]
[2026-06-17T10:51:36+08:00][sql] SHOW FULL COLUMNS FROM `cmf_slide` [ RunTime:0.000931s ]
[2026-06-17T10:51:36+08:00][sql] SELECT * FROM `cmf_slide` WHERE  `name` LIKE '%choose%' OR `name` LIKE '%选择%' LIMIT 1 [ RunTime:0.000999s ]
[2026-06-17T10:51:36+08:00][sql] SELECT `title`,`description`,`image`,`url`,`target`,`content` FROM `cmf_slide_item` WHERE  `slide_id` = 14  AND `status` = 1 ORDER BY `list_order` ASC [ RunTime:0.000420s ]
[2026-06-17T10:51:36+08:00][sql] SELECT * FROM `cmf_product_category` WHERE  `parent_id` = 0  AND `recommend` = 1 ORDER BY `list_order` ASC,`create_time` DESC [ RunTime:0.000407s ]
[2026-06-17T10:51:36+08:00][sql] SHOW FULL COLUMNS FROM `cmf_product` [ RunTime:0.001456s ]
[2026-06-17T10:51:36+08:00][sql] SELECT `id`,`title`,`thumbnail`,`industry` FROM `cmf_product` WHERE  `is_recommended` = 1  AND `category_id` = 28 ORDER BY `list_order` ASC LIMIT 6 [ RunTime:0.001091s ]
[2026-06-17T10:51:36+08:00][sql] SELECT `id`,`title`,`thumbnail`,`industry` FROM `cmf_product` WHERE  `is_recommended` = 1  AND `category_id` = 19 ORDER BY `list_order` ASC LIMIT 6 [ RunTime:0.000512s ]
[2026-06-17T10:51:36+08:00][sql] SELECT `id`,`title`,`thumbnail`,`industry` FROM `cmf_product` WHERE  `is_recommended` = 1  AND `category_id` = 23 ORDER BY `list_order` ASC LIMIT 6 [ RunTime:0.001196s ]
[2026-06-17T10:51:36+08:00][sql] SELECT `id`,`title`,`thumbnail`,`industry` FROM `cmf_product` WHERE  `is_recommended` = 1  AND `category_id` = 25 ORDER BY `list_order` ASC LIMIT 6 [ RunTime:0.000372s ]
[2026-06-17T10:51:36+08:00][sql] SELECT `id`,`title`,`thumbnail`,`industry` FROM `cmf_product` WHERE  `is_recommended` = 1  AND `category_id` = 30 ORDER BY `list_order` ASC LIMIT 6 [ RunTime:0.000358s ]
[2026-06-17T10:51:36+08:00][sql] SHOW FULL COLUMNS FROM `cmf_portal_post` [ RunTime:0.001391s ]
[2026-06-17T10:51:36+08:00][sql] SELECT `p`.`id`,`p`.`post_title`,`p`.`post_excerpt`,`p`.`thumbnail`,`p`.`create_time`,`c`.`category_id` FROM `cmf_portal_post` `p` INNER JOIN `cmf_portal_category_post` `c` ON `p`.`id`=`c`.`post_id` WHERE (  `p`.`post_type` = '8' ) AND `p`.`delete_time` = '0' ORDER BY `c`.`list_order` ASC,`p`.`create_time` DESC [ RunTime:0.001042s ]
[2026-06-17T10:51:36+08:00][sql] SELECT `id`,`post_title`,`post_excerpt`,`more` FROM `cmf_portal_post` WHERE (  `post_type` = 3 ) AND `cmf_portal_post`.`delete_time` = '0' ORDER BY `create_time` DESC [ RunTime:0.000345s ]
[2026-06-17T10:51:36+08:00][sql] SHOW FULL COLUMNS FROM `cmf_theme_file` [ RunTime:0.001085s ]
[2026-06-17T10:51:36+08:00][sql] SELECT `more`,`file`,`id` FROM `cmf_theme_file` WHERE  `theme` = 'simpleboot3'  AND (  `is_public` = 1 OR `file` = 'portal/index' ) ORDER BY `is_public` DESC [ RunTime:0.000489s ]
[2026-06-17T10:51:36+08:00][sql] SELECT `option_value` FROM `cmf_option` WHERE  `option_name` = 'storage' LIMIT 1 [ RunTime:0.000958s ]
[2026-06-17T10:51:39+08:00][sql] CONNECT:[ UseTime:0.002230s ] mysql:host=127.0.0.1;port=3306;dbname=newncl;charset=utf8mb4
[2026-06-17T10:51:39+08:00][sql] SHOW FULL COLUMNS FROM `cmf_option` [ RunTime:0.002677s ]
[2026-06-17T10:51:39+08:00][sql] SELECT `option_value` FROM `cmf_option` WHERE  `option_name` = 'cdn_settings' LIMIT 1 [ RunTime:0.000805s ]
[2026-06-17T10:51:39+08:00][sql] SELECT `option_value` FROM `cmf_option` WHERE  `option_name` = 'cdn_settings' LIMIT 1 [ RunTime:0.000342s ]
[2026-06-17T10:51:39+08:00][sql] SHOW FULL COLUMNS FROM `cmf_product_category` [ RunTime:0.001115s ]
[2026-06-17T10:51:39+08:00][sql] SELECT * FROM `cmf_product_category` WHERE  `parent_id` = 0 ORDER BY `list_order` ASC,`create_time` DESC [ RunTime:0.001748s ]
[2026-06-17T10:51:39+08:00][sql] SELECT * FROM `cmf_product_category` WHERE  `parent_id` IN (28,19,23,25,30,22,27) [ RunTime:0.001187s ]
[2026-06-17T10:51:39+08:00][sql] SHOW FULL COLUMNS FROM `cmf_portal_category` [ RunTime:0.001533s ]
[2026-06-17T10:51:39+08:00][sql] SELECT * FROM `cmf_portal_category` WHERE (  `type` = 8 ) AND `cmf_portal_category`.`delete_time` = '0' ORDER BY `list_order` ASC [ RunTime:0.003191s ]
[2026-06-17T10:51:39+08:00][sql] SHOW FULL COLUMNS FROM `cmf_product` [ RunTime:0.001245s ]
[2026-06-17T10:51:39+08:00][sql] SELECT COUNT(*) AS think_count FROM `cmf_product` WHERE  `category_id` = 28 LIMIT 1 [ RunTime:0.000516s ]
[2026-06-17T10:51:39+08:00][sql] SELECT COUNT(*) AS think_count FROM `cmf_product` WHERE  `category_id` = 19 LIMIT 1 [ RunTime:0.000288s ]
[2026-06-17T10:51:39+08:00][sql] SELECT COUNT(*) AS think_count FROM `cmf_product` WHERE  `category_id` = 23 LIMIT 1 [ RunTime:0.000265s ]
[2026-06-17T10:51:39+08:00][sql] SELECT COUNT(*) AS think_count FROM `cmf_product` WHERE  `category_id` = 25 LIMIT 1 [ RunTime:0.000212s ]
[2026-06-17T10:51:39+08:00][sql] SELECT COUNT(*) AS think_count FROM `cmf_product` WHERE  `category_id` = 30 LIMIT 1 [ RunTime:0.000229s ]
[2026-06-17T10:51:39+08:00][sql] SELECT COUNT(*) AS think_count FROM `cmf_product` WHERE  `category_id` = 22 LIMIT 1 [ RunTime:0.000228s ]
[2026-06-17T10:51:39+08:00][sql] SELECT COUNT(*) AS think_count FROM `cmf_product` WHERE  `category_id` = 27 LIMIT 1 [ RunTime:0.000234s ]
[2026-06-17T10:51:39+08:00][sql] SELECT COUNT(*) AS think_count FROM `cmf_product` LIMIT 1 [ RunTime:0.000243s ]
[2026-06-17T10:51:39+08:00][sql] SELECT `id`,`category_id`,`title`,`thumbnail`,`industry`,`overview` FROM `cmf_product` ORDER BY `list_order` ASC,`create_time` DESC LIMIT 0,12 [ RunTime:0.000476s ]
[2026-06-17T10:51:39+08:00][sql] SHOW FULL COLUMNS FROM `cmf_slide_item` [ RunTime:0.001818s ]
[2026-06-17T10:51:39+08:00][sql] SELECT `title`,`description`,`image` FROM `cmf_slide_item` WHERE  `slide_id` = 2  AND `status` = 1 ORDER BY `list_order` ASC,`id` DESC LIMIT 1 [ RunTime:0.000715s ]
[2026-06-17T10:51:39+08:00][sql] SELECT `option_value` FROM `cmf_option` WHERE  `option_name` = 'storage' LIMIT 1 [ RunTime:0.000254s ]
[2026-06-17T10:51:39+08:00][sql] SHOW FULL COLUMNS FROM `cmf_portal_post` [ RunTime:0.001499s ]
[2026-06-17T10:51:39+08:00][sql] SELECT `id`,`post_title`,`post_excerpt`,`more` FROM `cmf_portal_post` WHERE (  `post_type` = 3 ) AND `cmf_portal_post`.`delete_time` = '0' ORDER BY `create_time` DESC [ RunTime:0.001406s ]
[2026-06-17T10:51:39+08:00][sql] SHOW FULL COLUMNS FROM `cmf_theme_file` [ RunTime:0.002644s ]
[2026-06-17T10:51:39+08:00][sql] SELECT `more`,`file`,`id` FROM `cmf_theme_file` WHERE  `theme` = 'simpleboot3'  AND (  `is_public` = 1 OR `file` = 'portal/product' ) ORDER BY `is_public` DESC [ RunTime:0.001112s ]
[2026-06-17T10:51:41+08:00][sql] CONNECT:[ UseTime:0.000997s ] mysql:host=127.0.0.1;port=3306;dbname=newncl;charset=utf8mb4
[2026-06-17T10:51:41+08:00][sql] SHOW FULL COLUMNS FROM `cmf_option` [ RunTime:0.002948s ]
[2026-06-17T10:51:41+08:00][sql] SELECT `option_value` FROM `cmf_option` WHERE  `option_name` = 'cdn_settings' LIMIT 1 [ RunTime:0.001153s ]
[2026-06-17T10:51:41+08:00][sql] SELECT `option_value` FROM `cmf_option` WHERE  `option_name` = 'cdn_settings' LIMIT 1 [ RunTime:0.000687s ]
[2026-06-17T10:51:41+08:00][sql] SHOW FULL COLUMNS FROM `cmf_product_category` [ RunTime:0.001251s ]
[2026-06-17T10:51:41+08:00][sql] SELECT * FROM `cmf_product_category` WHERE  `parent_id` = 0 ORDER BY `list_order` ASC,`create_time` DESC [ RunTime:0.001562s ]
[2026-06-17T10:51:41+08:00][sql] SELECT * FROM `cmf_product_category` WHERE  `parent_id` IN (28,19,23,25,30,22,27) [ RunTime:0.001010s ]
[2026-06-17T10:51:41+08:00][sql] SHOW FULL COLUMNS FROM `cmf_portal_category` [ RunTime:0.002308s ]
[2026-06-17T10:51:41+08:00][sql] SELECT * FROM `cmf_portal_category` WHERE (  `type` = 8 ) AND `cmf_portal_category`.`delete_time` = '0' ORDER BY `list_order` ASC [ RunTime:0.001875s ]
[2026-06-17T10:51:41+08:00][sql] SELECT * FROM `cmf_product_category` WHERE  `id` = 28 LIMIT 1 [ RunTime:0.000426s ]
[2026-06-17T10:51:41+08:00][sql] SHOW FULL COLUMNS FROM `cmf_product` [ RunTime:0.001389s ]
[2026-06-17T10:51:41+08:00][sql] SELECT COUNT(*) AS think_count FROM `cmf_product` WHERE  `category_id` = 28 LIMIT 1 [ RunTime:0.000587s ]
[2026-06-17T10:51:41+08:00][sql] SELECT COUNT(*) AS think_count FROM `cmf_product` WHERE  `category_id` = 19 LIMIT 1 [ RunTime:0.000612s ]
[2026-06-17T10:51:41+08:00][sql] SELECT COUNT(*) AS think_count FROM `cmf_product` WHERE  `category_id` = 23 LIMIT 1 [ RunTime:0.000265s ]
[2026-06-17T10:51:41+08:00][sql] SELECT COUNT(*) AS think_count FROM `cmf_product` WHERE  `category_id` = 25 LIMIT 1 [ RunTime:0.000266s ]
[2026-06-17T10:51:41+08:00][sql] SELECT COUNT(*) AS think_count FROM `cmf_product` WHERE  `category_id` = 30 LIMIT 1 [ RunTime:0.000250s ]
[2026-06-17T10:51:41+08:00][sql] SELECT COUNT(*) AS think_count FROM `cmf_product` WHERE  `category_id` = 22 LIMIT 1 [ RunTime:0.000264s ]
[2026-06-17T10:51:41+08:00][sql] SELECT COUNT(*) AS think_count FROM `cmf_product` WHERE  `category_id` = 27 LIMIT 1 [ RunTime:0.000254s ]
[2026-06-17T10:51:41+08:00][sql] SELECT COUNT(*) AS think_count FROM `cmf_product` WHERE  `category_id` = 28 LIMIT 1 [ RunTime:0.000324s ]
[2026-06-17T10:51:41+08:00][sql] SELECT `id`,`category_id`,`title`,`thumbnail`,`industry`,`overview` FROM `cmf_product` WHERE  `category_id` = 28 ORDER BY `list_order` ASC,`create_time` DESC LIMIT 0,12 [ RunTime:0.001127s ]
[2026-06-17T10:51:41+08:00][sql] SHOW FULL COLUMNS FROM `cmf_slide_item` [ RunTime:0.001558s ]
[2026-06-17T10:51:41+08:00][sql] SELECT `title`,`description`,`image` FROM `cmf_slide_item` WHERE  `slide_id` = 2  AND `status` = 1 ORDER BY `list_order` ASC,`id` DESC LIMIT 1 [ RunTime:0.001529s ]
[2026-06-17T10:51:41+08:00][sql] SELECT `option_value` FROM `cmf_option` WHERE  `option_name` = 'storage' LIMIT 1 [ RunTime:0.000466s ]
[2026-06-17T10:51:41+08:00][sql] SHOW FULL COLUMNS FROM `cmf_portal_post` [ RunTime:0.002149s ]
[2026-06-17T10:51:41+08:00][sql] SELECT `id`,`post_title`,`post_excerpt`,`more` FROM `cmf_portal_post` WHERE (  `post_type` = 3 ) AND `cmf_portal_post`.`delete_time` = '0' ORDER BY `create_time` DESC [ RunTime:0.001231s ]
[2026-06-17T10:51:41+08:00][sql] SHOW FULL COLUMNS FROM `cmf_theme_file` [ RunTime:0.001629s ]
[2026-06-17T10:51:41+08:00][sql] SELECT `more`,`file`,`id` FROM `cmf_theme_file` WHERE  `theme` = 'simpleboot3'  AND (  `is_public` = 1 OR `file` = 'portal/product' ) ORDER BY `is_public` DESC [ RunTime:0.001945s ]
[2026-06-17T10:51:47+08:00][sql] CONNECT:[ UseTime:0.001672s ] mysql:host=127.0.0.1;port=3306;dbname=newncl;charset=utf8mb4
[2026-06-17T10:51:47+08:00][sql] SHOW FULL COLUMNS FROM `cmf_option` [ RunTime:0.002118s ]
[2026-06-17T10:51:47+08:00][sql] SELECT `option_value` FROM `cmf_option` WHERE  `option_name` = 'cdn_settings' LIMIT 1 [ RunTime:0.001034s ]
[2026-06-17T10:51:47+08:00][sql] SELECT `option_value` FROM `cmf_option` WHERE  `option_name` = 'cdn_settings' LIMIT 1 [ RunTime:0.000454s ]
[2026-06-17T10:51:47+08:00][sql] SHOW FULL COLUMNS FROM `cmf_product_category` [ RunTime:0.001156s ]
[2026-06-17T10:51:47+08:00][sql] SELECT * FROM `cmf_product_category` WHERE  `parent_id` = 0 ORDER BY `list_order` ASC,`create_time` DESC [ RunTime:0.001002s ]
[2026-06-17T10:51:47+08:00][sql] SELECT * FROM `cmf_product_category` WHERE  `parent_id` IN (28,19,23,25,30,22,27) [ RunTime:0.000902s ]
[2026-06-17T10:51:47+08:00][sql] SHOW FULL COLUMNS FROM `cmf_portal_category` [ RunTime:0.001496s ]
[2026-06-17T10:51:47+08:00][sql] SELECT * FROM `cmf_portal_category` WHERE (  `type` = 8 ) AND `cmf_portal_category`.`delete_time` = '0' ORDER BY `list_order` ASC [ RunTime:0.000532s ]
[2026-06-17T10:51:47+08:00][sql] SELECT * FROM `cmf_product_category` WHERE  `id` = 28 LIMIT 1 [ RunTime:0.000431s ]
[2026-06-17T10:51:47+08:00][sql] SHOW FULL COLUMNS FROM `cmf_product` [ RunTime:0.001428s ]
[2026-06-17T10:51:47+08:00][sql] SELECT COUNT(*) AS think_count FROM `cmf_product` WHERE  `category_id` = 28 LIMIT 1 [ RunTime:0.000503s ]
[2026-06-17T10:51:47+08:00][sql] SELECT COUNT(*) AS think_count FROM `cmf_product` WHERE  `category_id` = 19 LIMIT 1 [ RunTime:0.000609s ]
[2026-06-17T10:51:47+08:00][sql] SELECT COUNT(*) AS think_count FROM `cmf_product` WHERE  `category_id` = 23 LIMIT 1 [ RunTime:0.000232s ]
[2026-06-17T10:51:47+08:00][sql] SELECT COUNT(*) AS think_count FROM `cmf_product` WHERE  `category_id` = 25 LIMIT 1 [ RunTime:0.000241s ]
[2026-06-17T10:51:47+08:00][sql] SELECT COUNT(*) AS think_count FROM `cmf_product` WHERE  `category_id` = 30 LIMIT 1 [ RunTime:0.000252s ]
[2026-06-17T10:51:47+08:00][sql] SELECT COUNT(*) AS think_count FROM `cmf_product` WHERE  `category_id` = 22 LIMIT 1 [ RunTime:0.000228s ]
[2026-06-17T10:51:47+08:00][sql] SELECT COUNT(*) AS think_count FROM `cmf_product` WHERE  `category_id` = 27 LIMIT 1 [ RunTime:0.000215s ]
[2026-06-17T10:51:47+08:00][sql] SELECT COUNT(*) AS think_count FROM `cmf_product` WHERE  `category_id` = 28 LIMIT 1 [ RunTime:0.000238s ]
[2026-06-17T10:51:47+08:00][sql] SELECT `id`,`category_id`,`title`,`thumbnail`,`industry`,`overview` FROM `cmf_product` WHERE  `category_id` = 28 ORDER BY `list_order` ASC,`create_time` DESC LIMIT 12,12 [ RunTime:0.000540s ]
[2026-06-17T10:51:47+08:00][sql] SHOW FULL COLUMNS FROM `cmf_slide_item` [ RunTime:0.001562s ]
[2026-06-17T10:51:47+08:00][sql] SELECT `title`,`description`,`image` FROM `cmf_slide_item` WHERE  `slide_id` = 2  AND `status` = 1 ORDER BY `list_order` ASC,`id` DESC LIMIT 1 [ RunTime:0.000882s ]
[2026-06-17T10:51:47+08:00][sql] SELECT `option_value` FROM `cmf_option` WHERE  `option_name` = 'storage' LIMIT 1 [ RunTime:0.000290s ]
[2026-06-17T10:51:47+08:00][sql] SHOW FULL COLUMNS FROM `cmf_portal_post` [ RunTime:0.001315s ]
[2026-06-17T10:51:47+08:00][sql] SELECT `id`,`post_title`,`post_excerpt`,`more` FROM `cmf_portal_post` WHERE (  `post_type` = 3 ) AND `cmf_portal_post`.`delete_time` = '0' ORDER BY `create_time` DESC [ RunTime:0.000664s ]
[2026-06-17T10:51:47+08:00][sql] SHOW FULL COLUMNS FROM `cmf_theme_file` [ RunTime:0.001230s ]
[2026-06-17T10:51:47+08:00][sql] SELECT `more`,`file`,`id` FROM `cmf_theme_file` WHERE  `theme` = 'simpleboot3'  AND (  `is_public` = 1 OR `file` = 'portal/product' ) ORDER BY `is_public` DESC [ RunTime:0.000972s ]
[2026-06-17T10:51:51+08:00][sql] CONNECT:[ UseTime:0.000841s ] mysql:host=127.0.0.1;port=3306;dbname=newncl;charset=utf8mb4
[2026-06-17T10:51:51+08:00][sql] SHOW FULL COLUMNS FROM `cmf_option` [ RunTime:0.002384s ]
[2026-06-17T10:51:51+08:00][sql] SELECT `option_value` FROM `cmf_option` WHERE  `option_name` = 'cdn_settings' LIMIT 1 [ RunTime:0.000998s ]
[2026-06-17T10:51:51+08:00][sql] SELECT `option_value` FROM `cmf_option` WHERE  `option_name` = 'cdn_settings' LIMIT 1 [ RunTime:0.000255s ]
[2026-06-17T10:51:51+08:00][sql] SHOW FULL COLUMNS FROM `cmf_product_category` [ RunTime:0.001161s ]
[2026-06-17T10:51:51+08:00][sql] SELECT * FROM `cmf_product_category` WHERE  `parent_id` = 0 ORDER BY `list_order` ASC,`create_time` DESC [ RunTime:0.001097s ]
[2026-06-17T10:51:51+08:00][sql] SELECT * FROM `cmf_product_category` WHERE  `parent_id` IN (28,19,23,25,30,22,27) [ RunTime:0.000501s ]
[2026-06-17T10:51:51+08:00][sql] SHOW FULL COLUMNS FROM `cmf_portal_category` [ RunTime:0.001374s ]
[2026-06-17T10:51:51+08:00][sql] SELECT * FROM `cmf_portal_category` WHERE (  `type` = 8 ) AND `cmf_portal_category`.`delete_time` = '0' ORDER BY `list_order` ASC [ RunTime:0.001492s ]
[2026-06-17T10:51:51+08:00][sql] SELECT * FROM `cmf_product_category` WHERE  `id` = 19 LIMIT 1 [ RunTime:0.000536s ]
[2026-06-17T10:51:51+08:00][sql] SHOW FULL COLUMNS FROM `cmf_product` [ RunTime:0.001394s ]
[2026-06-17T10:51:51+08:00][sql] SELECT COUNT(*) AS think_count FROM `cmf_product` WHERE  `category_id` = 28 LIMIT 1 [ RunTime:0.000562s ]
[2026-06-17T10:51:51+08:00][sql] SELECT COUNT(*) AS think_count FROM `cmf_product` WHERE  `category_id` = 19 LIMIT 1 [ RunTime:0.000324s ]
[2026-06-17T10:51:51+08:00][sql] SELECT COUNT(*) AS think_count FROM `cmf_product` WHERE  `category_id` = 23 LIMIT 1 [ RunTime:0.000270s ]
[2026-06-17T10:51:51+08:00][sql] SELECT COUNT(*) AS think_count FROM `cmf_product` WHERE  `category_id` = 25 LIMIT 1 [ RunTime:0.000285s ]
[2026-06-17T10:51:51+08:00][sql] SELECT COUNT(*) AS think_count FROM `cmf_product` WHERE  `category_id` = 30 LIMIT 1 [ RunTime:0.000249s ]
[2026-06-17T10:51:51+08:00][sql] SELECT COUNT(*) AS think_count FROM `cmf_product` WHERE  `category_id` = 22 LIMIT 1 [ RunTime:0.000247s ]
[2026-06-17T10:51:51+08:00][sql] SELECT COUNT(*) AS think_count FROM `cmf_product` WHERE  `category_id` = 27 LIMIT 1 [ RunTime:0.000267s ]
[2026-06-17T10:51:51+08:00][sql] SELECT COUNT(*) AS think_count FROM `cmf_product` WHERE  `category_id` = 19 LIMIT 1 [ RunTime:0.000285s ]
[2026-06-17T10:51:51+08:00][sql] SELECT `id`,`category_id`,`title`,`thumbnail`,`industry`,`overview` FROM `cmf_product` WHERE  `category_id` = 19 ORDER BY `list_order` ASC,`create_time` DESC LIMIT 0,12 [ RunTime:0.000624s ]
[2026-06-17T10:51:51+08:00][sql] SHOW FULL COLUMNS FROM `cmf_slide_item` [ RunTime:0.001278s ]
[2026-06-17T10:51:51+08:00][sql] SELECT `title`,`description`,`image` FROM `cmf_slide_item` WHERE  `slide_id` = 2  AND `status` = 1 ORDER BY `list_order` ASC,`id` DESC LIMIT 1 [ RunTime:0.001259s ]
[2026-06-17T10:51:51+08:00][sql] SELECT `option_value` FROM `cmf_option` WHERE  `option_name` = 'storage' LIMIT 1 [ RunTime:0.000262s ]
[2026-06-17T10:51:51+08:00][sql] SHOW FULL COLUMNS FROM `cmf_portal_post` [ RunTime:0.001548s ]
[2026-06-17T10:51:51+08:00][sql] SELECT `id`,`post_title`,`post_excerpt`,`more` FROM `cmf_portal_post` WHERE (  `post_type` = 3 ) AND `cmf_portal_post`.`delete_time` = '0' ORDER BY `create_time` DESC [ RunTime:0.000888s ]
[2026-06-17T10:51:51+08:00][sql] SHOW FULL COLUMNS FROM `cmf_theme_file` [ RunTime:0.001254s ]
[2026-06-17T10:51:51+08:00][sql] SELECT `more`,`file`,`id` FROM `cmf_theme_file` WHERE  `theme` = 'simpleboot3'  AND (  `is_public` = 1 OR `file` = 'portal/product' ) ORDER BY `is_public` DESC [ RunTime:0.001170s ]
[2026-06-17T10:51:58+08:00][sql] CONNECT:[ UseTime:0.000843s ] mysql:host=127.0.0.1;port=3306;dbname=newncl;charset=utf8mb4
[2026-06-17T10:51:58+08:00][sql] SHOW FULL COLUMNS FROM `cmf_option` [ RunTime:0.004949s ]
[2026-06-17T10:51:58+08:00][sql] SELECT `option_value` FROM `cmf_option` WHERE  `option_name` = 'cdn_settings' LIMIT 1 [ RunTime:0.002036s ]
[2026-06-17T10:51:58+08:00][sql] SELECT `option_value` FROM `cmf_option` WHERE  `option_name` = 'cdn_settings' LIMIT 1 [ RunTime:0.000411s ]
[2026-06-17T10:51:58+08:00][sql] SHOW FULL COLUMNS FROM `cmf_product_category` [ RunTime:0.001505s ]
[2026-06-17T10:51:58+08:00][sql] SELECT * FROM `cmf_product_category` WHERE  `parent_id` = 0 ORDER BY `list_order` ASC,`create_time` DESC [ RunTime:0.001760s ]
[2026-06-17T10:51:58+08:00][sql] SELECT * FROM `cmf_product_category` WHERE  `parent_id` IN (28,19,23,25,30,22,27) [ RunTime:0.000482s ]
[2026-06-17T10:51:58+08:00][sql] SHOW FULL COLUMNS FROM `cmf_portal_category` [ RunTime:0.002676s ]
[2026-06-17T10:51:58+08:00][sql] SELECT * FROM `cmf_portal_category` WHERE (  `type` = 8 ) AND `cmf_portal_category`.`delete_time` = '0' ORDER BY `list_order` ASC [ RunTime:0.002201s ]
[2026-06-17T10:51:58+08:00][sql] SELECT * FROM `cmf_product_category` WHERE  `id` = 28 LIMIT 1 [ RunTime:0.000478s ]
[2026-06-17T10:51:58+08:00][sql] SHOW FULL COLUMNS FROM `cmf_product` [ RunTime:0.001696s ]
[2026-06-17T10:51:58+08:00][sql] SELECT COUNT(*) AS think_count FROM `cmf_product` WHERE  `category_id` = 28 LIMIT 1 [ RunTime:0.000662s ]
[2026-06-17T10:51:58+08:00][sql] SELECT COUNT(*) AS think_count FROM `cmf_product` WHERE  `category_id` = 19 LIMIT 1 [ RunTime:0.000373s ]
[2026-06-17T10:51:58+08:00][sql] SELECT COUNT(*) AS think_count FROM `cmf_product` WHERE  `category_id` = 23 LIMIT 1 [ RunTime:0.000383s ]
[2026-06-17T10:51:58+08:00][sql] SELECT COUNT(*) AS think_count FROM `cmf_product` WHERE  `category_id` = 25 LIMIT 1 [ RunTime:0.000277s ]
[2026-06-17T10:51:58+08:00][sql] SELECT COUNT(*) AS think_count FROM `cmf_product` WHERE  `category_id` = 30 LIMIT 1 [ RunTime:0.000300s ]
[2026-06-17T10:51:58+08:00][sql] SELECT COUNT(*) AS think_count FROM `cmf_product` WHERE  `category_id` = 22 LIMIT 1 [ RunTime:0.000268s ]
[2026-06-17T10:51:58+08:00][sql] SELECT COUNT(*) AS think_count FROM `cmf_product` WHERE  `category_id` = 27 LIMIT 1 [ RunTime:0.000324s ]
[2026-06-17T10:51:58+08:00][sql] SELECT COUNT(*) AS think_count FROM `cmf_product` WHERE  `category_id` = 28 LIMIT 1 [ RunTime:0.000284s ]
[2026-06-17T10:51:58+08:00][sql] SELECT `id`,`category_id`,`title`,`thumbnail`,`industry`,`overview` FROM `cmf_product` WHERE  `category_id` = 28 ORDER BY `list_order` ASC,`create_time` DESC LIMIT 0,12 [ RunTime:0.000565s ]
[2026-06-17T10:51:58+08:00][sql] SHOW FULL COLUMNS FROM `cmf_slide_item` [ RunTime:0.002020s ]
[2026-06-17T10:51:58+08:00][sql] SELECT `title`,`description`,`image` FROM `cmf_slide_item` WHERE  `slide_id` = 2  AND `status` = 1 ORDER BY `list_order` ASC,`id` DESC LIMIT 1 [ RunTime:0.001394s ]
[2026-06-17T10:51:58+08:00][sql] SELECT `option_value` FROM `cmf_option` WHERE  `option_name` = 'storage' LIMIT 1 [ RunTime:0.000366s ]
[2026-06-17T10:51:58+08:00][sql] SHOW FULL COLUMNS FROM `cmf_portal_post` [ RunTime:0.001219s ]
[2026-06-17T10:51:58+08:00][sql] SELECT `id`,`post_title`,`post_excerpt`,`more` FROM `cmf_portal_post` WHERE (  `post_type` = 3 ) AND `cmf_portal_post`.`delete_time` = '0' ORDER BY `create_time` DESC [ RunTime:0.001242s ]
[2026-06-17T10:51:58+08:00][sql] SHOW FULL COLUMNS FROM `cmf_theme_file` [ RunTime:0.002362s ]
[2026-06-17T10:51:58+08:00][sql] SELECT `more`,`file`,`id` FROM `cmf_theme_file` WHERE  `theme` = 'simpleboot3'  AND (  `is_public` = 1 OR `file` = 'portal/product' ) ORDER BY `is_public` DESC [ RunTime:0.000954s ]
[2026-06-17T10:52:00+08:00][sql] CONNECT:[ UseTime:0.000828s ] mysql:host=127.0.0.1;port=3306;dbname=newncl;charset=utf8mb4
[2026-06-17T10:52:00+08:00][sql] SHOW FULL COLUMNS FROM `cmf_option` [ RunTime:0.001555s ]
[2026-06-17T10:52:00+08:00][sql] SELECT `option_value` FROM `cmf_option` WHERE  `option_name` = 'cdn_settings' LIMIT 1 [ RunTime:0.000472s ]
[2026-06-17T10:52:00+08:00][sql] SELECT `option_value` FROM `cmf_option` WHERE  `option_name` = 'cdn_settings' LIMIT 1 [ RunTime:0.000774s ]
[2026-06-17T10:52:00+08:00][sql] SHOW FULL COLUMNS FROM `cmf_product_category` [ RunTime:0.001487s ]
[2026-06-17T10:52:00+08:00][sql] SELECT * FROM `cmf_product_category` WHERE  `parent_id` = 0 ORDER BY `list_order` ASC,`create_time` DESC [ RunTime:0.000627s ]
[2026-06-17T10:52:00+08:00][sql] SELECT * FROM `cmf_product_category` WHERE  `parent_id` IN (28,19,23,25,30,22,27) [ RunTime:0.000304s ]
[2026-06-17T10:52:00+08:00][sql] SHOW FULL COLUMNS FROM `cmf_portal_category` [ RunTime:0.001151s ]
[2026-06-17T10:52:00+08:00][sql] SELECT * FROM `cmf_portal_category` WHERE (  `type` = 8 ) AND `cmf_portal_category`.`delete_time` = '0' ORDER BY `list_order` ASC [ RunTime:0.001078s ]
[2026-06-17T10:52:00+08:00][sql] SHOW FULL COLUMNS FROM `cmf_product` [ RunTime:0.001238s ]
[2026-06-17T10:52:00+08:00][sql] SELECT * FROM `cmf_product` WHERE  `id` = 214 LIMIT 1 [ RunTime:0.000549s ]
[2026-06-17T10:52:00+08:00][sql] SELECT * FROM `cmf_product_category` WHERE  `id` = 28 LIMIT 1 [ RunTime:0.000259s ]
[2026-06-17T10:52:00+08:00][sql] SELECT `option_value` FROM `cmf_option` WHERE  `option_name` = 'product_setting' LIMIT 1 [ RunTime:0.000258s ]
[2026-06-17T10:52:00+08:00][sql] SELECT `id`,`title`,`industry`,`thumbnail` FROM `cmf_product` WHERE  `id` <> 214  AND `is_recommended` = 1  AND `category_id` = 28 ORDER BY RAND() LIMIT 8 [ RunTime:0.002525s ]
[2026-06-17T10:52:00+08:00][sql] SHOW FULL COLUMNS FROM `cmf_slide_item` [ RunTime:0.001229s ]
[2026-06-17T10:52:00+08:00][sql] SELECT `title`,`description`,`image` FROM `cmf_slide_item` WHERE  `slide_id` = 2  AND `status` = 1 ORDER BY `list_order` ASC,`id` DESC LIMIT 1 [ RunTime:0.000661s ]
[2026-06-17T10:52:00+08:00][sql] SHOW FULL COLUMNS FROM `cmf_theme_file` [ RunTime:0.001092s ]
[2026-06-17T10:52:00+08:00][sql] SELECT `more`,`file`,`id` FROM `cmf_theme_file` WHERE  `theme` = 'simpleboot3'  AND (  `is_public` = 1 OR `file` = 'portal/product-info' ) ORDER BY `is_public` DESC [ RunTime:0.000501s ]
[2026-06-17T10:52:00+08:00][sql] SELECT `option_value` FROM `cmf_option` WHERE  `option_name` = 'storage' LIMIT 1 [ RunTime:0.000603s ]
[2026-06-17T10:52:34+08:00][sql] CONNECT:[ UseTime:0.001897s ] mysql:host=127.0.0.1;port=3306;dbname=newncl;charset=utf8mb4
[2026-06-17T10:52:34+08:00][sql] SHOW FULL COLUMNS FROM `cmf_option` [ RunTime:0.002223s ]
[2026-06-17T10:52:34+08:00][sql] SELECT `option_value` FROM `cmf_option` WHERE  `option_name` = 'cdn_settings' LIMIT 1 [ RunTime:0.000895s ]
[2026-06-17T10:52:34+08:00][sql] SELECT `option_value` FROM `cmf_option` WHERE  `option_name` = 'cdn_settings' LIMIT 1 [ RunTime:0.000279s ]
[2026-06-17T10:52:34+08:00][sql] SHOW FULL COLUMNS FROM `cmf_product_category` [ RunTime:0.001093s ]
[2026-06-17T10:52:34+08:00][sql] SELECT * FROM `cmf_product_category` WHERE  `parent_id` = 0 ORDER BY `list_order` ASC,`create_time` DESC [ RunTime:0.000458s ]
[2026-06-17T10:52:34+08:00][sql] SELECT * FROM `cmf_product_category` WHERE  `parent_id` IN (28,19,23,25,30,22,27) [ RunTime:0.001097s ]
[2026-06-17T10:52:34+08:00][sql] SHOW FULL COLUMNS FROM `cmf_portal_category` [ RunTime:0.001323s ]
[2026-06-17T10:52:34+08:00][sql] SELECT * FROM `cmf_portal_category` WHERE (  `type` = 8 ) AND `cmf_portal_category`.`delete_time` = '0' ORDER BY `list_order` ASC [ RunTime:0.000536s ]
[2026-06-17T10:52:34+08:00][sql] SHOW FULL COLUMNS FROM `cmf_slide_item` [ RunTime:0.000956s ]
[2026-06-17T10:52:34+08:00][sql] SELECT `title`,`description`,`image`,`url`,`target`,`content` FROM `cmf_slide_item` WHERE  `slide_id` = 1 ORDER BY `list_order` ASC [ RunTime:0.001085s ]
[2026-06-17T10:52:34+08:00][sql] SHOW FULL COLUMNS FROM `cmf_slide` [ RunTime:0.000880s ]
[2026-06-17T10:52:34+08:00][sql] SELECT * FROM `cmf_slide` WHERE  `name` LIKE '%choose%' OR `name` LIKE '%选择%' LIMIT 1 [ RunTime:0.000574s ]
[2026-06-17T10:52:34+08:00][sql] SELECT `title`,`description`,`image`,`url`,`target`,`content` FROM `cmf_slide_item` WHERE  `slide_id` = 14  AND `status` = 1 ORDER BY `list_order` ASC [ RunTime:0.000424s ]
[2026-06-17T10:52:34+08:00][sql] SELECT * FROM `cmf_product_category` WHERE  `parent_id` = 0  AND `recommend` = 1 ORDER BY `list_order` ASC,`create_time` DESC [ RunTime:0.000367s ]
[2026-06-17T10:52:34+08:00][sql] SHOW FULL COLUMNS FROM `cmf_product` [ RunTime:0.001250s ]
[2026-06-17T10:52:34+08:00][sql] SELECT `id`,`title`,`thumbnail`,`industry` FROM `cmf_product` WHERE  `is_recommended` = 1  AND `category_id` = 28 ORDER BY `list_order` ASC LIMIT 6 [ RunTime:0.001372s ]
[2026-06-17T10:52:34+08:00][sql] SELECT `id`,`title`,`thumbnail`,`industry` FROM `cmf_product` WHERE  `is_recommended` = 1  AND `category_id` = 19 ORDER BY `list_order` ASC LIMIT 6 [ RunTime:0.000321s ]
[2026-06-17T10:52:34+08:00][sql] SELECT `id`,`title`,`thumbnail`,`industry` FROM `cmf_product` WHERE  `is_recommended` = 1  AND `category_id` = 23 ORDER BY `list_order` ASC LIMIT 6 [ RunTime:0.000284s ]
[2026-06-17T10:52:34+08:00][sql] SELECT `id`,`title`,`thumbnail`,`industry` FROM `cmf_product` WHERE  `is_recommended` = 1  AND `category_id` = 25 ORDER BY `list_order` ASC LIMIT 6 [ RunTime:0.000378s ]
[2026-06-17T10:52:34+08:00][sql] SELECT `id`,`title`,`thumbnail`,`industry` FROM `cmf_product` WHERE  `is_recommended` = 1  AND `category_id` = 30 ORDER BY `list_order` ASC LIMIT 6 [ RunTime:0.000359s ]
[2026-06-17T10:52:34+08:00][sql] SHOW FULL COLUMNS FROM `cmf_portal_post` [ RunTime:0.001570s ]
[2026-06-17T10:52:34+08:00][sql] SELECT `p`.`id`,`p`.`post_title`,`p`.`post_excerpt`,`p`.`thumbnail`,`p`.`create_time`,`c`.`category_id` FROM `cmf_portal_post` `p` INNER JOIN `cmf_portal_category_post` `c` ON `p`.`id`=`c`.`post_id` WHERE (  `p`.`post_type` = '8' ) AND `p`.`delete_time` = '0' ORDER BY `c`.`list_order` ASC,`p`.`create_time` DESC [ RunTime:0.000993s ]
[2026-06-17T10:52:34+08:00][sql] SELECT `id`,`post_title`,`post_excerpt`,`more` FROM `cmf_portal_post` WHERE (  `post_type` = 3 ) AND `cmf_portal_post`.`delete_time` = '0' ORDER BY `create_time` DESC [ RunTime:0.000363s ]
[2026-06-17T10:52:34+08:00][sql] SHOW FULL COLUMNS FROM `cmf_theme_file` [ RunTime:0.001088s ]
[2026-06-17T10:52:34+08:00][sql] SELECT `more`,`file`,`id` FROM `cmf_theme_file` WHERE  `theme` = 'simpleboot3'  AND (  `is_public` = 1 OR `file` = 'portal/index' ) ORDER BY `is_public` DESC [ RunTime:0.000500s ]
[2026-06-17T10:52:34+08:00][sql] SELECT `option_value` FROM `cmf_option` WHERE  `option_name` = 'storage' LIMIT 1 [ RunTime:0.000387s ]
[2026-06-17T10:59:28+08:00][sql] CONNECT:[ UseTime:0.011998s ] mysql:host=127.0.0.1;port=3306;dbname=newncl;charset=utf8mb4
[2026-06-17T10:59:28+08:00][sql] SHOW FULL COLUMNS FROM `cmf_option` [ RunTime:0.002860s ]
[2026-06-17T10:59:28+08:00][sql] SELECT `option_value` FROM `cmf_option` WHERE  `option_name` = 'cdn_settings' LIMIT 1 [ RunTime:0.001656s ]
[2026-06-17T10:59:28+08:00][sql] SELECT `option_value` FROM `cmf_option` WHERE  `option_name` = 'cdn_settings' LIMIT 1 [ RunTime:0.000426s ]
[2026-06-17T10:59:28+08:00][sql] SHOW FULL COLUMNS FROM `cmf_product_category` [ RunTime:0.001221s ]
[2026-06-17T10:59:28+08:00][sql] SELECT * FROM `cmf_product_category` WHERE  `parent_id` = 0 ORDER BY `list_order` ASC,`create_time` DESC [ RunTime:0.001027s ]
[2026-06-17T10:59:28+08:00][sql] SELECT * FROM `cmf_product_category` WHERE  `parent_id` IN (28,19,23,25,30,22,27) [ RunTime:0.000470s ]
[2026-06-17T10:59:28+08:00][sql] SHOW FULL COLUMNS FROM `cmf_portal_category` [ RunTime:0.001214s ]
[2026-06-17T10:59:28+08:00][sql] SELECT * FROM `cmf_portal_category` WHERE (  `type` = 8 ) AND `cmf_portal_category`.`delete_time` = '0' ORDER BY `list_order` ASC [ RunTime:0.000517s ]
[2026-06-17T10:59:28+08:00][sql] SHOW FULL COLUMNS FROM `cmf_slide_item` [ RunTime:0.001717s ]
[2026-06-17T10:59:28+08:00][sql] SELECT `title`,`description`,`image`,`url`,`target`,`content` FROM `cmf_slide_item` WHERE  `slide_id` = 1 ORDER BY `list_order` ASC [ RunTime:0.000888s ]
[2026-06-17T10:59:28+08:00][sql] SHOW FULL COLUMNS FROM `cmf_slide` [ RunTime:0.001104s ]
[2026-06-17T10:59:28+08:00][sql] SELECT * FROM `cmf_slide` WHERE  `name` LIKE '%choose%' OR `name` LIKE '%选择%' LIMIT 1 [ RunTime:0.000530s ]
[2026-06-17T10:59:28+08:00][sql] SELECT `title`,`description`,`image`,`url`,`target`,`content` FROM `cmf_slide_item` WHERE  `slide_id` = 14  AND `status` = 1 ORDER BY `list_order` ASC [ RunTime:0.000378s ]
[2026-06-17T10:59:28+08:00][sql] SELECT * FROM `cmf_product_category` WHERE  `parent_id` = 0  AND `recommend` = 1 ORDER BY `list_order` ASC,`create_time` DESC [ RunTime:0.000334s ]
[2026-06-17T10:59:28+08:00][sql] SHOW FULL COLUMNS FROM `cmf_product` [ RunTime:0.001525s ]
[2026-06-17T10:59:28+08:00][sql] SELECT `id`,`title`,`thumbnail`,`industry` FROM `cmf_product` WHERE  `is_recommended` = 1  AND `category_id` = 28 ORDER BY `list_order` ASC LIMIT 6 [ RunTime:0.000894s ]
[2026-06-17T10:59:28+08:00][sql] SELECT `id`,`title`,`thumbnail`,`industry` FROM `cmf_product` WHERE  `is_recommended` = 1  AND `category_id` = 19 ORDER BY `list_order` ASC LIMIT 6 [ RunTime:0.000423s ]
[2026-06-17T10:59:28+08:00][sql] SELECT `id`,`title`,`thumbnail`,`industry` FROM `cmf_product` WHERE  `is_recommended` = 1  AND `category_id` = 23 ORDER BY `list_order` ASC LIMIT 6 [ RunTime:0.000304s ]
[2026-06-17T10:59:28+08:00][sql] SELECT `id`,`title`,`thumbnail`,`industry` FROM `cmf_product` WHERE  `is_recommended` = 1  AND `category_id` = 25 ORDER BY `list_order` ASC LIMIT 6 [ RunTime:0.000416s ]
[2026-06-17T10:59:28+08:00][sql] SELECT `id`,`title`,`thumbnail`,`industry` FROM `cmf_product` WHERE  `is_recommended` = 1  AND `category_id` = 30 ORDER BY `list_order` ASC LIMIT 6 [ RunTime:0.000300s ]
[2026-06-17T10:59:28+08:00][sql] SHOW FULL COLUMNS FROM `cmf_portal_post` [ RunTime:0.001756s ]
[2026-06-17T10:59:28+08:00][sql] SELECT `p`.`id`,`p`.`post_title`,`p`.`post_excerpt`,`p`.`thumbnail`,`p`.`create_time`,`c`.`category_id` FROM `cmf_portal_post` `p` INNER JOIN `cmf_portal_category_post` `c` ON `p`.`id`=`c`.`post_id` WHERE (  `p`.`post_type` = '8' ) AND `p`.`delete_time` = '0' ORDER BY `c`.`list_order` ASC,`p`.`create_time` DESC [ RunTime:0.003167s ]
[2026-06-17T10:59:28+08:00][sql] SELECT `id`,`post_title`,`post_excerpt`,`more` FROM `cmf_portal_post` WHERE (  `post_type` = 3 ) AND `cmf_portal_post`.`delete_time` = '0' ORDER BY `create_time` DESC [ RunTime:0.000666s ]
[2026-06-17T10:59:28+08:00][sql] SHOW FULL COLUMNS FROM `cmf_theme_file` [ RunTime:0.001831s ]
[2026-06-17T10:59:28+08:00][sql] SELECT `more`,`file`,`id` FROM `cmf_theme_file` WHERE  `theme` = 'simpleboot3_mobile'  AND (  `is_public` = 1 OR `file` = 'portal/index' ) ORDER BY `is_public` DESC [ RunTime:0.000598s ]
[2026-06-17T10:59:28+08:00][sql] SELECT `option_value` FROM `cmf_option` WHERE  `option_name` = 'storage' LIMIT 1 [ RunTime:0.000627s ]
[2026-06-17T10:59:33+08:00][sql] CONNECT:[ UseTime:0.001508s ] mysql:host=127.0.0.1;port=3306;dbname=newncl;charset=utf8mb4
[2026-06-17T10:59:33+08:00][sql] SHOW FULL COLUMNS FROM `cmf_option` [ RunTime:0.002263s ]
[2026-06-17T10:59:33+08:00][sql] SELECT `option_value` FROM `cmf_option` WHERE  `option_name` = 'cdn_settings' LIMIT 1 [ RunTime:0.001127s ]
[2026-06-17T10:59:33+08:00][sql] SELECT `option_value` FROM `cmf_option` WHERE  `option_name` = 'cdn_settings' LIMIT 1 [ RunTime:0.000539s ]
[2026-06-17T10:59:33+08:00][sql] SHOW FULL COLUMNS FROM `cmf_product_category` [ RunTime:0.001391s ]
[2026-06-17T10:59:33+08:00][sql] SELECT * FROM `cmf_product_category` WHERE  `parent_id` = 0 ORDER BY `list_order` ASC,`create_time` DESC [ RunTime:0.002099s ]
[2026-06-17T10:59:33+08:00][sql] SELECT * FROM `cmf_product_category` WHERE  `parent_id` IN (28,19,23,25,30,22,27) [ RunTime:0.000431s ]
[2026-06-17T10:59:33+08:00][sql] SHOW FULL COLUMNS FROM `cmf_portal_category` [ RunTime:0.001427s ]
[2026-06-17T10:59:33+08:00][sql] SELECT * FROM `cmf_portal_category` WHERE (  `type` = 8 ) AND `cmf_portal_category`.`delete_time` = '0' ORDER BY `list_order` ASC [ RunTime:0.001042s ]
[2026-06-17T10:59:33+08:00][sql] SHOW FULL COLUMNS FROM `cmf_slide_item` [ RunTime:0.002038s ]
[2026-06-17T10:59:33+08:00][sql] SELECT `title`,`description`,`image`,`url`,`target`,`content` FROM `cmf_slide_item` WHERE  `slide_id` = 1 ORDER BY `list_order` ASC [ RunTime:0.000643s ]
[2026-06-17T10:59:33+08:00][sql] SHOW FULL COLUMNS FROM `cmf_slide` [ RunTime:0.001559s ]
[2026-06-17T10:59:33+08:00][sql] SELECT * FROM `cmf_slide` WHERE  `name` LIKE '%choose%' OR `name` LIKE '%选择%' LIMIT 1 [ RunTime:0.001457s ]
[2026-06-17T10:59:33+08:00][sql] SELECT `title`,`description`,`image`,`url`,`target`,`content` FROM `cmf_slide_item` WHERE  `slide_id` = 14  AND `status` = 1 ORDER BY `list_order` ASC [ RunTime:0.000481s ]
[2026-06-17T10:59:33+08:00][sql] SELECT * FROM `cmf_product_category` WHERE  `parent_id` = 0  AND `recommend` = 1 ORDER BY `list_order` ASC,`create_time` DESC [ RunTime:0.000561s ]
[2026-06-17T10:59:33+08:00][sql] SHOW FULL COLUMNS FROM `cmf_product` [ RunTime:0.001722s ]
[2026-06-17T10:59:33+08:00][sql] SELECT `id`,`title`,`thumbnail`,`industry` FROM `cmf_product` WHERE  `is_recommended` = 1  AND `category_id` = 28 ORDER BY `list_order` ASC LIMIT 6 [ RunTime:0.000897s ]
[2026-06-17T10:59:33+08:00][sql] SELECT `id`,`title`,`thumbnail`,`industry` FROM `cmf_product` WHERE  `is_recommended` = 1  AND `category_id` = 19 ORDER BY `list_order` ASC LIMIT 6 [ RunTime:0.000451s ]
[2026-06-17T10:59:33+08:00][sql] SELECT `id`,`title`,`thumbnail`,`industry` FROM `cmf_product` WHERE  `is_recommended` = 1  AND `category_id` = 23 ORDER BY `list_order` ASC LIMIT 6 [ RunTime:0.000346s ]
[2026-06-17T10:59:33+08:00][sql] SELECT `id`,`title`,`thumbnail`,`industry` FROM `cmf_product` WHERE  `is_recommended` = 1  AND `category_id` = 25 ORDER BY `list_order` ASC LIMIT 6 [ RunTime:0.000352s ]
[2026-06-17T10:59:33+08:00][sql] SELECT `id`,`title`,`thumbnail`,`industry` FROM `cmf_product` WHERE  `is_recommended` = 1  AND `category_id` = 30 ORDER BY `list_order` ASC LIMIT 6 [ RunTime:0.000326s ]
[2026-06-17T10:59:33+08:00][sql] SHOW FULL COLUMNS FROM `cmf_portal_post` [ RunTime:0.002451s ]
[2026-06-17T10:59:33+08:00][sql] SELECT `p`.`id`,`p`.`post_title`,`p`.`post_excerpt`,`p`.`thumbnail`,`p`.`create_time`,`c`.`category_id` FROM `cmf_portal_post` `p` INNER JOIN `cmf_portal_category_post` `c` ON `p`.`id`=`c`.`post_id` WHERE (  `p`.`post_type` = '8' ) AND `p`.`delete_time` = '0' ORDER BY `c`.`list_order` ASC,`p`.`create_time` DESC [ RunTime:0.002383s ]
[2026-06-17T10:59:33+08:00][sql] SELECT `id`,`post_title`,`post_excerpt`,`more` FROM `cmf_portal_post` WHERE (  `post_type` = 3 ) AND `cmf_portal_post`.`delete_time` = '0' ORDER BY `create_time` DESC [ RunTime:0.000544s ]
[2026-06-17T10:59:33+08:00][sql] SHOW FULL COLUMNS FROM `cmf_theme_file` [ RunTime:0.001766s ]
[2026-06-17T10:59:33+08:00][sql] SELECT `more`,`file`,`id` FROM `cmf_theme_file` WHERE  `theme` = 'simpleboot3'  AND (  `is_public` = 1 OR `file` = 'portal/index' ) ORDER BY `is_public` DESC [ RunTime:0.000821s ]
[2026-06-17T10:59:33+08:00][sql] SELECT `option_value` FROM `cmf_option` WHERE  `option_name` = 'storage' LIMIT 1 [ RunTime:0.001078s ]
[2026-06-17T10:59:43+08:00][sql] CONNECT:[ UseTime:0.001503s ] mysql:host=127.0.0.1;port=3306;dbname=newncl;charset=utf8mb4
[2026-06-17T10:59:43+08:00][sql] SHOW FULL COLUMNS FROM `cmf_option` [ RunTime:0.002368s ]
[2026-06-17T10:59:43+08:00][sql] SELECT `option_value` FROM `cmf_option` WHERE  `option_name` = 'cdn_settings' LIMIT 1 [ RunTime:0.001676s ]
[2026-06-17T10:59:43+08:00][sql] SELECT `option_value` FROM `cmf_option` WHERE  `option_name` = 'cdn_settings' LIMIT 1 [ RunTime:0.000906s ]
[2026-06-17T10:59:43+08:00][sql] SHOW FULL COLUMNS FROM `cmf_product_category` [ RunTime:0.002015s ]
[2026-06-17T10:59:43+08:00][sql] SELECT * FROM `cmf_product_category` WHERE  `parent_id` = 0 ORDER BY `list_order` ASC,`create_time` DESC [ RunTime:0.002985s ]
[2026-06-17T10:59:43+08:00][sql] SELECT * FROM `cmf_product_category` WHERE  `parent_id` IN (28,19,23,25,30,22,27) [ RunTime:0.000815s ]
[2026-06-17T10:59:43+08:00][sql] SHOW FULL COLUMNS FROM `cmf_portal_category` [ RunTime:0.002003s ]
[2026-06-17T10:59:43+08:00][sql] SELECT * FROM `cmf_portal_category` WHERE (  `type` = 8 ) AND `cmf_portal_category`.`delete_time` = '0' ORDER BY `list_order` ASC [ RunTime:0.000531s ]
[2026-06-17T10:59:43+08:00][sql] SHOW FULL COLUMNS FROM `cmf_slide_item` [ RunTime:0.001015s ]
[2026-06-17T10:59:43+08:00][sql] SELECT `title`,`description`,`image`,`url`,`target`,`content` FROM `cmf_slide_item` WHERE  `slide_id` = 1 ORDER BY `list_order` ASC [ RunTime:0.000637s ]
[2026-06-17T10:59:43+08:00][sql] SHOW FULL COLUMNS FROM `cmf_slide` [ RunTime:0.000979s ]
[2026-06-17T10:59:43+08:00][sql] SELECT * FROM `cmf_slide` WHERE  `name` LIKE '%choose%' OR `name` LIKE '%选择%' LIMIT 1 [ RunTime:0.000754s ]
[2026-06-17T10:59:43+08:00][sql] SELECT `title`,`description`,`image`,`url`,`target`,`content` FROM `cmf_slide_item` WHERE  `slide_id` = 14  AND `status` = 1 ORDER BY `list_order` ASC [ RunTime:0.000428s ]
[2026-06-17T10:59:43+08:00][sql] SELECT * FROM `cmf_product_category` WHERE  `parent_id` = 0  AND `recommend` = 1 ORDER BY `list_order` ASC,`create_time` DESC [ RunTime:0.000430s ]
[2026-06-17T10:59:43+08:00][sql] SHOW FULL COLUMNS FROM `cmf_product` [ RunTime:0.001416s ]
[2026-06-17T10:59:43+08:00][sql] SELECT `id`,`title`,`thumbnail`,`industry` FROM `cmf_product` WHERE  `is_recommended` = 1  AND `category_id` = 28 ORDER BY `list_order` ASC LIMIT 6 [ RunTime:0.001781s ]
[2026-06-17T10:59:43+08:00][sql] SELECT `id`,`title`,`thumbnail`,`industry` FROM `cmf_product` WHERE  `is_recommended` = 1  AND `category_id` = 19 ORDER BY `list_order` ASC LIMIT 6 [ RunTime:0.000352s ]
[2026-06-17T10:59:43+08:00][sql] SELECT `id`,`title`,`thumbnail`,`industry` FROM `cmf_product` WHERE  `is_recommended` = 1  AND `category_id` = 23 ORDER BY `list_order` ASC LIMIT 6 [ RunTime:0.000452s ]
[2026-06-17T10:59:43+08:00][sql] SELECT `id`,`title`,`thumbnail`,`industry` FROM `cmf_product` WHERE  `is_recommended` = 1  AND `category_id` = 25 ORDER BY `list_order` ASC LIMIT 6 [ RunTime:0.000434s ]
[2026-06-17T10:59:43+08:00][sql] SELECT `id`,`title`,`thumbnail`,`industry` FROM `cmf_product` WHERE  `is_recommended` = 1  AND `category_id` = 30 ORDER BY `list_order` ASC LIMIT 6 [ RunTime:0.000314s ]
[2026-06-17T10:59:43+08:00][sql] SHOW FULL COLUMNS FROM `cmf_portal_post` [ RunTime:0.001936s ]
[2026-06-17T10:59:43+08:00][sql] SELECT `p`.`id`,`p`.`post_title`,`p`.`post_excerpt`,`p`.`thumbnail`,`p`.`create_time`,`c`.`category_id` FROM `cmf_portal_post` `p` INNER JOIN `cmf_portal_category_post` `c` ON `p`.`id`=`c`.`post_id` WHERE (  `p`.`post_type` = '8' ) AND `p`.`delete_time` = '0' ORDER BY `c`.`list_order` ASC,`p`.`create_time` DESC [ RunTime:0.000982s ]
[2026-06-17T10:59:43+08:00][sql] SELECT `id`,`post_title`,`post_excerpt`,`more` FROM `cmf_portal_post` WHERE (  `post_type` = 3 ) AND `cmf_portal_post`.`delete_time` = '0' ORDER BY `create_time` DESC [ RunTime:0.000353s ]
[2026-06-17T10:59:43+08:00][sql] SHOW FULL COLUMNS FROM `cmf_theme_file` [ RunTime:0.001175s ]
[2026-06-17T10:59:43+08:00][sql] SELECT `more`,`file`,`id` FROM `cmf_theme_file` WHERE  `theme` = 'simpleboot3_mobile'  AND (  `is_public` = 1 OR `file` = 'portal/index' ) ORDER BY `is_public` DESC [ RunTime:0.000494s ]
[2026-06-17T10:59:43+08:00][sql] SELECT `option_value` FROM `cmf_option` WHERE  `option_name` = 'storage' LIMIT 1 [ RunTime:0.000755s ]
[2026-06-17T11:00:10+08:00][sql] CONNECT:[ UseTime:0.017043s ] mysql:host=127.0.0.1;port=3306;dbname=newncl;charset=utf8mb4
[2026-06-17T11:00:10+08:00][sql] SHOW FULL COLUMNS FROM `cmf_option` [ RunTime:0.001636s ]
[2026-06-17T11:00:10+08:00][sql] SELECT `option_value` FROM `cmf_option` WHERE  `option_name` = 'cdn_settings' LIMIT 1 [ RunTime:0.002712s ]
[2026-06-17T11:00:10+08:00][sql] SELECT `option_value` FROM `cmf_option` WHERE  `option_name` = 'cdn_settings' LIMIT 1 [ RunTime:0.000426s ]
[2026-06-17T11:00:10+08:00][sql] SHOW FULL COLUMNS FROM `cmf_product_category` [ RunTime:0.001285s ]
[2026-06-17T11:00:10+08:00][sql] SELECT * FROM `cmf_product_category` WHERE  `parent_id` = 0 ORDER BY `list_order` ASC,`create_time` DESC [ RunTime:0.002181s ]
[2026-06-17T11:00:10+08:00][sql] SELECT * FROM `cmf_product_category` WHERE  `parent_id` IN (28,19,23,25,30,22,27) [ RunTime:0.000403s ]
[2026-06-17T11:00:10+08:00][sql] SHOW FULL COLUMNS FROM `cmf_portal_category` [ RunTime:0.002799s ]
[2026-06-17T11:00:10+08:00][sql] SELECT * FROM `cmf_portal_category` WHERE (  `type` = 8 ) AND `cmf_portal_category`.`delete_time` = '0' ORDER BY `list_order` ASC [ RunTime:0.000735s ]
[2026-06-17T11:00:10+08:00][sql] SHOW FULL COLUMNS FROM `cmf_product` [ RunTime:0.001550s ]
[2026-06-17T11:00:10+08:00][sql] SELECT COUNT(*) AS think_count FROM `cmf_product` WHERE  `category_id` = 28 LIMIT 1 [ RunTime:0.000547s ]
[2026-06-17T11:00:10+08:00][sql] SELECT COUNT(*) AS think_count FROM `cmf_product` WHERE  `category_id` = 19 LIMIT 1 [ RunTime:0.000682s ]
[2026-06-17T11:00:10+08:00][sql] SELECT COUNT(*) AS think_count FROM `cmf_product` WHERE  `category_id` = 23 LIMIT 1 [ RunTime:0.000703s ]
[2026-06-17T11:00:10+08:00][sql] SELECT COUNT(*) AS think_count FROM `cmf_product` WHERE  `category_id` = 25 LIMIT 1 [ RunTime:0.000309s ]
[2026-06-17T11:00:10+08:00][sql] SELECT COUNT(*) AS think_count FROM `cmf_product` WHERE  `category_id` = 30 LIMIT 1 [ RunTime:0.000240s ]
[2026-06-17T11:00:10+08:00][sql] SELECT COUNT(*) AS think_count FROM `cmf_product` WHERE  `category_id` = 22 LIMIT 1 [ RunTime:0.000272s ]
[2026-06-17T11:00:10+08:00][sql] SELECT COUNT(*) AS think_count FROM `cmf_product` WHERE  `category_id` = 27 LIMIT 1 [ RunTime:0.000243s ]
[2026-06-17T11:00:10+08:00][sql] SELECT COUNT(*) AS think_count FROM `cmf_product` LIMIT 1 [ RunTime:0.000275s ]
[2026-06-17T11:00:10+08:00][sql] SELECT `id`,`category_id`,`title`,`thumbnail`,`industry`,`overview` FROM `cmf_product` ORDER BY `list_order` ASC,`create_time` DESC LIMIT 0,12 [ RunTime:0.000598s ]
[2026-06-17T11:00:10+08:00][sql] SHOW FULL COLUMNS FROM `cmf_slide_item` [ RunTime:0.001704s ]
[2026-06-17T11:00:10+08:00][sql] SELECT `title`,`description`,`image` FROM `cmf_slide_item` WHERE  `slide_id` = 7  AND `status` = 1 ORDER BY `list_order` ASC,`id` DESC LIMIT 1 [ RunTime:0.000879s ]
[2026-06-17T11:00:10+08:00][sql] SELECT `option_value` FROM `cmf_option` WHERE  `option_name` = 'storage' LIMIT 1 [ RunTime:0.000380s ]
[2026-06-17T11:00:10+08:00][sql] SHOW FULL COLUMNS FROM `cmf_portal_post` [ RunTime:0.001507s ]
[2026-06-17T11:00:10+08:00][sql] SELECT `id`,`post_title`,`post_excerpt`,`more` FROM `cmf_portal_post` WHERE (  `post_type` = 3 ) AND `cmf_portal_post`.`delete_time` = '0' ORDER BY `create_time` DESC [ RunTime:0.001079s ]
[2026-06-17T11:00:10+08:00][sql] SHOW FULL COLUMNS FROM `cmf_theme_file` [ RunTime:0.002999s ]
[2026-06-17T11:00:10+08:00][sql] SELECT `more`,`file`,`id` FROM `cmf_theme_file` WHERE  `theme` = 'simpleboot3_mobile'  AND (  `is_public` = 1 OR `file` = 'portal/product' ) ORDER BY `is_public` DESC [ RunTime:0.000532s ]
[2026-06-17T11:00:12+08:00][sql] CONNECT:[ UseTime:0.001385s ] mysql:host=127.0.0.1;port=3306;dbname=newncl;charset=utf8mb4
[2026-06-17T11:00:12+08:00][sql] SHOW FULL COLUMNS FROM `cmf_option` [ RunTime:0.001425s ]
[2026-06-17T11:00:12+08:00][sql] SELECT `option_value` FROM `cmf_option` WHERE  `option_name` = 'cdn_settings' LIMIT 1 [ RunTime:0.000401s ]
[2026-06-17T11:00:12+08:00][sql] SELECT `option_value` FROM `cmf_option` WHERE  `option_name` = 'cdn_settings' LIMIT 1 [ RunTime:0.000856s ]
[2026-06-17T11:00:12+08:00][sql] SHOW FULL COLUMNS FROM `cmf_product_category` [ RunTime:0.001181s ]
[2026-06-17T11:00:12+08:00][sql] SELECT * FROM `cmf_product_category` WHERE  `parent_id` = 0 ORDER BY `list_order` ASC,`create_time` DESC [ RunTime:0.000547s ]
[2026-06-17T11:00:12+08:00][sql] SELECT * FROM `cmf_product_category` WHERE  `parent_id` IN (28,19,23,25,30,22,27) [ RunTime:0.000434s ]
[2026-06-17T11:00:12+08:00][sql] SHOW FULL COLUMNS FROM `cmf_portal_category` [ RunTime:0.001559s ]
[2026-06-17T11:00:12+08:00][sql] SELECT * FROM `cmf_portal_category` WHERE (  `type` = 8 ) AND `cmf_portal_category`.`delete_time` = '0' ORDER BY `list_order` ASC [ RunTime:0.000412s ]
[2026-06-17T11:00:12+08:00][sql] SELECT * FROM `cmf_product_category` WHERE  `id` = 28 LIMIT 1 [ RunTime:0.000370s ]
[2026-06-17T11:00:12+08:00][sql] SHOW FULL COLUMNS FROM `cmf_product` [ RunTime:0.001258s ]
[2026-06-17T11:00:12+08:00][sql] SELECT COUNT(*) AS think_count FROM `cmf_product` WHERE  `category_id` = 28 LIMIT 1 [ RunTime:0.000623s ]
[2026-06-17T11:00:12+08:00][sql] SELECT COUNT(*) AS think_count FROM `cmf_product` WHERE  `category_id` = 19 LIMIT 1 [ RunTime:0.000349s ]
[2026-06-17T11:00:12+08:00][sql] SELECT COUNT(*) AS think_count FROM `cmf_product` WHERE  `category_id` = 23 LIMIT 1 [ RunTime:0.000320s ]
[2026-06-17T11:00:12+08:00][sql] SELECT COUNT(*) AS think_count FROM `cmf_product` WHERE  `category_id` = 25 LIMIT 1 [ RunTime:0.000274s ]
[2026-06-17T11:00:12+08:00][sql] SELECT COUNT(*) AS think_count FROM `cmf_product` WHERE  `category_id` = 30 LIMIT 1 [ RunTime:0.000262s ]
[2026-06-17T11:00:12+08:00][sql] SELECT COUNT(*) AS think_count FROM `cmf_product` WHERE  `category_id` = 22 LIMIT 1 [ RunTime:0.000625s ]
[2026-06-17T11:00:12+08:00][sql] SELECT COUNT(*) AS think_count FROM `cmf_product` WHERE  `category_id` = 27 LIMIT 1 [ RunTime:0.000686s ]
[2026-06-17T11:00:12+08:00][sql] SELECT COUNT(*) AS think_count FROM `cmf_product` WHERE  `category_id` = 28 LIMIT 1 [ RunTime:0.000231s ]
[2026-06-17T11:00:12+08:00][sql] SELECT `id`,`category_id`,`title`,`thumbnail`,`industry`,`overview` FROM `cmf_product` WHERE  `category_id` = 28 ORDER BY `list_order` ASC,`create_time` DESC LIMIT 0,12 [ RunTime:0.000487s ]
[2026-06-17T11:00:12+08:00][sql] SHOW FULL COLUMNS FROM `cmf_slide_item` [ RunTime:0.001290s ]
[2026-06-17T11:00:12+08:00][sql] SELECT `title`,`description`,`image` FROM `cmf_slide_item` WHERE  `slide_id` = 7  AND `status` = 1 ORDER BY `list_order` ASC,`id` DESC LIMIT 1 [ RunTime:0.000531s ]
[2026-06-17T11:00:12+08:00][sql] SELECT `option_value` FROM `cmf_option` WHERE  `option_name` = 'storage' LIMIT 1 [ RunTime:0.000248s ]
[2026-06-17T11:00:12+08:00][sql] SHOW FULL COLUMNS FROM `cmf_portal_post` [ RunTime:0.002137s ]
[2026-06-17T11:00:12+08:00][sql] SELECT `id`,`post_title`,`post_excerpt`,`more` FROM `cmf_portal_post` WHERE (  `post_type` = 3 ) AND `cmf_portal_post`.`delete_time` = '0' ORDER BY `create_time` DESC [ RunTime:0.001217s ]
[2026-06-17T11:00:12+08:00][sql] SHOW FULL COLUMNS FROM `cmf_theme_file` [ RunTime:0.001764s ]
[2026-06-17T11:00:12+08:00][sql] SELECT `more`,`file`,`id` FROM `cmf_theme_file` WHERE  `theme` = 'simpleboot3_mobile'  AND (  `is_public` = 1 OR `file` = 'portal/product' ) ORDER BY `is_public` DESC [ RunTime:0.000849s ]
[2026-06-17T11:00:49+08:00][sql] CONNECT:[ UseTime:0.000928s ] mysql:host=127.0.0.1;port=3306;dbname=newncl;charset=utf8mb4
[2026-06-17T11:00:49+08:00][sql] SHOW FULL COLUMNS FROM `cmf_option` [ RunTime:0.002910s ]
[2026-06-17T11:00:49+08:00][sql] SELECT `option_value` FROM `cmf_option` WHERE  `option_name` = 'cdn_settings' LIMIT 1 [ RunTime:0.000358s ]
[2026-06-17T11:00:49+08:00][sql] SELECT `option_value` FROM `cmf_option` WHERE  `option_name` = 'cdn_settings' LIMIT 1 [ RunTime:0.000434s ]
[2026-06-17T11:00:49+08:00][sql] SHOW FULL COLUMNS FROM `cmf_product_category` [ RunTime:0.001269s ]
[2026-06-17T11:00:49+08:00][sql] SELECT * FROM `cmf_product_category` WHERE  `parent_id` = 0 ORDER BY `list_order` ASC,`create_time` DESC [ RunTime:0.000361s ]
[2026-06-17T11:00:49+08:00][sql] SELECT * FROM `cmf_product_category` WHERE  `parent_id` IN (28,19,23,25,30,22,27) [ RunTime:0.000349s ]
[2026-06-17T11:00:49+08:00][sql] SHOW FULL COLUMNS FROM `cmf_portal_category` [ RunTime:0.001704s ]
[2026-06-17T11:00:49+08:00][sql] SELECT * FROM `cmf_portal_category` WHERE (  `type` = 8 ) AND `cmf_portal_category`.`delete_time` = '0' ORDER BY `list_order` ASC [ RunTime:0.000690s ]
[2026-06-17T11:00:49+08:00][sql] SHOW FULL COLUMNS FROM `cmf_message` [ RunTime:0.001320s ]
[2026-06-17T11:00:49+08:00][sql] INSERT INTO `cmf_message` SET `name` = '111' , `email` = '121@qq.com' , `phone` = '' , `content` = '12' , `type` = 2 , `ip` = '::1' , `create_time` = 1781665249 [ RunTime:0.002191s ]
[2026-06-17T11:00:55+08:00][sql] CONNECT:[ UseTime:0.000870s ] mysql:host=127.0.0.1;port=3306;dbname=newncl;charset=utf8mb4
[2026-06-17T11:00:55+08:00][sql] SHOW FULL COLUMNS FROM `cmf_option` [ RunTime:0.002557s ]
[2026-06-17T11:00:55+08:00][sql] SELECT `option_value` FROM `cmf_option` WHERE  `option_name` = 'cdn_settings' LIMIT 1 [ RunTime:0.000575s ]
[2026-06-17T11:00:55+08:00][sql] SELECT `option_value` FROM `cmf_option` WHERE  `option_name` = 'cdn_settings' LIMIT 1 [ RunTime:0.000463s ]
[2026-06-17T11:00:55+08:00][sql] SHOW FULL COLUMNS FROM `cmf_product_category` [ RunTime:0.001304s ]
[2026-06-17T11:00:55+08:00][sql] SELECT * FROM `cmf_product_category` WHERE  `parent_id` = 0 ORDER BY `list_order` ASC,`create_time` DESC [ RunTime:0.000365s ]
[2026-06-17T11:00:55+08:00][sql] SELECT * FROM `cmf_product_category` WHERE  `parent_id` IN (28,19,23,25,30,22,27) [ RunTime:0.000343s ]
[2026-06-17T11:00:55+08:00][sql] SHOW FULL COLUMNS FROM `cmf_portal_category` [ RunTime:0.001232s ]
[2026-06-17T11:00:55+08:00][sql] SELECT * FROM `cmf_portal_category` WHERE (  `type` = 8 ) AND `cmf_portal_category`.`delete_time` = '0' ORDER BY `list_order` ASC [ RunTime:0.000369s ]
[2026-06-17T11:00:55+08:00][sql] SHOW FULL COLUMNS FROM `cmf_slide_item` [ RunTime:0.002171s ]
[2026-06-17T11:00:55+08:00][sql] SELECT `title`,`description`,`image` FROM `cmf_slide_item` WHERE  `slide_id` = 5  AND `status` = 1 ORDER BY `list_order` ASC,`id` DESC LIMIT 1 [ RunTime:0.000547s ]
[2026-06-17T11:00:55+08:00][sql] SELECT `option_value` FROM `cmf_option` WHERE  `option_name` = 'quote_site' LIMIT 1 [ RunTime:0.000293s ]
[2026-06-17T11:00:55+08:00][sql] SHOW FULL COLUMNS FROM `cmf_theme_file` [ RunTime:0.001194s ]
[2026-06-17T11:00:55+08:00][sql] SELECT `more`,`file`,`id` FROM `cmf_theme_file` WHERE  `theme` = 'simpleboot3'  AND (  `is_public` = 1 OR `file` = 'portal/quote' ) ORDER BY `is_public` DESC [ RunTime:0.000348s ]
[2026-06-17T11:00:55+08:00][sql] SELECT `option_value` FROM `cmf_option` WHERE  `option_name` = 'storage' LIMIT 1 [ RunTime:0.000606s ]
[2026-06-17T11:01:00+08:00][sql] CONNECT:[ UseTime:0.001736s ] mysql:host=127.0.0.1;port=3306;dbname=newncl;charset=utf8mb4
[2026-06-17T11:01:00+08:00][sql] SHOW FULL COLUMNS FROM `cmf_option` [ RunTime:0.002307s ]
[2026-06-17T11:01:00+08:00][sql] SELECT `option_value` FROM `cmf_option` WHERE  `option_name` = 'cdn_settings' LIMIT 1 [ RunTime:0.000558s ]
[2026-06-17T11:01:00+08:00][sql] SELECT `option_value` FROM `cmf_option` WHERE  `option_name` = 'cdn_settings' LIMIT 1 [ RunTime:0.000601s ]
[2026-06-17T11:01:00+08:00][sql] SHOW FULL COLUMNS FROM `cmf_product_category` [ RunTime:0.002044s ]
[2026-06-17T11:01:00+08:00][sql] SELECT * FROM `cmf_product_category` WHERE  `parent_id` = 0 ORDER BY `list_order` ASC,`create_time` DESC [ RunTime:0.000680s ]
[2026-06-17T11:01:00+08:00][sql] SELECT * FROM `cmf_product_category` WHERE  `parent_id` IN (28,19,23,25,30,22,27) [ RunTime:0.000937s ]
[2026-06-17T11:01:00+08:00][sql] SHOW FULL COLUMNS FROM `cmf_portal_category` [ RunTime:0.001548s ]
[2026-06-17T11:01:00+08:00][sql] SELECT * FROM `cmf_portal_category` WHERE (  `type` = 8 ) AND `cmf_portal_category`.`delete_time` = '0' ORDER BY `list_order` ASC [ RunTime:0.000458s ]
[2026-06-17T11:01:00+08:00][sql] SHOW FULL COLUMNS FROM `cmf_slide_item` [ RunTime:0.001082s ]
[2026-06-17T11:01:00+08:00][sql] SELECT `title`,`description`,`image`,`url`,`target`,`content` FROM `cmf_slide_item` WHERE  `slide_id` = 1 ORDER BY `list_order` ASC [ RunTime:0.000353s ]
[2026-06-17T11:01:00+08:00][sql] SHOW FULL COLUMNS FROM `cmf_slide` [ RunTime:0.000998s ]
[2026-06-17T11:01:00+08:00][sql] SELECT * FROM `cmf_slide` WHERE  `name` LIKE '%choose%' OR `name` LIKE '%选择%' LIMIT 1 [ RunTime:0.001139s ]
[2026-06-17T11:01:00+08:00][sql] SELECT `title`,`description`,`image`,`url`,`target`,`content` FROM `cmf_slide_item` WHERE  `slide_id` = 14  AND `status` = 1 ORDER BY `list_order` ASC [ RunTime:0.000418s ]
[2026-06-17T11:01:00+08:00][sql] SELECT * FROM `cmf_product_category` WHERE  `parent_id` = 0  AND `recommend` = 1 ORDER BY `list_order` ASC,`create_time` DESC [ RunTime:0.000641s ]
[2026-06-17T11:01:00+08:00][sql] SHOW FULL COLUMNS FROM `cmf_product` [ RunTime:0.001851s ]
[2026-06-17T11:01:00+08:00][sql] SELECT `id`,`title`,`thumbnail`,`industry` FROM `cmf_product` WHERE  `is_recommended` = 1  AND `category_id` = 28 ORDER BY `list_order` ASC LIMIT 6 [ RunTime:0.000599s ]
[2026-06-17T11:01:00+08:00][sql] SELECT `id`,`title`,`thumbnail`,`industry` FROM `cmf_product` WHERE  `is_recommended` = 1  AND `category_id` = 19 ORDER BY `list_order` ASC LIMIT 6 [ RunTime:0.000451s ]
[2026-06-17T11:01:00+08:00][sql] SELECT `id`,`title`,`thumbnail`,`industry` FROM `cmf_product` WHERE  `is_recommended` = 1  AND `category_id` = 23 ORDER BY `list_order` ASC LIMIT 6 [ RunTime:0.000296s ]
[2026-06-17T11:01:00+08:00][sql] SELECT `id`,`title`,`thumbnail`,`industry` FROM `cmf_product` WHERE  `is_recommended` = 1  AND `category_id` = 25 ORDER BY `list_order` ASC LIMIT 6 [ RunTime:0.000348s ]
[2026-06-17T11:01:00+08:00][sql] SELECT `id`,`title`,`thumbnail`,`industry` FROM `cmf_product` WHERE  `is_recommended` = 1  AND `category_id` = 30 ORDER BY `list_order` ASC LIMIT 6 [ RunTime:0.000272s ]
[2026-06-17T11:01:00+08:00][sql] SHOW FULL COLUMNS FROM `cmf_portal_post` [ RunTime:0.001316s ]
[2026-06-17T11:01:00+08:00][sql] SELECT `p`.`id`,`p`.`post_title`,`p`.`post_excerpt`,`p`.`thumbnail`,`p`.`create_time`,`c`.`category_id` FROM `cmf_portal_post` `p` INNER JOIN `cmf_portal_category_post` `c` ON `p`.`id`=`c`.`post_id` WHERE (  `p`.`post_type` = '8' ) AND `p`.`delete_time` = '0' ORDER BY `c`.`list_order` ASC,`p`.`create_time` DESC [ RunTime:0.000807s ]
[2026-06-17T11:01:00+08:00][sql] SELECT `id`,`post_title`,`post_excerpt`,`more` FROM `cmf_portal_post` WHERE (  `post_type` = 3 ) AND `cmf_portal_post`.`delete_time` = '0' ORDER BY `create_time` DESC [ RunTime:0.000371s ]
[2026-06-17T11:01:00+08:00][sql] SHOW FULL COLUMNS FROM `cmf_theme_file` [ RunTime:0.001151s ]
[2026-06-17T11:01:00+08:00][sql] SELECT `more`,`file`,`id` FROM `cmf_theme_file` WHERE  `theme` = 'simpleboot3'  AND (  `is_public` = 1 OR `file` = 'portal/index' ) ORDER BY `is_public` DESC [ RunTime:0.000362s ]
[2026-06-17T11:01:00+08:00][sql] SELECT `option_value` FROM `cmf_option` WHERE  `option_name` = 'storage' LIMIT 1 [ RunTime:0.000716s ]
[2026-06-17T11:14:53+08:00][sql] CONNECT:[ UseTime:0.002253s ] mysql:host=127.0.0.1;port=3306;dbname=newncl;charset=utf8mb4
[2026-06-17T11:14:53+08:00][sql] SHOW FULL COLUMNS FROM `cmf_hook` [ RunTime:0.003769s ]
[2026-06-17T11:14:53+08:00][sql] SELECT `hook`,`id` FROM `cmf_hook` WHERE  (  (  `app` = '' OR `app` = 'cmf' )  AND `type` = 3 ) OR `type` = 1 [ RunTime:0.002326s ]
[2026-06-17T11:14:53+08:00][sql] SHOW FULL COLUMNS FROM `cmf_hook_plugin` [ RunTime:0.001027s ]
[2026-06-17T11:14:53+08:00][sql] SELECT `hook`,`plugin` FROM `cmf_hook_plugin` WHERE  `status` = 1  AND `hook` IN ('app_begin','module_init','action_begin','view_filter','app_end','log_write','response_end','admin_init','home_init','send_mobile_verification_code','body_start','before_head_end','footer_start','before_footer','before_footer_end','before_body_end','left_sidebar_start','before_left_sidebar_end','right_sidebar_start','before_right_sidebar_end','comment','guestbook','switch_theme','after_content','before_content','log_write_done','switch_admin_theme','captcha_image','user_login_start') ORDER BY `list_order` ASC [ RunTime:0.001306s ]
[2026-06-17T11:14:53+08:00][sql] SELECT `hook` FROM `cmf_hook` WHERE  `app` = 'portal' [ RunTime:0.000745s ]
[2026-06-17T11:14:53+08:00][sql] SELECT `hook`,`plugin` FROM `cmf_hook_plugin` WHERE  `status` = 1  AND `hook` IN ('portal_before_assign_article','portal_admin_after_save_article','portal_admin_article_index_view','portal_admin_article_add_view','portal_admin_article_edit_view','portal_admin_category_index_view','portal_admin_category_add_view','portal_admin_category_edit_view','portal_admin_page_index_view','portal_admin_page_add_view','portal_admin_page_edit_view','portal_admin_tag_index_view','portal_admin_article_edit_view_right_sidebar','portal_admin_article_edit_view_main') ORDER BY `list_order` ASC [ RunTime:0.001295s ]
[2026-06-17T11:14:53+08:00][sql] SHOW FULL COLUMNS FROM `cmf_plugin` [ RunTime:0.002232s ]
[2026-06-17T11:14:53+08:00][sql] SELECT `config` FROM `cmf_plugin` WHERE  `name` = 'SwitchTheme' LIMIT 1 [ RunTime:0.000746s ]
[2026-06-17T11:14:53+08:00][sql] SHOW FULL COLUMNS FROM `cmf_option` [ RunTime:0.002564s ]
[2026-06-17T11:14:53+08:00][sql] SELECT `option_value` FROM `cmf_option` WHERE  `option_name` = 'cdn_settings' LIMIT 1 [ RunTime:0.000710s ]
[2026-06-17T11:14:53+08:00][sql] SELECT `option_value` FROM `cmf_option` WHERE  `option_name` = 'cdn_settings' LIMIT 1 [ RunTime:0.000899s ]
[2026-06-17T11:14:53+08:00][sql] SHOW FULL COLUMNS FROM `cmf_product_category` [ RunTime:0.001454s ]
[2026-06-17T11:14:53+08:00][sql] SELECT * FROM `cmf_product_category` WHERE  `parent_id` = 0 ORDER BY `list_order` ASC,`create_time` DESC [ RunTime:0.000402s ]
[2026-06-17T11:14:53+08:00][sql] SELECT * FROM `cmf_product_category` WHERE  `parent_id` IN (28,19,23,25,30,22,27) [ RunTime:0.000581s ]
[2026-06-17T11:14:53+08:00][sql] SHOW FULL COLUMNS FROM `cmf_portal_category` [ RunTime:0.002091s ]
[2026-06-17T11:14:53+08:00][sql] SELECT * FROM `cmf_portal_category` WHERE (  `type` = 8 ) AND `cmf_portal_category`.`delete_time` = '0' ORDER BY `list_order` ASC [ RunTime:0.000905s ]
[2026-06-17T11:14:53+08:00][sql] SELECT `option_value` FROM `cmf_option` WHERE  `option_name` = 'site_info' LIMIT 1 [ RunTime:0.000378s ]
[2026-06-17T11:14:53+08:00][sql] SHOW FULL COLUMNS FROM `cmf_slide_item` [ RunTime:0.001647s ]
[2026-06-17T11:14:53+08:00][sql] SELECT `title`,`description`,`image` FROM `cmf_slide_item` WHERE  `slide_id` = 4  AND `status` = 1 ORDER BY `list_order` ASC,`id` DESC LIMIT 1 [ RunTime:0.000812s ]
[2026-06-17T11:14:53+08:00][sql] SELECT `option_value` FROM `cmf_option` WHERE  `option_name` = 'about_site' LIMIT 1 [ RunTime:0.000353s ]
[2026-06-17T11:14:53+08:00][sql] SHOW FULL COLUMNS FROM `cmf_theme_file` [ RunTime:0.003075s ]
[2026-06-17T11:14:53+08:00][sql] SELECT `more`,`file`,`id` FROM `cmf_theme_file` WHERE  `theme` = 'simpleboot3'  AND (  `is_public` = 1 OR `file` = 'portal/about' ) ORDER BY `is_public` DESC [ RunTime:0.000920s ]
[2026-06-17T11:14:53+08:00][sql] SHOW FULL COLUMNS FROM `cmf_route` [ RunTime:0.001619s ]
[2026-06-17T11:14:53+08:00][sql] SELECT * FROM `cmf_route` WHERE  `status` = 1 ORDER BY `list_order` ASC [ RunTime:0.002394s ]
[2026-06-17T11:14:53+08:00][sql] SELECT `option_value` FROM `cmf_option` WHERE  `option_name` = 'storage' LIMIT 1 [ RunTime:0.000967s ]
[2026-06-17T11:14:57+08:00][sql] CONNECT:[ UseTime:0.001234s ] mysql:host=127.0.0.1;port=3306;dbname=newncl;charset=utf8mb4
[2026-06-17T11:14:57+08:00][sql] SHOW FULL COLUMNS FROM `cmf_option` [ RunTime:0.002874s ]
[2026-06-17T11:14:57+08:00][sql] SELECT `option_value` FROM `cmf_option` WHERE  `option_name` = 'cdn_settings' LIMIT 1 [ RunTime:0.000320s ]
[2026-06-17T11:14:57+08:00][sql] SELECT `option_value` FROM `cmf_option` WHERE  `option_name` = 'cdn_settings' LIMIT 1 [ RunTime:0.000616s ]
[2026-06-17T11:14:57+08:00][sql] SHOW FULL COLUMNS FROM `cmf_product_category` [ RunTime:0.001692s ]
[2026-06-17T11:14:57+08:00][sql] SELECT * FROM `cmf_product_category` WHERE  `parent_id` = 0 ORDER BY `list_order` ASC,`create_time` DESC [ RunTime:0.000422s ]
[2026-06-17T11:14:57+08:00][sql] SELECT * FROM `cmf_product_category` WHERE  `parent_id` IN (28,19,23,25,30,22,27) [ RunTime:0.000432s ]
[2026-06-17T11:14:57+08:00][sql] SHOW FULL COLUMNS FROM `cmf_portal_category` [ RunTime:0.001635s ]
[2026-06-17T11:14:57+08:00][sql] SELECT * FROM `cmf_portal_category` WHERE (  `type` = 8 ) AND `cmf_portal_category`.`delete_time` = '0' ORDER BY `list_order` ASC [ RunTime:0.000468s ]
[2026-06-17T11:14:57+08:00][sql] SELECT `option_value` FROM `cmf_option` WHERE  `option_name` = 'product_category_hero_settings' LIMIT 1 [ RunTime:0.000806s ]
[2026-06-17T11:14:57+08:00][sql] SHOW FULL COLUMNS FROM `cmf_product` [ RunTime:0.002042s ]
[2026-06-17T11:14:57+08:00][sql] SELECT COUNT(*) AS think_count FROM `cmf_product` WHERE  `category_id` = 28 LIMIT 1 [ RunTime:0.000518s ]
[2026-06-17T11:14:57+08:00][sql] SELECT COUNT(*) AS think_count FROM `cmf_product` WHERE  `category_id` = 19 LIMIT 1 [ RunTime:0.000319s ]
[2026-06-17T11:14:57+08:00][sql] SELECT COUNT(*) AS think_count FROM `cmf_product` WHERE  `category_id` = 23 LIMIT 1 [ RunTime:0.000304s ]
[2026-06-17T11:14:57+08:00][sql] SELECT COUNT(*) AS think_count FROM `cmf_product` WHERE  `category_id` = 25 LIMIT 1 [ RunTime:0.000257s ]
[2026-06-17T11:14:57+08:00][sql] SELECT COUNT(*) AS think_count FROM `cmf_product` WHERE  `category_id` = 30 LIMIT 1 [ RunTime:0.000297s ]
[2026-06-17T11:14:57+08:00][sql] SELECT COUNT(*) AS think_count FROM `cmf_product` WHERE  `category_id` = 22 LIMIT 1 [ RunTime:0.000266s ]
[2026-06-17T11:14:57+08:00][sql] SELECT COUNT(*) AS think_count FROM `cmf_product` WHERE  `category_id` = 27 LIMIT 1 [ RunTime:0.000245s ]
[2026-06-17T11:14:57+08:00][sql] SELECT COUNT(*) AS think_count FROM `cmf_product` LIMIT 1 [ RunTime:0.000320s ]
[2026-06-17T11:14:57+08:00][sql] SELECT `id`,`category_id`,`title`,`thumbnail`,`industry`,`overview` FROM `cmf_product` ORDER BY `list_order` ASC,`create_time` DESC LIMIT 0,12 [ RunTime:0.001457s ]
[2026-06-17T11:14:57+08:00][sql] SHOW FULL COLUMNS FROM `cmf_slide_item` [ RunTime:0.001450s ]
[2026-06-17T11:14:57+08:00][sql] SELECT `title`,`description`,`image` FROM `cmf_slide_item` WHERE  `slide_id` = 2  AND `status` = 1 ORDER BY `list_order` ASC,`id` DESC LIMIT 1 [ RunTime:0.000506s ]
[2026-06-17T11:14:57+08:00][sql] SELECT `option_value` FROM `cmf_option` WHERE  `option_name` = 'storage' LIMIT 1 [ RunTime:0.000457s ]
[2026-06-17T11:14:57+08:00][sql] SELECT `option_value` FROM `cmf_option` WHERE  `option_name` = 'product_category_faq_settings' LIMIT 1 [ RunTime:0.000516s ]
[2026-06-17T11:14:57+08:00][sql] SHOW FULL COLUMNS FROM `cmf_portal_post` [ RunTime:0.002226s ]
[2026-06-17T11:14:57+08:00][sql] SELECT `id`,`post_title`,`post_excerpt`,`more` FROM `cmf_portal_post` WHERE (  `post_type` = 3 ) AND `cmf_portal_post`.`delete_time` = '0' ORDER BY `create_time` DESC [ RunTime:0.000499s ]
[2026-06-17T11:14:57+08:00][sql] SHOW FULL COLUMNS FROM `cmf_theme_file` [ RunTime:0.001754s ]
[2026-06-17T11:14:57+08:00][sql] SELECT `more`,`file`,`id` FROM `cmf_theme_file` WHERE  `theme` = 'simpleboot3'  AND (  `is_public` = 1 OR `file` = 'portal/product' ) ORDER BY `is_public` DESC [ RunTime:0.000580s ]
[2026-06-17T11:15:06+08:00][sql] CONNECT:[ UseTime:0.001192s ] mysql:host=127.0.0.1;port=3306;dbname=newncl;charset=utf8mb4
[2026-06-17T11:15:06+08:00][sql] SHOW FULL COLUMNS FROM `cmf_option` [ RunTime:0.002018s ]
[2026-06-17T11:15:06+08:00][sql] SELECT `option_value` FROM `cmf_option` WHERE  `option_name` = 'cdn_settings' LIMIT 1 [ RunTime:0.000439s ]
[2026-06-17T11:15:06+08:00][sql] SELECT `option_value` FROM `cmf_option` WHERE  `option_name` = 'cdn_settings' LIMIT 1 [ RunTime:0.000968s ]
[2026-06-17T11:15:06+08:00][sql] SHOW FULL COLUMNS FROM `cmf_product_category` [ RunTime:0.001606s ]
[2026-06-17T11:15:06+08:00][sql] SELECT * FROM `cmf_product_category` WHERE  `parent_id` = 0 ORDER BY `list_order` ASC,`create_time` DESC [ RunTime:0.000516s ]
[2026-06-17T11:15:06+08:00][sql] SELECT * FROM `cmf_product_category` WHERE  `parent_id` IN (28,19,23,25,30,22,27) [ RunTime:0.000536s ]
[2026-06-17T11:15:06+08:00][sql] SHOW FULL COLUMNS FROM `cmf_portal_category` [ RunTime:0.001649s ]
[2026-06-17T11:15:06+08:00][sql] SELECT * FROM `cmf_portal_category` WHERE (  `type` = 8 ) AND `cmf_portal_category`.`delete_time` = '0' ORDER BY `list_order` ASC [ RunTime:0.000457s ]
[2026-06-17T11:15:06+08:00][sql] SHOW FULL COLUMNS FROM `cmf_slide_item` [ RunTime:0.001519s ]
[2026-06-17T11:15:06+08:00][sql] SELECT `title`,`description`,`image` FROM `cmf_slide_item` WHERE  `slide_id` = 3  AND `status` = 1 ORDER BY `list_order` ASC,`id` DESC LIMIT 1 [ RunTime:0.000409s ]
[2026-06-17T11:15:06+08:00][sql] SHOW FULL COLUMNS FROM `cmf_portal_post` [ RunTime:0.002298s ]
[2026-06-17T11:15:06+08:00][sql] SELECT COUNT(*) AS think_count FROM `cmf_portal_post` WHERE (  `post_type` = 3 ) AND `cmf_portal_post`.`delete_time` = '0' LIMIT 1 [ RunTime:0.001081s ]
[2026-06-17T11:15:06+08:00][sql] SELECT `id`,`more`,`post_title`,`post_excerpt` FROM `cmf_portal_post` WHERE (  `post_type` = 3 ) AND `cmf_portal_post`.`delete_time` = '0' ORDER BY `create_time` DESC LIMIT 0,6 [ RunTime:0.000497s ]
[2026-06-17T11:15:06+08:00][sql] SHOW FULL COLUMNS FROM `cmf_theme_file` [ RunTime:0.001327s ]
[2026-06-17T11:15:06+08:00][sql] SELECT `more`,`file`,`id` FROM `cmf_theme_file` WHERE  `theme` = 'simpleboot3'  AND (  `is_public` = 1 OR `file` = 'portal/industries' ) ORDER BY `is_public` DESC [ RunTime:0.000409s ]
[2026-06-17T11:15:06+08:00][sql] SELECT `option_value` FROM `cmf_option` WHERE  `option_name` = 'storage' LIMIT 1 [ RunTime:0.000450s ]
[2026-06-17T11:15:10+08:00][sql] CONNECT:[ UseTime:0.000822s ] mysql:host=127.0.0.1;port=3306;dbname=newncl;charset=utf8mb4
[2026-06-17T11:15:10+08:00][sql] SHOW FULL COLUMNS FROM `cmf_option` [ RunTime:0.001267s ]
[2026-06-17T11:15:10+08:00][sql] SELECT `option_value` FROM `cmf_option` WHERE  `option_name` = 'cdn_settings' LIMIT 1 [ RunTime:0.000477s ]
[2026-06-17T11:15:10+08:00][sql] SELECT `option_value` FROM `cmf_option` WHERE  `option_name` = 'cdn_settings' LIMIT 1 [ RunTime:0.000838s ]
[2026-06-17T11:15:10+08:00][sql] SHOW FULL COLUMNS FROM `cmf_product_category` [ RunTime:0.001271s ]
[2026-06-17T11:15:10+08:00][sql] SELECT * FROM `cmf_product_category` WHERE  `parent_id` = 0 ORDER BY `list_order` ASC,`create_time` DESC [ RunTime:0.000382s ]
[2026-06-17T11:15:10+08:00][sql] SELECT * FROM `cmf_product_category` WHERE  `parent_id` IN (28,19,23,25,30,22,27) [ RunTime:0.000300s ]
[2026-06-17T11:15:10+08:00][sql] SHOW FULL COLUMNS FROM `cmf_portal_category` [ RunTime:0.001264s ]
[2026-06-17T11:15:10+08:00][sql] SELECT * FROM `cmf_portal_category` WHERE (  `type` = 8 ) AND `cmf_portal_category`.`delete_time` = '0' ORDER BY `list_order` ASC [ RunTime:0.000322s ]
[2026-06-17T11:15:10+08:00][sql] SHOW FULL COLUMNS FROM `cmf_slide_item` [ RunTime:0.001049s ]
[2026-06-17T11:15:10+08:00][sql] SELECT `title`,`description`,`image` FROM `cmf_slide_item` WHERE  `slide_id` = 5  AND `status` = 1 ORDER BY `list_order` ASC,`id` DESC LIMIT 1 [ RunTime:0.000335s ]
[2026-06-17T11:15:10+08:00][sql] SELECT `option_value` FROM `cmf_option` WHERE  `option_name` = 'quote_site' LIMIT 1 [ RunTime:0.000315s ]
[2026-06-17T11:15:10+08:00][sql] SHOW FULL COLUMNS FROM `cmf_theme_file` [ RunTime:0.001679s ]
[2026-06-17T11:15:10+08:00][sql] SELECT `more`,`file`,`id` FROM `cmf_theme_file` WHERE  `theme` = 'simpleboot3'  AND (  `is_public` = 1 OR `file` = 'portal/quote' ) ORDER BY `is_public` DESC [ RunTime:0.000420s ]
[2026-06-17T11:15:10+08:00][sql] SELECT `option_value` FROM `cmf_option` WHERE  `option_name` = 'storage' LIMIT 1 [ RunTime:0.000718s ]
[2026-06-17T11:15:13+08:00][sql] CONNECT:[ UseTime:0.000791s ] mysql:host=127.0.0.1;port=3306;dbname=newncl;charset=utf8mb4
[2026-06-17T11:15:13+08:00][sql] SHOW FULL COLUMNS FROM `cmf_option` [ RunTime:0.001789s ]
[2026-06-17T11:15:13+08:00][sql] SELECT `option_value` FROM `cmf_option` WHERE  `option_name` = 'cdn_settings' LIMIT 1 [ RunTime:0.000421s ]
[2026-06-17T11:15:13+08:00][sql] SELECT `option_value` FROM `cmf_option` WHERE  `option_name` = 'cdn_settings' LIMIT 1 [ RunTime:0.000887s ]
[2026-06-17T11:15:13+08:00][sql] SHOW FULL COLUMNS FROM `cmf_product_category` [ RunTime:0.002080s ]
[2026-06-17T11:15:13+08:00][sql] SELECT * FROM `cmf_product_category` WHERE  `parent_id` = 0 ORDER BY `list_order` ASC,`create_time` DESC [ RunTime:0.000370s ]
[2026-06-17T11:15:13+08:00][sql] SELECT * FROM `cmf_product_category` WHERE  `parent_id` IN (28,19,23,25,30,22,27) [ RunTime:0.000311s ]
[2026-06-17T11:15:13+08:00][sql] SHOW FULL COLUMNS FROM `cmf_portal_category` [ RunTime:0.001186s ]
[2026-06-17T11:15:13+08:00][sql] SELECT * FROM `cmf_portal_category` WHERE (  `type` = 8 ) AND `cmf_portal_category`.`delete_time` = '0' ORDER BY `list_order` ASC [ RunTime:0.000336s ]
[2026-06-17T11:15:13+08:00][sql] SHOW FULL COLUMNS FROM `cmf_product` [ RunTime:0.001424s ]
[2026-06-17T11:15:13+08:00][sql] SELECT COUNT(*) AS think_count FROM `cmf_product` WHERE  `category_id` = 28 LIMIT 1 [ RunTime:0.000358s ]
[2026-06-17T11:15:13+08:00][sql] SELECT COUNT(*) AS think_count FROM `cmf_product` WHERE  `category_id` = 19 LIMIT 1 [ RunTime:0.000628s ]
[2026-06-17T11:15:13+08:00][sql] SELECT COUNT(*) AS think_count FROM `cmf_product` WHERE  `category_id` = 23 LIMIT 1 [ RunTime:0.000286s ]
[2026-06-17T11:15:13+08:00][sql] SELECT COUNT(*) AS think_count FROM `cmf_product` WHERE  `category_id` = 25 LIMIT 1 [ RunTime:0.000272s ]
[2026-06-17T11:15:13+08:00][sql] SELECT COUNT(*) AS think_count FROM `cmf_product` WHERE  `category_id` = 30 LIMIT 1 [ RunTime:0.000410s ]
[2026-06-17T11:15:13+08:00][sql] SELECT COUNT(*) AS think_count FROM `cmf_product` WHERE  `category_id` = 22 LIMIT 1 [ RunTime:0.000540s ]
[2026-06-17T11:15:13+08:00][sql] SELECT COUNT(*) AS think_count FROM `cmf_product` WHERE  `category_id` = 27 LIMIT 1 [ RunTime:0.000353s ]
[2026-06-17T11:15:13+08:00][sql] SELECT COUNT(*) AS think_count FROM `cmf_product` LIMIT 1 [ RunTime:0.000302s ]
[2026-06-17T11:15:13+08:00][sql] SELECT `id`,`category_id`,`title`,`thumbnail`,`industry`,`overview` FROM `cmf_product` ORDER BY `list_order` ASC,`create_time` DESC LIMIT 0,12 [ RunTime:0.000779s ]
[2026-06-17T11:15:13+08:00][sql] SHOW FULL COLUMNS FROM `cmf_slide_item` [ RunTime:0.001398s ]
[2026-06-17T11:15:13+08:00][sql] SELECT `title`,`description`,`image` FROM `cmf_slide_item` WHERE  `slide_id` = 2  AND `status` = 1 ORDER BY `list_order` ASC,`id` DESC LIMIT 1 [ RunTime:0.000542s ]
[2026-06-17T11:15:13+08:00][sql] SELECT `option_value` FROM `cmf_option` WHERE  `option_name` = 'storage' LIMIT 1 [ RunTime:0.000291s ]
[2026-06-17T11:15:13+08:00][sql] SHOW FULL COLUMNS FROM `cmf_portal_post` [ RunTime:0.001702s ]
[2026-06-17T11:15:13+08:00][sql] SELECT `id`,`post_title`,`post_excerpt`,`more` FROM `cmf_portal_post` WHERE (  `post_type` = 3 ) AND `cmf_portal_post`.`delete_time` = '0' ORDER BY `create_time` DESC [ RunTime:0.000477s ]
[2026-06-17T11:15:13+08:00][sql] SHOW FULL COLUMNS FROM `cmf_theme_file` [ RunTime:0.001255s ]
[2026-06-17T11:15:13+08:00][sql] SELECT `more`,`file`,`id` FROM `cmf_theme_file` WHERE  `theme` = 'simpleboot3'  AND (  `is_public` = 1 OR `file` = 'portal/product' ) ORDER BY `is_public` DESC [ RunTime:0.000410s ]
[2026-06-17T11:15:19+08:00][sql] CONNECT:[ UseTime:0.000823s ] mysql:host=127.0.0.1;port=3306;dbname=newncl;charset=utf8mb4
[2026-06-17T11:15:19+08:00][sql] SHOW FULL COLUMNS FROM `cmf_option` [ RunTime:0.001365s ]
[2026-06-17T11:15:19+08:00][sql] SELECT `option_value` FROM `cmf_option` WHERE  `option_name` = 'cdn_settings' LIMIT 1 [ RunTime:0.000278s ]
[2026-06-17T11:15:19+08:00][sql] SELECT `option_value` FROM `cmf_option` WHERE  `option_name` = 'cdn_settings' LIMIT 1 [ RunTime:0.000316s ]
[2026-06-17T11:15:19+08:00][sql] SHOW FULL COLUMNS FROM `cmf_product_category` [ RunTime:0.001177s ]
[2026-06-17T11:15:19+08:00][sql] SELECT * FROM `cmf_product_category` WHERE  `parent_id` = 0 ORDER BY `list_order` ASC,`create_time` DESC [ RunTime:0.000313s ]
[2026-06-17T11:15:19+08:00][sql] SELECT * FROM `cmf_product_category` WHERE  `parent_id` IN (28,19,23,25,30,22,27) [ RunTime:0.000313s ]
[2026-06-17T11:15:19+08:00][sql] SHOW FULL COLUMNS FROM `cmf_portal_category` [ RunTime:0.001933s ]
[2026-06-17T11:15:19+08:00][sql] SELECT * FROM `cmf_portal_category` WHERE (  `type` = 8 ) AND `cmf_portal_category`.`delete_time` = '0' ORDER BY `list_order` ASC [ RunTime:0.000372s ]
[2026-06-17T11:15:19+08:00][sql] SHOW FULL COLUMNS FROM `cmf_slide_item` [ RunTime:0.001107s ]
[2026-06-17T11:15:19+08:00][sql] SELECT `title`,`description`,`image`,`url`,`target`,`content` FROM `cmf_slide_item` WHERE  `slide_id` = 1 ORDER BY `list_order` ASC [ RunTime:0.000310s ]
[2026-06-17T11:15:19+08:00][sql] SHOW FULL COLUMNS FROM `cmf_slide` [ RunTime:0.000901s ]
[2026-06-17T11:15:19+08:00][sql] SELECT * FROM `cmf_slide` WHERE  `name` LIKE '%choose%' OR `name` LIKE '%选择%' LIMIT 1 [ RunTime:0.001169s ]
[2026-06-17T11:15:19+08:00][sql] SELECT `title`,`description`,`image`,`url`,`target`,`content` FROM `cmf_slide_item` WHERE  `slide_id` = 14  AND `status` = 1 ORDER BY `list_order` ASC [ RunTime:0.000352s ]
[2026-06-17T11:15:19+08:00][sql] SELECT * FROM `cmf_product_category` WHERE  `parent_id` = 0  AND `recommend` = 1 ORDER BY `list_order` ASC,`create_time` DESC [ RunTime:0.000349s ]
[2026-06-17T11:15:19+08:00][sql] SHOW FULL COLUMNS FROM `cmf_product` [ RunTime:0.001216s ]
[2026-06-17T11:15:19+08:00][sql] SELECT `id`,`title`,`thumbnail`,`industry` FROM `cmf_product` WHERE  `is_recommended` = 1  AND `category_id` = 28 ORDER BY `list_order` ASC LIMIT 6 [ RunTime:0.000528s ]
[2026-06-17T11:15:19+08:00][sql] SELECT `id`,`title`,`thumbnail`,`industry` FROM `cmf_product` WHERE  `is_recommended` = 1  AND `category_id` = 19 ORDER BY `list_order` ASC LIMIT 6 [ RunTime:0.000363s ]
[2026-06-17T11:15:19+08:00][sql] SELECT `id`,`title`,`thumbnail`,`industry` FROM `cmf_product` WHERE  `is_recommended` = 1  AND `category_id` = 23 ORDER BY `list_order` ASC LIMIT 6 [ RunTime:0.000329s ]
[2026-06-17T11:15:19+08:00][sql] SELECT `id`,`title`,`thumbnail`,`industry` FROM `cmf_product` WHERE  `is_recommended` = 1  AND `category_id` = 25 ORDER BY `list_order` ASC LIMIT 6 [ RunTime:0.000335s ]
[2026-06-17T11:15:19+08:00][sql] SELECT `id`,`title`,`thumbnail`,`industry` FROM `cmf_product` WHERE  `is_recommended` = 1  AND `category_id` = 30 ORDER BY `list_order` ASC LIMIT 6 [ RunTime:0.000273s ]
[2026-06-17T11:15:19+08:00][sql] SELECT `option_value` FROM `cmf_option` WHERE  `option_name` = 'index_setting' LIMIT 1 [ RunTime:0.000259s ]
[2026-06-17T11:15:19+08:00][sql] SHOW FULL COLUMNS FROM `cmf_portal_post` [ RunTime:0.001938s ]
[2026-06-17T11:15:19+08:00][sql] SELECT `p`.`id`,`p`.`post_title`,`p`.`post_excerpt`,`p`.`thumbnail`,`p`.`create_time`,`c`.`category_id` FROM `cmf_portal_post` `p` INNER JOIN `cmf_portal_category_post` `c` ON `p`.`id`=`c`.`post_id` WHERE (  `p`.`post_type` = '8' ) AND `p`.`delete_time` = '0' ORDER BY `c`.`list_order` ASC,`p`.`create_time` DESC [ RunTime:0.001302s ]
[2026-06-17T11:15:19+08:00][sql] SELECT `id`,`post_title`,`post_excerpt`,`more` FROM `cmf_portal_post` WHERE (  `post_type` = 3 ) AND `cmf_portal_post`.`delete_time` = '0' ORDER BY `create_time` DESC [ RunTime:0.000410s ]
[2026-06-17T11:15:19+08:00][sql] SHOW FULL COLUMNS FROM `cmf_theme_file` [ RunTime:0.001013s ]
[2026-06-17T11:15:19+08:00][sql] SELECT `more`,`file`,`id` FROM `cmf_theme_file` WHERE  `theme` = 'simpleboot3'  AND (  `is_public` = 1 OR `file` = 'portal/index' ) ORDER BY `is_public` DESC [ RunTime:0.000336s ]
[2026-06-17T11:15:19+08:00][sql] SELECT `option_value` FROM `cmf_option` WHERE  `option_name` = 'storage' LIMIT 1 [ RunTime:0.000477s ]
[2026-06-17T11:15:26+08:00][sql] CONNECT:[ UseTime:0.000933s ] mysql:host=127.0.0.1;port=3306;dbname=newncl;charset=utf8mb4
[2026-06-17T11:15:26+08:00][sql] SHOW FULL COLUMNS FROM `cmf_option` [ RunTime:0.001446s ]
[2026-06-17T11:15:26+08:00][sql] SELECT `option_value` FROM `cmf_option` WHERE  `option_name` = 'cdn_settings' LIMIT 1 [ RunTime:0.000258s ]
[2026-06-17T11:15:26+08:00][sql] SELECT `option_value` FROM `cmf_option` WHERE  `option_name` = 'cdn_settings' LIMIT 1 [ RunTime:0.000523s ]
[2026-06-17T11:15:26+08:00][sql] SHOW FULL COLUMNS FROM `cmf_product_category` [ RunTime:0.002508s ]
[2026-06-17T11:15:26+08:00][sql] SELECT * FROM `cmf_product_category` WHERE  `parent_id` = 0 ORDER BY `list_order` ASC,`create_time` DESC [ RunTime:0.000427s ]
[2026-06-17T11:15:26+08:00][sql] SELECT * FROM `cmf_product_category` WHERE  `parent_id` IN (28,19,23,25,30,22,27) [ RunTime:0.000325s ]
[2026-06-17T11:15:26+08:00][sql] SHOW FULL COLUMNS FROM `cmf_portal_category` [ RunTime:0.001303s ]
[2026-06-17T11:15:26+08:00][sql] SELECT * FROM `cmf_portal_category` WHERE (  `type` = 8 ) AND `cmf_portal_category`.`delete_time` = '0' ORDER BY `list_order` ASC [ RunTime:0.000339s ]
[2026-06-17T11:15:26+08:00][sql] SHOW FULL COLUMNS FROM `cmf_slide_item` [ RunTime:0.001832s ]
[2026-06-17T11:15:26+08:00][sql] SELECT `title`,`description`,`image`,`url`,`target`,`content` FROM `cmf_slide_item` WHERE  `slide_id` = 1 ORDER BY `list_order` ASC [ RunTime:0.000455s ]
[2026-06-17T11:15:26+08:00][sql] SHOW FULL COLUMNS FROM `cmf_slide` [ RunTime:0.001694s ]
[2026-06-17T11:15:26+08:00][sql] SELECT * FROM `cmf_slide` WHERE  `name` LIKE '%choose%' OR `name` LIKE '%选择%' LIMIT 1 [ RunTime:0.001232s ]
[2026-06-17T11:15:26+08:00][sql] SELECT `title`,`description`,`image`,`url`,`target`,`content` FROM `cmf_slide_item` WHERE  `slide_id` = 14  AND `status` = 1 ORDER BY `list_order` ASC [ RunTime:0.000488s ]
[2026-06-17T11:15:26+08:00][sql] SELECT * FROM `cmf_product_category` WHERE  `parent_id` = 0  AND `recommend` = 1 ORDER BY `list_order` ASC,`create_time` DESC [ RunTime:0.000409s ]
[2026-06-17T11:15:26+08:00][sql] SHOW FULL COLUMNS FROM `cmf_product` [ RunTime:0.001777s ]
[2026-06-17T11:15:26+08:00][sql] SELECT `id`,`title`,`thumbnail`,`industry` FROM `cmf_product` WHERE  `is_recommended` = 1  AND `category_id` = 28 ORDER BY `list_order` ASC LIMIT 6 [ RunTime:0.000610s ]
[2026-06-17T11:15:26+08:00][sql] SELECT `id`,`title`,`thumbnail`,`industry` FROM `cmf_product` WHERE  `is_recommended` = 1  AND `category_id` = 19 ORDER BY `list_order` ASC LIMIT 6 [ RunTime:0.000457s ]
[2026-06-17T11:15:26+08:00][sql] SELECT `id`,`title`,`thumbnail`,`industry` FROM `cmf_product` WHERE  `is_recommended` = 1  AND `category_id` = 23 ORDER BY `list_order` ASC LIMIT 6 [ RunTime:0.000357s ]
[2026-06-17T11:15:26+08:00][sql] SELECT `id`,`title`,`thumbnail`,`industry` FROM `cmf_product` WHERE  `is_recommended` = 1  AND `category_id` = 25 ORDER BY `list_order` ASC LIMIT 6 [ RunTime:0.000368s ]
[2026-06-17T11:15:26+08:00][sql] SELECT `id`,`title`,`thumbnail`,`industry` FROM `cmf_product` WHERE  `is_recommended` = 1  AND `category_id` = 30 ORDER BY `list_order` ASC LIMIT 6 [ RunTime:0.000357s ]
[2026-06-17T11:15:26+08:00][sql] SHOW FULL COLUMNS FROM `cmf_portal_post` [ RunTime:0.001590s ]
[2026-06-17T11:15:26+08:00][sql] SELECT `p`.`id`,`p`.`post_title`,`p`.`post_excerpt`,`p`.`thumbnail`,`p`.`create_time`,`c`.`category_id` FROM `cmf_portal_post` `p` INNER JOIN `cmf_portal_category_post` `c` ON `p`.`id`=`c`.`post_id` WHERE (  `p`.`post_type` = '8' ) AND `p`.`delete_time` = '0' ORDER BY `c`.`list_order` ASC,`p`.`create_time` DESC [ RunTime:0.003546s ]
[2026-06-17T11:15:26+08:00][sql] SELECT `id`,`post_title`,`post_excerpt`,`more` FROM `cmf_portal_post` WHERE (  `post_type` = 3 ) AND `cmf_portal_post`.`delete_time` = '0' ORDER BY `create_time` DESC [ RunTime:0.000673s ]
[2026-06-17T11:15:26+08:00][sql] SHOW FULL COLUMNS FROM `cmf_theme_file` [ RunTime:0.001931s ]
[2026-06-17T11:15:26+08:00][sql] SELECT `more`,`file`,`id` FROM `cmf_theme_file` WHERE  `theme` = 'simpleboot3'  AND (  `is_public` = 1 OR `file` = 'portal/index' ) ORDER BY `is_public` DESC [ RunTime:0.000386s ]
[2026-06-17T11:15:26+08:00][sql] SELECT `option_value` FROM `cmf_option` WHERE  `option_name` = 'storage' LIMIT 1 [ RunTime:0.000546s ]
[2026-06-17T11:15:38+08:00][sql] CONNECT:[ UseTime:0.001758s ] mysql:host=127.0.0.1;port=3306;dbname=newncl;charset=utf8mb4
[2026-06-17T11:15:38+08:00][sql] SHOW FULL COLUMNS FROM `cmf_option` [ RunTime:0.001597s ]
[2026-06-17T11:15:38+08:00][sql] SELECT `option_value` FROM `cmf_option` WHERE  `option_name` = 'cdn_settings' LIMIT 1 [ RunTime:0.000333s ]
[2026-06-17T11:15:38+08:00][sql] SELECT `option_value` FROM `cmf_option` WHERE  `option_name` = 'cdn_settings' LIMIT 1 [ RunTime:0.000421s ]
[2026-06-17T11:15:38+08:00][sql] SHOW FULL COLUMNS FROM `cmf_product_category` [ RunTime:0.001412s ]
[2026-06-17T11:15:38+08:00][sql] SELECT * FROM `cmf_product_category` WHERE  `parent_id` = 0 ORDER BY `list_order` ASC,`create_time` DESC [ RunTime:0.000512s ]
[2026-06-17T11:15:38+08:00][sql] SELECT * FROM `cmf_product_category` WHERE  `parent_id` IN (28,19,23,25,30,22,27) [ RunTime:0.000369s ]
[2026-06-17T11:15:38+08:00][sql] SHOW FULL COLUMNS FROM `cmf_portal_category` [ RunTime:0.002051s ]
[2026-06-17T11:15:38+08:00][sql] SELECT * FROM `cmf_portal_category` WHERE (  `type` = 8 ) AND `cmf_portal_category`.`delete_time` = '0' ORDER BY `list_order` ASC [ RunTime:0.000452s ]
[2026-06-17T11:15:38+08:00][sql] SHOW FULL COLUMNS FROM `cmf_slide_item` [ RunTime:0.001482s ]
[2026-06-17T11:15:38+08:00][sql] SELECT `title`,`description`,`image`,`url`,`target`,`content` FROM `cmf_slide_item` WHERE  `slide_id` = 1 ORDER BY `list_order` ASC [ RunTime:0.000408s ]
[2026-06-17T11:15:38+08:00][sql] SHOW FULL COLUMNS FROM `cmf_slide` [ RunTime:0.001902s ]
[2026-06-17T11:15:38+08:00][sql] SELECT * FROM `cmf_slide` WHERE  `name` LIKE '%choose%' OR `name` LIKE '%选择%' LIMIT 1 [ RunTime:0.000764s ]
[2026-06-17T11:15:38+08:00][sql] SELECT `title`,`description`,`image`,`url`,`target`,`content` FROM `cmf_slide_item` WHERE  `slide_id` = 14  AND `status` = 1 ORDER BY `list_order` ASC [ RunTime:0.000671s ]
[2026-06-17T11:15:38+08:00][sql] SELECT * FROM `cmf_product_category` WHERE  `parent_id` = 0  AND `recommend` = 1 ORDER BY `list_order` ASC,`create_time` DESC [ RunTime:0.000493s ]
[2026-06-17T11:15:38+08:00][sql] SHOW FULL COLUMNS FROM `cmf_product` [ RunTime:0.001709s ]
[2026-06-17T11:15:38+08:00][sql] SELECT `id`,`title`,`thumbnail`,`industry` FROM `cmf_product` WHERE  `is_recommended` = 1  AND `category_id` = 28 ORDER BY `list_order` ASC LIMIT 6 [ RunTime:0.000507s ]
[2026-06-17T11:15:38+08:00][sql] SELECT `id`,`title`,`thumbnail`,`industry` FROM `cmf_product` WHERE  `is_recommended` = 1  AND `category_id` = 19 ORDER BY `list_order` ASC LIMIT 6 [ RunTime:0.000413s ]
[2026-06-17T11:15:38+08:00][sql] SELECT `id`,`title`,`thumbnail`,`industry` FROM `cmf_product` WHERE  `is_recommended` = 1  AND `category_id` = 23 ORDER BY `list_order` ASC LIMIT 6 [ RunTime:0.000285s ]
[2026-06-17T11:15:38+08:00][sql] SELECT `id`,`title`,`thumbnail`,`industry` FROM `cmf_product` WHERE  `is_recommended` = 1  AND `category_id` = 25 ORDER BY `list_order` ASC LIMIT 6 [ RunTime:0.000291s ]
[2026-06-17T11:15:38+08:00][sql] SELECT `id`,`title`,`thumbnail`,`industry` FROM `cmf_product` WHERE  `is_recommended` = 1  AND `category_id` = 30 ORDER BY `list_order` ASC LIMIT 6 [ RunTime:0.000234s ]
[2026-06-17T11:15:38+08:00][sql] SHOW FULL COLUMNS FROM `cmf_portal_post` [ RunTime:0.001325s ]
[2026-06-17T11:15:38+08:00][sql] SELECT `p`.`id`,`p`.`post_title`,`p`.`post_excerpt`,`p`.`thumbnail`,`p`.`create_time`,`c`.`category_id` FROM `cmf_portal_post` `p` INNER JOIN `cmf_portal_category_post` `c` ON `p`.`id`=`c`.`post_id` WHERE (  `p`.`post_type` = '8' ) AND `p`.`delete_time` = '0' ORDER BY `c`.`list_order` ASC,`p`.`create_time` DESC [ RunTime:0.000491s ]
[2026-06-17T11:15:38+08:00][sql] SELECT `id`,`post_title`,`post_excerpt`,`more` FROM `cmf_portal_post` WHERE (  `post_type` = 3 ) AND `cmf_portal_post`.`delete_time` = '0' ORDER BY `create_time` DESC [ RunTime:0.000370s ]
[2026-06-17T11:15:38+08:00][sql] SHOW FULL COLUMNS FROM `cmf_theme_file` [ RunTime:0.001077s ]
[2026-06-17T11:15:38+08:00][sql] SELECT `more`,`file`,`id` FROM `cmf_theme_file` WHERE  `theme` = 'simpleboot3'  AND (  `is_public` = 1 OR `file` = 'portal/index' ) ORDER BY `is_public` DESC [ RunTime:0.000501s ]
[2026-06-17T11:15:38+08:00][sql] SELECT `option_value` FROM `cmf_option` WHERE  `option_name` = 'storage' LIMIT 1 [ RunTime:0.000649s ]
[2026-06-17T11:15:49+08:00][sql] CONNECT:[ UseTime:0.001034s ] mysql:host=127.0.0.1;port=3306;dbname=newncl;charset=utf8mb4
[2026-06-17T11:15:49+08:00][sql] SHOW FULL COLUMNS FROM `cmf_option` [ RunTime:0.003016s ]
[2026-06-17T11:15:49+08:00][sql] SELECT `option_value` FROM `cmf_option` WHERE  `option_name` = 'cdn_settings' LIMIT 1 [ RunTime:0.000432s ]
[2026-06-17T11:15:49+08:00][sql] SELECT `option_value` FROM `cmf_option` WHERE  `option_name` = 'cdn_settings' LIMIT 1 [ RunTime:0.000365s ]
[2026-06-17T11:15:49+08:00][sql] SHOW FULL COLUMNS FROM `cmf_product_category` [ RunTime:0.001201s ]
[2026-06-17T11:15:49+08:00][sql] SELECT * FROM `cmf_product_category` WHERE  `parent_id` = 0 ORDER BY `list_order` ASC,`create_time` DESC [ RunTime:0.000343s ]
[2026-06-17T11:15:49+08:00][sql] SELECT * FROM `cmf_product_category` WHERE  `parent_id` IN (28,19,23,25,30,22,27) [ RunTime:0.000309s ]
[2026-06-17T11:15:49+08:00][sql] SHOW FULL COLUMNS FROM `cmf_portal_category` [ RunTime:0.001016s ]
[2026-06-17T11:15:49+08:00][sql] SELECT * FROM `cmf_portal_category` WHERE (  `type` = 8 ) AND `cmf_portal_category`.`delete_time` = '0' ORDER BY `list_order` ASC [ RunTime:0.000336s ]
[2026-06-17T11:15:49+08:00][sql] SHOW FULL COLUMNS FROM `cmf_slide_item` [ RunTime:0.002363s ]
[2026-06-17T11:15:49+08:00][sql] SELECT `title`,`description`,`image`,`url`,`target`,`content` FROM `cmf_slide_item` WHERE  `slide_id` = 1 ORDER BY `list_order` ASC [ RunTime:0.000385s ]
[2026-06-17T11:15:49+08:00][sql] SHOW FULL COLUMNS FROM `cmf_slide` [ RunTime:0.000896s ]
[2026-06-17T11:15:49+08:00][sql] SELECT * FROM `cmf_slide` WHERE  `name` LIKE '%choose%' OR `name` LIKE '%选择%' LIMIT 1 [ RunTime:0.000268s ]
[2026-06-17T11:15:49+08:00][sql] SELECT `title`,`description`,`image`,`url`,`target`,`content` FROM `cmf_slide_item` WHERE  `slide_id` = 14  AND `status` = 1 ORDER BY `list_order` ASC [ RunTime:0.000302s ]
[2026-06-17T11:15:49+08:00][sql] SELECT * FROM `cmf_product_category` WHERE  `parent_id` = 0  AND `recommend` = 1 ORDER BY `list_order` ASC,`create_time` DESC [ RunTime:0.000300s ]
[2026-06-17T11:15:49+08:00][sql] SHOW FULL COLUMNS FROM `cmf_product` [ RunTime:0.001166s ]
[2026-06-17T11:15:49+08:00][sql] SELECT `id`,`title`,`thumbnail`,`industry` FROM `cmf_product` WHERE  `is_recommended` = 1  AND `category_id` = 28 ORDER BY `list_order` ASC LIMIT 6 [ RunTime:0.000389s ]
[2026-06-17T11:15:49+08:00][sql] SELECT `id`,`title`,`thumbnail`,`industry` FROM `cmf_product` WHERE  `is_recommended` = 1  AND `category_id` = 19 ORDER BY `list_order` ASC LIMIT 6 [ RunTime:0.000355s ]
[2026-06-17T11:15:49+08:00][sql] SELECT `id`,`title`,`thumbnail`,`industry` FROM `cmf_product` WHERE  `is_recommended` = 1  AND `category_id` = 23 ORDER BY `list_order` ASC LIMIT 6 [ RunTime:0.000294s ]
[2026-06-17T11:15:49+08:00][sql] SELECT `id`,`title`,`thumbnail`,`industry` FROM `cmf_product` WHERE  `is_recommended` = 1  AND `category_id` = 25 ORDER BY `list_order` ASC LIMIT 6 [ RunTime:0.000296s ]
[2026-06-17T11:15:49+08:00][sql] SELECT `id`,`title`,`thumbnail`,`industry` FROM `cmf_product` WHERE  `is_recommended` = 1  AND `category_id` = 30 ORDER BY `list_order` ASC LIMIT 6 [ RunTime:0.000300s ]
[2026-06-17T11:15:49+08:00][sql] SHOW FULL COLUMNS FROM `cmf_portal_post` [ RunTime:0.001170s ]
[2026-06-17T11:15:49+08:00][sql] SELECT `p`.`id`,`p`.`post_title`,`p`.`post_excerpt`,`p`.`thumbnail`,`p`.`create_time`,`c`.`category_id` FROM `cmf_portal_post` `p` INNER JOIN `cmf_portal_category_post` `c` ON `p`.`id`=`c`.`post_id` WHERE (  `p`.`post_type` = '8' ) AND `p`.`delete_time` = '0' ORDER BY `c`.`list_order` ASC,`p`.`create_time` DESC [ RunTime:0.000748s ]
[2026-06-17T11:15:49+08:00][sql] SELECT `id`,`post_title`,`post_excerpt`,`more` FROM `cmf_portal_post` WHERE (  `post_type` = 3 ) AND `cmf_portal_post`.`delete_time` = '0' ORDER BY `create_time` DESC [ RunTime:0.000470s ]
[2026-06-17T11:15:49+08:00][sql] SHOW FULL COLUMNS FROM `cmf_theme_file` [ RunTime:0.002896s ]
[2026-06-17T11:15:49+08:00][sql] SELECT `more`,`file`,`id` FROM `cmf_theme_file` WHERE  `theme` = 'simpleboot3'  AND (  `is_public` = 1 OR `file` = 'portal/index' ) ORDER BY `is_public` DESC [ RunTime:0.000560s ]
[2026-06-17T11:15:49+08:00][sql] SELECT `option_value` FROM `cmf_option` WHERE  `option_name` = 'storage' LIMIT 1 [ RunTime:0.000539s ]
[2026-06-17T11:18:33+08:00][sql] CONNECT:[ UseTime:0.001639s ] mysql:host=127.0.0.1;port=3306;dbname=newncl;charset=utf8mb4
[2026-06-17T11:18:33+08:00][sql] SHOW FULL COLUMNS FROM `cmf_option` [ RunTime:0.002083s ]
[2026-06-17T11:18:33+08:00][sql] SELECT `option_value` FROM `cmf_option` WHERE  `option_name` = 'cdn_settings' LIMIT 1 [ RunTime:0.000412s ]
[2026-06-17T11:18:33+08:00][sql] SELECT `option_value` FROM `cmf_option` WHERE  `option_name` = 'cdn_settings' LIMIT 1 [ RunTime:0.000635s ]
[2026-06-17T11:18:33+08:00][sql] SHOW FULL COLUMNS FROM `cmf_product_category` [ RunTime:0.002257s ]
[2026-06-17T11:18:33+08:00][sql] SELECT * FROM `cmf_product_category` WHERE  `parent_id` = 0 ORDER BY `list_order` ASC,`create_time` DESC [ RunTime:0.000490s ]
[2026-06-17T11:18:33+08:00][sql] SELECT * FROM `cmf_product_category` WHERE  `parent_id` IN (28,19,23,25,30,22,27) [ RunTime:0.000749s ]
[2026-06-17T11:18:33+08:00][sql] SHOW FULL COLUMNS FROM `cmf_portal_category` [ RunTime:0.001784s ]
[2026-06-17T11:18:33+08:00][sql] SELECT * FROM `cmf_portal_category` WHERE (  `type` = 8 ) AND `cmf_portal_category`.`delete_time` = '0' ORDER BY `list_order` ASC [ RunTime:0.000470s ]
[2026-06-17T11:18:33+08:00][sql] SHOW FULL COLUMNS FROM `cmf_slide_item` [ RunTime:0.001323s ]
[2026-06-17T11:18:33+08:00][sql] SELECT `title`,`description`,`image`,`url`,`target`,`content` FROM `cmf_slide_item` WHERE  `slide_id` = 1 ORDER BY `list_order` ASC [ RunTime:0.000405s ]
[2026-06-17T11:18:33+08:00][sql] SHOW FULL COLUMNS FROM `cmf_slide` [ RunTime:0.001108s ]
[2026-06-17T11:18:33+08:00][sql] SELECT * FROM `cmf_slide` WHERE  `name` LIKE '%choose%' OR `name` LIKE '%选择%' LIMIT 1 [ RunTime:0.000350s ]
[2026-06-17T11:18:33+08:00][sql] SELECT `title`,`description`,`image`,`url`,`target`,`content` FROM `cmf_slide_item` WHERE  `slide_id` = 14  AND `status` = 1 ORDER BY `list_order` ASC [ RunTime:0.000347s ]
[2026-06-17T11:18:33+08:00][sql] SELECT * FROM `cmf_product_category` WHERE  `parent_id` = 0  AND `recommend` = 1 ORDER BY `list_order` ASC,`create_time` DESC [ RunTime:0.000336s ]
[2026-06-17T11:18:33+08:00][sql] SHOW FULL COLUMNS FROM `cmf_product` [ RunTime:0.001331s ]
[2026-06-17T11:18:33+08:00][sql] SELECT `id`,`title`,`thumbnail`,`industry` FROM `cmf_product` WHERE  `is_recommended` = 1  AND `category_id` = 28 ORDER BY `list_order` ASC LIMIT 6 [ RunTime:0.000466s ]
[2026-06-17T11:18:33+08:00][sql] SELECT `id`,`title`,`thumbnail`,`industry` FROM `cmf_product` WHERE  `is_recommended` = 1  AND `category_id` = 19 ORDER BY `list_order` ASC LIMIT 6 [ RunTime:0.000555s ]
[2026-06-17T11:18:33+08:00][sql] SELECT `id`,`title`,`thumbnail`,`industry` FROM `cmf_product` WHERE  `is_recommended` = 1  AND `category_id` = 23 ORDER BY `list_order` ASC LIMIT 6 [ RunTime:0.000502s ]
[2026-06-17T11:18:33+08:00][sql] SELECT `id`,`title`,`thumbnail`,`industry` FROM `cmf_product` WHERE  `is_recommended` = 1  AND `category_id` = 25 ORDER BY `list_order` ASC LIMIT 6 [ RunTime:0.000449s ]
[2026-06-17T11:18:33+08:00][sql] SELECT `id`,`title`,`thumbnail`,`industry` FROM `cmf_product` WHERE  `is_recommended` = 1  AND `category_id` = 30 ORDER BY `list_order` ASC LIMIT 6 [ RunTime:0.000741s ]
[2026-06-17T11:18:33+08:00][sql] SHOW FULL COLUMNS FROM `cmf_portal_post` [ RunTime:0.002182s ]
[2026-06-17T11:18:33+08:00][sql] SELECT `p`.`id`,`p`.`post_title`,`p`.`post_excerpt`,`p`.`thumbnail`,`p`.`create_time`,`c`.`category_id` FROM `cmf_portal_post` `p` INNER JOIN `cmf_portal_category_post` `c` ON `p`.`id`=`c`.`post_id` WHERE (  `p`.`post_type` = '8' ) AND `p`.`delete_time` = '0' ORDER BY `c`.`list_order` ASC,`p`.`create_time` DESC [ RunTime:0.001094s ]
[2026-06-17T11:18:33+08:00][sql] SELECT `id`,`post_title`,`post_excerpt`,`more` FROM `cmf_portal_post` WHERE (  `post_type` = 3 ) AND `cmf_portal_post`.`delete_time` = '0' ORDER BY `create_time` DESC [ RunTime:0.000551s ]
[2026-06-17T11:18:33+08:00][sql] SHOW FULL COLUMNS FROM `cmf_theme_file` [ RunTime:0.001511s ]
[2026-06-17T11:18:33+08:00][sql] SELECT `more`,`file`,`id` FROM `cmf_theme_file` WHERE  `theme` = 'simpleboot3_mobile'  AND (  `is_public` = 1 OR `file` = 'portal/index' ) ORDER BY `is_public` DESC [ RunTime:0.000410s ]
[2026-06-17T11:18:33+08:00][sql] SELECT `option_value` FROM `cmf_option` WHERE  `option_name` = 'storage' LIMIT 1 [ RunTime:0.000988s ]
[2026-06-17T11:23:49+08:00][sql] CONNECT:[ UseTime:0.001229s ] mysql:host=127.0.0.1;port=3306;dbname=newncl;charset=utf8mb4
[2026-06-17T11:23:49+08:00][sql] SHOW FULL COLUMNS FROM `cmf_hook` [ RunTime:0.002976s ]
[2026-06-17T11:23:49+08:00][sql] SELECT `hook`,`id` FROM `cmf_hook` WHERE  (  (  `app` = '' OR `app` = 'cmf' )  AND `type` = 3 ) OR `type` = 1 [ RunTime:0.000789s ]
[2026-06-17T11:23:49+08:00][sql] SHOW FULL COLUMNS FROM `cmf_hook_plugin` [ RunTime:0.001396s ]
[2026-06-17T11:23:49+08:00][sql] SELECT `hook`,`plugin` FROM `cmf_hook_plugin` WHERE  `status` = 1  AND `hook` IN ('app_begin','module_init','action_begin','view_filter','app_end','log_write','response_end','admin_init','home_init','send_mobile_verification_code','body_start','before_head_end','footer_start','before_footer','before_footer_end','before_body_end','left_sidebar_start','before_left_sidebar_end','right_sidebar_start','before_right_sidebar_end','comment','guestbook','switch_theme','after_content','before_content','log_write_done','switch_admin_theme','captcha_image','user_login_start') ORDER BY `list_order` ASC [ RunTime:0.000425s ]
[2026-06-17T11:23:49+08:00][sql] SELECT `hook` FROM `cmf_hook` WHERE  `app` = 'portal' [ RunTime:0.000509s ]
[2026-06-17T11:23:49+08:00][sql] SELECT `hook`,`plugin` FROM `cmf_hook_plugin` WHERE  `status` = 1  AND `hook` IN ('portal_before_assign_article','portal_admin_after_save_article','portal_admin_article_index_view','portal_admin_article_add_view','portal_admin_article_edit_view','portal_admin_category_index_view','portal_admin_category_add_view','portal_admin_category_edit_view','portal_admin_page_index_view','portal_admin_page_add_view','portal_admin_page_edit_view','portal_admin_tag_index_view','portal_admin_article_edit_view_right_sidebar','portal_admin_article_edit_view_main') ORDER BY `list_order` ASC [ RunTime:0.000389s ]
[2026-06-17T11:23:49+08:00][sql] SHOW FULL COLUMNS FROM `cmf_plugin` [ RunTime:0.002003s ]
[2026-06-17T11:23:49+08:00][sql] SELECT `config` FROM `cmf_plugin` WHERE  `name` = 'SwitchTheme' LIMIT 1 [ RunTime:0.000508s ]
[2026-06-17T11:23:49+08:00][sql] SHOW FULL COLUMNS FROM `cmf_option` [ RunTime:0.001615s ]
[2026-06-17T11:23:49+08:00][sql] SELECT `option_value` FROM `cmf_option` WHERE  `option_name` = 'cdn_settings' LIMIT 1 [ RunTime:0.000468s ]
[2026-06-17T11:23:49+08:00][sql] SELECT `option_value` FROM `cmf_option` WHERE  `option_name` = 'cdn_settings' LIMIT 1 [ RunTime:0.000773s ]
[2026-06-17T11:23:49+08:00][sql] SHOW FULL COLUMNS FROM `cmf_product_category` [ RunTime:0.002699s ]
[2026-06-17T11:23:49+08:00][sql] SELECT * FROM `cmf_product_category` WHERE  `parent_id` = 0 ORDER BY `list_order` ASC,`create_time` DESC [ RunTime:0.000631s ]
[2026-06-17T11:23:49+08:00][sql] SELECT * FROM `cmf_product_category` WHERE  `parent_id` IN (28,19,23,25,30,22,27) [ RunTime:0.000546s ]
[2026-06-17T11:23:49+08:00][sql] SHOW FULL COLUMNS FROM `cmf_portal_category` [ RunTime:0.003275s ]
[2026-06-17T11:23:49+08:00][sql] SELECT * FROM `cmf_portal_category` WHERE (  `type` = 8 ) AND `cmf_portal_category`.`delete_time` = '0' ORDER BY `list_order` ASC [ RunTime:0.001738s ]
[2026-06-17T11:23:49+08:00][sql] SELECT `option_value` FROM `cmf_option` WHERE  `option_name` = 'site_info' LIMIT 1 [ RunTime:0.001039s ]
[2026-06-17T11:23:49+08:00][sql] SHOW FULL COLUMNS FROM `cmf_slide_item` [ RunTime:0.001606s ]
[2026-06-17T11:23:49+08:00][sql] SELECT `title`,`description`,`image`,`url`,`target`,`content` FROM `cmf_slide_item` WHERE  `slide_id` = 1 ORDER BY `list_order` ASC [ RunTime:0.000571s ]
[2026-06-17T11:23:49+08:00][sql] SHOW FULL COLUMNS FROM `cmf_slide` [ RunTime:0.001160s ]
[2026-06-17T11:23:49+08:00][sql] SELECT * FROM `cmf_slide` WHERE  `name` LIKE '%choose%' OR `name` LIKE '%选择%' LIMIT 1 [ RunTime:0.000494s ]
[2026-06-17T11:23:49+08:00][sql] SELECT `title`,`description`,`image`,`url`,`target`,`content` FROM `cmf_slide_item` WHERE  `slide_id` = 14  AND `status` = 1 ORDER BY `list_order` ASC [ RunTime:0.000361s ]
[2026-06-17T11:23:49+08:00][sql] SELECT * FROM `cmf_product_category` WHERE  `parent_id` = 0  AND `recommend` = 1 ORDER BY `list_order` ASC,`create_time` DESC [ RunTime:0.000757s ]
[2026-06-17T11:23:49+08:00][sql] SHOW FULL COLUMNS FROM `cmf_product` [ RunTime:0.002020s ]
[2026-06-17T11:23:49+08:00][sql] SELECT `id`,`title`,`thumbnail`,`industry` FROM `cmf_product` WHERE  `is_recommended` = 1  AND `category_id` = 28 ORDER BY `list_order` ASC LIMIT 6 [ RunTime:0.001121s ]
[2026-06-17T11:23:49+08:00][sql] SELECT `id`,`title`,`thumbnail`,`industry` FROM `cmf_product` WHERE  `is_recommended` = 1  AND `category_id` = 19 ORDER BY `list_order` ASC LIMIT 6 [ RunTime:0.000554s ]
[2026-06-17T11:23:49+08:00][sql] SELECT `id`,`title`,`thumbnail`,`industry` FROM `cmf_product` WHERE  `is_recommended` = 1  AND `category_id` = 23 ORDER BY `list_order` ASC LIMIT 6 [ RunTime:0.000464s ]
[2026-06-17T11:23:49+08:00][sql] SELECT `id`,`title`,`thumbnail`,`industry` FROM `cmf_product` WHERE  `is_recommended` = 1  AND `category_id` = 25 ORDER BY `list_order` ASC LIMIT 6 [ RunTime:0.000393s ]
[2026-06-17T11:23:49+08:00][sql] SELECT `id`,`title`,`thumbnail`,`industry` FROM `cmf_product` WHERE  `is_recommended` = 1  AND `category_id` = 30 ORDER BY `list_order` ASC LIMIT 6 [ RunTime:0.000388s ]
[2026-06-17T11:23:49+08:00][sql] SELECT `option_value` FROM `cmf_option` WHERE  `option_name` = 'index_setting' LIMIT 1 [ RunTime:0.000308s ]
[2026-06-17T11:23:49+08:00][sql] SELECT `option_value` FROM `cmf_option` WHERE  `option_name` = 'about_site' LIMIT 1 [ RunTime:0.000377s ]
[2026-06-17T11:23:49+08:00][sql] SHOW FULL COLUMNS FROM `cmf_portal_post` [ RunTime:0.001529s ]
[2026-06-17T11:23:49+08:00][sql] SELECT `p`.`id`,`p`.`post_title`,`p`.`post_excerpt`,`p`.`thumbnail`,`p`.`create_time`,`c`.`category_id` FROM `cmf_portal_post` `p` INNER JOIN `cmf_portal_category_post` `c` ON `p`.`id`=`c`.`post_id` WHERE (  `p`.`post_type` = '8' ) AND `p`.`delete_time` = '0' ORDER BY `c`.`list_order` ASC,`p`.`create_time` DESC [ RunTime:0.001254s ]
[2026-06-17T11:23:49+08:00][sql] SELECT `id`,`post_title`,`post_excerpt`,`more` FROM `cmf_portal_post` WHERE (  `post_type` = 3 ) AND `cmf_portal_post`.`delete_time` = '0' ORDER BY `create_time` DESC [ RunTime:0.000386s ]
[2026-06-17T11:23:49+08:00][sql] SELECT `option_value` FROM `cmf_option` WHERE  `option_name` = 'product_category_hero_settings' LIMIT 1 [ RunTime:0.000285s ]
[2026-06-17T11:23:49+08:00][sql] SHOW FULL COLUMNS FROM `cmf_theme_file` [ RunTime:0.002332s ]
[2026-06-17T11:23:49+08:00][sql] SELECT `more`,`file`,`id` FROM `cmf_theme_file` WHERE  `theme` = 'simpleboot3'  AND (  `is_public` = 1 OR `file` = 'portal/index' ) ORDER BY `is_public` DESC [ RunTime:0.000706s ]
[2026-06-17T11:23:49+08:00][sql] SHOW FULL COLUMNS FROM `cmf_route` [ RunTime:0.001485s ]
[2026-06-17T11:23:49+08:00][sql] SELECT * FROM `cmf_route` WHERE  `status` = 1 ORDER BY `list_order` ASC [ RunTime:0.000683s ]
[2026-06-17T11:23:49+08:00][sql] SELECT `option_value` FROM `cmf_option` WHERE  `option_name` = 'storage' LIMIT 1 [ RunTime:0.000867s ]
[2026-06-17T11:24:28+08:00][sql] CONNECT:[ UseTime:0.001669s ] mysql:host=127.0.0.1;port=3306;dbname=newncl;charset=utf8mb4
[2026-06-17T11:24:28+08:00][sql] SHOW FULL COLUMNS FROM `cmf_option` [ RunTime:0.001424s ]
[2026-06-17T11:24:28+08:00][sql] SELECT `option_value` FROM `cmf_option` WHERE  `option_name` = 'cdn_settings' LIMIT 1 [ RunTime:0.000279s ]
[2026-06-17T11:24:28+08:00][sql] SELECT `option_value` FROM `cmf_option` WHERE  `option_name` = 'cdn_settings' LIMIT 1 [ RunTime:0.000269s ]
[2026-06-17T11:24:28+08:00][sql] SHOW FULL COLUMNS FROM `cmf_product_category` [ RunTime:0.001129s ]
[2026-06-17T11:24:28+08:00][sql] SELECT * FROM `cmf_product_category` WHERE  `parent_id` = 0 ORDER BY `list_order` ASC,`create_time` DESC [ RunTime:0.000430s ]
[2026-06-17T11:24:28+08:00][sql] SELECT * FROM `cmf_product_category` WHERE  `parent_id` IN (28,19,23,25,30,22,27) [ RunTime:0.000517s ]
[2026-06-17T11:24:28+08:00][sql] SHOW FULL COLUMNS FROM `cmf_portal_category` [ RunTime:0.002395s ]
[2026-06-17T11:24:28+08:00][sql] SELECT * FROM `cmf_portal_category` WHERE (  `type` = 8 ) AND `cmf_portal_category`.`delete_time` = '0' ORDER BY `list_order` ASC [ RunTime:0.000593s ]
[2026-06-17T11:24:28+08:00][sql] SHOW FULL COLUMNS FROM `cmf_slide_item` [ RunTime:0.001409s ]
[2026-06-17T11:24:28+08:00][sql] SELECT `title`,`description`,`image`,`url`,`target`,`content` FROM `cmf_slide_item` WHERE  `slide_id` = 1 ORDER BY `list_order` ASC [ RunTime:0.000413s ]
[2026-06-17T11:24:28+08:00][sql] SHOW FULL COLUMNS FROM `cmf_slide` [ RunTime:0.001055s ]
[2026-06-17T11:24:28+08:00][sql] SELECT * FROM `cmf_slide` WHERE  `name` LIKE '%choose%' OR `name` LIKE '%选择%' LIMIT 1 [ RunTime:0.000966s ]
[2026-06-17T11:24:28+08:00][sql] SELECT `title`,`description`,`image`,`url`,`target`,`content` FROM `cmf_slide_item` WHERE  `slide_id` = 14  AND `status` = 1 ORDER BY `list_order` ASC [ RunTime:0.000391s ]
[2026-06-17T11:24:28+08:00][sql] SELECT * FROM `cmf_product_category` WHERE  `parent_id` = 0  AND `recommend` = 1 ORDER BY `list_order` ASC,`create_time` DESC [ RunTime:0.000309s ]
[2026-06-17T11:24:28+08:00][sql] SHOW FULL COLUMNS FROM `cmf_product` [ RunTime:0.001642s ]
[2026-06-17T11:24:28+08:00][sql] SELECT `id`,`title`,`thumbnail`,`industry` FROM `cmf_product` WHERE  `is_recommended` = 1  AND `category_id` = 28 ORDER BY `list_order` ASC LIMIT 6 [ RunTime:0.000765s ]
[2026-06-17T11:24:28+08:00][sql] SELECT `id`,`title`,`thumbnail`,`industry` FROM `cmf_product` WHERE  `is_recommended` = 1  AND `category_id` = 19 ORDER BY `list_order` ASC LIMIT 6 [ RunTime:0.000446s ]
[2026-06-17T11:24:28+08:00][sql] SELECT `id`,`title`,`thumbnail`,`industry` FROM `cmf_product` WHERE  `is_recommended` = 1  AND `category_id` = 23 ORDER BY `list_order` ASC LIMIT 6 [ RunTime:0.000323s ]
[2026-06-17T11:24:28+08:00][sql] SELECT `id`,`title`,`thumbnail`,`industry` FROM `cmf_product` WHERE  `is_recommended` = 1  AND `category_id` = 25 ORDER BY `list_order` ASC LIMIT 6 [ RunTime:0.000288s ]
[2026-06-17T11:24:28+08:00][sql] SELECT `id`,`title`,`thumbnail`,`industry` FROM `cmf_product` WHERE  `is_recommended` = 1  AND `category_id` = 30 ORDER BY `list_order` ASC LIMIT 6 [ RunTime:0.000321s ]
[2026-06-17T11:24:28+08:00][sql] SHOW FULL COLUMNS FROM `cmf_portal_post` [ RunTime:0.002149s ]
[2026-06-17T11:24:28+08:00][sql] SELECT `p`.`id`,`p`.`post_title`,`p`.`post_excerpt`,`p`.`thumbnail`,`p`.`create_time`,`c`.`category_id` FROM `cmf_portal_post` `p` INNER JOIN `cmf_portal_category_post` `c` ON `p`.`id`=`c`.`post_id` WHERE (  `p`.`post_type` = '8' ) AND `p`.`delete_time` = '0' ORDER BY `c`.`list_order` ASC,`p`.`create_time` DESC [ RunTime:0.001453s ]
[2026-06-17T11:24:28+08:00][sql] SELECT `id`,`post_title`,`post_excerpt`,`more` FROM `cmf_portal_post` WHERE (  `post_type` = 3 ) AND `cmf_portal_post`.`delete_time` = '0' ORDER BY `create_time` DESC [ RunTime:0.000428s ]
[2026-06-17T11:24:28+08:00][sql] SHOW FULL COLUMNS FROM `cmf_theme_file` [ RunTime:0.001478s ]
[2026-06-17T11:24:28+08:00][sql] SELECT `more`,`file`,`id` FROM `cmf_theme_file` WHERE  `theme` = 'simpleboot3'  AND (  `is_public` = 1 OR `file` = 'portal/index' ) ORDER BY `is_public` DESC [ RunTime:0.000422s ]
[2026-06-17T11:24:28+08:00][sql] SELECT `option_value` FROM `cmf_option` WHERE  `option_name` = 'storage' LIMIT 1 [ RunTime:0.000539s ]
[2026-06-17T11:24:36+08:00][sql] CONNECT:[ UseTime:0.000872s ] mysql:host=127.0.0.1;port=3306;dbname=newncl;charset=utf8mb4
[2026-06-17T11:24:36+08:00][sql] SHOW FULL COLUMNS FROM `cmf_option` [ RunTime:0.001818s ]
[2026-06-17T11:24:36+08:00][sql] SELECT `option_value` FROM `cmf_option` WHERE  `option_name` = 'cdn_settings' LIMIT 1 [ RunTime:0.000260s ]
[2026-06-17T11:24:36+08:00][sql] SELECT `option_value` FROM `cmf_option` WHERE  `option_name` = 'cdn_settings' LIMIT 1 [ RunTime:0.000335s ]
[2026-06-17T11:24:36+08:00][sql] SHOW FULL COLUMNS FROM `cmf_product_category` [ RunTime:0.001066s ]
[2026-06-17T11:24:36+08:00][sql] SELECT * FROM `cmf_product_category` WHERE  `parent_id` = 0 ORDER BY `list_order` ASC,`create_time` DESC [ RunTime:0.000320s ]
[2026-06-17T11:24:36+08:00][sql] SELECT * FROM `cmf_product_category` WHERE  `parent_id` IN (28,19,23,25,30,22,27) [ RunTime:0.000297s ]
[2026-06-17T11:24:36+08:00][sql] SHOW FULL COLUMNS FROM `cmf_portal_category` [ RunTime:0.001237s ]
[2026-06-17T11:24:36+08:00][sql] SELECT * FROM `cmf_portal_category` WHERE (  `type` = 8 ) AND `cmf_portal_category`.`delete_time` = '0' ORDER BY `list_order` ASC [ RunTime:0.000328s ]
[2026-06-17T11:24:36+08:00][sql] SHOW FULL COLUMNS FROM `cmf_slide_item` [ RunTime:0.001169s ]
[2026-06-17T11:24:36+08:00][sql] SELECT `title`,`description`,`image` FROM `cmf_slide_item` WHERE  `slide_id` = 5  AND `status` = 1 ORDER BY `list_order` ASC,`id` DESC LIMIT 1 [ RunTime:0.000713s ]
[2026-06-17T11:24:36+08:00][sql] SELECT `option_value` FROM `cmf_option` WHERE  `option_name` = 'quote_site' LIMIT 1 [ RunTime:0.000486s ]
[2026-06-17T11:24:36+08:00][sql] SHOW FULL COLUMNS FROM `cmf_theme_file` [ RunTime:0.001529s ]
[2026-06-17T11:24:36+08:00][sql] SELECT `more`,`file`,`id` FROM `cmf_theme_file` WHERE  `theme` = 'simpleboot3'  AND (  `is_public` = 1 OR `file` = 'portal/quote' ) ORDER BY `is_public` DESC [ RunTime:0.000384s ]
[2026-06-17T11:24:36+08:00][sql] SELECT `option_value` FROM `cmf_option` WHERE  `option_name` = 'storage' LIMIT 1 [ RunTime:0.000839s ]
[2026-06-17T11:24:41+08:00][sql] CONNECT:[ UseTime:0.001501s ] mysql:host=127.0.0.1;port=3306;dbname=newncl;charset=utf8mb4
[2026-06-17T11:24:41+08:00][sql] SHOW FULL COLUMNS FROM `cmf_option` [ RunTime:0.002002s ]
[2026-06-17T11:24:41+08:00][sql] SELECT `option_value` FROM `cmf_option` WHERE  `option_name` = 'cdn_settings' LIMIT 1 [ RunTime:0.000321s ]
[2026-06-17T11:24:41+08:00][sql] SELECT `option_value` FROM `cmf_option` WHERE  `option_name` = 'cdn_settings' LIMIT 1 [ RunTime:0.000487s ]
[2026-06-17T11:24:41+08:00][sql] SHOW FULL COLUMNS FROM `cmf_product_category` [ RunTime:0.001262s ]
[2026-06-17T11:24:41+08:00][sql] SELECT * FROM `cmf_product_category` WHERE  `parent_id` = 0 ORDER BY `list_order` ASC,`create_time` DESC [ RunTime:0.000629s ]
[2026-06-17T11:24:41+08:00][sql] SELECT * FROM `cmf_product_category` WHERE  `parent_id` IN (28,19,23,25,30,22,27) [ RunTime:0.000683s ]
[2026-06-17T11:24:41+08:00][sql] SHOW FULL COLUMNS FROM `cmf_portal_category` [ RunTime:0.001435s ]
[2026-06-17T11:24:41+08:00][sql] SELECT * FROM `cmf_portal_category` WHERE (  `type` = 8 ) AND `cmf_portal_category`.`delete_time` = '0' ORDER BY `list_order` ASC [ RunTime:0.000357s ]
[2026-06-17T11:24:41+08:00][sql] SHOW FULL COLUMNS FROM `cmf_product` [ RunTime:0.001423s ]
[2026-06-17T11:24:41+08:00][sql] SELECT COUNT(*) AS think_count FROM `cmf_product` WHERE  `category_id` = 28 LIMIT 1 [ RunTime:0.000347s ]
[2026-06-17T11:24:41+08:00][sql] SELECT COUNT(*) AS think_count FROM `cmf_product` WHERE  `category_id` = 19 LIMIT 1 [ RunTime:0.000305s ]
[2026-06-17T11:24:41+08:00][sql] SELECT COUNT(*) AS think_count FROM `cmf_product` WHERE  `category_id` = 23 LIMIT 1 [ RunTime:0.000249s ]
[2026-06-17T11:24:41+08:00][sql] SELECT COUNT(*) AS think_count FROM `cmf_product` WHERE  `category_id` = 25 LIMIT 1 [ RunTime:0.000362s ]
[2026-06-17T11:24:41+08:00][sql] SELECT COUNT(*) AS think_count FROM `cmf_product` WHERE  `category_id` = 30 LIMIT 1 [ RunTime:0.000303s ]
[2026-06-17T11:24:41+08:00][sql] SELECT COUNT(*) AS think_count FROM `cmf_product` WHERE  `category_id` = 22 LIMIT 1 [ RunTime:0.000237s ]
[2026-06-17T11:24:41+08:00][sql] SELECT COUNT(*) AS think_count FROM `cmf_product` WHERE  `category_id` = 27 LIMIT 1 [ RunTime:0.000240s ]
[2026-06-17T11:24:41+08:00][sql] SELECT COUNT(*) AS think_count FROM `cmf_product` LIMIT 1 [ RunTime:0.000243s ]
[2026-06-17T11:24:41+08:00][sql] SELECT `id`,`category_id`,`title`,`thumbnail`,`industry`,`overview` FROM `cmf_product` ORDER BY `list_order` ASC,`create_time` DESC LIMIT 0,12 [ RunTime:0.000580s ]
[2026-06-17T11:24:41+08:00][sql] SHOW FULL COLUMNS FROM `cmf_slide_item` [ RunTime:0.001687s ]
[2026-06-17T11:24:41+08:00][sql] SELECT `title`,`description`,`image` FROM `cmf_slide_item` WHERE  `slide_id` = 2  AND `status` = 1 ORDER BY `list_order` ASC,`id` DESC LIMIT 1 [ RunTime:0.000588s ]
[2026-06-17T11:24:41+08:00][sql] SELECT `option_value` FROM `cmf_option` WHERE  `option_name` = 'storage' LIMIT 1 [ RunTime:0.000345s ]
[2026-06-17T11:24:41+08:00][sql] SELECT `option_value` FROM `cmf_option` WHERE  `option_name` = 'product_category_faq_settings' LIMIT 1 [ RunTime:0.000446s ]
[2026-06-17T11:24:41+08:00][sql] SHOW FULL COLUMNS FROM `cmf_portal_post` [ RunTime:0.001423s ]
[2026-06-17T11:24:41+08:00][sql] SELECT `id`,`post_title`,`post_excerpt`,`more` FROM `cmf_portal_post` WHERE (  `post_type` = 3 ) AND `cmf_portal_post`.`delete_time` = '0' ORDER BY `create_time` DESC [ RunTime:0.000436s ]
[2026-06-17T11:24:41+08:00][sql] SHOW FULL COLUMNS FROM `cmf_theme_file` [ RunTime:0.001017s ]
[2026-06-17T11:24:41+08:00][sql] SELECT `more`,`file`,`id` FROM `cmf_theme_file` WHERE  `theme` = 'simpleboot3'  AND (  `is_public` = 1 OR `file` = 'portal/product' ) ORDER BY `is_public` DESC [ RunTime:0.000636s ]
[2026-06-17T11:24:48+08:00][sql] CONNECT:[ UseTime:0.000937s ] mysql:host=127.0.0.1;port=3306;dbname=newncl;charset=utf8mb4
[2026-06-17T11:24:48+08:00][sql] SHOW FULL COLUMNS FROM `cmf_option` [ RunTime:0.001654s ]
[2026-06-17T11:24:48+08:00][sql] SELECT `option_value` FROM `cmf_option` WHERE  `option_name` = 'cdn_settings' LIMIT 1 [ RunTime:0.000418s ]
[2026-06-17T11:24:48+08:00][sql] SELECT `option_value` FROM `cmf_option` WHERE  `option_name` = 'cdn_settings' LIMIT 1 [ RunTime:0.000525s ]
[2026-06-17T11:24:48+08:00][sql] SHOW FULL COLUMNS FROM `cmf_product_category` [ RunTime:0.001374s ]
[2026-06-17T11:24:48+08:00][sql] SELECT * FROM `cmf_product_category` WHERE  `parent_id` = 0 ORDER BY `list_order` ASC,`create_time` DESC [ RunTime:0.000349s ]
[2026-06-17T11:24:48+08:00][sql] SELECT * FROM `cmf_product_category` WHERE  `parent_id` IN (28,19,23,25,30,22,27) [ RunTime:0.000334s ]
[2026-06-17T11:24:48+08:00][sql] SHOW FULL COLUMNS FROM `cmf_portal_category` [ RunTime:0.001297s ]
[2026-06-17T11:24:48+08:00][sql] SELECT * FROM `cmf_portal_category` WHERE (  `type` = 8 ) AND `cmf_portal_category`.`delete_time` = '0' ORDER BY `list_order` ASC [ RunTime:0.000335s ]
[2026-06-17T11:24:48+08:00][sql] SHOW FULL COLUMNS FROM `cmf_product` [ RunTime:0.001288s ]
[2026-06-17T11:24:48+08:00][sql] SELECT * FROM `cmf_product` WHERE  `id` = 213 LIMIT 1 [ RunTime:0.000600s ]
[2026-06-17T11:24:48+08:00][sql] SELECT * FROM `cmf_product_category` WHERE  `id` = 28 LIMIT 1 [ RunTime:0.000340s ]
[2026-06-17T11:24:48+08:00][sql] SELECT `option_value` FROM `cmf_option` WHERE  `option_name` = 'product_setting' LIMIT 1 [ RunTime:0.000266s ]
[2026-06-17T11:24:48+08:00][sql] SELECT `id`,`title`,`industry`,`thumbnail` FROM `cmf_product` WHERE  `id` <> 213  AND `is_recommended` = 1  AND `category_id` = 28 ORDER BY RAND() LIMIT 8 [ RunTime:0.000951s ]
[2026-06-17T11:24:48+08:00][sql] SHOW FULL COLUMNS FROM `cmf_slide_item` [ RunTime:0.001247s ]
[2026-06-17T11:24:48+08:00][sql] SELECT `title`,`description`,`image` FROM `cmf_slide_item` WHERE  `slide_id` = 2  AND `status` = 1 ORDER BY `list_order` ASC,`id` DESC LIMIT 1 [ RunTime:0.000383s ]
[2026-06-17T11:24:48+08:00][sql] SHOW FULL COLUMNS FROM `cmf_theme_file` [ RunTime:0.001082s ]
[2026-06-17T11:24:48+08:00][sql] SELECT `more`,`file`,`id` FROM `cmf_theme_file` WHERE  `theme` = 'simpleboot3'  AND (  `is_public` = 1 OR `file` = 'portal/product-info' ) ORDER BY `is_public` DESC [ RunTime:0.000348s ]
[2026-06-17T11:24:48+08:00][sql] SELECT `option_value` FROM `cmf_option` WHERE  `option_name` = 'storage' LIMIT 1 [ RunTime:0.000510s ]
[2026-06-17T11:24:54+08:00][sql] CONNECT:[ UseTime:0.000940s ] mysql:host=127.0.0.1;port=3306;dbname=newncl;charset=utf8mb4
[2026-06-17T11:24:54+08:00][sql] SHOW FULL COLUMNS FROM `cmf_option` [ RunTime:0.001388s ]
[2026-06-17T11:24:54+08:00][sql] SELECT `option_value` FROM `cmf_option` WHERE  `option_name` = 'cdn_settings' LIMIT 1 [ RunTime:0.000533s ]
[2026-06-17T11:24:54+08:00][sql] SELECT `option_value` FROM `cmf_option` WHERE  `option_name` = 'cdn_settings' LIMIT 1 [ RunTime:0.000313s ]
[2026-06-17T11:24:54+08:00][sql] SHOW FULL COLUMNS FROM `cmf_product_category` [ RunTime:0.001123s ]
[2026-06-17T11:24:54+08:00][sql] SELECT * FROM `cmf_product_category` WHERE  `parent_id` = 0 ORDER BY `list_order` ASC,`create_time` DESC [ RunTime:0.000337s ]
[2026-06-17T11:24:54+08:00][sql] SELECT * FROM `cmf_product_category` WHERE  `parent_id` IN (28,19,23,25,30,22,27) [ RunTime:0.000557s ]
[2026-06-17T11:24:54+08:00][sql] SHOW FULL COLUMNS FROM `cmf_portal_category` [ RunTime:0.001032s ]
[2026-06-17T11:24:54+08:00][sql] SELECT * FROM `cmf_portal_category` WHERE (  `type` = 8 ) AND `cmf_portal_category`.`delete_time` = '0' ORDER BY `list_order` ASC [ RunTime:0.000286s ]
[2026-06-17T11:24:54+08:00][sql] SHOW FULL COLUMNS FROM `cmf_slide_item` [ RunTime:0.000830s ]
[2026-06-17T11:24:54+08:00][sql] SELECT `title`,`description`,`image`,`url`,`target`,`content` FROM `cmf_slide_item` WHERE  `slide_id` = 1 ORDER BY `list_order` ASC [ RunTime:0.000267s ]
[2026-06-17T11:24:54+08:00][sql] SHOW FULL COLUMNS FROM `cmf_slide` [ RunTime:0.000735s ]
[2026-06-17T11:24:54+08:00][sql] SELECT * FROM `cmf_slide` WHERE  `name` LIKE '%choose%' OR `name` LIKE '%选择%' LIMIT 1 [ RunTime:0.000238s ]
[2026-06-17T11:24:54+08:00][sql] SELECT `title`,`description`,`image`,`url`,`target`,`content` FROM `cmf_slide_item` WHERE  `slide_id` = 14  AND `status` = 1 ORDER BY `list_order` ASC [ RunTime:0.000269s ]
[2026-06-17T11:24:54+08:00][sql] SELECT * FROM `cmf_product_category` WHERE  `parent_id` = 0  AND `recommend` = 1 ORDER BY `list_order` ASC,`create_time` DESC [ RunTime:0.000259s ]
[2026-06-17T11:24:54+08:00][sql] SHOW FULL COLUMNS FROM `cmf_product` [ RunTime:0.000979s ]
[2026-06-17T11:24:54+08:00][sql] SELECT `id`,`title`,`thumbnail`,`industry` FROM `cmf_product` WHERE  `is_recommended` = 1  AND `category_id` = 28 ORDER BY `list_order` ASC LIMIT 6 [ RunTime:0.000789s ]
[2026-06-17T11:24:54+08:00][sql] SELECT `id`,`title`,`thumbnail`,`industry` FROM `cmf_product` WHERE  `is_recommended` = 1  AND `category_id` = 19 ORDER BY `list_order` ASC LIMIT 6 [ RunTime:0.000325s ]
[2026-06-17T11:24:54+08:00][sql] SELECT `id`,`title`,`thumbnail`,`industry` FROM `cmf_product` WHERE  `is_recommended` = 1  AND `category_id` = 23 ORDER BY `list_order` ASC LIMIT 6 [ RunTime:0.000226s ]
[2026-06-17T11:24:54+08:00][sql] SELECT `id`,`title`,`thumbnail`,`industry` FROM `cmf_product` WHERE  `is_recommended` = 1  AND `category_id` = 25 ORDER BY `list_order` ASC LIMIT 6 [ RunTime:0.000304s ]
[2026-06-17T11:24:54+08:00][sql] SELECT `id`,`title`,`thumbnail`,`industry` FROM `cmf_product` WHERE  `is_recommended` = 1  AND `category_id` = 30 ORDER BY `list_order` ASC LIMIT 6 [ RunTime:0.000222s ]
[2026-06-17T11:24:54+08:00][sql] SHOW FULL COLUMNS FROM `cmf_portal_post` [ RunTime:0.001107s ]
[2026-06-17T11:24:54+08:00][sql] SELECT `p`.`id`,`p`.`post_title`,`p`.`post_excerpt`,`p`.`thumbnail`,`p`.`create_time`,`c`.`category_id` FROM `cmf_portal_post` `p` INNER JOIN `cmf_portal_category_post` `c` ON `p`.`id`=`c`.`post_id` WHERE (  `p`.`post_type` = '8' ) AND `p`.`delete_time` = '0' ORDER BY `c`.`list_order` ASC,`p`.`create_time` DESC [ RunTime:0.000601s ]
[2026-06-17T11:24:54+08:00][sql] SELECT `id`,`post_title`,`post_excerpt`,`more` FROM `cmf_portal_post` WHERE (  `post_type` = 3 ) AND `cmf_portal_post`.`delete_time` = '0' ORDER BY `create_time` DESC [ RunTime:0.000504s ]
[2026-06-17T11:24:54+08:00][sql] SHOW FULL COLUMNS FROM `cmf_theme_file` [ RunTime:0.001358s ]
[2026-06-17T11:24:54+08:00][sql] SELECT `more`,`file`,`id` FROM `cmf_theme_file` WHERE  `theme` = 'simpleboot3'  AND (  `is_public` = 1 OR `file` = 'portal/index' ) ORDER BY `is_public` DESC [ RunTime:0.000531s ]
[2026-06-17T11:24:54+08:00][sql] SELECT `option_value` FROM `cmf_option` WHERE  `option_name` = 'storage' LIMIT 1 [ RunTime:0.000347s ]
[2026-06-17T11:24:55+08:00][sql] CONNECT:[ UseTime:0.001384s ] mysql:host=127.0.0.1;port=3306;dbname=newncl;charset=utf8mb4
[2026-06-17T11:24:55+08:00][sql] SHOW FULL COLUMNS FROM `cmf_option` [ RunTime:0.001309s ]
[2026-06-17T11:24:55+08:00][sql] SELECT `option_value` FROM `cmf_option` WHERE  `option_name` = 'cdn_settings' LIMIT 1 [ RunTime:0.000248s ]
[2026-06-17T11:24:55+08:00][sql] SELECT `option_value` FROM `cmf_option` WHERE  `option_name` = 'cdn_settings' LIMIT 1 [ RunTime:0.000452s ]
[2026-06-17T11:24:55+08:00][sql] SHOW FULL COLUMNS FROM `cmf_product_category` [ RunTime:0.001263s ]
[2026-06-17T11:24:55+08:00][sql] SELECT * FROM `cmf_product_category` WHERE  `parent_id` = 0 ORDER BY `list_order` ASC,`create_time` DESC [ RunTime:0.000416s ]
[2026-06-17T11:24:55+08:00][sql] SELECT * FROM `cmf_product_category` WHERE  `parent_id` IN (28,19,23,25,30,22,27) [ RunTime:0.000953s ]
[2026-06-17T11:24:55+08:00][sql] SHOW FULL COLUMNS FROM `cmf_portal_category` [ RunTime:0.001748s ]
[2026-06-17T11:24:55+08:00][sql] SELECT * FROM `cmf_portal_category` WHERE (  `type` = 8 ) AND `cmf_portal_category`.`delete_time` = '0' ORDER BY `list_order` ASC [ RunTime:0.000460s ]
[2026-06-17T11:24:55+08:00][sql] SHOW FULL COLUMNS FROM `cmf_slide_item` [ RunTime:0.001300s ]
[2026-06-17T11:24:55+08:00][sql] SELECT `title`,`description`,`image` FROM `cmf_slide_item` WHERE  `slide_id` = 5  AND `status` = 1 ORDER BY `list_order` ASC,`id` DESC LIMIT 1 [ RunTime:0.000445s ]
[2026-06-17T11:24:55+08:00][sql] SHOW FULL COLUMNS FROM `cmf_theme_file` [ RunTime:0.001178s ]
[2026-06-17T11:24:55+08:00][sql] SELECT `more`,`file`,`id` FROM `cmf_theme_file` WHERE  `theme` = 'simpleboot3'  AND (  `is_public` = 1 OR `file` = 'portal/quote' ) ORDER BY `is_public` DESC [ RunTime:0.000324s ]
[2026-06-17T11:24:55+08:00][sql] SELECT `option_value` FROM `cmf_option` WHERE  `option_name` = 'storage' LIMIT 1 [ RunTime:0.000622s ]
[2026-06-17T11:24:59+08:00][sql] CONNECT:[ UseTime:0.000839s ] mysql:host=127.0.0.1;port=3306;dbname=newncl;charset=utf8mb4
[2026-06-17T11:24:59+08:00][sql] SHOW FULL COLUMNS FROM `cmf_option` [ RunTime:0.002055s ]
[2026-06-17T11:24:59+08:00][sql] SELECT `option_value` FROM `cmf_option` WHERE  `option_name` = 'cdn_settings' LIMIT 1 [ RunTime:0.000260s ]
[2026-06-17T11:24:59+08:00][sql] SELECT `option_value` FROM `cmf_option` WHERE  `option_name` = 'cdn_settings' LIMIT 1 [ RunTime:0.000323s ]
[2026-06-17T11:24:59+08:00][sql] SHOW FULL COLUMNS FROM `cmf_product_category` [ RunTime:0.001148s ]
[2026-06-17T11:24:59+08:00][sql] SELECT * FROM `cmf_product_category` WHERE  `parent_id` = 0 ORDER BY `list_order` ASC,`create_time` DESC [ RunTime:0.000356s ]
[2026-06-17T11:24:59+08:00][sql] SELECT * FROM `cmf_product_category` WHERE  `parent_id` IN (28,19,23,25,30,22,27) [ RunTime:0.000306s ]
[2026-06-17T11:24:59+08:00][sql] SHOW FULL COLUMNS FROM `cmf_portal_category` [ RunTime:0.001130s ]
[2026-06-17T11:24:59+08:00][sql] SELECT * FROM `cmf_portal_category` WHERE (  `type` = 8 ) AND `cmf_portal_category`.`delete_time` = '0' ORDER BY `list_order` ASC [ RunTime:0.000315s ]
[2026-06-17T11:24:59+08:00][sql] SHOW FULL COLUMNS FROM `cmf_slide_item` [ RunTime:0.001391s ]
[2026-06-17T11:24:59+08:00][sql] SELECT `title`,`description`,`image` FROM `cmf_slide_item` WHERE  `slide_id` = 5  AND `status` = 1 ORDER BY `list_order` ASC,`id` DESC LIMIT 1 [ RunTime:0.000548s ]
[2026-06-17T11:24:59+08:00][sql] SHOW FULL COLUMNS FROM `cmf_theme_file` [ RunTime:0.001289s ]
[2026-06-17T11:24:59+08:00][sql] SELECT `more`,`file`,`id` FROM `cmf_theme_file` WHERE  `theme` = 'simpleboot3'  AND (  `is_public` = 1 OR `file` = 'portal/quote' ) ORDER BY `is_public` DESC [ RunTime:0.000330s ]
[2026-06-17T11:24:59+08:00][sql] SELECT `option_value` FROM `cmf_option` WHERE  `option_name` = 'storage' LIMIT 1 [ RunTime:0.000308s ]
[2026-06-17T11:27:39+08:00][sql] CONNECT:[ UseTime:0.001147s ] mysql:host=127.0.0.1;port=3306;dbname=newncl;charset=utf8mb4
[2026-06-17T11:27:39+08:00][sql] SHOW FULL COLUMNS FROM `cmf_hook` [ RunTime:0.002312s ]
[2026-06-17T11:27:39+08:00][sql] SELECT `hook`,`id` FROM `cmf_hook` WHERE  (  (  `app` = '' OR `app` = 'cmf' )  AND `type` = 3 ) OR `type` = 1 [ RunTime:0.000708s ]
[2026-06-17T11:27:39+08:00][sql] SHOW FULL COLUMNS FROM `cmf_hook_plugin` [ RunTime:0.001136s ]
[2026-06-17T11:27:39+08:00][sql] SELECT `hook`,`plugin` FROM `cmf_hook_plugin` WHERE  `status` = 1  AND `hook` IN ('app_begin','module_init','action_begin','view_filter','app_end','log_write','response_end','admin_init','home_init','send_mobile_verification_code','body_start','before_head_end','footer_start','before_footer','before_footer_end','before_body_end','left_sidebar_start','before_left_sidebar_end','right_sidebar_start','before_right_sidebar_end','comment','guestbook','switch_theme','after_content','before_content','log_write_done','switch_admin_theme','captcha_image','user_login_start') ORDER BY `list_order` ASC [ RunTime:0.001345s ]
[2026-06-17T11:27:39+08:00][sql] SELECT `hook` FROM `cmf_hook` WHERE  `app` = 'portal' [ RunTime:0.000615s ]
[2026-06-17T11:27:39+08:00][sql] SELECT `hook`,`plugin` FROM `cmf_hook_plugin` WHERE  `status` = 1  AND `hook` IN ('portal_before_assign_article','portal_admin_after_save_article','portal_admin_article_index_view','portal_admin_article_add_view','portal_admin_article_edit_view','portal_admin_category_index_view','portal_admin_category_add_view','portal_admin_category_edit_view','portal_admin_page_index_view','portal_admin_page_add_view','portal_admin_page_edit_view','portal_admin_tag_index_view','portal_admin_article_edit_view_right_sidebar','portal_admin_article_edit_view_main') ORDER BY `list_order` ASC [ RunTime:0.000397s ]
[2026-06-17T11:27:39+08:00][sql] SHOW FULL COLUMNS FROM `cmf_plugin` [ RunTime:0.002024s ]
[2026-06-17T11:27:39+08:00][sql] SELECT `config` FROM `cmf_plugin` WHERE  `name` = 'SwitchTheme' LIMIT 1 [ RunTime:0.001306s ]
[2026-06-17T11:27:39+08:00][sql] SHOW FULL COLUMNS FROM `cmf_option` [ RunTime:0.002437s ]
[2026-06-17T11:27:39+08:00][sql] SELECT `option_value` FROM `cmf_option` WHERE  `option_name` = 'cdn_settings' LIMIT 1 [ RunTime:0.000436s ]
[2026-06-17T11:27:39+08:00][sql] SELECT `option_value` FROM `cmf_option` WHERE  `option_name` = 'cdn_settings' LIMIT 1 [ RunTime:0.000915s ]
[2026-06-17T11:27:39+08:00][sql] SHOW FULL COLUMNS FROM `cmf_product_category` [ RunTime:0.001798s ]
[2026-06-17T11:27:39+08:00][sql] SELECT * FROM `cmf_product_category` WHERE  `parent_id` = 0 ORDER BY `list_order` ASC,`create_time` DESC [ RunTime:0.000481s ]
[2026-06-17T11:27:39+08:00][sql] SELECT * FROM `cmf_product_category` WHERE  `parent_id` IN (28,19,23,25,30,22,27) [ RunTime:0.000550s ]
[2026-06-17T11:27:39+08:00][sql] SHOW FULL COLUMNS FROM `cmf_portal_category` [ RunTime:0.001489s ]
[2026-06-17T11:27:39+08:00][sql] SELECT * FROM `cmf_portal_category` WHERE (  `type` = 8 ) AND `cmf_portal_category`.`delete_time` = '0' ORDER BY `list_order` ASC [ RunTime:0.000429s ]
[2026-06-17T11:27:39+08:00][sql] SELECT `option_value` FROM `cmf_option` WHERE  `option_name` = 'site_info' LIMIT 1 [ RunTime:0.000343s ]
[2026-06-17T11:27:39+08:00][sql] SHOW FULL COLUMNS FROM `cmf_slide_item` [ RunTime:0.002338s ]
[2026-06-17T11:27:39+08:00][sql] SELECT `title`,`description`,`image` FROM `cmf_slide_item` WHERE  `slide_id` = 5  AND `status` = 1 ORDER BY `list_order` ASC,`id` DESC LIMIT 1 [ RunTime:0.000439s ]
[2026-06-17T11:27:39+08:00][sql] SELECT `option_value` FROM `cmf_option` WHERE  `option_name` = 'quote_site' LIMIT 1 [ RunTime:0.000302s ]
[2026-06-17T11:27:39+08:00][sql] SHOW FULL COLUMNS FROM `cmf_theme_file` [ RunTime:0.001480s ]
[2026-06-17T11:27:39+08:00][sql] SELECT `more`,`file`,`id` FROM `cmf_theme_file` WHERE  `theme` = 'simpleboot3'  AND (  `is_public` = 1 OR `file` = 'portal/quote' ) ORDER BY `is_public` DESC [ RunTime:0.000376s ]
[2026-06-17T11:27:39+08:00][sql] SHOW FULL COLUMNS FROM `cmf_route` [ RunTime:0.001490s ]
[2026-06-17T11:27:39+08:00][sql] SELECT * FROM `cmf_route` WHERE  `status` = 1 ORDER BY `list_order` ASC [ RunTime:0.001380s ]
[2026-06-17T11:27:39+08:00][sql] SELECT `option_value` FROM `cmf_option` WHERE  `option_name` = 'storage' LIMIT 1 [ RunTime:0.000754s ]
[2026-06-17T11:28:29+08:00][sql] CONNECT:[ UseTime:0.001116s ] mysql:host=127.0.0.1;port=3306;dbname=newncl;charset=utf8mb4
[2026-06-17T11:28:29+08:00][sql] SHOW FULL COLUMNS FROM `cmf_option` [ RunTime:0.001425s ]
[2026-06-17T11:28:29+08:00][sql] SELECT `option_value` FROM `cmf_option` WHERE  `option_name` = 'cdn_settings' LIMIT 1 [ RunTime:0.000262s ]
[2026-06-17T11:28:29+08:00][sql] SELECT `option_value` FROM `cmf_option` WHERE  `option_name` = 'cdn_settings' LIMIT 1 [ RunTime:0.000300s ]
[2026-06-17T11:28:29+08:00][sql] SHOW FULL COLUMNS FROM `cmf_product_category` [ RunTime:0.001255s ]
[2026-06-17T11:28:29+08:00][sql] SELECT * FROM `cmf_product_category` WHERE  `parent_id` = 0 ORDER BY `list_order` ASC,`create_time` DESC [ RunTime:0.000330s ]
[2026-06-17T11:28:29+08:00][sql] SELECT * FROM `cmf_product_category` WHERE  `parent_id` IN (28,19,23,25,30,22,27) [ RunTime:0.000310s ]
[2026-06-17T11:28:29+08:00][sql] SHOW FULL COLUMNS FROM `cmf_portal_category` [ RunTime:0.001238s ]
[2026-06-17T11:28:29+08:00][sql] SELECT * FROM `cmf_portal_category` WHERE (  `type` = 8 ) AND `cmf_portal_category`.`delete_time` = '0' ORDER BY `list_order` ASC [ RunTime:0.000396s ]
[2026-06-17T11:28:29+08:00][sql] SHOW FULL COLUMNS FROM `cmf_slide_item` [ RunTime:0.001792s ]
[2026-06-17T11:28:29+08:00][sql] SELECT `title`,`description`,`image` FROM `cmf_slide_item` WHERE  `slide_id` = 5  AND `status` = 1 ORDER BY `list_order` ASC,`id` DESC LIMIT 1 [ RunTime:0.000450s ]
[2026-06-17T11:28:29+08:00][sql] SHOW FULL COLUMNS FROM `cmf_theme_file` [ RunTime:0.001086s ]
[2026-06-17T11:28:29+08:00][sql] SELECT `more`,`file`,`id` FROM `cmf_theme_file` WHERE  `theme` = 'simpleboot3'  AND (  `is_public` = 1 OR `file` = 'portal/quote' ) ORDER BY `is_public` DESC [ RunTime:0.000347s ]
[2026-06-17T11:28:29+08:00][sql] SELECT `option_value` FROM `cmf_option` WHERE  `option_name` = 'storage' LIMIT 1 [ RunTime:0.000227s ]
[2026-06-17T11:30:28+08:00][sql] CONNECT:[ UseTime:0.002799s ] mysql:host=127.0.0.1;port=3306;dbname=newncl;charset=utf8mb4
[2026-06-17T11:30:28+08:00][sql] SHOW FULL COLUMNS FROM `cmf_option` [ RunTime:0.003111s ]
[2026-06-17T11:30:28+08:00][sql] SELECT `option_value` FROM `cmf_option` WHERE  `option_name` = 'cdn_settings' LIMIT 1 [ RunTime:0.000417s ]
[2026-06-17T11:30:28+08:00][sql] SELECT `option_value` FROM `cmf_option` WHERE  `option_name` = 'cdn_settings' LIMIT 1 [ RunTime:0.000751s ]
[2026-06-17T11:30:28+08:00][sql] SHOW FULL COLUMNS FROM `cmf_product_category` [ RunTime:0.001828s ]
[2026-06-17T11:30:28+08:00][sql] SELECT * FROM `cmf_product_category` WHERE  `parent_id` = 0 ORDER BY `list_order` ASC,`create_time` DESC [ RunTime:0.000544s ]
[2026-06-17T11:30:28+08:00][sql] SELECT * FROM `cmf_product_category` WHERE  `parent_id` IN (28,19,23,25,30,22,27) [ RunTime:0.000711s ]
[2026-06-17T11:30:28+08:00][sql] SHOW FULL COLUMNS FROM `cmf_portal_category` [ RunTime:0.001590s ]
[2026-06-17T11:30:28+08:00][sql] SELECT * FROM `cmf_portal_category` WHERE (  `type` = 8 ) AND `cmf_portal_category`.`delete_time` = '0' ORDER BY `list_order` ASC [ RunTime:0.000417s ]
[2026-06-17T11:30:28+08:00][sql] SHOW FULL COLUMNS FROM `cmf_slide_item` [ RunTime:0.001196s ]
[2026-06-17T11:30:28+08:00][sql] SELECT `title`,`description`,`image` FROM `cmf_slide_item` WHERE  `slide_id` = 5  AND `status` = 1 ORDER BY `list_order` ASC,`id` DESC LIMIT 1 [ RunTime:0.000407s ]
[2026-06-17T11:30:28+08:00][sql] SHOW FULL COLUMNS FROM `cmf_theme_file` [ RunTime:0.001540s ]
[2026-06-17T11:30:28+08:00][sql] SELECT `more`,`file`,`id` FROM `cmf_theme_file` WHERE  `theme` = 'simpleboot3'  AND (  `is_public` = 1 OR `file` = 'portal/quote' ) ORDER BY `is_public` DESC [ RunTime:0.000506s ]
[2026-06-17T11:30:28+08:00][sql] SELECT `option_value` FROM `cmf_option` WHERE  `option_name` = 'storage' LIMIT 1 [ RunTime:0.000441s ]
[2026-06-17T11:30:31+08:00][sql] CONNECT:[ UseTime:0.000835s ] mysql:host=127.0.0.1;port=3306;dbname=newncl;charset=utf8mb4
[2026-06-17T11:30:31+08:00][sql] SHOW FULL COLUMNS FROM `cmf_option` [ RunTime:0.001451s ]
[2026-06-17T11:30:31+08:00][sql] SELECT `option_value` FROM `cmf_option` WHERE  `option_name` = 'cdn_settings' LIMIT 1 [ RunTime:0.000346s ]
[2026-06-17T11:30:31+08:00][sql] SELECT `option_value` FROM `cmf_option` WHERE  `option_name` = 'cdn_settings' LIMIT 1 [ RunTime:0.000598s ]
[2026-06-17T11:30:31+08:00][sql] SHOW FULL COLUMNS FROM `cmf_product_category` [ RunTime:0.002399s ]
[2026-06-17T11:30:31+08:00][sql] SELECT * FROM `cmf_product_category` WHERE  `parent_id` = 0 ORDER BY `list_order` ASC,`create_time` DESC [ RunTime:0.000504s ]
[2026-06-17T11:30:31+08:00][sql] SELECT * FROM `cmf_product_category` WHERE  `parent_id` IN (28,19,23,25,30,22,27) [ RunTime:0.000459s ]
[2026-06-17T11:30:31+08:00][sql] SHOW FULL COLUMNS FROM `cmf_portal_category` [ RunTime:0.001404s ]
[2026-06-17T11:30:31+08:00][sql] SELECT * FROM `cmf_portal_category` WHERE (  `type` = 8 ) AND `cmf_portal_category`.`delete_time` = '0' ORDER BY `list_order` ASC [ RunTime:0.000332s ]
[2026-06-17T11:30:31+08:00][sql] SHOW FULL COLUMNS FROM `cmf_slide_item` [ RunTime:0.002260s ]
[2026-06-17T11:30:31+08:00][sql] SELECT `title`,`description`,`image`,`url`,`target`,`content` FROM `cmf_slide_item` WHERE  `slide_id` = 1 ORDER BY `list_order` ASC [ RunTime:0.000534s ]
[2026-06-17T11:30:31+08:00][sql] SHOW FULL COLUMNS FROM `cmf_slide` [ RunTime:0.001371s ]
[2026-06-17T11:30:31+08:00][sql] SELECT * FROM `cmf_slide` WHERE  `name` LIKE '%choose%' OR `name` LIKE '%选择%' LIMIT 1 [ RunTime:0.000416s ]
[2026-06-17T11:30:31+08:00][sql] SELECT `title`,`description`,`image`,`url`,`target`,`content` FROM `cmf_slide_item` WHERE  `slide_id` = 14  AND `status` = 1 ORDER BY `list_order` ASC [ RunTime:0.000524s ]
[2026-06-17T11:30:31+08:00][sql] SELECT * FROM `cmf_product_category` WHERE  `parent_id` = 0  AND `recommend` = 1 ORDER BY `list_order` ASC,`create_time` DESC [ RunTime:0.000359s ]
[2026-06-17T11:30:31+08:00][sql] SHOW FULL COLUMNS FROM `cmf_product` [ RunTime:0.001321s ]
[2026-06-17T11:30:31+08:00][sql] SELECT `id`,`title`,`thumbnail`,`industry` FROM `cmf_product` WHERE  `is_recommended` = 1  AND `category_id` = 28 ORDER BY `list_order` ASC LIMIT 6 [ RunTime:0.000393s ]
[2026-06-17T11:30:31+08:00][sql] SELECT `id`,`title`,`thumbnail`,`industry` FROM `cmf_product` WHERE  `is_recommended` = 1  AND `category_id` = 19 ORDER BY `list_order` ASC LIMIT 6 [ RunTime:0.000352s ]
[2026-06-17T11:30:31+08:00][sql] SELECT `id`,`title`,`thumbnail`,`industry` FROM `cmf_product` WHERE  `is_recommended` = 1  AND `category_id` = 23 ORDER BY `list_order` ASC LIMIT 6 [ RunTime:0.000297s ]
[2026-06-17T11:30:31+08:00][sql] SELECT `id`,`title`,`thumbnail`,`industry` FROM `cmf_product` WHERE  `is_recommended` = 1  AND `category_id` = 25 ORDER BY `list_order` ASC LIMIT 6 [ RunTime:0.000305s ]
[2026-06-17T11:30:31+08:00][sql] SELECT `id`,`title`,`thumbnail`,`industry` FROM `cmf_product` WHERE  `is_recommended` = 1  AND `category_id` = 30 ORDER BY `list_order` ASC LIMIT 6 [ RunTime:0.000260s ]
[2026-06-17T11:30:31+08:00][sql] SELECT `option_value` FROM `cmf_option` WHERE  `option_name` = 'index_setting' LIMIT 1 [ RunTime:0.000249s ]
[2026-06-17T11:30:31+08:00][sql] SELECT `option_value` FROM `cmf_option` WHERE  `option_name` = 'about_site' LIMIT 1 [ RunTime:0.000351s ]
[2026-06-17T11:30:31+08:00][sql] SHOW FULL COLUMNS FROM `cmf_portal_post` [ RunTime:0.001755s ]
[2026-06-17T11:30:31+08:00][sql] SELECT `p`.`id`,`p`.`post_title`,`p`.`post_excerpt`,`p`.`thumbnail`,`p`.`create_time`,`c`.`category_id` FROM `cmf_portal_post` `p` INNER JOIN `cmf_portal_category_post` `c` ON `p`.`id`=`c`.`post_id` WHERE (  `p`.`post_type` = '8' ) AND `p`.`delete_time` = '0' ORDER BY `c`.`list_order` ASC,`p`.`create_time` DESC [ RunTime:0.001053s ]
[2026-06-17T11:30:31+08:00][sql] SELECT `id`,`post_title`,`post_excerpt`,`more` FROM `cmf_portal_post` WHERE (  `post_type` = 3 ) AND `cmf_portal_post`.`delete_time` = '0' ORDER BY `create_time` DESC [ RunTime:0.000741s ]
[2026-06-17T11:30:31+08:00][sql] SELECT `option_value` FROM `cmf_option` WHERE  `option_name` = 'product_category_hero_settings' LIMIT 1 [ RunTime:0.000331s ]
[2026-06-17T11:30:31+08:00][sql] SHOW FULL COLUMNS FROM `cmf_theme_file` [ RunTime:0.001394s ]
[2026-06-17T11:30:31+08:00][sql] SELECT `more`,`file`,`id` FROM `cmf_theme_file` WHERE  `theme` = 'simpleboot3'  AND (  `is_public` = 1 OR `file` = 'portal/index' ) ORDER BY `is_public` DESC [ RunTime:0.000394s ]
[2026-06-17T11:30:31+08:00][sql] SELECT `option_value` FROM `cmf_option` WHERE  `option_name` = 'storage' LIMIT 1 [ RunTime:0.000699s ]
[2026-06-17T11:32:40+08:00][sql] CONNECT:[ UseTime:0.001702s ] mysql:host=127.0.0.1;port=3306;dbname=newncl;charset=utf8mb4
[2026-06-17T11:32:40+08:00][sql] SHOW FULL COLUMNS FROM `cmf_option` [ RunTime:0.002503s ]
[2026-06-17T11:32:40+08:00][sql] SELECT `option_value` FROM `cmf_option` WHERE  `option_name` = 'cdn_settings' LIMIT 1 [ RunTime:0.000335s ]
[2026-06-17T11:32:40+08:00][sql] SELECT `option_value` FROM `cmf_option` WHERE  `option_name` = 'cdn_settings' LIMIT 1 [ RunTime:0.000658s ]
[2026-06-17T11:32:40+08:00][sql] SHOW FULL COLUMNS FROM `cmf_product_category` [ RunTime:0.001727s ]
[2026-06-17T11:32:40+08:00][sql] SELECT * FROM `cmf_product_category` WHERE  `parent_id` = 0 ORDER BY `list_order` ASC,`create_time` DESC [ RunTime:0.000426s ]
[2026-06-17T11:32:40+08:00][sql] SELECT * FROM `cmf_product_category` WHERE  `parent_id` IN (28,19,23,25,30,22,27) [ RunTime:0.000349s ]
[2026-06-17T11:32:40+08:00][sql] SHOW FULL COLUMNS FROM `cmf_portal_category` [ RunTime:0.001231s ]
[2026-06-17T11:32:40+08:00][sql] SELECT * FROM `cmf_portal_category` WHERE (  `type` = 8 ) AND `cmf_portal_category`.`delete_time` = '0' ORDER BY `list_order` ASC [ RunTime:0.000354s ]
[2026-06-17T11:32:40+08:00][sql] SHOW FULL COLUMNS FROM `cmf_product` [ RunTime:0.001386s ]
[2026-06-17T11:32:40+08:00][sql] SELECT COUNT(*) AS think_count FROM `cmf_product` WHERE  `category_id` = 28 LIMIT 1 [ RunTime:0.000323s ]
[2026-06-17T11:32:40+08:00][sql] SELECT COUNT(*) AS think_count FROM `cmf_product` WHERE  `category_id` = 19 LIMIT 1 [ RunTime:0.000374s ]
[2026-06-17T11:32:40+08:00][sql] SELECT COUNT(*) AS think_count FROM `cmf_product` WHERE  `category_id` = 23 LIMIT 1 [ RunTime:0.000402s ]
[2026-06-17T11:32:40+08:00][sql] SELECT COUNT(*) AS think_count FROM `cmf_product` WHERE  `category_id` = 25 LIMIT 1 [ RunTime:0.000324s ]
[2026-06-17T11:32:40+08:00][sql] SELECT COUNT(*) AS think_count FROM `cmf_product` WHERE  `category_id` = 30 LIMIT 1 [ RunTime:0.000272s ]
[2026-06-17T11:32:40+08:00][sql] SELECT COUNT(*) AS think_count FROM `cmf_product` WHERE  `category_id` = 22 LIMIT 1 [ RunTime:0.000327s ]
[2026-06-17T11:32:40+08:00][sql] SELECT COUNT(*) AS think_count FROM `cmf_product` WHERE  `category_id` = 27 LIMIT 1 [ RunTime:0.000302s ]
[2026-06-17T11:32:40+08:00][sql] SELECT COUNT(*) AS think_count FROM `cmf_product` LIMIT 1 [ RunTime:0.000307s ]
[2026-06-17T11:32:40+08:00][sql] SELECT `id`,`category_id`,`title`,`thumbnail`,`industry`,`overview` FROM `cmf_product` ORDER BY `list_order` ASC,`create_time` DESC LIMIT 0,12 [ RunTime:0.000748s ]
[2026-06-17T11:32:40+08:00][sql] SHOW FULL COLUMNS FROM `cmf_slide_item` [ RunTime:0.001701s ]
[2026-06-17T11:32:40+08:00][sql] SELECT `title`,`description`,`image` FROM `cmf_slide_item` WHERE  `slide_id` = 2  AND `status` = 1 ORDER BY `list_order` ASC,`id` DESC LIMIT 1 [ RunTime:0.000477s ]
[2026-06-17T11:32:40+08:00][sql] SELECT `option_value` FROM `cmf_option` WHERE  `option_name` = 'storage' LIMIT 1 [ RunTime:0.000431s ]
[2026-06-17T11:32:40+08:00][sql] SELECT `option_value` FROM `cmf_option` WHERE  `option_name` = 'product_category_faq_settings' LIMIT 1 [ RunTime:0.000356s ]
[2026-06-17T11:32:40+08:00][sql] SHOW FULL COLUMNS FROM `cmf_portal_post` [ RunTime:0.001855s ]
[2026-06-17T11:32:40+08:00][sql] SELECT `id`,`post_title`,`post_excerpt`,`more` FROM `cmf_portal_post` WHERE (  `post_type` = 3 ) AND `cmf_portal_post`.`delete_time` = '0' ORDER BY `create_time` DESC [ RunTime:0.000726s ]
[2026-06-17T11:32:40+08:00][sql] SHOW FULL COLUMNS FROM `cmf_theme_file` [ RunTime:0.002817s ]
[2026-06-17T11:32:40+08:00][sql] SELECT `more`,`file`,`id` FROM `cmf_theme_file` WHERE  `theme` = 'simpleboot3'  AND (  `is_public` = 1 OR `file` = 'portal/product' ) ORDER BY `is_public` DESC [ RunTime:0.000720s ]
[2026-06-17T11:32:43+08:00][sql] CONNECT:[ UseTime:0.002843s ] mysql:host=127.0.0.1;port=3306;dbname=newncl;charset=utf8mb4
[2026-06-17T11:32:43+08:00][sql] SHOW FULL COLUMNS FROM `cmf_option` [ RunTime:0.001402s ]
[2026-06-17T11:32:43+08:00][sql] SELECT `option_value` FROM `cmf_option` WHERE  `option_name` = 'cdn_settings' LIMIT 1 [ RunTime:0.000280s ]
[2026-06-17T11:32:43+08:00][sql] SELECT `option_value` FROM `cmf_option` WHERE  `option_name` = 'cdn_settings' LIMIT 1 [ RunTime:0.000292s ]
[2026-06-17T11:32:43+08:00][sql] SHOW FULL COLUMNS FROM `cmf_product_category` [ RunTime:0.001056s ]
[2026-06-17T11:32:43+08:00][sql] SELECT * FROM `cmf_product_category` WHERE  `parent_id` = 0 ORDER BY `list_order` ASC,`create_time` DESC [ RunTime:0.000373s ]
[2026-06-17T11:32:43+08:00][sql] SELECT * FROM `cmf_product_category` WHERE  `parent_id` IN (28,19,23,25,30,22,27) [ RunTime:0.000536s ]
[2026-06-17T11:32:43+08:00][sql] SHOW FULL COLUMNS FROM `cmf_portal_category` [ RunTime:0.001741s ]
[2026-06-17T11:32:43+08:00][sql] SELECT * FROM `cmf_portal_category` WHERE (  `type` = 8 ) AND `cmf_portal_category`.`delete_time` = '0' ORDER BY `list_order` ASC [ RunTime:0.000392s ]
[2026-06-17T11:32:43+08:00][sql] SHOW FULL COLUMNS FROM `cmf_product` [ RunTime:0.001374s ]
[2026-06-17T11:32:43+08:00][sql] SELECT * FROM `cmf_product` WHERE  `id` = 209 LIMIT 1 [ RunTime:0.000634s ]
[2026-06-17T11:32:43+08:00][sql] SELECT * FROM `cmf_product_category` WHERE  `id` = 28 LIMIT 1 [ RunTime:0.000261s ]
[2026-06-17T11:32:43+08:00][sql] SELECT `option_value` FROM `cmf_option` WHERE  `option_name` = 'product_setting' LIMIT 1 [ RunTime:0.000276s ]
[2026-06-17T11:32:43+08:00][sql] SELECT `id`,`title`,`industry`,`thumbnail` FROM `cmf_product` WHERE  `id` <> 209  AND `is_recommended` = 1  AND `category_id` = 28 ORDER BY RAND() LIMIT 8 [ RunTime:0.000839s ]
[2026-06-17T11:32:43+08:00][sql] SHOW FULL COLUMNS FROM `cmf_slide_item` [ RunTime:0.001585s ]
[2026-06-17T11:32:43+08:00][sql] SELECT `title`,`description`,`image` FROM `cmf_slide_item` WHERE  `slide_id` = 2  AND `status` = 1 ORDER BY `list_order` ASC,`id` DESC LIMIT 1 [ RunTime:0.000381s ]
[2026-06-17T11:32:43+08:00][sql] SHOW FULL COLUMNS FROM `cmf_theme_file` [ RunTime:0.002356s ]
[2026-06-17T11:32:43+08:00][sql] SELECT `more`,`file`,`id` FROM `cmf_theme_file` WHERE  `theme` = 'simpleboot3'  AND (  `is_public` = 1 OR `file` = 'portal/product-info' ) ORDER BY `is_public` DESC [ RunTime:0.000427s ]
[2026-06-17T11:32:43+08:00][sql] SELECT `option_value` FROM `cmf_option` WHERE  `option_name` = 'storage' LIMIT 1 [ RunTime:0.000616s ]
[2026-06-17T11:33:45+08:00][sql] CONNECT:[ UseTime:0.001599s ] mysql:host=127.0.0.1;port=3306;dbname=newncl;charset=utf8mb4
[2026-06-17T11:33:45+08:00][sql] SHOW FULL COLUMNS FROM `cmf_option` [ RunTime:0.001355s ]
[2026-06-17T11:33:45+08:00][sql] SELECT `option_value` FROM `cmf_option` WHERE  `option_name` = 'cdn_settings' LIMIT 1 [ RunTime:0.000443s ]
[2026-06-17T11:33:45+08:00][sql] SELECT `option_value` FROM `cmf_option` WHERE  `option_name` = 'cdn_settings' LIMIT 1 [ RunTime:0.000287s ]
[2026-06-17T11:33:45+08:00][sql] SHOW FULL COLUMNS FROM `cmf_product_category` [ RunTime:0.001148s ]
[2026-06-17T11:33:45+08:00][sql] SELECT * FROM `cmf_product_category` WHERE  `parent_id` = 0 ORDER BY `list_order` ASC,`create_time` DESC [ RunTime:0.000318s ]
[2026-06-17T11:33:45+08:00][sql] SELECT * FROM `cmf_product_category` WHERE  `parent_id` IN (28,19,23,25,30,22,27) [ RunTime:0.000324s ]
[2026-06-17T11:33:45+08:00][sql] SHOW FULL COLUMNS FROM `cmf_portal_category` [ RunTime:0.001365s ]
[2026-06-17T11:33:45+08:00][sql] SELECT * FROM `cmf_portal_category` WHERE (  `type` = 8 ) AND `cmf_portal_category`.`delete_time` = '0' ORDER BY `list_order` ASC [ RunTime:0.000493s ]
[2026-06-17T11:33:45+08:00][sql] SHOW FULL COLUMNS FROM `cmf_slide_item` [ RunTime:0.001639s ]
[2026-06-17T11:33:45+08:00][sql] SELECT `title`,`description`,`image`,`url`,`target`,`content` FROM `cmf_slide_item` WHERE  `slide_id` = 1 ORDER BY `list_order` ASC [ RunTime:0.000469s ]
[2026-06-17T11:33:45+08:00][sql] SHOW FULL COLUMNS FROM `cmf_slide` [ RunTime:0.001067s ]
[2026-06-17T11:33:45+08:00][sql] SELECT * FROM `cmf_slide` WHERE  `name` LIKE '%choose%' OR `name` LIKE '%选择%' LIMIT 1 [ RunTime:0.000318s ]
[2026-06-17T11:33:45+08:00][sql] SELECT `title`,`description`,`image`,`url`,`target`,`content` FROM `cmf_slide_item` WHERE  `slide_id` = 14  AND `status` = 1 ORDER BY `list_order` ASC [ RunTime:0.000335s ]
[2026-06-17T11:33:45+08:00][sql] SELECT * FROM `cmf_product_category` WHERE  `parent_id` = 0  AND `recommend` = 1 ORDER BY `list_order` ASC,`create_time` DESC [ RunTime:0.000356s ]
[2026-06-17T11:33:45+08:00][sql] SHOW FULL COLUMNS FROM `cmf_product` [ RunTime:0.001233s ]
[2026-06-17T11:33:45+08:00][sql] SELECT `id`,`title`,`thumbnail`,`industry` FROM `cmf_product` WHERE  `is_recommended` = 1  AND `category_id` = 28 ORDER BY `list_order` ASC LIMIT 6 [ RunTime:0.000449s ]
[2026-06-17T11:33:45+08:00][sql] SELECT `id`,`title`,`thumbnail`,`industry` FROM `cmf_product` WHERE  `is_recommended` = 1  AND `category_id` = 19 ORDER BY `list_order` ASC LIMIT 6 [ RunTime:0.000393s ]
[2026-06-17T11:33:45+08:00][sql] SELECT `id`,`title`,`thumbnail`,`industry` FROM `cmf_product` WHERE  `is_recommended` = 1  AND `category_id` = 23 ORDER BY `list_order` ASC LIMIT 6 [ RunTime:0.000276s ]
[2026-06-17T11:33:45+08:00][sql] SELECT `id`,`title`,`thumbnail`,`industry` FROM `cmf_product` WHERE  `is_recommended` = 1  AND `category_id` = 25 ORDER BY `list_order` ASC LIMIT 6 [ RunTime:0.000293s ]
[2026-06-17T11:33:45+08:00][sql] SELECT `id`,`title`,`thumbnail`,`industry` FROM `cmf_product` WHERE  `is_recommended` = 1  AND `category_id` = 30 ORDER BY `list_order` ASC LIMIT 6 [ RunTime:0.000314s ]
[2026-06-17T11:33:45+08:00][sql] SHOW FULL COLUMNS FROM `cmf_portal_post` [ RunTime:0.001240s ]
[2026-06-17T11:33:45+08:00][sql] SELECT `p`.`id`,`p`.`post_title`,`p`.`post_excerpt`,`p`.`thumbnail`,`p`.`create_time`,`c`.`category_id` FROM `cmf_portal_post` `p` INNER JOIN `cmf_portal_category_post` `c` ON `p`.`id`=`c`.`post_id` WHERE (  `p`.`post_type` = '8' ) AND `p`.`delete_time` = '0' ORDER BY `c`.`list_order` ASC,`p`.`create_time` DESC [ RunTime:0.000599s ]
[2026-06-17T11:33:45+08:00][sql] SELECT `id`,`post_title`,`post_excerpt`,`more` FROM `cmf_portal_post` WHERE (  `post_type` = 3 ) AND `cmf_portal_post`.`delete_time` = '0' ORDER BY `create_time` DESC [ RunTime:0.000387s ]
[2026-06-17T11:33:45+08:00][sql] SHOW FULL COLUMNS FROM `cmf_theme_file` [ RunTime:0.001379s ]
[2026-06-17T11:33:45+08:00][sql] SELECT `more`,`file`,`id` FROM `cmf_theme_file` WHERE  `theme` = 'simpleboot3'  AND (  `is_public` = 1 OR `file` = 'portal/index' ) ORDER BY `is_public` DESC [ RunTime:0.000863s ]
[2026-06-17T11:33:45+08:00][sql] SELECT `option_value` FROM `cmf_option` WHERE  `option_name` = 'storage' LIMIT 1 [ RunTime:0.000669s ]
[2026-06-17T11:33:52+08:00][sql] CONNECT:[ UseTime:0.005292s ] mysql:host=127.0.0.1;port=3306;dbname=newncl;charset=utf8mb4
[2026-06-17T11:33:52+08:00][sql] SHOW FULL COLUMNS FROM `cmf_option` [ RunTime:0.001411s ]
[2026-06-17T11:33:52+08:00][sql] SELECT `option_value` FROM `cmf_option` WHERE  `option_name` = 'cdn_settings' LIMIT 1 [ RunTime:0.000280s ]
[2026-06-17T11:33:52+08:00][sql] SELECT `option_value` FROM `cmf_option` WHERE  `option_name` = 'cdn_settings' LIMIT 1 [ RunTime:0.000535s ]
[2026-06-17T11:33:52+08:00][sql] SHOW FULL COLUMNS FROM `cmf_product_category` [ RunTime:0.001993s ]
[2026-06-17T11:33:52+08:00][sql] SELECT * FROM `cmf_product_category` WHERE  `parent_id` = 0 ORDER BY `list_order` ASC,`create_time` DESC [ RunTime:0.000384s ]
[2026-06-17T11:33:52+08:00][sql] SELECT * FROM `cmf_product_category` WHERE  `parent_id` IN (28,19,23,25,30,22,27) [ RunTime:0.000297s ]
[2026-06-17T11:33:52+08:00][sql] SHOW FULL COLUMNS FROM `cmf_portal_category` [ RunTime:0.001579s ]
[2026-06-17T11:33:52+08:00][sql] SELECT * FROM `cmf_portal_category` WHERE (  `type` = 8 ) AND `cmf_portal_category`.`delete_time` = '0' ORDER BY `list_order` ASC [ RunTime:0.000384s ]
[2026-06-17T11:33:52+08:00][sql] SHOW FULL COLUMNS FROM `cmf_product` [ RunTime:0.001262s ]
[2026-06-17T11:33:52+08:00][sql] SELECT COUNT(*) AS think_count FROM `cmf_product` WHERE  `category_id` = 28 LIMIT 1 [ RunTime:0.000297s ]
[2026-06-17T11:33:52+08:00][sql] SELECT COUNT(*) AS think_count FROM `cmf_product` WHERE  `category_id` = 19 LIMIT 1 [ RunTime:0.000259s ]
[2026-06-17T11:33:52+08:00][sql] SELECT COUNT(*) AS think_count FROM `cmf_product` WHERE  `category_id` = 23 LIMIT 1 [ RunTime:0.000254s ]
[2026-06-17T11:33:52+08:00][sql] SELECT COUNT(*) AS think_count FROM `cmf_product` WHERE  `category_id` = 25 LIMIT 1 [ RunTime:0.000284s ]
[2026-06-17T11:33:52+08:00][sql] SELECT COUNT(*) AS think_count FROM `cmf_product` WHERE  `category_id` = 30 LIMIT 1 [ RunTime:0.000261s ]
[2026-06-17T11:33:52+08:00][sql] SELECT COUNT(*) AS think_count FROM `cmf_product` WHERE  `category_id` = 22 LIMIT 1 [ RunTime:0.000229s ]
[2026-06-17T11:33:52+08:00][sql] SELECT COUNT(*) AS think_count FROM `cmf_product` WHERE  `category_id` = 27 LIMIT 1 [ RunTime:0.000249s ]
[2026-06-17T11:33:52+08:00][sql] SELECT COUNT(*) AS think_count FROM `cmf_product` LIMIT 1 [ RunTime:0.000529s ]
[2026-06-17T11:33:52+08:00][sql] SELECT `id`,`category_id`,`title`,`thumbnail`,`industry`,`overview` FROM `cmf_product` ORDER BY `list_order` ASC,`create_time` DESC LIMIT 0,12 [ RunTime:0.000758s ]
[2026-06-17T11:33:52+08:00][sql] SHOW FULL COLUMNS FROM `cmf_slide_item` [ RunTime:0.001484s ]
[2026-06-17T11:33:52+08:00][sql] SELECT `title`,`description`,`image` FROM `cmf_slide_item` WHERE  `slide_id` = 2  AND `status` = 1 ORDER BY `list_order` ASC,`id` DESC LIMIT 1 [ RunTime:0.000414s ]
[2026-06-17T11:33:52+08:00][sql] SELECT `option_value` FROM `cmf_option` WHERE  `option_name` = 'storage' LIMIT 1 [ RunTime:0.000273s ]
[2026-06-17T11:33:52+08:00][sql] SHOW FULL COLUMNS FROM `cmf_portal_post` [ RunTime:0.001305s ]
[2026-06-17T11:33:52+08:00][sql] SELECT `id`,`post_title`,`post_excerpt`,`more` FROM `cmf_portal_post` WHERE (  `post_type` = 3 ) AND `cmf_portal_post`.`delete_time` = '0' ORDER BY `create_time` DESC [ RunTime:0.000403s ]
[2026-06-17T11:33:52+08:00][sql] SHOW FULL COLUMNS FROM `cmf_theme_file` [ RunTime:0.001032s ]
[2026-06-17T11:33:52+08:00][sql] SELECT `more`,`file`,`id` FROM `cmf_theme_file` WHERE  `theme` = 'simpleboot3'  AND (  `is_public` = 1 OR `file` = 'portal/product' ) ORDER BY `is_public` DESC [ RunTime:0.000349s ]
[2026-06-17T11:33:54+08:00][sql] CONNECT:[ UseTime:0.000860s ] mysql:host=127.0.0.1;port=3306;dbname=newncl;charset=utf8mb4
[2026-06-17T11:33:54+08:00][sql] SHOW FULL COLUMNS FROM `cmf_option` [ RunTime:0.002354s ]
[2026-06-17T11:33:54+08:00][sql] SELECT `option_value` FROM `cmf_option` WHERE  `option_name` = 'cdn_settings' LIMIT 1 [ RunTime:0.000611s ]
[2026-06-17T11:33:54+08:00][sql] SELECT `option_value` FROM `cmf_option` WHERE  `option_name` = 'cdn_settings' LIMIT 1 [ RunTime:0.000491s ]
[2026-06-17T11:33:54+08:00][sql] SHOW FULL COLUMNS FROM `cmf_product_category` [ RunTime:0.001361s ]
[2026-06-17T11:33:54+08:00][sql] SELECT * FROM `cmf_product_category` WHERE  `parent_id` = 0 ORDER BY `list_order` ASC,`create_time` DESC [ RunTime:0.000327s ]
[2026-06-17T11:33:54+08:00][sql] SELECT * FROM `cmf_product_category` WHERE  `parent_id` IN (28,19,23,25,30,22,27) [ RunTime:0.000372s ]
[2026-06-17T11:33:54+08:00][sql] SHOW FULL COLUMNS FROM `cmf_portal_category` [ RunTime:0.001670s ]
[2026-06-17T11:33:54+08:00][sql] SELECT * FROM `cmf_portal_category` WHERE (  `type` = 8 ) AND `cmf_portal_category`.`delete_time` = '0' ORDER BY `list_order` ASC [ RunTime:0.000685s ]
[2026-06-17T11:33:54+08:00][sql] SHOW FULL COLUMNS FROM `cmf_slide_item` [ RunTime:0.001868s ]
[2026-06-17T11:33:54+08:00][sql] SELECT `title`,`description`,`image`,`url`,`target`,`content` FROM `cmf_slide_item` WHERE  `slide_id` = 1 ORDER BY `list_order` ASC [ RunTime:0.000403s ]
[2026-06-17T11:33:54+08:00][sql] SHOW FULL COLUMNS FROM `cmf_slide` [ RunTime:0.001240s ]
[2026-06-17T11:33:54+08:00][sql] SELECT * FROM `cmf_slide` WHERE  `name` LIKE '%choose%' OR `name` LIKE '%选择%' LIMIT 1 [ RunTime:0.000327s ]
[2026-06-17T11:33:54+08:00][sql] SELECT `title`,`description`,`image`,`url`,`target`,`content` FROM `cmf_slide_item` WHERE  `slide_id` = 14  AND `status` = 1 ORDER BY `list_order` ASC [ RunTime:0.000403s ]
[2026-06-17T11:33:54+08:00][sql] SELECT * FROM `cmf_product_category` WHERE  `parent_id` = 0  AND `recommend` = 1 ORDER BY `list_order` ASC,`create_time` DESC [ RunTime:0.000412s ]
[2026-06-17T11:33:54+08:00][sql] SHOW FULL COLUMNS FROM `cmf_product` [ RunTime:0.001545s ]
[2026-06-17T11:33:54+08:00][sql] SELECT `id`,`title`,`thumbnail`,`industry` FROM `cmf_product` WHERE  `is_recommended` = 1  AND `category_id` = 28 ORDER BY `list_order` ASC LIMIT 6 [ RunTime:0.000471s ]
[2026-06-17T11:33:54+08:00][sql] SELECT `id`,`title`,`thumbnail`,`industry` FROM `cmf_product` WHERE  `is_recommended` = 1  AND `category_id` = 19 ORDER BY `list_order` ASC LIMIT 6 [ RunTime:0.000432s ]
[2026-06-17T11:33:54+08:00][sql] SELECT `id`,`title`,`thumbnail`,`industry` FROM `cmf_product` WHERE  `is_recommended` = 1  AND `category_id` = 23 ORDER BY `list_order` ASC LIMIT 6 [ RunTime:0.000313s ]
[2026-06-17T11:33:54+08:00][sql] SELECT `id`,`title`,`thumbnail`,`industry` FROM `cmf_product` WHERE  `is_recommended` = 1  AND `category_id` = 25 ORDER BY `list_order` ASC LIMIT 6 [ RunTime:0.000370s ]
[2026-06-17T11:33:54+08:00][sql] SELECT `id`,`title`,`thumbnail`,`industry` FROM `cmf_product` WHERE  `is_recommended` = 1  AND `category_id` = 30 ORDER BY `list_order` ASC LIMIT 6 [ RunTime:0.000286s ]
[2026-06-17T11:33:54+08:00][sql] SHOW FULL COLUMNS FROM `cmf_portal_post` [ RunTime:0.001753s ]
[2026-06-17T11:33:54+08:00][sql] SELECT `p`.`id`,`p`.`post_title`,`p`.`post_excerpt`,`p`.`thumbnail`,`p`.`create_time`,`c`.`category_id` FROM `cmf_portal_post` `p` INNER JOIN `cmf_portal_category_post` `c` ON `p`.`id`=`c`.`post_id` WHERE (  `p`.`post_type` = '8' ) AND `p`.`delete_time` = '0' ORDER BY `c`.`list_order` ASC,`p`.`create_time` DESC [ RunTime:0.000680s ]
[2026-06-17T11:33:54+08:00][sql] SELECT `id`,`post_title`,`post_excerpt`,`more` FROM `cmf_portal_post` WHERE (  `post_type` = 3 ) AND `cmf_portal_post`.`delete_time` = '0' ORDER BY `create_time` DESC [ RunTime:0.000430s ]
[2026-06-17T11:33:54+08:00][sql] SHOW FULL COLUMNS FROM `cmf_theme_file` [ RunTime:0.001074s ]
[2026-06-17T11:33:54+08:00][sql] SELECT `more`,`file`,`id` FROM `cmf_theme_file` WHERE  `theme` = 'simpleboot3'  AND (  `is_public` = 1 OR `file` = 'portal/index' ) ORDER BY `is_public` DESC [ RunTime:0.000380s ]
[2026-06-17T11:33:54+08:00][sql] SELECT `option_value` FROM `cmf_option` WHERE  `option_name` = 'storage' LIMIT 1 [ RunTime:0.000460s ]
[2026-06-17T11:34:41+08:00][sql] CONNECT:[ UseTime:0.001366s ] mysql:host=127.0.0.1;port=3306;dbname=newncl;charset=utf8mb4
[2026-06-17T11:34:41+08:00][sql] SHOW FULL COLUMNS FROM `cmf_option` [ RunTime:0.002690s ]
[2026-06-17T11:34:41+08:00][sql] SELECT `option_value` FROM `cmf_option` WHERE  `option_name` = 'cdn_settings' LIMIT 1 [ RunTime:0.000325s ]
[2026-06-17T11:34:41+08:00][sql] SELECT `option_value` FROM `cmf_option` WHERE  `option_name` = 'cdn_settings' LIMIT 1 [ RunTime:0.000264s ]
[2026-06-17T11:34:41+08:00][sql] SHOW FULL COLUMNS FROM `cmf_product_category` [ RunTime:0.001134s ]
[2026-06-17T11:34:41+08:00][sql] SELECT * FROM `cmf_product_category` WHERE  `parent_id` = 0 ORDER BY `list_order` ASC,`create_time` DESC [ RunTime:0.000331s ]
[2026-06-17T11:34:41+08:00][sql] SELECT * FROM `cmf_product_category` WHERE  `parent_id` IN (28,19,23,25,30,22,27) [ RunTime:0.000284s ]
[2026-06-17T11:34:41+08:00][sql] SHOW FULL COLUMNS FROM `cmf_portal_category` [ RunTime:0.001215s ]
[2026-06-17T11:34:41+08:00][sql] SELECT * FROM `cmf_portal_category` WHERE (  `type` = 8 ) AND `cmf_portal_category`.`delete_time` = '0' ORDER BY `list_order` ASC [ RunTime:0.000469s ]
[2026-06-17T11:34:41+08:00][sql] SHOW FULL COLUMNS FROM `cmf_slide_item` [ RunTime:0.001314s ]
[2026-06-17T11:34:41+08:00][sql] SELECT `title`,`description`,`image`,`url`,`target`,`content` FROM `cmf_slide_item` WHERE  `slide_id` = 1 ORDER BY `list_order` ASC [ RunTime:0.000309s ]
[2026-06-17T11:34:41+08:00][sql] SHOW FULL COLUMNS FROM `cmf_slide` [ RunTime:0.000946s ]
[2026-06-17T11:34:41+08:00][sql] SELECT * FROM `cmf_slide` WHERE  `name` LIKE '%choose%' OR `name` LIKE '%选择%' LIMIT 1 [ RunTime:0.000319s ]
[2026-06-17T11:34:41+08:00][sql] SELECT `title`,`description`,`image`,`url`,`target`,`content` FROM `cmf_slide_item` WHERE  `slide_id` = 14  AND `status` = 1 ORDER BY `list_order` ASC [ RunTime:0.000333s ]
[2026-06-17T11:34:41+08:00][sql] SELECT * FROM `cmf_product_category` WHERE  `parent_id` = 0  AND `recommend` = 1 ORDER BY `list_order` ASC,`create_time` DESC [ RunTime:0.000286s ]
[2026-06-17T11:34:41+08:00][sql] SHOW FULL COLUMNS FROM `cmf_product` [ RunTime:0.001123s ]
[2026-06-17T11:34:41+08:00][sql] SELECT `id`,`title`,`thumbnail`,`industry` FROM `cmf_product` WHERE  `is_recommended` = 1  AND `category_id` = 28 ORDER BY `list_order` ASC LIMIT 6 [ RunTime:0.000425s ]
[2026-06-17T11:34:41+08:00][sql] SELECT `id`,`title`,`thumbnail`,`industry` FROM `cmf_product` WHERE  `is_recommended` = 1  AND `category_id` = 19 ORDER BY `list_order` ASC LIMIT 6 [ RunTime:0.000314s ]
[2026-06-17T11:34:41+08:00][sql] SELECT `id`,`title`,`thumbnail`,`industry` FROM `cmf_product` WHERE  `is_recommended` = 1  AND `category_id` = 23 ORDER BY `list_order` ASC LIMIT 6 [ RunTime:0.000309s ]
[2026-06-17T11:34:41+08:00][sql] SELECT `id`,`title`,`thumbnail`,`industry` FROM `cmf_product` WHERE  `is_recommended` = 1  AND `category_id` = 25 ORDER BY `list_order` ASC LIMIT 6 [ RunTime:0.000264s ]
[2026-06-17T11:34:41+08:00][sql] SELECT `id`,`title`,`thumbnail`,`industry` FROM `cmf_product` WHERE  `is_recommended` = 1  AND `category_id` = 30 ORDER BY `list_order` ASC LIMIT 6 [ RunTime:0.000302s ]
[2026-06-17T11:34:41+08:00][sql] SHOW FULL COLUMNS FROM `cmf_portal_post` [ RunTime:0.001019s ]
[2026-06-17T11:34:41+08:00][sql] SELECT `p`.`id`,`p`.`post_title`,`p`.`post_excerpt`,`p`.`thumbnail`,`p`.`create_time`,`c`.`category_id` FROM `cmf_portal_post` `p` INNER JOIN `cmf_portal_category_post` `c` ON `p`.`id`=`c`.`post_id` WHERE (  `p`.`post_type` = '8' ) AND `p`.`delete_time` = '0' ORDER BY `c`.`list_order` ASC,`p`.`create_time` DESC [ RunTime:0.000466s ]
[2026-06-17T11:34:41+08:00][sql] SELECT `id`,`post_title`,`post_excerpt`,`more` FROM `cmf_portal_post` WHERE (  `post_type` = 3 ) AND `cmf_portal_post`.`delete_time` = '0' ORDER BY `create_time` DESC [ RunTime:0.000345s ]
[2026-06-17T11:34:41+08:00][sql] SHOW FULL COLUMNS FROM `cmf_theme_file` [ RunTime:0.001658s ]
[2026-06-17T11:34:41+08:00][sql] SELECT `more`,`file`,`id` FROM `cmf_theme_file` WHERE  `theme` = 'simpleboot3'  AND (  `is_public` = 1 OR `file` = 'portal/index' ) ORDER BY `is_public` DESC [ RunTime:0.000582s ]
[2026-06-17T11:34:41+08:00][sql] SELECT `option_value` FROM `cmf_option` WHERE  `option_name` = 'storage' LIMIT 1 [ RunTime:0.000418s ]
[2026-06-17T11:34:52+08:00][sql] CONNECT:[ UseTime:0.000822s ] mysql:host=127.0.0.1;port=3306;dbname=newncl;charset=utf8mb4
[2026-06-17T11:34:52+08:00][sql] SHOW FULL COLUMNS FROM `cmf_option` [ RunTime:0.001917s ]
[2026-06-17T11:34:52+08:00][sql] SELECT `option_value` FROM `cmf_option` WHERE  `option_name` = 'cdn_settings' LIMIT 1 [ RunTime:0.000310s ]
[2026-06-17T11:34:52+08:00][sql] SELECT `option_value` FROM `cmf_option` WHERE  `option_name` = 'cdn_settings' LIMIT 1 [ RunTime:0.000420s ]
[2026-06-17T11:34:52+08:00][sql] SHOW FULL COLUMNS FROM `cmf_product_category` [ RunTime:0.001233s ]
[2026-06-17T11:34:52+08:00][sql] SELECT * FROM `cmf_product_category` WHERE  `parent_id` = 0 ORDER BY `list_order` ASC,`create_time` DESC [ RunTime:0.000334s ]
[2026-06-17T11:34:52+08:00][sql] SELECT * FROM `cmf_product_category` WHERE  `parent_id` IN (28,19,23,25,30,22,27) [ RunTime:0.000352s ]
[2026-06-17T11:34:52+08:00][sql] SHOW FULL COLUMNS FROM `cmf_portal_category` [ RunTime:0.001051s ]
[2026-06-17T11:34:52+08:00][sql] SELECT * FROM `cmf_portal_category` WHERE (  `type` = 8 ) AND `cmf_portal_category`.`delete_time` = '0' ORDER BY `list_order` ASC [ RunTime:0.000336s ]
[2026-06-17T11:34:52+08:00][sql] SHOW FULL COLUMNS FROM `cmf_slide_item` [ RunTime:0.001004s ]
[2026-06-17T11:34:52+08:00][sql] SELECT `title`,`description`,`image` FROM `cmf_slide_item` WHERE  `slide_id` = 5  AND `status` = 1 ORDER BY `list_order` ASC,`id` DESC LIMIT 1 [ RunTime:0.000433s ]
[2026-06-17T11:34:52+08:00][sql] SHOW FULL COLUMNS FROM `cmf_theme_file` [ RunTime:0.001891s ]
[2026-06-17T11:34:52+08:00][sql] SELECT `more`,`file`,`id` FROM `cmf_theme_file` WHERE  `theme` = 'simpleboot3'  AND (  `is_public` = 1 OR `file` = 'portal/quote' ) ORDER BY `is_public` DESC [ RunTime:0.000397s ]
[2026-06-17T11:34:52+08:00][sql] SELECT `option_value` FROM `cmf_option` WHERE  `option_name` = 'storage' LIMIT 1 [ RunTime:0.000345s ]
[2026-06-17T11:35:33+08:00][sql] CONNECT:[ UseTime:0.000924s ] mysql:host=127.0.0.1;port=3306;dbname=newncl;charset=utf8mb4
[2026-06-17T11:35:33+08:00][sql] SHOW FULL COLUMNS FROM `cmf_option` [ RunTime:0.001247s ]
[2026-06-17T11:35:33+08:00][sql] SELECT `option_value` FROM `cmf_option` WHERE  `option_name` = 'cdn_settings' LIMIT 1 [ RunTime:0.000266s ]
[2026-06-17T11:35:33+08:00][sql] SELECT `option_value` FROM `cmf_option` WHERE  `option_name` = 'cdn_settings' LIMIT 1 [ RunTime:0.000330s ]
[2026-06-17T11:35:33+08:00][sql] SHOW FULL COLUMNS FROM `cmf_product_category` [ RunTime:0.000995s ]
[2026-06-17T11:35:33+08:00][sql] SELECT * FROM `cmf_product_category` WHERE  `parent_id` = 0 ORDER BY `list_order` ASC,`create_time` DESC [ RunTime:0.000317s ]
[2026-06-17T11:35:33+08:00][sql] SELECT * FROM `cmf_product_category` WHERE  `parent_id` IN (28,19,23,25,30,22,27) [ RunTime:0.000543s ]
[2026-06-17T11:35:33+08:00][sql] SHOW FULL COLUMNS FROM `cmf_portal_category` [ RunTime:0.001180s ]
[2026-06-17T11:35:33+08:00][sql] SELECT * FROM `cmf_portal_category` WHERE (  `type` = 8 ) AND `cmf_portal_category`.`delete_time` = '0' ORDER BY `list_order` ASC [ RunTime:0.000416s ]
[2026-06-17T11:35:33+08:00][sql] SHOW FULL COLUMNS FROM `cmf_slide_item` [ RunTime:0.000828s ]
[2026-06-17T11:35:33+08:00][sql] SELECT `title`,`description`,`image`,`url`,`target`,`content` FROM `cmf_slide_item` WHERE  `slide_id` = 1 ORDER BY `list_order` ASC [ RunTime:0.000290s ]
[2026-06-17T11:35:33+08:00][sql] SHOW FULL COLUMNS FROM `cmf_slide` [ RunTime:0.000715s ]
[2026-06-17T11:35:33+08:00][sql] SELECT * FROM `cmf_slide` WHERE  `name` LIKE '%choose%' OR `name` LIKE '%选择%' LIMIT 1 [ RunTime:0.001422s ]
[2026-06-17T11:35:33+08:00][sql] SELECT `title`,`description`,`image`,`url`,`target`,`content` FROM `cmf_slide_item` WHERE  `slide_id` = 14  AND `status` = 1 ORDER BY `list_order` ASC [ RunTime:0.000280s ]
[2026-06-17T11:35:33+08:00][sql] SELECT * FROM `cmf_product_category` WHERE  `parent_id` = 0  AND `recommend` = 1 ORDER BY `list_order` ASC,`create_time` DESC [ RunTime:0.000348s ]
[2026-06-17T11:35:33+08:00][sql] SHOW FULL COLUMNS FROM `cmf_product` [ RunTime:0.001186s ]
[2026-06-17T11:35:33+08:00][sql] SELECT `id`,`title`,`thumbnail`,`industry` FROM `cmf_product` WHERE  `is_recommended` = 1  AND `category_id` = 28 ORDER BY `list_order` ASC LIMIT 6 [ RunTime:0.000319s ]
[2026-06-17T11:35:33+08:00][sql] SELECT `id`,`title`,`thumbnail`,`industry` FROM `cmf_product` WHERE  `is_recommended` = 1  AND `category_id` = 19 ORDER BY `list_order` ASC LIMIT 6 [ RunTime:0.000261s ]
[2026-06-17T11:35:33+08:00][sql] SELECT `id`,`title`,`thumbnail`,`industry` FROM `cmf_product` WHERE  `is_recommended` = 1  AND `category_id` = 23 ORDER BY `list_order` ASC LIMIT 6 [ RunTime:0.000217s ]
[2026-06-17T11:35:33+08:00][sql] SELECT `id`,`title`,`thumbnail`,`industry` FROM `cmf_product` WHERE  `is_recommended` = 1  AND `category_id` = 25 ORDER BY `list_order` ASC LIMIT 6 [ RunTime:0.000301s ]
[2026-06-17T11:35:33+08:00][sql] SELECT `id`,`title`,`thumbnail`,`industry` FROM `cmf_product` WHERE  `is_recommended` = 1  AND `category_id` = 30 ORDER BY `list_order` ASC LIMIT 6 [ RunTime:0.000223s ]
[2026-06-17T11:35:33+08:00][sql] SHOW FULL COLUMNS FROM `cmf_portal_post` [ RunTime:0.000855s ]
[2026-06-17T11:35:33+08:00][sql] SELECT `p`.`id`,`p`.`post_title`,`p`.`post_excerpt`,`p`.`thumbnail`,`p`.`create_time`,`c`.`category_id` FROM `cmf_portal_post` `p` INNER JOIN `cmf_portal_category_post` `c` ON `p`.`id`=`c`.`post_id` WHERE (  `p`.`post_type` = '8' ) AND `p`.`delete_time` = '0' ORDER BY `c`.`list_order` ASC,`p`.`create_time` DESC [ RunTime:0.000540s ]
[2026-06-17T11:35:33+08:00][sql] SELECT `id`,`post_title`,`post_excerpt`,`more` FROM `cmf_portal_post` WHERE (  `post_type` = 3 ) AND `cmf_portal_post`.`delete_time` = '0' ORDER BY `create_time` DESC [ RunTime:0.000281s ]
[2026-06-17T11:35:33+08:00][sql] SHOW FULL COLUMNS FROM `cmf_theme_file` [ RunTime:0.001526s ]
[2026-06-17T11:35:33+08:00][sql] SELECT `more`,`file`,`id` FROM `cmf_theme_file` WHERE  `theme` = 'simpleboot3'  AND (  `is_public` = 1 OR `file` = 'portal/index' ) ORDER BY `is_public` DESC [ RunTime:0.000296s ]
[2026-06-17T11:35:33+08:00][sql] SELECT `option_value` FROM `cmf_option` WHERE  `option_name` = 'storage' LIMIT 1 [ RunTime:0.000257s ]
[2026-06-17T11:36:34+08:00][sql] CONNECT:[ UseTime:0.001012s ] mysql:host=127.0.0.1;port=3306;dbname=newncl;charset=utf8mb4
[2026-06-17T11:36:34+08:00][sql] SHOW FULL COLUMNS FROM `cmf_option` [ RunTime:0.001514s ]
[2026-06-17T11:36:34+08:00][sql] SELECT `option_value` FROM `cmf_option` WHERE  `option_name` = 'cdn_settings' LIMIT 1 [ RunTime:0.000439s ]
[2026-06-17T11:36:34+08:00][sql] SELECT `option_value` FROM `cmf_option` WHERE  `option_name` = 'cdn_settings' LIMIT 1 [ RunTime:0.000306s ]
[2026-06-17T11:36:34+08:00][sql] SHOW FULL COLUMNS FROM `cmf_product_category` [ RunTime:0.001157s ]
[2026-06-17T11:36:34+08:00][sql] SELECT * FROM `cmf_product_category` WHERE  `parent_id` = 0 ORDER BY `list_order` ASC,`create_time` DESC [ RunTime:0.000330s ]
[2026-06-17T11:36:34+08:00][sql] SELECT * FROM `cmf_product_category` WHERE  `parent_id` IN (28,19,23,25,30,22,27) [ RunTime:0.000300s ]
[2026-06-17T11:36:34+08:00][sql] SHOW FULL COLUMNS FROM `cmf_portal_category` [ RunTime:0.001328s ]
[2026-06-17T11:36:34+08:00][sql] SELECT * FROM `cmf_portal_category` WHERE (  `type` = 8 ) AND `cmf_portal_category`.`delete_time` = '0' ORDER BY `list_order` ASC [ RunTime:0.000678s ]
[2026-06-17T11:36:34+08:00][sql] SHOW FULL COLUMNS FROM `cmf_slide_item` [ RunTime:0.001265s ]
[2026-06-17T11:36:34+08:00][sql] SELECT `title`,`description`,`image` FROM `cmf_slide_item` WHERE  `slide_id` = 5  AND `status` = 1 ORDER BY `list_order` ASC,`id` DESC LIMIT 1 [ RunTime:0.000396s ]
[2026-06-17T11:36:34+08:00][sql] SHOW FULL COLUMNS FROM `cmf_theme_file` [ RunTime:0.001467s ]
[2026-06-17T11:36:34+08:00][sql] SELECT `more`,`file`,`id` FROM `cmf_theme_file` WHERE  `theme` = 'simpleboot3'  AND (  `is_public` = 1 OR `file` = 'portal/quote' ) ORDER BY `is_public` DESC [ RunTime:0.000318s ]
[2026-06-17T11:36:34+08:00][sql] SELECT `option_value` FROM `cmf_option` WHERE  `option_name` = 'storage' LIMIT 1 [ RunTime:0.000297s ]
[2026-06-17T11:38:21+08:00][sql] CONNECT:[ UseTime:0.004904s ] mysql:host=127.0.0.1;port=3306;dbname=newncl;charset=utf8mb4
[2026-06-17T11:38:21+08:00][sql] SHOW FULL COLUMNS FROM `cmf_option` [ RunTime:0.003882s ]
[2026-06-17T11:38:21+08:00][sql] SELECT `option_value` FROM `cmf_option` WHERE  `option_name` = 'cdn_settings' LIMIT 1 [ RunTime:0.000641s ]
[2026-06-17T11:38:21+08:00][sql] SELECT `option_value` FROM `cmf_option` WHERE  `option_name` = 'cdn_settings' LIMIT 1 [ RunTime:0.001228s ]
[2026-06-17T11:38:21+08:00][sql] SHOW FULL COLUMNS FROM `cmf_product_category` [ RunTime:0.002750s ]
[2026-06-17T11:38:21+08:00][sql] SELECT * FROM `cmf_product_category` WHERE  `parent_id` = 0 ORDER BY `list_order` ASC,`create_time` DESC [ RunTime:0.000747s ]
[2026-06-17T11:38:21+08:00][sql] SELECT * FROM `cmf_product_category` WHERE  `parent_id` IN (28,19,23,25,30,22,27) [ RunTime:0.001613s ]
[2026-06-17T11:38:21+08:00][sql] SHOW FULL COLUMNS FROM `cmf_portal_category` [ RunTime:0.003299s ]
[2026-06-17T11:38:21+08:00][sql] SELECT * FROM `cmf_portal_category` WHERE (  `type` = 8 ) AND `cmf_portal_category`.`delete_time` = '0' ORDER BY `list_order` ASC [ RunTime:0.001090s ]
[2026-06-17T11:38:21+08:00][sql] SHOW FULL COLUMNS FROM `cmf_product` [ RunTime:0.003431s ]
[2026-06-17T11:38:21+08:00][sql] SELECT COUNT(*) AS think_count FROM `cmf_product` WHERE  `category_id` = 28 LIMIT 1 [ RunTime:0.000895s ]
[2026-06-17T11:38:21+08:00][sql] SELECT COUNT(*) AS think_count FROM `cmf_product` WHERE  `category_id` = 19 LIMIT 1 [ RunTime:0.000440s ]
[2026-06-17T11:38:21+08:00][sql] SELECT COUNT(*) AS think_count FROM `cmf_product` WHERE  `category_id` = 23 LIMIT 1 [ RunTime:0.000340s ]
[2026-06-17T11:38:21+08:00][sql] SELECT COUNT(*) AS think_count FROM `cmf_product` WHERE  `category_id` = 25 LIMIT 1 [ RunTime:0.000284s ]
[2026-06-17T11:38:21+08:00][sql] SELECT COUNT(*) AS think_count FROM `cmf_product` WHERE  `category_id` = 30 LIMIT 1 [ RunTime:0.000483s ]
[2026-06-17T11:38:21+08:00][sql] SELECT COUNT(*) AS think_count FROM `cmf_product` WHERE  `category_id` = 22 LIMIT 1 [ RunTime:0.000271s ]
[2026-06-17T11:38:21+08:00][sql] SELECT COUNT(*) AS think_count FROM `cmf_product` WHERE  `category_id` = 27 LIMIT 1 [ RunTime:0.000247s ]
[2026-06-17T11:38:21+08:00][sql] SELECT COUNT(*) AS think_count FROM `cmf_product` LIMIT 1 [ RunTime:0.000209s ]
[2026-06-17T11:38:21+08:00][sql] SELECT `id`,`category_id`,`title`,`thumbnail`,`industry`,`overview` FROM `cmf_product` ORDER BY `list_order` ASC,`create_time` DESC LIMIT 0,12 [ RunTime:0.000992s ]
[2026-06-17T11:38:21+08:00][sql] SHOW FULL COLUMNS FROM `cmf_slide_item` [ RunTime:0.004232s ]
[2026-06-17T11:38:21+08:00][sql] SELECT `title`,`description`,`image` FROM `cmf_slide_item` WHERE  `slide_id` = 2  AND `status` = 1 ORDER BY `list_order` ASC,`id` DESC LIMIT 1 [ RunTime:0.001016s ]
[2026-06-17T11:38:21+08:00][sql] SELECT `option_value` FROM `cmf_option` WHERE  `option_name` = 'storage' LIMIT 1 [ RunTime:0.000560s ]
[2026-06-17T11:38:21+08:00][sql] SHOW FULL COLUMNS FROM `cmf_portal_post` [ RunTime:0.003202s ]
[2026-06-17T11:38:21+08:00][sql] SELECT `id`,`post_title`,`post_excerpt`,`more` FROM `cmf_portal_post` WHERE (  `post_type` = 3 ) AND `cmf_portal_post`.`delete_time` = '0' ORDER BY `create_time` DESC [ RunTime:0.001079s ]
[2026-06-17T11:38:21+08:00][sql] SHOW FULL COLUMNS FROM `cmf_theme_file` [ RunTime:0.006307s ]
[2026-06-17T11:38:21+08:00][sql] SELECT `more`,`file`,`id` FROM `cmf_theme_file` WHERE  `theme` = 'simpleboot3'  AND (  `is_public` = 1 OR `file` = 'portal/product' ) ORDER BY `is_public` DESC [ RunTime:0.001148s ]
[2026-06-17T14:04:35+08:00][sql] CONNECT:[ UseTime:0.003004s ] mysql:host=127.0.0.1;port=3306;dbname=newncl;charset=utf8mb4
[2026-06-17T14:04:35+08:00][sql] SHOW FULL COLUMNS FROM `cmf_hook` [ RunTime:0.002696s ]
[2026-06-17T14:04:35+08:00][sql] SELECT `hook`,`id` FROM `cmf_hook` WHERE  (  (  `app` = '' OR `app` = 'cmf' )  AND `type` = 3 ) OR `type` = 1 [ RunTime:0.000559s ]
[2026-06-17T14:04:35+08:00][sql] SHOW FULL COLUMNS FROM `cmf_hook_plugin` [ RunTime:0.001058s ]
[2026-06-17T14:04:35+08:00][sql] SELECT `hook`,`plugin` FROM `cmf_hook_plugin` WHERE  `status` = 1  AND `hook` IN ('app_begin','module_init','action_begin','view_filter','app_end','log_write','response_end','admin_init','home_init','send_mobile_verification_code','body_start','before_head_end','footer_start','before_footer','before_footer_end','before_body_end','left_sidebar_start','before_left_sidebar_end','right_sidebar_start','before_right_sidebar_end','comment','guestbook','switch_theme','after_content','before_content','log_write_done','switch_admin_theme','captcha_image','user_login_start') ORDER BY `list_order` ASC [ RunTime:0.000393s ]
[2026-06-17T14:04:35+08:00][sql] SELECT `hook` FROM `cmf_hook` WHERE  `app` = 'portal' [ RunTime:0.000816s ]
[2026-06-17T14:04:35+08:00][sql] SELECT `hook`,`plugin` FROM `cmf_hook_plugin` WHERE  `status` = 1  AND `hook` IN ('portal_before_assign_article','portal_admin_after_save_article','portal_admin_article_index_view','portal_admin_article_add_view','portal_admin_article_edit_view','portal_admin_category_index_view','portal_admin_category_add_view','portal_admin_category_edit_view','portal_admin_page_index_view','portal_admin_page_add_view','portal_admin_page_edit_view','portal_admin_tag_index_view','portal_admin_article_edit_view_right_sidebar','portal_admin_article_edit_view_main') ORDER BY `list_order` ASC [ RunTime:0.000496s ]
[2026-06-17T14:04:35+08:00][sql] SHOW FULL COLUMNS FROM `cmf_plugin` [ RunTime:0.001696s ]
[2026-06-17T14:04:35+08:00][sql] SELECT `config` FROM `cmf_plugin` WHERE  `name` = 'SwitchTheme' LIMIT 1 [ RunTime:0.000556s ]
[2026-06-17T14:04:35+08:00][sql] SHOW FULL COLUMNS FROM `cmf_option` [ RunTime:0.002952s ]
[2026-06-17T14:04:35+08:00][sql] SELECT `option_value` FROM `cmf_option` WHERE  `option_name` = 'cdn_settings' LIMIT 1 [ RunTime:0.000577s ]
[2026-06-17T14:04:35+08:00][sql] SELECT `option_value` FROM `cmf_option` WHERE  `option_name` = 'cdn_settings' LIMIT 1 [ RunTime:0.000466s ]
[2026-06-17T14:04:35+08:00][sql] SHOW FULL COLUMNS FROM `cmf_product_category` [ RunTime:0.001215s ]
[2026-06-17T14:04:35+08:00][sql] SELECT * FROM `cmf_product_category` WHERE  `parent_id` = 0 ORDER BY `list_order` ASC,`create_time` DESC [ RunTime:0.000553s ]
[2026-06-17T14:04:35+08:00][sql] SELECT * FROM `cmf_product_category` WHERE  `parent_id` IN (28,19,23,25,30,22,27) [ RunTime:0.000681s ]
[2026-06-17T14:04:35+08:00][sql] SHOW FULL COLUMNS FROM `cmf_portal_category` [ RunTime:0.001602s ]
[2026-06-17T14:04:35+08:00][sql] SELECT * FROM `cmf_portal_category` WHERE (  `type` = 8 ) AND `cmf_portal_category`.`delete_time` = '0' ORDER BY `list_order` ASC [ RunTime:0.000422s ]
[2026-06-17T14:04:35+08:00][sql] SELECT `option_value` FROM `cmf_option` WHERE  `option_name` = 'site_info' LIMIT 1 [ RunTime:0.000274s ]
[2026-06-17T14:04:35+08:00][sql] SELECT `option_value` FROM `cmf_option` WHERE  `option_name` = 'product_category_hero_settings' LIMIT 1 [ RunTime:0.000417s ]
[2026-06-17T14:04:35+08:00][sql] SHOW FULL COLUMNS FROM `cmf_product` [ RunTime:0.001619s ]
[2026-06-17T14:04:35+08:00][sql] SELECT COUNT(*) AS think_count FROM `cmf_product` WHERE  `category_id` = 28 LIMIT 1 [ RunTime:0.001594s ]
[2026-06-17T14:04:35+08:00][sql] SELECT COUNT(*) AS think_count FROM `cmf_product` WHERE  `category_id` = 19 LIMIT 1 [ RunTime:0.000357s ]
[2026-06-17T14:04:35+08:00][sql] SELECT COUNT(*) AS think_count FROM `cmf_product` WHERE  `category_id` = 23 LIMIT 1 [ RunTime:0.000287s ]
[2026-06-17T14:04:35+08:00][sql] SELECT COUNT(*) AS think_count FROM `cmf_product` WHERE  `category_id` = 25 LIMIT 1 [ RunTime:0.000290s ]
[2026-06-17T14:04:35+08:00][sql] SELECT COUNT(*) AS think_count FROM `cmf_product` WHERE  `category_id` = 30 LIMIT 1 [ RunTime:0.000280s ]
[2026-06-17T14:04:35+08:00][sql] SELECT COUNT(*) AS think_count FROM `cmf_product` WHERE  `category_id` = 22 LIMIT 1 [ RunTime:0.000245s ]
[2026-06-17T14:04:35+08:00][sql] SELECT COUNT(*) AS think_count FROM `cmf_product` WHERE  `category_id` = 27 LIMIT 1 [ RunTime:0.000279s ]
[2026-06-17T14:04:35+08:00][sql] SELECT COUNT(*) AS think_count FROM `cmf_product` LIMIT 1 [ RunTime:0.000249s ]
[2026-06-17T14:04:35+08:00][sql] SELECT `id`,`category_id`,`title`,`thumbnail`,`industry`,`overview` FROM `cmf_product` ORDER BY `list_order` ASC,`create_time` DESC LIMIT 0,12 [ RunTime:0.001041s ]
[2026-06-17T14:04:35+08:00][sql] SHOW FULL COLUMNS FROM `cmf_slide_item` [ RunTime:0.001254s ]
[2026-06-17T14:04:35+08:00][sql] SELECT `title`,`description`,`image` FROM `cmf_slide_item` WHERE  `slide_id` = 2  AND `status` = 1 ORDER BY `list_order` ASC,`id` DESC LIMIT 1 [ RunTime:0.000387s ]
[2026-06-17T14:04:35+08:00][sql] SELECT `option_value` FROM `cmf_option` WHERE  `option_name` = 'storage' LIMIT 1 [ RunTime:0.000239s ]
[2026-06-17T14:04:35+08:00][sql] SELECT `option_value` FROM `cmf_option` WHERE  `option_name` = 'product_category_faq_settings' LIMIT 1 [ RunTime:0.000323s ]
[2026-06-17T14:04:35+08:00][sql] SHOW FULL COLUMNS FROM `cmf_portal_post` [ RunTime:0.001269s ]
[2026-06-17T14:04:35+08:00][sql] SELECT `id`,`post_title`,`post_excerpt`,`more` FROM `cmf_portal_post` WHERE (  `post_type` = 3 ) AND `cmf_portal_post`.`delete_time` = '0' ORDER BY `create_time` DESC [ RunTime:0.001425s ]
[2026-06-17T14:04:35+08:00][sql] SHOW FULL COLUMNS FROM `cmf_theme_file` [ RunTime:0.002395s ]
[2026-06-17T14:04:35+08:00][sql] SELECT `more`,`file`,`id` FROM `cmf_theme_file` WHERE  `theme` = 'simpleboot3'  AND (  `is_public` = 1 OR `file` = 'portal/product' ) ORDER BY `is_public` DESC [ RunTime:0.000699s ]
[2026-06-17T14:04:35+08:00][sql] SHOW FULL COLUMNS FROM `cmf_route` [ RunTime:0.003118s ]
[2026-06-17T14:04:35+08:00][sql] SELECT * FROM `cmf_route` WHERE  `status` = 1 ORDER BY `list_order` ASC [ RunTime:0.001613s ]
[2026-06-17T14:04:37+08:00][sql] CONNECT:[ UseTime:0.002859s ] mysql:host=127.0.0.1;port=3306;dbname=newncl;charset=utf8mb4
[2026-06-17T14:04:37+08:00][sql] SHOW FULL COLUMNS FROM `cmf_option` [ RunTime:0.004565s ]
[2026-06-17T14:04:37+08:00][sql] SELECT `option_value` FROM `cmf_option` WHERE  `option_name` = 'cdn_settings' LIMIT 1 [ RunTime:0.000341s ]
[2026-06-17T14:04:37+08:00][sql] SELECT `option_value` FROM `cmf_option` WHERE  `option_name` = 'cdn_settings' LIMIT 1 [ RunTime:0.000360s ]
[2026-06-17T14:04:37+08:00][sql] SHOW FULL COLUMNS FROM `cmf_product_category` [ RunTime:0.001279s ]
[2026-06-17T14:04:37+08:00][sql] SELECT * FROM `cmf_product_category` WHERE  `parent_id` = 0 ORDER BY `list_order` ASC,`create_time` DESC [ RunTime:0.000426s ]
[2026-06-17T14:04:37+08:00][sql] SELECT * FROM `cmf_product_category` WHERE  `parent_id` IN (28,19,23,25,30,22,27) [ RunTime:0.000526s ]
[2026-06-17T14:04:37+08:00][sql] SHOW FULL COLUMNS FROM `cmf_portal_category` [ RunTime:0.001197s ]
[2026-06-17T14:04:37+08:00][sql] SELECT * FROM `cmf_portal_category` WHERE (  `type` = 8 ) AND `cmf_portal_category`.`delete_time` = '0' ORDER BY `list_order` ASC [ RunTime:0.000363s ]
[2026-06-17T14:04:37+08:00][sql] SHOW FULL COLUMNS FROM `cmf_slide_item` [ RunTime:0.001138s ]
[2026-06-17T14:04:37+08:00][sql] SELECT `title`,`description`,`image`,`url`,`target`,`content` FROM `cmf_slide_item` WHERE  `slide_id` = 1 ORDER BY `list_order` ASC [ RunTime:0.000919s ]
[2026-06-17T14:04:37+08:00][sql] SHOW FULL COLUMNS FROM `cmf_slide` [ RunTime:0.000971s ]
[2026-06-17T14:04:37+08:00][sql] SELECT * FROM `cmf_slide` WHERE  `name` LIKE '%choose%' OR `name` LIKE '%选择%' LIMIT 1 [ RunTime:0.000972s ]
[2026-06-17T14:04:37+08:00][sql] SELECT `title`,`description`,`image`,`url`,`target`,`content` FROM `cmf_slide_item` WHERE  `slide_id` = 14  AND `status` = 1 ORDER BY `list_order` ASC [ RunTime:0.000335s ]
[2026-06-17T14:04:37+08:00][sql] SELECT * FROM `cmf_product_category` WHERE  `parent_id` = 0  AND `recommend` = 1 ORDER BY `list_order` ASC,`create_time` DESC [ RunTime:0.000342s ]
[2026-06-17T14:04:37+08:00][sql] SHOW FULL COLUMNS FROM `cmf_product` [ RunTime:0.001170s ]
[2026-06-17T14:04:37+08:00][sql] SELECT `id`,`title`,`thumbnail`,`industry` FROM `cmf_product` WHERE  `is_recommended` = 1  AND `category_id` = 28 ORDER BY `list_order` ASC LIMIT 6 [ RunTime:0.000385s ]
[2026-06-17T14:04:37+08:00][sql] SELECT `id`,`title`,`thumbnail`,`industry` FROM `cmf_product` WHERE  `is_recommended` = 1  AND `category_id` = 19 ORDER BY `list_order` ASC LIMIT 6 [ RunTime:0.000365s ]
[2026-06-17T14:04:37+08:00][sql] SELECT `id`,`title`,`thumbnail`,`industry` FROM `cmf_product` WHERE  `is_recommended` = 1  AND `category_id` = 23 ORDER BY `list_order` ASC LIMIT 6 [ RunTime:0.000296s ]
[2026-06-17T14:04:37+08:00][sql] SELECT `id`,`title`,`thumbnail`,`industry` FROM `cmf_product` WHERE  `is_recommended` = 1  AND `category_id` = 25 ORDER BY `list_order` ASC LIMIT 6 [ RunTime:0.000985s ]
[2026-06-17T14:04:37+08:00][sql] SELECT `id`,`title`,`thumbnail`,`industry` FROM `cmf_product` WHERE  `is_recommended` = 1  AND `category_id` = 30 ORDER BY `list_order` ASC LIMIT 6 [ RunTime:0.000367s ]
[2026-06-17T14:04:37+08:00][sql] SELECT `option_value` FROM `cmf_option` WHERE  `option_name` = 'index_setting' LIMIT 1 [ RunTime:0.000325s ]
[2026-06-17T14:04:37+08:00][sql] SELECT `option_value` FROM `cmf_option` WHERE  `option_name` = 'about_site' LIMIT 1 [ RunTime:0.000362s ]
[2026-06-17T14:04:37+08:00][sql] SHOW FULL COLUMNS FROM `cmf_portal_post` [ RunTime:0.001530s ]
[2026-06-17T14:04:37+08:00][sql] SELECT `p`.`id`,`p`.`post_title`,`p`.`post_excerpt`,`p`.`thumbnail`,`p`.`create_time`,`c`.`category_id` FROM `cmf_portal_post` `p` INNER JOIN `cmf_portal_category_post` `c` ON `p`.`id`=`c`.`post_id` WHERE (  `p`.`post_type` = '8' ) AND `p`.`delete_time` = '0' ORDER BY `c`.`list_order` ASC,`p`.`create_time` DESC [ RunTime:0.001503s ]
[2026-06-17T14:04:37+08:00][sql] SELECT `id`,`post_title`,`post_excerpt`,`more` FROM `cmf_portal_post` WHERE (  `post_type` = 3 ) AND `cmf_portal_post`.`delete_time` = '0' ORDER BY `create_time` DESC [ RunTime:0.000414s ]
[2026-06-17T14:04:37+08:00][sql] SHOW FULL COLUMNS FROM `cmf_theme_file` [ RunTime:0.001336s ]
[2026-06-17T14:04:37+08:00][sql] SELECT `more`,`file`,`id` FROM `cmf_theme_file` WHERE  `theme` = 'simpleboot3'  AND (  `is_public` = 1 OR `file` = 'portal/index' ) ORDER BY `is_public` DESC [ RunTime:0.000391s ]
[2026-06-17T14:04:37+08:00][sql] SELECT `option_value` FROM `cmf_option` WHERE  `option_name` = 'storage' LIMIT 1 [ RunTime:0.000476s ]
[2026-06-17T14:04:44+08:00][sql] CONNECT:[ UseTime:0.001461s ] mysql:host=127.0.0.1;port=3306;dbname=newncl;charset=utf8mb4
[2026-06-17T14:04:44+08:00][sql] SHOW FULL COLUMNS FROM `cmf_option` [ RunTime:0.002299s ]
[2026-06-17T14:04:44+08:00][sql] SELECT `option_value` FROM `cmf_option` WHERE  `option_name` = 'cdn_settings' LIMIT 1 [ RunTime:0.000252s ]
[2026-06-17T14:04:44+08:00][sql] SELECT `option_value` FROM `cmf_option` WHERE  `option_name` = 'cdn_settings' LIMIT 1 [ RunTime:0.000303s ]
[2026-06-17T14:04:44+08:00][sql] SHOW FULL COLUMNS FROM `cmf_product_category` [ RunTime:0.001116s ]
[2026-06-17T14:04:44+08:00][sql] SELECT * FROM `cmf_product_category` WHERE  `parent_id` = 0 ORDER BY `list_order` ASC,`create_time` DESC [ RunTime:0.000321s ]
[2026-06-17T14:04:44+08:00][sql] SELECT * FROM `cmf_product_category` WHERE  `parent_id` IN (28,19,23,25,30,22,27) [ RunTime:0.000317s ]
[2026-06-17T14:04:44+08:00][sql] SHOW FULL COLUMNS FROM `cmf_portal_category` [ RunTime:0.001480s ]
[2026-06-17T14:04:44+08:00][sql] SELECT * FROM `cmf_portal_category` WHERE (  `type` = 8 ) AND `cmf_portal_category`.`delete_time` = '0' ORDER BY `list_order` ASC [ RunTime:0.000374s ]
[2026-06-17T14:04:44+08:00][sql] SHOW FULL COLUMNS FROM `cmf_slide_item` [ RunTime:0.001328s ]
[2026-06-17T14:04:44+08:00][sql] SELECT `title`,`description`,`image`,`url`,`target`,`content` FROM `cmf_slide_item` WHERE  `slide_id` = 1 ORDER BY `list_order` ASC [ RunTime:0.000405s ]
[2026-06-17T14:04:44+08:00][sql] SHOW FULL COLUMNS FROM `cmf_slide` [ RunTime:0.000949s ]
[2026-06-17T14:04:44+08:00][sql] SELECT * FROM `cmf_slide` WHERE  `name` LIKE '%choose%' OR `name` LIKE '%选择%' LIMIT 1 [ RunTime:0.000731s ]
[2026-06-17T14:04:44+08:00][sql] SELECT `title`,`description`,`image`,`url`,`target`,`content` FROM `cmf_slide_item` WHERE  `slide_id` = 14  AND `status` = 1 ORDER BY `list_order` ASC [ RunTime:0.000356s ]
[2026-06-17T14:04:44+08:00][sql] SELECT * FROM `cmf_product_category` WHERE  `parent_id` = 0  AND `recommend` = 1 ORDER BY `list_order` ASC,`create_time` DESC [ RunTime:0.000327s ]
[2026-06-17T14:04:44+08:00][sql] SHOW FULL COLUMNS FROM `cmf_product` [ RunTime:0.001185s ]
[2026-06-17T14:04:44+08:00][sql] SELECT `id`,`title`,`thumbnail`,`industry` FROM `cmf_product` WHERE  `is_recommended` = 1  AND `category_id` = 28 ORDER BY `list_order` ASC LIMIT 6 [ RunTime:0.000520s ]
[2026-06-17T14:04:44+08:00][sql] SELECT `id`,`title`,`thumbnail`,`industry` FROM `cmf_product` WHERE  `is_recommended` = 1  AND `category_id` = 19 ORDER BY `list_order` ASC LIMIT 6 [ RunTime:0.000752s ]
[2026-06-17T14:04:44+08:00][sql] SELECT `id`,`title`,`thumbnail`,`industry` FROM `cmf_product` WHERE  `is_recommended` = 1  AND `category_id` = 23 ORDER BY `list_order` ASC LIMIT 6 [ RunTime:0.000281s ]
[2026-06-17T14:04:44+08:00][sql] SELECT `id`,`title`,`thumbnail`,`industry` FROM `cmf_product` WHERE  `is_recommended` = 1  AND `category_id` = 25 ORDER BY `list_order` ASC LIMIT 6 [ RunTime:0.000319s ]
[2026-06-17T14:04:44+08:00][sql] SELECT `id`,`title`,`thumbnail`,`industry` FROM `cmf_product` WHERE  `is_recommended` = 1  AND `category_id` = 30 ORDER BY `list_order` ASC LIMIT 6 [ RunTime:0.000300s ]
[2026-06-17T14:04:44+08:00][sql] SHOW FULL COLUMNS FROM `cmf_portal_post` [ RunTime:0.001320s ]
[2026-06-17T14:04:44+08:00][sql] SELECT `p`.`id`,`p`.`post_title`,`p`.`post_excerpt`,`p`.`thumbnail`,`p`.`create_time`,`c`.`category_id` FROM `cmf_portal_post` `p` INNER JOIN `cmf_portal_category_post` `c` ON `p`.`id`=`c`.`post_id` WHERE (  `p`.`post_type` = '8' ) AND `p`.`delete_time` = '0' ORDER BY `c`.`list_order` ASC,`p`.`create_time` DESC [ RunTime:0.001334s ]
[2026-06-17T14:04:44+08:00][sql] SELECT `id`,`post_title`,`post_excerpt`,`more` FROM `cmf_portal_post` WHERE (  `post_type` = 3 ) AND `cmf_portal_post`.`delete_time` = '0' ORDER BY `create_time` DESC [ RunTime:0.000396s ]
[2026-06-17T14:04:44+08:00][sql] SHOW FULL COLUMNS FROM `cmf_theme_file` [ RunTime:0.002531s ]
[2026-06-17T14:04:44+08:00][sql] SELECT `more`,`file`,`id` FROM `cmf_theme_file` WHERE  `theme` = 'simpleboot3'  AND (  `is_public` = 1 OR `file` = 'portal/index' ) ORDER BY `is_public` DESC [ RunTime:0.000384s ]
[2026-06-17T14:04:44+08:00][sql] SELECT `option_value` FROM `cmf_option` WHERE  `option_name` = 'storage' LIMIT 1 [ RunTime:0.000286s ]
[2026-06-17T14:04:53+08:00][sql] CONNECT:[ UseTime:0.001949s ] mysql:host=127.0.0.1;port=3306;dbname=newncl;charset=utf8mb4
[2026-06-17T14:04:53+08:00][sql] SHOW FULL COLUMNS FROM `cmf_option` [ RunTime:0.002066s ]
[2026-06-17T14:04:53+08:00][sql] SELECT `option_value` FROM `cmf_option` WHERE  `option_name` = 'cdn_settings' LIMIT 1 [ RunTime:0.000295s ]
[2026-06-17T14:04:53+08:00][sql] SELECT `option_value` FROM `cmf_option` WHERE  `option_name` = 'cdn_settings' LIMIT 1 [ RunTime:0.000408s ]
[2026-06-17T14:04:53+08:00][sql] SHOW FULL COLUMNS FROM `cmf_product_category` [ RunTime:0.001918s ]
[2026-06-17T14:04:53+08:00][sql] SELECT * FROM `cmf_product_category` WHERE  `parent_id` = 0 ORDER BY `list_order` ASC,`create_time` DESC [ RunTime:0.000396s ]
[2026-06-17T14:04:53+08:00][sql] SELECT * FROM `cmf_product_category` WHERE  `parent_id` IN (28,19,23,25,30,22,27) [ RunTime:0.000290s ]
[2026-06-17T14:04:53+08:00][sql] SHOW FULL COLUMNS FROM `cmf_portal_category` [ RunTime:0.002415s ]
[2026-06-17T14:04:53+08:00][sql] SELECT * FROM `cmf_portal_category` WHERE (  `type` = 8 ) AND `cmf_portal_category`.`delete_time` = '0' ORDER BY `list_order` ASC [ RunTime:0.001072s ]
[2026-06-17T14:04:53+08:00][sql] SHOW FULL COLUMNS FROM `cmf_slide_item` [ RunTime:0.001600s ]
[2026-06-17T14:04:53+08:00][sql] SELECT `title`,`description`,`image`,`url`,`target`,`content` FROM `cmf_slide_item` WHERE  `slide_id` = 1 ORDER BY `list_order` ASC [ RunTime:0.000450s ]
[2026-06-17T14:04:53+08:00][sql] SHOW FULL COLUMNS FROM `cmf_slide` [ RunTime:0.001153s ]
[2026-06-17T14:04:53+08:00][sql] SELECT * FROM `cmf_slide` WHERE  `name` LIKE '%choose%' OR `name` LIKE '%选择%' LIMIT 1 [ RunTime:0.002771s ]
[2026-06-17T14:04:53+08:00][sql] SELECT `title`,`description`,`image`,`url`,`target`,`content` FROM `cmf_slide_item` WHERE  `slide_id` = 14  AND `status` = 1 ORDER BY `list_order` ASC [ RunTime:0.000697s ]
[2026-06-17T14:04:53+08:00][sql] SELECT * FROM `cmf_product_category` WHERE  `parent_id` = 0  AND `recommend` = 1 ORDER BY `list_order` ASC,`create_time` DESC [ RunTime:0.000797s ]
[2026-06-17T14:04:53+08:00][sql] SHOW FULL COLUMNS FROM `cmf_product` [ RunTime:0.002676s ]
[2026-06-17T14:04:53+08:00][sql] SELECT `id`,`title`,`thumbnail`,`industry` FROM `cmf_product` WHERE  `is_recommended` = 1  AND `category_id` = 28 ORDER BY `list_order` ASC LIMIT 6 [ RunTime:0.002467s ]
[2026-06-17T14:04:53+08:00][sql] SELECT `id`,`title`,`thumbnail`,`industry` FROM `cmf_product` WHERE  `is_recommended` = 1  AND `category_id` = 19 ORDER BY `list_order` ASC LIMIT 6 [ RunTime:0.000544s ]
[2026-06-17T14:04:53+08:00][sql] SELECT `id`,`title`,`thumbnail`,`industry` FROM `cmf_product` WHERE  `is_recommended` = 1  AND `category_id` = 23 ORDER BY `list_order` ASC LIMIT 6 [ RunTime:0.000340s ]
[2026-06-17T14:04:53+08:00][sql] SELECT `id`,`title`,`thumbnail`,`industry` FROM `cmf_product` WHERE  `is_recommended` = 1  AND `category_id` = 25 ORDER BY `list_order` ASC LIMIT 6 [ RunTime:0.000398s ]
[2026-06-17T14:04:53+08:00][sql] SELECT `id`,`title`,`thumbnail`,`industry` FROM `cmf_product` WHERE  `is_recommended` = 1  AND `category_id` = 30 ORDER BY `list_order` ASC LIMIT 6 [ RunTime:0.000335s ]
[2026-06-17T14:04:53+08:00][sql] SHOW FULL COLUMNS FROM `cmf_portal_post` [ RunTime:0.001701s ]
[2026-06-17T14:04:53+08:00][sql] SELECT `p`.`id`,`p`.`post_title`,`p`.`post_excerpt`,`p`.`thumbnail`,`p`.`create_time`,`c`.`category_id` FROM `cmf_portal_post` `p` INNER JOIN `cmf_portal_category_post` `c` ON `p`.`id`=`c`.`post_id` WHERE (  `p`.`post_type` = '8' ) AND `p`.`delete_time` = '0' ORDER BY `c`.`list_order` ASC,`p`.`create_time` DESC [ RunTime:0.001057s ]
[2026-06-17T14:04:53+08:00][sql] SELECT `id`,`post_title`,`post_excerpt`,`more` FROM `cmf_portal_post` WHERE (  `post_type` = 3 ) AND `cmf_portal_post`.`delete_time` = '0' ORDER BY `create_time` DESC [ RunTime:0.000467s ]
[2026-06-17T14:04:53+08:00][sql] SHOW FULL COLUMNS FROM `cmf_theme_file` [ RunTime:0.002510s ]
[2026-06-17T14:04:53+08:00][sql] SELECT `more`,`file`,`id` FROM `cmf_theme_file` WHERE  `theme` = 'simpleboot3'  AND (  `is_public` = 1 OR `file` = 'portal/index' ) ORDER BY `is_public` DESC [ RunTime:0.000824s ]
[2026-06-17T14:04:53+08:00][sql] SELECT `option_value` FROM `cmf_option` WHERE  `option_name` = 'storage' LIMIT 1 [ RunTime:0.000518s ]
[2026-06-17T14:07:43+08:00][sql] CONNECT:[ UseTime:0.001005s ] mysql:host=127.0.0.1;port=3306;dbname=newncl;charset=utf8mb4
[2026-06-17T14:07:43+08:00][sql] SHOW FULL COLUMNS FROM `cmf_hook` [ RunTime:0.002474s ]
[2026-06-17T14:07:43+08:00][sql] SELECT `hook`,`id` FROM `cmf_hook` WHERE  (  (  `app` = '' OR `app` = 'cmf' )  AND `type` = 3 ) OR `type` = 1 [ RunTime:0.002134s ]
[2026-06-17T14:07:43+08:00][sql] SHOW FULL COLUMNS FROM `cmf_hook_plugin` [ RunTime:0.001018s ]
[2026-06-17T14:07:43+08:00][sql] SELECT `hook`,`plugin` FROM `cmf_hook_plugin` WHERE  `status` = 1  AND `hook` IN ('app_begin','module_init','action_begin','view_filter','app_end','log_write','response_end','admin_init','home_init','send_mobile_verification_code','body_start','before_head_end','footer_start','before_footer','before_footer_end','before_body_end','left_sidebar_start','before_left_sidebar_end','right_sidebar_start','before_right_sidebar_end','comment','guestbook','switch_theme','after_content','before_content','log_write_done','switch_admin_theme','captcha_image','user_login_start') ORDER BY `list_order` ASC [ RunTime:0.002206s ]
[2026-06-17T14:07:43+08:00][sql] SELECT `hook` FROM `cmf_hook` WHERE  `app` = 'portal' [ RunTime:0.000896s ]
[2026-06-17T14:07:43+08:00][sql] SELECT `hook`,`plugin` FROM `cmf_hook_plugin` WHERE  `status` = 1  AND `hook` IN ('portal_before_assign_article','portal_admin_after_save_article','portal_admin_article_index_view','portal_admin_article_add_view','portal_admin_article_edit_view','portal_admin_category_index_view','portal_admin_category_add_view','portal_admin_category_edit_view','portal_admin_page_index_view','portal_admin_page_add_view','portal_admin_page_edit_view','portal_admin_tag_index_view','portal_admin_article_edit_view_right_sidebar','portal_admin_article_edit_view_main') ORDER BY `list_order` ASC [ RunTime:0.000526s ]
[2026-06-17T14:07:43+08:00][sql] SHOW FULL COLUMNS FROM `cmf_plugin` [ RunTime:0.001414s ]
[2026-06-17T14:07:43+08:00][sql] SELECT `config` FROM `cmf_plugin` WHERE  `name` = 'SwitchTheme' LIMIT 1 [ RunTime:0.000547s ]
[2026-06-17T14:07:43+08:00][sql] SHOW FULL COLUMNS FROM `cmf_option` [ RunTime:0.001840s ]
[2026-06-17T14:07:43+08:00][sql] SELECT `option_value` FROM `cmf_option` WHERE  `option_name` = 'cdn_settings' LIMIT 1 [ RunTime:0.000816s ]
[2026-06-17T14:07:43+08:00][sql] SELECT `option_value` FROM `cmf_option` WHERE  `option_name` = 'cdn_settings' LIMIT 1 [ RunTime:0.000520s ]
[2026-06-17T14:07:43+08:00][sql] SHOW FULL COLUMNS FROM `cmf_product_category` [ RunTime:0.001384s ]
[2026-06-17T14:07:43+08:00][sql] SELECT * FROM `cmf_product_category` WHERE  `parent_id` = 0 ORDER BY `list_order` ASC,`create_time` DESC [ RunTime:0.000371s ]
[2026-06-17T14:07:43+08:00][sql] SELECT * FROM `cmf_product_category` WHERE  `parent_id` IN (28,19,23,25,30,22,27) [ RunTime:0.000339s ]
[2026-06-17T14:07:43+08:00][sql] SHOW FULL COLUMNS FROM `cmf_portal_category` [ RunTime:0.001262s ]
[2026-06-17T14:07:43+08:00][sql] SELECT * FROM `cmf_portal_category` WHERE (  `type` = 8 ) AND `cmf_portal_category`.`delete_time` = '0' ORDER BY `list_order` ASC [ RunTime:0.000338s ]
[2026-06-17T14:07:43+08:00][sql] SELECT `option_value` FROM `cmf_option` WHERE  `option_name` = 'site_info' LIMIT 1 [ RunTime:0.000242s ]
[2026-06-17T14:07:43+08:00][sql] SHOW FULL COLUMNS FROM `cmf_slide_item` [ RunTime:0.003210s ]
[2026-06-17T14:07:43+08:00][sql] SELECT `title`,`description`,`image`,`url`,`target`,`content` FROM `cmf_slide_item` WHERE  `slide_id` = 1 ORDER BY `list_order` ASC [ RunTime:0.000478s ]
[2026-06-17T14:07:43+08:00][sql] SHOW FULL COLUMNS FROM `cmf_slide` [ RunTime:0.001036s ]
[2026-06-17T14:07:43+08:00][sql] SELECT * FROM `cmf_slide` WHERE  `name` LIKE '%choose%' OR `name` LIKE '%选择%' LIMIT 1 [ RunTime:0.001015s ]
[2026-06-17T14:07:43+08:00][sql] SELECT `title`,`description`,`image`,`url`,`target`,`content` FROM `cmf_slide_item` WHERE  `slide_id` = 14  AND `status` = 1 ORDER BY `list_order` ASC [ RunTime:0.000365s ]
[2026-06-17T14:07:43+08:00][sql] SELECT * FROM `cmf_product_category` WHERE  `parent_id` = 0  AND `recommend` = 1 ORDER BY `list_order` ASC,`create_time` DESC [ RunTime:0.000333s ]
[2026-06-17T14:07:43+08:00][sql] SHOW FULL COLUMNS FROM `cmf_product` [ RunTime:0.001171s ]
[2026-06-17T14:07:43+08:00][sql] SELECT `id`,`title`,`thumbnail`,`industry` FROM `cmf_product` WHERE  `is_recommended` = 1  AND `category_id` = 28 ORDER BY `list_order` ASC LIMIT 6 [ RunTime:0.000519s ]
[2026-06-17T14:07:43+08:00][sql] SELECT `id`,`title`,`thumbnail`,`industry` FROM `cmf_product` WHERE  `is_recommended` = 1  AND `category_id` = 19 ORDER BY `list_order` ASC LIMIT 6 [ RunTime:0.000384s ]
[2026-06-17T14:07:43+08:00][sql] SELECT `id`,`title`,`thumbnail`,`industry` FROM `cmf_product` WHERE  `is_recommended` = 1  AND `category_id` = 23 ORDER BY `list_order` ASC LIMIT 6 [ RunTime:0.000279s ]
[2026-06-17T14:07:43+08:00][sql] SELECT `id`,`title`,`thumbnail`,`industry` FROM `cmf_product` WHERE  `is_recommended` = 1  AND `category_id` = 25 ORDER BY `list_order` ASC LIMIT 6 [ RunTime:0.000361s ]
[2026-06-17T14:07:43+08:00][sql] SELECT `id`,`title`,`thumbnail`,`industry` FROM `cmf_product` WHERE  `is_recommended` = 1  AND `category_id` = 30 ORDER BY `list_order` ASC LIMIT 6 [ RunTime:0.000299s ]
[2026-06-17T14:07:43+08:00][sql] SELECT `option_value` FROM `cmf_option` WHERE  `option_name` = 'index_setting' LIMIT 1 [ RunTime:0.000258s ]
[2026-06-17T14:07:43+08:00][sql] SELECT `option_value` FROM `cmf_option` WHERE  `option_name` = 'about_site' LIMIT 1 [ RunTime:0.000338s ]
[2026-06-17T14:07:43+08:00][sql] SHOW FULL COLUMNS FROM `cmf_portal_post` [ RunTime:0.003743s ]
[2026-06-17T14:07:43+08:00][sql] SELECT `p`.`id`,`p`.`post_title`,`p`.`post_excerpt`,`p`.`thumbnail`,`p`.`create_time`,`c`.`category_id` FROM `cmf_portal_post` `p` INNER JOIN `cmf_portal_category_post` `c` ON `p`.`id`=`c`.`post_id` WHERE (  `p`.`post_type` = '8' ) AND `p`.`delete_time` = '0' ORDER BY `c`.`list_order` ASC,`p`.`create_time` DESC [ RunTime:0.001183s ]
[2026-06-17T14:07:43+08:00][sql] SELECT `id`,`post_title`,`post_excerpt`,`more` FROM `cmf_portal_post` WHERE (  `post_type` = 3 ) AND `cmf_portal_post`.`delete_time` = '0' ORDER BY `create_time` DESC [ RunTime:0.000450s ]
[2026-06-17T14:07:43+08:00][sql] SELECT `option_value` FROM `cmf_option` WHERE  `option_name` = 'product_category_hero_settings' LIMIT 1 [ RunTime:0.000303s ]
[2026-06-17T14:07:43+08:00][sql] SHOW FULL COLUMNS FROM `cmf_theme_file` [ RunTime:0.002154s ]
[2026-06-17T14:07:43+08:00][sql] SELECT `more`,`file`,`id` FROM `cmf_theme_file` WHERE  `theme` = 'simpleboot3'  AND (  `is_public` = 1 OR `file` = 'portal/index' ) ORDER BY `is_public` DESC [ RunTime:0.000821s ]
[2026-06-17T14:07:43+08:00][sql] SHOW FULL COLUMNS FROM `cmf_route` [ RunTime:0.001820s ]
[2026-06-17T14:07:43+08:00][sql] SELECT * FROM `cmf_route` WHERE  `status` = 1 ORDER BY `list_order` ASC [ RunTime:0.000880s ]
[2026-06-17T14:07:43+08:00][sql] SELECT `option_value` FROM `cmf_option` WHERE  `option_name` = 'storage' LIMIT 1 [ RunTime:0.000729s ]
[2026-06-17T14:08:10+08:00][sql] CONNECT:[ UseTime:0.002056s ] mysql:host=127.0.0.1;port=3306;dbname=newncl;charset=utf8mb4
[2026-06-17T14:08:10+08:00][sql] SHOW FULL COLUMNS FROM `cmf_option` [ RunTime:0.003160s ]
[2026-06-17T14:08:10+08:00][sql] SELECT `option_value` FROM `cmf_option` WHERE  `option_name` = 'cdn_settings' LIMIT 1 [ RunTime:0.000867s ]
[2026-06-17T14:08:10+08:00][sql] SELECT `option_value` FROM `cmf_option` WHERE  `option_name` = 'cdn_settings' LIMIT 1 [ RunTime:0.000378s ]
[2026-06-17T14:08:10+08:00][sql] SHOW FULL COLUMNS FROM `cmf_product_category` [ RunTime:0.001415s ]
[2026-06-17T14:08:10+08:00][sql] SELECT * FROM `cmf_product_category` WHERE  `parent_id` = 0 ORDER BY `list_order` ASC,`create_time` DESC [ RunTime:0.000570s ]
[2026-06-17T14:08:10+08:00][sql] SELECT * FROM `cmf_product_category` WHERE  `parent_id` IN (28,19,23,25,30,22,27) [ RunTime:0.000647s ]
[2026-06-17T14:08:10+08:00][sql] SHOW FULL COLUMNS FROM `cmf_portal_category` [ RunTime:0.001764s ]
[2026-06-17T14:08:10+08:00][sql] SELECT * FROM `cmf_portal_category` WHERE (  `type` = 8 ) AND `cmf_portal_category`.`delete_time` = '0' ORDER BY `list_order` ASC [ RunTime:0.000408s ]
[2026-06-17T14:08:10+08:00][sql] SHOW FULL COLUMNS FROM `cmf_slide_item` [ RunTime:0.001142s ]
[2026-06-17T14:08:10+08:00][sql] SELECT `title`,`description`,`image`,`url`,`target`,`content` FROM `cmf_slide_item` WHERE  `slide_id` = 1 ORDER BY `list_order` ASC [ RunTime:0.000417s ]
[2026-06-17T14:08:10+08:00][sql] SHOW FULL COLUMNS FROM `cmf_slide` [ RunTime:0.000886s ]
[2026-06-17T14:08:10+08:00][sql] SELECT * FROM `cmf_slide` WHERE  `name` LIKE '%choose%' OR `name` LIKE '%选择%' LIMIT 1 [ RunTime:0.000275s ]
[2026-06-17T14:08:10+08:00][sql] SELECT `title`,`description`,`image`,`url`,`target`,`content` FROM `cmf_slide_item` WHERE  `slide_id` = 14  AND `status` = 1 ORDER BY `list_order` ASC [ RunTime:0.000297s ]
[2026-06-17T14:08:10+08:00][sql] SELECT * FROM `cmf_product_category` WHERE  `parent_id` = 0  AND `recommend` = 1 ORDER BY `list_order` ASC,`create_time` DESC [ RunTime:0.000252s ]
[2026-06-17T14:08:10+08:00][sql] SHOW FULL COLUMNS FROM `cmf_product` [ RunTime:0.001208s ]
[2026-06-17T14:08:10+08:00][sql] SELECT `id`,`title`,`thumbnail`,`industry` FROM `cmf_product` WHERE  `is_recommended` = 1  AND `category_id` = 28 ORDER BY `list_order` ASC LIMIT 6 [ RunTime:0.000463s ]
[2026-06-17T14:08:10+08:00][sql] SELECT `id`,`title`,`thumbnail`,`industry` FROM `cmf_product` WHERE  `is_recommended` = 1  AND `category_id` = 19 ORDER BY `list_order` ASC LIMIT 6 [ RunTime:0.000422s ]
[2026-06-17T14:08:10+08:00][sql] SELECT `id`,`title`,`thumbnail`,`industry` FROM `cmf_product` WHERE  `is_recommended` = 1  AND `category_id` = 23 ORDER BY `list_order` ASC LIMIT 6 [ RunTime:0.000252s ]
[2026-06-17T14:08:10+08:00][sql] SELECT `id`,`title`,`thumbnail`,`industry` FROM `cmf_product` WHERE  `is_recommended` = 1  AND `category_id` = 25 ORDER BY `list_order` ASC LIMIT 6 [ RunTime:0.000290s ]
[2026-06-17T14:08:10+08:00][sql] SELECT `id`,`title`,`thumbnail`,`industry` FROM `cmf_product` WHERE  `is_recommended` = 1  AND `category_id` = 30 ORDER BY `list_order` ASC LIMIT 6 [ RunTime:0.000227s ]
[2026-06-17T14:08:10+08:00][sql] SHOW FULL COLUMNS FROM `cmf_portal_post` [ RunTime:0.001711s ]
[2026-06-17T14:08:10+08:00][sql] SELECT `p`.`id`,`p`.`post_title`,`p`.`post_excerpt`,`p`.`thumbnail`,`p`.`create_time`,`c`.`category_id` FROM `cmf_portal_post` `p` INNER JOIN `cmf_portal_category_post` `c` ON `p`.`id`=`c`.`post_id` WHERE (  `p`.`post_type` = '8' ) AND `p`.`delete_time` = '0' ORDER BY `c`.`list_order` ASC,`p`.`create_time` DESC [ RunTime:0.001089s ]
[2026-06-17T14:08:10+08:00][sql] SELECT `id`,`post_title`,`post_excerpt`,`more` FROM `cmf_portal_post` WHERE (  `post_type` = 3 ) AND `cmf_portal_post`.`delete_time` = '0' ORDER BY `create_time` DESC [ RunTime:0.000568s ]
[2026-06-17T14:08:10+08:00][sql] SHOW FULL COLUMNS FROM `cmf_theme_file` [ RunTime:0.001865s ]
[2026-06-17T14:08:10+08:00][sql] SELECT `more`,`file`,`id` FROM `cmf_theme_file` WHERE  `theme` = 'simpleboot3'  AND (  `is_public` = 1 OR `file` = 'portal/index' ) ORDER BY `is_public` DESC [ RunTime:0.000450s ]
[2026-06-17T14:08:10+08:00][sql] SELECT `option_value` FROM `cmf_option` WHERE  `option_name` = 'storage' LIMIT 1 [ RunTime:0.000851s ]
[2026-06-17T14:08:20+08:00][sql] CONNECT:[ UseTime:0.002011s ] mysql:host=127.0.0.1;port=3306;dbname=newncl;charset=utf8mb4
[2026-06-17T14:08:20+08:00][sql] SHOW FULL COLUMNS FROM `cmf_option` [ RunTime:0.002505s ]
[2026-06-17T14:08:20+08:00][sql] SELECT `option_value` FROM `cmf_option` WHERE  `option_name` = 'cdn_settings' LIMIT 1 [ RunTime:0.000769s ]
[2026-06-17T14:08:20+08:00][sql] SELECT `option_value` FROM `cmf_option` WHERE  `option_name` = 'cdn_settings' LIMIT 1 [ RunTime:0.000866s ]
[2026-06-17T14:08:20+08:00][sql] SHOW FULL COLUMNS FROM `cmf_product_category` [ RunTime:0.001955s ]
[2026-06-17T14:08:20+08:00][sql] SELECT * FROM `cmf_product_category` WHERE  `parent_id` = 0 ORDER BY `list_order` ASC,`create_time` DESC [ RunTime:0.000646s ]
[2026-06-17T14:08:20+08:00][sql] SELECT * FROM `cmf_product_category` WHERE  `parent_id` IN (28,19,23,25,30,22,27) [ RunTime:0.001353s ]
[2026-06-17T14:08:20+08:00][sql] SHOW FULL COLUMNS FROM `cmf_portal_category` [ RunTime:0.003123s ]
[2026-06-17T14:08:20+08:00][sql] SELECT * FROM `cmf_portal_category` WHERE (  `type` = 8 ) AND `cmf_portal_category`.`delete_time` = '0' ORDER BY `list_order` ASC [ RunTime:0.001621s ]
[2026-06-17T14:08:20+08:00][sql] SHOW FULL COLUMNS FROM `cmf_slide_item` [ RunTime:0.002557s ]
[2026-06-17T14:08:20+08:00][sql] SELECT `title`,`description`,`image`,`url`,`target`,`content` FROM `cmf_slide_item` WHERE  `slide_id` = 1 ORDER BY `list_order` ASC [ RunTime:0.001623s ]
[2026-06-17T14:08:20+08:00][sql] SHOW FULL COLUMNS FROM `cmf_slide` [ RunTime:0.002170s ]
[2026-06-17T14:08:20+08:00][sql] SELECT * FROM `cmf_slide` WHERE  `name` LIKE '%choose%' OR `name` LIKE '%选择%' LIMIT 1 [ RunTime:0.000792s ]
[2026-06-17T14:08:20+08:00][sql] SELECT `title`,`description`,`image`,`url`,`target`,`content` FROM `cmf_slide_item` WHERE  `slide_id` = 14  AND `status` = 1 ORDER BY `list_order` ASC [ RunTime:0.000604s ]
[2026-06-17T14:08:20+08:00][sql] SELECT * FROM `cmf_product_category` WHERE  `parent_id` = 0  AND `recommend` = 1 ORDER BY `list_order` ASC,`create_time` DESC [ RunTime:0.000403s ]
[2026-06-17T14:08:20+08:00][sql] SHOW FULL COLUMNS FROM `cmf_product` [ RunTime:0.001476s ]
[2026-06-17T14:08:20+08:00][sql] SELECT `id`,`title`,`thumbnail`,`industry` FROM `cmf_product` WHERE  `is_recommended` = 1  AND `category_id` = 28 ORDER BY `list_order` ASC LIMIT 6 [ RunTime:0.000484s ]
[2026-06-17T14:08:20+08:00][sql] SELECT `id`,`title`,`thumbnail`,`industry` FROM `cmf_product` WHERE  `is_recommended` = 1  AND `category_id` = 19 ORDER BY `list_order` ASC LIMIT 6 [ RunTime:0.000388s ]
[2026-06-17T14:08:20+08:00][sql] SELECT `id`,`title`,`thumbnail`,`industry` FROM `cmf_product` WHERE  `is_recommended` = 1  AND `category_id` = 23 ORDER BY `list_order` ASC LIMIT 6 [ RunTime:0.000303s ]
[2026-06-17T14:08:20+08:00][sql] SELECT `id`,`title`,`thumbnail`,`industry` FROM `cmf_product` WHERE  `is_recommended` = 1  AND `category_id` = 25 ORDER BY `list_order` ASC LIMIT 6 [ RunTime:0.000418s ]
[2026-06-17T14:08:20+08:00][sql] SELECT `id`,`title`,`thumbnail`,`industry` FROM `cmf_product` WHERE  `is_recommended` = 1  AND `category_id` = 30 ORDER BY `list_order` ASC LIMIT 6 [ RunTime:0.000322s ]
[2026-06-17T14:08:20+08:00][sql] SHOW FULL COLUMNS FROM `cmf_portal_post` [ RunTime:0.002078s ]
[2026-06-17T14:08:20+08:00][sql] SELECT `p`.`id`,`p`.`post_title`,`p`.`post_excerpt`,`p`.`thumbnail`,`p`.`create_time`,`c`.`category_id` FROM `cmf_portal_post` `p` INNER JOIN `cmf_portal_category_post` `c` ON `p`.`id`=`c`.`post_id` WHERE (  `p`.`post_type` = '8' ) AND `p`.`delete_time` = '0' ORDER BY `c`.`list_order` ASC,`p`.`create_time` DESC [ RunTime:0.001556s ]
[2026-06-17T14:08:20+08:00][sql] SELECT `id`,`post_title`,`post_excerpt`,`more` FROM `cmf_portal_post` WHERE (  `post_type` = 3 ) AND `cmf_portal_post`.`delete_time` = '0' ORDER BY `create_time` DESC [ RunTime:0.000671s ]
[2026-06-17T14:08:20+08:00][sql] SHOW FULL COLUMNS FROM `cmf_theme_file` [ RunTime:0.002353s ]
[2026-06-17T14:08:20+08:00][sql] SELECT `more`,`file`,`id` FROM `cmf_theme_file` WHERE  `theme` = 'simpleboot3'  AND (  `is_public` = 1 OR `file` = 'portal/index' ) ORDER BY `is_public` DESC [ RunTime:0.000670s ]
[2026-06-17T14:08:20+08:00][sql] SELECT `option_value` FROM `cmf_option` WHERE  `option_name` = 'storage' LIMIT 1 [ RunTime:0.001567s ]
[2026-06-17T14:11:50+08:00][sql] CONNECT:[ UseTime:0.001867s ] mysql:host=127.0.0.1;port=3306;dbname=newncl;charset=utf8mb4
[2026-06-17T14:11:50+08:00][sql] SHOW FULL COLUMNS FROM `cmf_option` [ RunTime:0.002729s ]
[2026-06-17T14:11:50+08:00][sql] SELECT `option_value` FROM `cmf_option` WHERE  `option_name` = 'cdn_settings' LIMIT 1 [ RunTime:0.000356s ]
[2026-06-17T14:11:50+08:00][sql] SELECT `option_value` FROM `cmf_option` WHERE  `option_name` = 'cdn_settings' LIMIT 1 [ RunTime:0.000385s ]
[2026-06-17T14:11:50+08:00][sql] SHOW FULL COLUMNS FROM `cmf_product_category` [ RunTime:0.001038s ]
[2026-06-17T14:11:50+08:00][sql] SELECT * FROM `cmf_product_category` WHERE  `parent_id` = 0 ORDER BY `list_order` ASC,`create_time` DESC [ RunTime:0.000389s ]
[2026-06-17T14:11:50+08:00][sql] SELECT * FROM `cmf_product_category` WHERE  `parent_id` IN (28,19,23,25,30,22,27) [ RunTime:0.000422s ]
[2026-06-17T14:11:50+08:00][sql] SHOW FULL COLUMNS FROM `cmf_portal_category` [ RunTime:0.001532s ]
[2026-06-17T14:11:50+08:00][sql] SELECT * FROM `cmf_portal_category` WHERE (  `type` = 8 ) AND `cmf_portal_category`.`delete_time` = '0' ORDER BY `list_order` ASC [ RunTime:0.000400s ]
[2026-06-17T14:11:50+08:00][sql] SHOW FULL COLUMNS FROM `cmf_slide_item` [ RunTime:0.001058s ]
[2026-06-17T14:11:50+08:00][sql] SELECT `title`,`description`,`image`,`url`,`target`,`content` FROM `cmf_slide_item` WHERE  `slide_id` = 1 ORDER BY `list_order` ASC [ RunTime:0.000378s ]
[2026-06-17T14:11:50+08:00][sql] SHOW FULL COLUMNS FROM `cmf_slide` [ RunTime:0.000849s ]
[2026-06-17T14:11:50+08:00][sql] SELECT * FROM `cmf_slide` WHERE  `name` LIKE '%choose%' OR `name` LIKE '%选择%' LIMIT 1 [ RunTime:0.000361s ]
[2026-06-17T14:11:50+08:00][sql] SELECT `title`,`description`,`image`,`url`,`target`,`content` FROM `cmf_slide_item` WHERE  `slide_id` = 14  AND `status` = 1 ORDER BY `list_order` ASC [ RunTime:0.000343s ]
[2026-06-17T14:11:50+08:00][sql] SELECT * FROM `cmf_product_category` WHERE  `parent_id` = 0  AND `recommend` = 1 ORDER BY `list_order` ASC,`create_time` DESC [ RunTime:0.000321s ]
[2026-06-17T14:11:50+08:00][sql] SHOW FULL COLUMNS FROM `cmf_product` [ RunTime:0.001233s ]
[2026-06-17T14:11:50+08:00][sql] SELECT `id`,`title`,`thumbnail`,`industry` FROM `cmf_product` WHERE  `is_recommended` = 1  AND `category_id` = 28 ORDER BY `list_order` ASC LIMIT 6 [ RunTime:0.000507s ]
[2026-06-17T14:11:50+08:00][sql] SELECT `id`,`title`,`thumbnail`,`industry` FROM `cmf_product` WHERE  `is_recommended` = 1  AND `category_id` = 19 ORDER BY `list_order` ASC LIMIT 6 [ RunTime:0.000354s ]
[2026-06-17T14:11:50+08:00][sql] SELECT `id`,`title`,`thumbnail`,`industry` FROM `cmf_product` WHERE  `is_recommended` = 1  AND `category_id` = 23 ORDER BY `list_order` ASC LIMIT 6 [ RunTime:0.000313s ]
[2026-06-17T14:11:50+08:00][sql] SELECT `id`,`title`,`thumbnail`,`industry` FROM `cmf_product` WHERE  `is_recommended` = 1  AND `category_id` = 25 ORDER BY `list_order` ASC LIMIT 6 [ RunTime:0.000392s ]
[2026-06-17T14:11:50+08:00][sql] SELECT `id`,`title`,`thumbnail`,`industry` FROM `cmf_product` WHERE  `is_recommended` = 1  AND `category_id` = 30 ORDER BY `list_order` ASC LIMIT 6 [ RunTime:0.000312s ]
[2026-06-17T14:11:50+08:00][sql] SHOW FULL COLUMNS FROM `cmf_portal_post` [ RunTime:0.002020s ]
[2026-06-17T14:11:50+08:00][sql] SELECT `p`.`id`,`p`.`post_title`,`p`.`post_excerpt`,`p`.`thumbnail`,`p`.`create_time`,`c`.`category_id` FROM `cmf_portal_post` `p` INNER JOIN `cmf_portal_category_post` `c` ON `p`.`id`=`c`.`post_id` WHERE (  `p`.`post_type` = '8' ) AND `p`.`delete_time` = '0' ORDER BY `c`.`list_order` ASC,`p`.`create_time` DESC [ RunTime:0.000899s ]
[2026-06-17T14:11:50+08:00][sql] SELECT `id`,`post_title`,`post_excerpt`,`more` FROM `cmf_portal_post` WHERE (  `post_type` = 3 ) AND `cmf_portal_post`.`delete_time` = '0' ORDER BY `create_time` DESC [ RunTime:0.000568s ]
[2026-06-17T14:11:50+08:00][sql] SHOW FULL COLUMNS FROM `cmf_theme_file` [ RunTime:0.001149s ]
[2026-06-17T14:11:50+08:00][sql] SELECT `more`,`file`,`id` FROM `cmf_theme_file` WHERE  `theme` = 'simpleboot3'  AND (  `is_public` = 1 OR `file` = 'portal/index' ) ORDER BY `is_public` DESC [ RunTime:0.000373s ]
[2026-06-17T14:11:50+08:00][sql] SELECT `option_value` FROM `cmf_option` WHERE  `option_name` = 'storage' LIMIT 1 [ RunTime:0.000307s ]
[2026-06-17T14:13:05+08:00][sql] CONNECT:[ UseTime:0.001079s ] mysql:host=127.0.0.1;port=3306;dbname=newncl;charset=utf8mb4
[2026-06-17T14:13:05+08:00][sql] SHOW FULL COLUMNS FROM `cmf_option` [ RunTime:0.002191s ]
[2026-06-17T14:13:05+08:00][sql] SELECT `option_value` FROM `cmf_option` WHERE  `option_name` = 'cdn_settings' LIMIT 1 [ RunTime:0.000323s ]
[2026-06-17T14:13:05+08:00][sql] SELECT `option_value` FROM `cmf_option` WHERE  `option_name` = 'cdn_settings' LIMIT 1 [ RunTime:0.000413s ]
[2026-06-17T14:13:05+08:00][sql] SHOW FULL COLUMNS FROM `cmf_product_category` [ RunTime:0.001391s ]
[2026-06-17T14:13:05+08:00][sql] SELECT * FROM `cmf_product_category` WHERE  `parent_id` = 0 ORDER BY `list_order` ASC,`create_time` DESC [ RunTime:0.000424s ]
[2026-06-17T14:13:05+08:00][sql] SELECT * FROM `cmf_product_category` WHERE  `parent_id` IN (28,19,23,25,30,22,27) [ RunTime:0.000444s ]
[2026-06-17T14:13:05+08:00][sql] SHOW FULL COLUMNS FROM `cmf_portal_category` [ RunTime:0.003103s ]
[2026-06-17T14:13:05+08:00][sql] SELECT * FROM `cmf_portal_category` WHERE (  `type` = 8 ) AND `cmf_portal_category`.`delete_time` = '0' ORDER BY `list_order` ASC [ RunTime:0.000859s ]
[2026-06-17T14:13:05+08:00][sql] SHOW FULL COLUMNS FROM `cmf_slide_item` [ RunTime:0.001401s ]
[2026-06-17T14:13:05+08:00][sql] SELECT `title`,`description`,`image`,`url`,`target`,`content` FROM `cmf_slide_item` WHERE  `slide_id` = 1 ORDER BY `list_order` ASC [ RunTime:0.000358s ]
[2026-06-17T14:13:05+08:00][sql] SHOW FULL COLUMNS FROM `cmf_slide` [ RunTime:0.001004s ]
[2026-06-17T14:13:05+08:00][sql] SELECT * FROM `cmf_slide` WHERE  `name` LIKE '%choose%' OR `name` LIKE '%选择%' LIMIT 1 [ RunTime:0.000316s ]
[2026-06-17T14:13:05+08:00][sql] SELECT `title`,`description`,`image`,`url`,`target`,`content` FROM `cmf_slide_item` WHERE  `slide_id` = 14  AND `status` = 1 ORDER BY `list_order` ASC [ RunTime:0.000358s ]
[2026-06-17T14:13:05+08:00][sql] SELECT * FROM `cmf_product_category` WHERE  `parent_id` = 0  AND `recommend` = 1 ORDER BY `list_order` ASC,`create_time` DESC [ RunTime:0.000316s ]
[2026-06-17T14:13:05+08:00][sql] SHOW FULL COLUMNS FROM `cmf_product` [ RunTime:0.001354s ]
[2026-06-17T14:13:05+08:00][sql] SELECT `id`,`title`,`thumbnail`,`industry` FROM `cmf_product` WHERE  `is_recommended` = 1  AND `category_id` = 28 ORDER BY `list_order` ASC LIMIT 6 [ RunTime:0.000473s ]
[2026-06-17T14:13:05+08:00][sql] SELECT `id`,`title`,`thumbnail`,`industry` FROM `cmf_product` WHERE  `is_recommended` = 1  AND `category_id` = 19 ORDER BY `list_order` ASC LIMIT 6 [ RunTime:0.000412s ]
[2026-06-17T14:13:05+08:00][sql] SELECT `id`,`title`,`thumbnail`,`industry` FROM `cmf_product` WHERE  `is_recommended` = 1  AND `category_id` = 23 ORDER BY `list_order` ASC LIMIT 6 [ RunTime:0.000425s ]
[2026-06-17T14:13:05+08:00][sql] SELECT `id`,`title`,`thumbnail`,`industry` FROM `cmf_product` WHERE  `is_recommended` = 1  AND `category_id` = 25 ORDER BY `list_order` ASC LIMIT 6 [ RunTime:0.000416s ]
[2026-06-17T14:13:05+08:00][sql] SELECT `id`,`title`,`thumbnail`,`industry` FROM `cmf_product` WHERE  `is_recommended` = 1  AND `category_id` = 30 ORDER BY `list_order` ASC LIMIT 6 [ RunTime:0.000382s ]
[2026-06-17T14:13:05+08:00][sql] SHOW FULL COLUMNS FROM `cmf_portal_post` [ RunTime:0.001460s ]
[2026-06-17T14:13:05+08:00][sql] SELECT `p`.`id`,`p`.`post_title`,`p`.`post_excerpt`,`p`.`thumbnail`,`p`.`create_time`,`c`.`category_id` FROM `cmf_portal_post` `p` INNER JOIN `cmf_portal_category_post` `c` ON `p`.`id`=`c`.`post_id` WHERE (  `p`.`post_type` = '8' ) AND `p`.`delete_time` = '0' ORDER BY `c`.`list_order` ASC,`p`.`create_time` DESC [ RunTime:0.000599s ]
[2026-06-17T14:13:05+08:00][sql] SELECT `id`,`post_title`,`post_excerpt`,`more` FROM `cmf_portal_post` WHERE (  `post_type` = 3 ) AND `cmf_portal_post`.`delete_time` = '0' ORDER BY `create_time` DESC [ RunTime:0.000376s ]
[2026-06-17T14:13:05+08:00][sql] SHOW FULL COLUMNS FROM `cmf_theme_file` [ RunTime:0.001222s ]
[2026-06-17T14:13:05+08:00][sql] SELECT `more`,`file`,`id` FROM `cmf_theme_file` WHERE  `theme` = 'simpleboot3'  AND (  `is_public` = 1 OR `file` = 'portal/index' ) ORDER BY `is_public` DESC [ RunTime:0.000391s ]
[2026-06-17T14:13:05+08:00][sql] SELECT `option_value` FROM `cmf_option` WHERE  `option_name` = 'storage' LIMIT 1 [ RunTime:0.000566s ]
[2026-06-17T14:14:42+08:00][sql] CONNECT:[ UseTime:0.000998s ] mysql:host=127.0.0.1;port=3306;dbname=newncl;charset=utf8mb4
[2026-06-17T14:14:42+08:00][sql] SHOW FULL COLUMNS FROM `cmf_hook` [ RunTime:0.002271s ]
[2026-06-17T14:14:42+08:00][sql] SELECT `hook`,`id` FROM `cmf_hook` WHERE  (  (  `app` = '' OR `app` = 'cmf' )  AND `type` = 3 ) OR `type` = 1 [ RunTime:0.002356s ]
[2026-06-17T14:14:42+08:00][sql] SHOW FULL COLUMNS FROM `cmf_hook_plugin` [ RunTime:0.001556s ]
[2026-06-17T14:14:42+08:00][sql] SELECT `hook`,`plugin` FROM `cmf_hook_plugin` WHERE  `status` = 1  AND `hook` IN ('app_begin','module_init','action_begin','view_filter','app_end','log_write','response_end','admin_init','home_init','send_mobile_verification_code','body_start','before_head_end','footer_start','before_footer','before_footer_end','before_body_end','left_sidebar_start','before_left_sidebar_end','right_sidebar_start','before_right_sidebar_end','comment','guestbook','switch_theme','after_content','before_content','log_write_done','switch_admin_theme','captcha_image','user_login_start') ORDER BY `list_order` ASC [ RunTime:0.000749s ]
[2026-06-17T14:14:42+08:00][sql] SELECT `hook` FROM `cmf_hook` WHERE  `app` = 'portal' [ RunTime:0.000892s ]
[2026-06-17T14:14:42+08:00][sql] SELECT `hook`,`plugin` FROM `cmf_hook_plugin` WHERE  `status` = 1  AND `hook` IN ('portal_before_assign_article','portal_admin_after_save_article','portal_admin_article_index_view','portal_admin_article_add_view','portal_admin_article_edit_view','portal_admin_category_index_view','portal_admin_category_add_view','portal_admin_category_edit_view','portal_admin_page_index_view','portal_admin_page_add_view','portal_admin_page_edit_view','portal_admin_tag_index_view','portal_admin_article_edit_view_right_sidebar','portal_admin_article_edit_view_main') ORDER BY `list_order` ASC [ RunTime:0.000676s ]
[2026-06-17T14:14:42+08:00][sql] SHOW FULL COLUMNS FROM `cmf_plugin` [ RunTime:0.001850s ]
[2026-06-17T14:14:42+08:00][sql] SELECT `config` FROM `cmf_plugin` WHERE  `name` = 'SwitchTheme' LIMIT 1 [ RunTime:0.002575s ]
[2026-06-17T14:14:42+08:00][sql] SHOW FULL COLUMNS FROM `cmf_option` [ RunTime:0.001690s ]
[2026-06-17T14:14:42+08:00][sql] SELECT `option_value` FROM `cmf_option` WHERE  `option_name` = 'cdn_settings' LIMIT 1 [ RunTime:0.000541s ]
[2026-06-17T14:14:42+08:00][sql] SELECT `option_value` FROM `cmf_option` WHERE  `option_name` = 'cdn_settings' LIMIT 1 [ RunTime:0.001419s ]
[2026-06-17T14:14:42+08:00][sql] SHOW FULL COLUMNS FROM `cmf_product_category` [ RunTime:0.002506s ]
[2026-06-17T14:14:42+08:00][sql] SELECT * FROM `cmf_product_category` WHERE  `parent_id` = 0 ORDER BY `list_order` ASC,`create_time` DESC [ RunTime:0.000558s ]
[2026-06-17T14:14:42+08:00][sql] SELECT * FROM `cmf_product_category` WHERE  `parent_id` IN (28,19,23,25,30,22,27) [ RunTime:0.000432s ]
[2026-06-17T14:14:42+08:00][sql] SHOW FULL COLUMNS FROM `cmf_portal_category` [ RunTime:0.001412s ]
[2026-06-17T14:14:42+08:00][sql] SELECT * FROM `cmf_portal_category` WHERE (  `type` = 8 ) AND `cmf_portal_category`.`delete_time` = '0' ORDER BY `list_order` ASC [ RunTime:0.000417s ]
[2026-06-17T14:14:42+08:00][sql] SELECT `option_value` FROM `cmf_option` WHERE  `option_name` = 'site_info' LIMIT 1 [ RunTime:0.000259s ]
[2026-06-17T14:14:42+08:00][sql] SHOW FULL COLUMNS FROM `cmf_slide_item` [ RunTime:0.002133s ]
[2026-06-17T14:14:42+08:00][sql] SELECT `title`,`description`,`image`,`url`,`target`,`content` FROM `cmf_slide_item` WHERE  `slide_id` = 1 ORDER BY `list_order` ASC [ RunTime:0.001097s ]
[2026-06-17T14:14:42+08:00][sql] SHOW FULL COLUMNS FROM `cmf_slide` [ RunTime:0.001730s ]
[2026-06-17T14:14:42+08:00][sql] SELECT * FROM `cmf_slide` WHERE  `name` LIKE '%choose%' OR `name` LIKE '%选择%' LIMIT 1 [ RunTime:0.001512s ]
[2026-06-17T14:14:42+08:00][sql] SELECT `title`,`description`,`image`,`url`,`target`,`content` FROM `cmf_slide_item` WHERE  `slide_id` = 14  AND `status` = 1 ORDER BY `list_order` ASC [ RunTime:0.000519s ]
[2026-06-17T14:14:42+08:00][sql] SELECT * FROM `cmf_product_category` WHERE  `parent_id` = 0  AND `recommend` = 1 ORDER BY `list_order` ASC,`create_time` DESC [ RunTime:0.000443s ]
[2026-06-17T14:14:42+08:00][sql] SHOW FULL COLUMNS FROM `cmf_product` [ RunTime:0.001816s ]
[2026-06-17T14:14:42+08:00][sql] SELECT `id`,`title`,`thumbnail`,`industry` FROM `cmf_product` WHERE  `is_recommended` = 1  AND `category_id` = 28 ORDER BY `list_order` ASC LIMIT 6 [ RunTime:0.001485s ]
[2026-06-17T14:14:42+08:00][sql] SELECT `id`,`title`,`thumbnail`,`industry` FROM `cmf_product` WHERE  `is_recommended` = 1  AND `category_id` = 19 ORDER BY `list_order` ASC LIMIT 6 [ RunTime:0.000459s ]
[2026-06-17T14:14:42+08:00][sql] SELECT `id`,`title`,`thumbnail`,`industry` FROM `cmf_product` WHERE  `is_recommended` = 1  AND `category_id` = 23 ORDER BY `list_order` ASC LIMIT 6 [ RunTime:0.000325s ]
[2026-06-17T14:14:42+08:00][sql] SELECT `id`,`title`,`thumbnail`,`industry` FROM `cmf_product` WHERE  `is_recommended` = 1  AND `category_id` = 25 ORDER BY `list_order` ASC LIMIT 6 [ RunTime:0.000424s ]
[2026-06-17T14:14:42+08:00][sql] SELECT `id`,`title`,`thumbnail`,`industry` FROM `cmf_product` WHERE  `is_recommended` = 1  AND `category_id` = 30 ORDER BY `list_order` ASC LIMIT 6 [ RunTime:0.000292s ]
[2026-06-17T14:14:42+08:00][sql] SELECT `option_value` FROM `cmf_option` WHERE  `option_name` = 'index_setting' LIMIT 1 [ RunTime:0.000325s ]
[2026-06-17T14:14:42+08:00][sql] SELECT `option_value` FROM `cmf_option` WHERE  `option_name` = 'about_site' LIMIT 1 [ RunTime:0.000686s ]
[2026-06-17T14:14:42+08:00][sql] SHOW FULL COLUMNS FROM `cmf_portal_post` [ RunTime:0.002352s ]
[2026-06-17T14:14:42+08:00][sql] SELECT `p`.`id`,`p`.`post_title`,`p`.`post_excerpt`,`p`.`thumbnail`,`p`.`create_time`,`c`.`category_id` FROM `cmf_portal_post` `p` INNER JOIN `cmf_portal_category_post` `c` ON `p`.`id`=`c`.`post_id` WHERE (  `p`.`post_type` = '8' ) AND `p`.`delete_time` = '0' ORDER BY `c`.`list_order` ASC,`p`.`create_time` DESC [ RunTime:0.001852s ]
[2026-06-17T14:14:42+08:00][sql] SELECT `id`,`post_title`,`post_excerpt`,`more` FROM `cmf_portal_post` WHERE (  `post_type` = 3 ) AND `cmf_portal_post`.`delete_time` = '0' ORDER BY `create_time` DESC [ RunTime:0.000411s ]
[2026-06-17T14:14:42+08:00][sql] SELECT `option_value` FROM `cmf_option` WHERE  `option_name` = 'product_category_hero_settings' LIMIT 1 [ RunTime:0.000319s ]
[2026-06-17T14:14:42+08:00][sql] SHOW FULL COLUMNS FROM `cmf_theme_file` [ RunTime:0.002148s ]
[2026-06-17T14:14:42+08:00][sql] SELECT `more`,`file`,`id` FROM `cmf_theme_file` WHERE  `theme` = 'simpleboot3'  AND (  `is_public` = 1 OR `file` = 'portal/index' ) ORDER BY `is_public` DESC [ RunTime:0.000889s ]
[2026-06-17T14:14:42+08:00][sql] SHOW FULL COLUMNS FROM `cmf_route` [ RunTime:0.001303s ]
[2026-06-17T14:14:42+08:00][sql] SELECT * FROM `cmf_route` WHERE  `status` = 1 ORDER BY `list_order` ASC [ RunTime:0.000752s ]
[2026-06-17T14:14:42+08:00][sql] SELECT `option_value` FROM `cmf_option` WHERE  `option_name` = 'storage' LIMIT 1 [ RunTime:0.000446s ]
[2026-06-17T14:16:20+08:00][sql] CONNECT:[ UseTime:0.001254s ] mysql:host=127.0.0.1;port=3306;dbname=newncl;charset=utf8mb4
[2026-06-17T14:16:20+08:00][sql] SHOW FULL COLUMNS FROM `cmf_hook` [ RunTime:0.002904s ]
[2026-06-17T14:16:20+08:00][sql] SELECT `hook`,`id` FROM `cmf_hook` WHERE  (  (  `app` = '' OR `app` = 'cmf' )  AND `type` = 3 ) OR `type` = 1 [ RunTime:0.000992s ]
[2026-06-17T14:16:20+08:00][sql] SHOW FULL COLUMNS FROM `cmf_hook_plugin` [ RunTime:0.001178s ]
[2026-06-17T14:16:20+08:00][sql] SELECT `hook`,`plugin` FROM `cmf_hook_plugin` WHERE  `status` = 1  AND `hook` IN ('app_begin','module_init','action_begin','view_filter','app_end','log_write','response_end','admin_init','home_init','send_mobile_verification_code','body_start','before_head_end','footer_start','before_footer','before_footer_end','before_body_end','left_sidebar_start','before_left_sidebar_end','right_sidebar_start','before_right_sidebar_end','comment','guestbook','switch_theme','after_content','before_content','log_write_done','switch_admin_theme','captcha_image','user_login_start') ORDER BY `list_order` ASC [ RunTime:0.000688s ]
[2026-06-17T14:16:20+08:00][sql] SELECT `hook` FROM `cmf_hook` WHERE  `app` = 'portal' [ RunTime:0.000723s ]
[2026-06-17T14:16:20+08:00][sql] SELECT `hook`,`plugin` FROM `cmf_hook_plugin` WHERE  `status` = 1  AND `hook` IN ('portal_before_assign_article','portal_admin_after_save_article','portal_admin_article_index_view','portal_admin_article_add_view','portal_admin_article_edit_view','portal_admin_category_index_view','portal_admin_category_add_view','portal_admin_category_edit_view','portal_admin_page_index_view','portal_admin_page_add_view','portal_admin_page_edit_view','portal_admin_tag_index_view','portal_admin_article_edit_view_right_sidebar','portal_admin_article_edit_view_main') ORDER BY `list_order` ASC [ RunTime:0.000421s ]
[2026-06-17T14:16:20+08:00][sql] SHOW FULL COLUMNS FROM `cmf_plugin` [ RunTime:0.002414s ]
[2026-06-17T14:16:20+08:00][sql] SELECT `config` FROM `cmf_plugin` WHERE  `name` = 'SwitchTheme' LIMIT 1 [ RunTime:0.001053s ]
[2026-06-17T14:16:20+08:00][sql] SHOW FULL COLUMNS FROM `cmf_option` [ RunTime:0.002178s ]
[2026-06-17T14:16:20+08:00][sql] SELECT `option_value` FROM `cmf_option` WHERE  `option_name` = 'cdn_settings' LIMIT 1 [ RunTime:0.000420s ]
[2026-06-17T14:16:20+08:00][sql] SELECT `option_value` FROM `cmf_option` WHERE  `option_name` = 'cdn_settings' LIMIT 1 [ RunTime:0.000677s ]
[2026-06-17T14:16:20+08:00][sql] SHOW FULL COLUMNS FROM `cmf_product_category` [ RunTime:0.002775s ]
[2026-06-17T14:16:20+08:00][sql] SELECT * FROM `cmf_product_category` WHERE  `parent_id` = 0 ORDER BY `list_order` ASC,`create_time` DESC [ RunTime:0.001141s ]
[2026-06-17T14:16:20+08:00][sql] SELECT * FROM `cmf_product_category` WHERE  `parent_id` IN (28,19,23,25,30,22,27) [ RunTime:0.000591s ]
[2026-06-17T14:16:20+08:00][sql] SHOW FULL COLUMNS FROM `cmf_portal_category` [ RunTime:0.001748s ]
[2026-06-17T14:16:20+08:00][sql] SELECT * FROM `cmf_portal_category` WHERE (  `type` = 8 ) AND `cmf_portal_category`.`delete_time` = '0' ORDER BY `list_order` ASC [ RunTime:0.000723s ]
[2026-06-17T14:16:20+08:00][sql] SELECT `option_value` FROM `cmf_option` WHERE  `option_name` = 'site_info' LIMIT 1 [ RunTime:0.000311s ]
[2026-06-17T14:16:20+08:00][sql] SHOW FULL COLUMNS FROM `cmf_slide_item` [ RunTime:0.002910s ]
[2026-06-17T14:16:20+08:00][sql] SELECT `title`,`description`,`image`,`url`,`target`,`content` FROM `cmf_slide_item` WHERE  `slide_id` = 1 ORDER BY `list_order` ASC [ RunTime:0.001465s ]
[2026-06-17T14:16:20+08:00][sql] SHOW FULL COLUMNS FROM `cmf_slide` [ RunTime:0.001261s ]
[2026-06-17T14:16:20+08:00][sql] SELECT * FROM `cmf_slide` WHERE  `name` LIKE '%choose%' OR `name` LIKE '%选择%' LIMIT 1 [ RunTime:0.000563s ]
[2026-06-17T14:16:20+08:00][sql] SELECT `title`,`description`,`image`,`url`,`target`,`content` FROM `cmf_slide_item` WHERE  `slide_id` = 14  AND `status` = 1 ORDER BY `list_order` ASC [ RunTime:0.000420s ]
[2026-06-17T14:16:20+08:00][sql] SELECT * FROM `cmf_product_category` WHERE  `parent_id` = 0  AND `recommend` = 1 ORDER BY `list_order` ASC,`create_time` DESC [ RunTime:0.000339s ]
[2026-06-17T14:16:20+08:00][sql] SHOW FULL COLUMNS FROM `cmf_product` [ RunTime:0.001269s ]
[2026-06-17T14:16:20+08:00][sql] SELECT `id`,`title`,`thumbnail`,`industry` FROM `cmf_product` WHERE  `is_recommended` = 1  AND `category_id` = 28 ORDER BY `list_order` ASC LIMIT 6 [ RunTime:0.001247s ]
[2026-06-17T14:16:20+08:00][sql] SELECT `id`,`title`,`thumbnail`,`industry` FROM `cmf_product` WHERE  `is_recommended` = 1  AND `category_id` = 19 ORDER BY `list_order` ASC LIMIT 6 [ RunTime:0.000357s ]
[2026-06-17T14:16:20+08:00][sql] SELECT `id`,`title`,`thumbnail`,`industry` FROM `cmf_product` WHERE  `is_recommended` = 1  AND `category_id` = 23 ORDER BY `list_order` ASC LIMIT 6 [ RunTime:0.000271s ]
[2026-06-17T14:16:20+08:00][sql] SELECT `id`,`title`,`thumbnail`,`industry` FROM `cmf_product` WHERE  `is_recommended` = 1  AND `category_id` = 25 ORDER BY `list_order` ASC LIMIT 6 [ RunTime:0.000368s ]
[2026-06-17T14:16:20+08:00][sql] SELECT `id`,`title`,`thumbnail`,`industry` FROM `cmf_product` WHERE  `is_recommended` = 1  AND `category_id` = 30 ORDER BY `list_order` ASC LIMIT 6 [ RunTime:0.000288s ]
[2026-06-17T14:16:20+08:00][sql] SELECT `option_value` FROM `cmf_option` WHERE  `option_name` = 'index_setting' LIMIT 1 [ RunTime:0.000267s ]
[2026-06-17T14:16:20+08:00][sql] SELECT `option_value` FROM `cmf_option` WHERE  `option_name` = 'about_site' LIMIT 1 [ RunTime:0.000512s ]
[2026-06-17T14:16:20+08:00][sql] SHOW FULL COLUMNS FROM `cmf_portal_post` [ RunTime:0.003701s ]
[2026-06-17T14:16:20+08:00][sql] SELECT `p`.`id`,`p`.`post_title`,`p`.`post_excerpt`,`p`.`thumbnail`,`p`.`create_time`,`c`.`category_id` FROM `cmf_portal_post` `p` INNER JOIN `cmf_portal_category_post` `c` ON `p`.`id`=`c`.`post_id` WHERE (  `p`.`post_type` = '8' ) AND `p`.`delete_time` = '0' ORDER BY `c`.`list_order` ASC,`p`.`create_time` DESC [ RunTime:0.001650s ]
[2026-06-17T14:16:20+08:00][sql] SELECT `id`,`post_title`,`post_excerpt`,`more` FROM `cmf_portal_post` WHERE (  `post_type` = 3 ) AND `cmf_portal_post`.`delete_time` = '0' ORDER BY `create_time` DESC [ RunTime:0.000527s ]
[2026-06-17T14:16:20+08:00][sql] SELECT `option_value` FROM `cmf_option` WHERE  `option_name` = 'product_category_hero_settings' LIMIT 1 [ RunTime:0.000331s ]
[2026-06-17T14:16:20+08:00][sql] SHOW FULL COLUMNS FROM `cmf_theme_file` [ RunTime:0.001314s ]
[2026-06-17T14:16:20+08:00][sql] SELECT `more`,`file`,`id` FROM `cmf_theme_file` WHERE  `theme` = 'simpleboot3'  AND (  `is_public` = 1 OR `file` = 'portal/index' ) ORDER BY `is_public` DESC [ RunTime:0.000515s ]
[2026-06-17T14:16:20+08:00][sql] SHOW FULL COLUMNS FROM `cmf_route` [ RunTime:0.001235s ]
[2026-06-17T14:16:20+08:00][sql] SELECT * FROM `cmf_route` WHERE  `status` = 1 ORDER BY `list_order` ASC [ RunTime:0.001130s ]
[2026-06-17T14:16:20+08:00][sql] SELECT `option_value` FROM `cmf_option` WHERE  `option_name` = 'storage' LIMIT 1 [ RunTime:0.000763s ]
[2026-06-17T14:19:57+08:00][sql] CONNECT:[ UseTime:0.001247s ] mysql:host=127.0.0.1;port=3306;dbname=newncl;charset=utf8mb4
[2026-06-17T14:19:57+08:00][sql] SHOW FULL COLUMNS FROM `cmf_hook` [ RunTime:0.002245s ]
[2026-06-17T14:19:57+08:00][sql] SELECT `hook`,`id` FROM `cmf_hook` WHERE  (  (  `app` = '' OR `app` = 'cmf' )  AND `type` = 3 ) OR `type` = 1 [ RunTime:0.001175s ]
[2026-06-17T14:19:57+08:00][sql] SHOW FULL COLUMNS FROM `cmf_hook_plugin` [ RunTime:0.002374s ]
[2026-06-17T14:19:57+08:00][sql] SELECT `hook`,`plugin` FROM `cmf_hook_plugin` WHERE  `status` = 1  AND `hook` IN ('app_begin','module_init','action_begin','view_filter','app_end','log_write','response_end','admin_init','home_init','send_mobile_verification_code','body_start','before_head_end','footer_start','before_footer','before_footer_end','before_body_end','left_sidebar_start','before_left_sidebar_end','right_sidebar_start','before_right_sidebar_end','comment','guestbook','switch_theme','after_content','before_content','log_write_done','switch_admin_theme','captcha_image','user_login_start') ORDER BY `list_order` ASC [ RunTime:0.001762s ]
[2026-06-17T14:19:57+08:00][sql] SELECT `hook` FROM `cmf_hook` WHERE  `app` = 'portal' [ RunTime:0.000654s ]
[2026-06-17T14:19:57+08:00][sql] SELECT `hook`,`plugin` FROM `cmf_hook_plugin` WHERE  `status` = 1  AND `hook` IN ('portal_before_assign_article','portal_admin_after_save_article','portal_admin_article_index_view','portal_admin_article_add_view','portal_admin_article_edit_view','portal_admin_category_index_view','portal_admin_category_add_view','portal_admin_category_edit_view','portal_admin_page_index_view','portal_admin_page_add_view','portal_admin_page_edit_view','portal_admin_tag_index_view','portal_admin_article_edit_view_right_sidebar','portal_admin_article_edit_view_main') ORDER BY `list_order` ASC [ RunTime:0.000641s ]
[2026-06-17T14:19:57+08:00][sql] SHOW FULL COLUMNS FROM `cmf_plugin` [ RunTime:0.001443s ]
[2026-06-17T14:19:57+08:00][sql] SELECT `config` FROM `cmf_plugin` WHERE  `name` = 'SwitchTheme' LIMIT 1 [ RunTime:0.000519s ]
[2026-06-17T14:19:57+08:00][sql] SHOW FULL COLUMNS FROM `cmf_option` [ RunTime:0.001306s ]
[2026-06-17T14:19:57+08:00][sql] SELECT `option_value` FROM `cmf_option` WHERE  `option_name` = 'cdn_settings' LIMIT 1 [ RunTime:0.000357s ]
[2026-06-17T14:19:57+08:00][sql] SELECT `option_value` FROM `cmf_option` WHERE  `option_name` = 'cdn_settings' LIMIT 1 [ RunTime:0.000481s ]
[2026-06-17T14:19:57+08:00][sql] SHOW FULL COLUMNS FROM `cmf_product_category` [ RunTime:0.001277s ]
[2026-06-17T14:19:57+08:00][sql] SELECT * FROM `cmf_product_category` WHERE  `parent_id` = 0 ORDER BY `list_order` ASC,`create_time` DESC [ RunTime:0.000472s ]
[2026-06-17T14:19:57+08:00][sql] SELECT * FROM `cmf_product_category` WHERE  `parent_id` IN (28,19,23,25,30,22,27) [ RunTime:0.000327s ]
[2026-06-17T14:19:57+08:00][sql] SHOW FULL COLUMNS FROM `cmf_portal_category` [ RunTime:0.001217s ]
[2026-06-17T14:19:57+08:00][sql] SELECT * FROM `cmf_portal_category` WHERE (  `type` = 8 ) AND `cmf_portal_category`.`delete_time` = '0' ORDER BY `list_order` ASC [ RunTime:0.001098s ]
[2026-06-17T14:19:57+08:00][sql] SELECT `option_value` FROM `cmf_option` WHERE  `option_name` = 'site_info' LIMIT 1 [ RunTime:0.000254s ]
[2026-06-17T14:19:57+08:00][sql] SHOW FULL COLUMNS FROM `cmf_slide_item` [ RunTime:0.001732s ]
[2026-06-17T14:19:57+08:00][sql] SELECT `title`,`description`,`image`,`url`,`target`,`content` FROM `cmf_slide_item` WHERE  `slide_id` = 1 ORDER BY `list_order` ASC [ RunTime:0.000864s ]
[2026-06-17T14:19:57+08:00][sql] SHOW FULL COLUMNS FROM `cmf_slide` [ RunTime:0.001112s ]
[2026-06-17T14:19:57+08:00][sql] SELECT * FROM `cmf_slide` WHERE  `name` LIKE '%choose%' OR `name` LIKE '%选择%' LIMIT 1 [ RunTime:0.001016s ]
[2026-06-17T14:19:57+08:00][sql] SELECT `title`,`description`,`image`,`url`,`target`,`content` FROM `cmf_slide_item` WHERE  `slide_id` = 14  AND `status` = 1 ORDER BY `list_order` ASC [ RunTime:0.000311s ]
[2026-06-17T14:19:57+08:00][sql] SELECT * FROM `cmf_product_category` WHERE  `parent_id` = 0  AND `recommend` = 1 ORDER BY `list_order` ASC,`create_time` DESC [ RunTime:0.000322s ]
[2026-06-17T14:19:57+08:00][sql] SHOW FULL COLUMNS FROM `cmf_product` [ RunTime:0.001147s ]
[2026-06-17T14:19:57+08:00][sql] SELECT `id`,`title`,`thumbnail`,`industry` FROM `cmf_product` WHERE  `is_recommended` = 1  AND `category_id` = 28 ORDER BY `list_order` ASC LIMIT 6 [ RunTime:0.000602s ]
[2026-06-17T14:19:57+08:00][sql] SELECT `id`,`title`,`thumbnail`,`industry` FROM `cmf_product` WHERE  `is_recommended` = 1  AND `category_id` = 19 ORDER BY `list_order` ASC LIMIT 6 [ RunTime:0.000326s ]
[2026-06-17T14:19:57+08:00][sql] SELECT `id`,`title`,`thumbnail`,`industry` FROM `cmf_product` WHERE  `is_recommended` = 1  AND `category_id` = 23 ORDER BY `list_order` ASC LIMIT 6 [ RunTime:0.000284s ]
[2026-06-17T14:19:57+08:00][sql] SELECT `id`,`title`,`thumbnail`,`industry` FROM `cmf_product` WHERE  `is_recommended` = 1  AND `category_id` = 25 ORDER BY `list_order` ASC LIMIT 6 [ RunTime:0.000333s ]
[2026-06-17T14:19:57+08:00][sql] SELECT `id`,`title`,`thumbnail`,`industry` FROM `cmf_product` WHERE  `is_recommended` = 1  AND `category_id` = 30 ORDER BY `list_order` ASC LIMIT 6 [ RunTime:0.000329s ]
[2026-06-17T14:19:57+08:00][sql] SELECT `option_value` FROM `cmf_option` WHERE  `option_name` = 'index_setting' LIMIT 1 [ RunTime:0.000235s ]
[2026-06-17T14:19:57+08:00][sql] SELECT `option_value` FROM `cmf_option` WHERE  `option_name` = 'about_site' LIMIT 1 [ RunTime:0.000342s ]
[2026-06-17T14:19:57+08:00][sql] SHOW FULL COLUMNS FROM `cmf_portal_post` [ RunTime:0.001587s ]
[2026-06-17T14:19:57+08:00][sql] SELECT `p`.`id`,`p`.`post_title`,`p`.`post_excerpt`,`p`.`thumbnail`,`p`.`create_time`,`c`.`category_id` FROM `cmf_portal_post` `p` INNER JOIN `cmf_portal_category_post` `c` ON `p`.`id`=`c`.`post_id` WHERE (  `p`.`post_type` = '8' ) AND `p`.`delete_time` = '0' ORDER BY `c`.`list_order` ASC,`p`.`create_time` DESC [ RunTime:0.001480s ]
[2026-06-17T14:19:57+08:00][sql] SELECT `id`,`post_title`,`post_excerpt`,`more` FROM `cmf_portal_post` WHERE (  `post_type` = 3 ) AND `cmf_portal_post`.`delete_time` = '0' ORDER BY `create_time` DESC [ RunTime:0.000636s ]
[2026-06-17T14:19:57+08:00][sql] SELECT `option_value` FROM `cmf_option` WHERE  `option_name` = 'product_category_hero_settings' LIMIT 1 [ RunTime:0.000382s ]
[2026-06-17T14:19:57+08:00][sql] SHOW FULL COLUMNS FROM `cmf_theme_file` [ RunTime:0.001441s ]
[2026-06-17T14:19:57+08:00][sql] SELECT `more`,`file`,`id` FROM `cmf_theme_file` WHERE  `theme` = 'simpleboot3'  AND (  `is_public` = 1 OR `file` = 'portal/index' ) ORDER BY `is_public` DESC [ RunTime:0.000480s ]
[2026-06-17T14:19:57+08:00][sql] SHOW FULL COLUMNS FROM `cmf_route` [ RunTime:0.002480s ]
[2026-06-17T14:19:57+08:00][sql] SELECT * FROM `cmf_route` WHERE  `status` = 1 ORDER BY `list_order` ASC [ RunTime:0.001462s ]
[2026-06-17T14:19:57+08:00][sql] SELECT `option_value` FROM `cmf_option` WHERE  `option_name` = 'storage' LIMIT 1 [ RunTime:0.000808s ]
[2026-06-17T14:20:14+08:00][sql] CONNECT:[ UseTime:0.001421s ] mysql:host=127.0.0.1;port=3306;dbname=newncl;charset=utf8mb4
[2026-06-17T14:20:14+08:00][sql] SHOW FULL COLUMNS FROM `cmf_option` [ RunTime:0.002512s ]
[2026-06-17T14:20:14+08:00][sql] SELECT `option_value` FROM `cmf_option` WHERE  `option_name` = 'cdn_settings' LIMIT 1 [ RunTime:0.000558s ]
[2026-06-17T14:20:14+08:00][sql] SELECT `option_value` FROM `cmf_option` WHERE  `option_name` = 'cdn_settings' LIMIT 1 [ RunTime:0.000503s ]
[2026-06-17T14:20:14+08:00][sql] SHOW FULL COLUMNS FROM `cmf_product_category` [ RunTime:0.001244s ]
[2026-06-17T14:20:14+08:00][sql] SELECT * FROM `cmf_product_category` WHERE  `parent_id` = 0 ORDER BY `list_order` ASC,`create_time` DESC [ RunTime:0.000478s ]
[2026-06-17T14:20:14+08:00][sql] SELECT * FROM `cmf_product_category` WHERE  `parent_id` IN (28,19,23,25,30,22,27) [ RunTime:0.000594s ]
[2026-06-17T14:20:14+08:00][sql] SHOW FULL COLUMNS FROM `cmf_portal_category` [ RunTime:0.002210s ]
[2026-06-17T14:20:14+08:00][sql] SELECT * FROM `cmf_portal_category` WHERE (  `type` = 8 ) AND `cmf_portal_category`.`delete_time` = '0' ORDER BY `list_order` ASC [ RunTime:0.000887s ]
[2026-06-17T14:20:14+08:00][sql] SHOW FULL COLUMNS FROM `cmf_slide_item` [ RunTime:0.001312s ]
[2026-06-17T14:20:14+08:00][sql] SELECT `title`,`description`,`image`,`url`,`target`,`content` FROM `cmf_slide_item` WHERE  `slide_id` = 1 ORDER BY `list_order` ASC [ RunTime:0.000392s ]
[2026-06-17T14:20:14+08:00][sql] SHOW FULL COLUMNS FROM `cmf_slide` [ RunTime:0.000849s ]
[2026-06-17T14:20:14+08:00][sql] SELECT * FROM `cmf_slide` WHERE  `name` LIKE '%choose%' OR `name` LIKE '%选择%' LIMIT 1 [ RunTime:0.001564s ]
[2026-06-17T14:20:14+08:00][sql] SELECT `title`,`description`,`image`,`url`,`target`,`content` FROM `cmf_slide_item` WHERE  `slide_id` = 14  AND `status` = 1 ORDER BY `list_order` ASC [ RunTime:0.000321s ]
[2026-06-17T14:20:14+08:00][sql] SELECT * FROM `cmf_product_category` WHERE  `parent_id` = 0  AND `recommend` = 1 ORDER BY `list_order` ASC,`create_time` DESC [ RunTime:0.000332s ]
[2026-06-17T14:20:14+08:00][sql] SHOW FULL COLUMNS FROM `cmf_product` [ RunTime:0.001377s ]
[2026-06-17T14:20:14+08:00][sql] SELECT `id`,`title`,`thumbnail`,`industry` FROM `cmf_product` WHERE  `is_recommended` = 1  AND `category_id` = 28 ORDER BY `list_order` ASC LIMIT 6 [ RunTime:0.000486s ]
[2026-06-17T14:20:14+08:00][sql] SELECT `id`,`title`,`thumbnail`,`industry` FROM `cmf_product` WHERE  `is_recommended` = 1  AND `category_id` = 19 ORDER BY `list_order` ASC LIMIT 6 [ RunTime:0.000385s ]
[2026-06-17T14:20:14+08:00][sql] SELECT `id`,`title`,`thumbnail`,`industry` FROM `cmf_product` WHERE  `is_recommended` = 1  AND `category_id` = 23 ORDER BY `list_order` ASC LIMIT 6 [ RunTime:0.000303s ]
[2026-06-17T14:20:14+08:00][sql] SELECT `id`,`title`,`thumbnail`,`industry` FROM `cmf_product` WHERE  `is_recommended` = 1  AND `category_id` = 25 ORDER BY `list_order` ASC LIMIT 6 [ RunTime:0.000359s ]
[2026-06-17T14:20:14+08:00][sql] SELECT `id`,`title`,`thumbnail`,`industry` FROM `cmf_product` WHERE  `is_recommended` = 1  AND `category_id` = 30 ORDER BY `list_order` ASC LIMIT 6 [ RunTime:0.000302s ]
[2026-06-17T14:20:14+08:00][sql] SHOW FULL COLUMNS FROM `cmf_portal_post` [ RunTime:0.001906s ]
[2026-06-17T14:20:14+08:00][sql] SELECT `p`.`id`,`p`.`post_title`,`p`.`post_excerpt`,`p`.`thumbnail`,`p`.`create_time`,`c`.`category_id` FROM `cmf_portal_post` `p` INNER JOIN `cmf_portal_category_post` `c` ON `p`.`id`=`c`.`post_id` WHERE (  `p`.`post_type` = '8' ) AND `p`.`delete_time` = '0' ORDER BY `c`.`list_order` ASC,`p`.`create_time` DESC [ RunTime:0.002038s ]
[2026-06-17T14:20:14+08:00][sql] SELECT `id`,`post_title`,`post_excerpt`,`more` FROM `cmf_portal_post` WHERE (  `post_type` = 3 ) AND `cmf_portal_post`.`delete_time` = '0' ORDER BY `create_time` DESC [ RunTime:0.000457s ]
[2026-06-17T14:20:14+08:00][sql] SHOW FULL COLUMNS FROM `cmf_theme_file` [ RunTime:0.001225s ]
[2026-06-17T14:20:14+08:00][sql] SELECT `more`,`file`,`id` FROM `cmf_theme_file` WHERE  `theme` = 'simpleboot3'  AND (  `is_public` = 1 OR `file` = 'portal/index' ) ORDER BY `is_public` DESC [ RunTime:0.000404s ]
[2026-06-17T14:20:14+08:00][sql] SELECT `option_value` FROM `cmf_option` WHERE  `option_name` = 'storage' LIMIT 1 [ RunTime:0.000379s ]
[2026-06-17T14:23:00+08:00][sql] CONNECT:[ UseTime:0.001418s ] mysql:host=127.0.0.1;port=3306;dbname=newncl;charset=utf8mb4
[2026-06-17T14:23:00+08:00][sql] SHOW FULL COLUMNS FROM `cmf_hook` [ RunTime:0.002696s ]
[2026-06-17T14:23:00+08:00][sql] SELECT `hook`,`id` FROM `cmf_hook` WHERE  (  (  `app` = '' OR `app` = 'cmf' )  AND `type` = 3 ) OR `type` = 1 [ RunTime:0.001347s ]
[2026-06-17T14:23:00+08:00][sql] SHOW FULL COLUMNS FROM `cmf_hook_plugin` [ RunTime:0.001097s ]
[2026-06-17T14:23:00+08:00][sql] SELECT `hook`,`plugin` FROM `cmf_hook_plugin` WHERE  `status` = 1  AND `hook` IN ('app_begin','module_init','action_begin','view_filter','app_end','log_write','response_end','admin_init','home_init','send_mobile_verification_code','body_start','before_head_end','footer_start','before_footer','before_footer_end','before_body_end','left_sidebar_start','before_left_sidebar_end','right_sidebar_start','before_right_sidebar_end','comment','guestbook','switch_theme','after_content','before_content','log_write_done','switch_admin_theme','captcha_image','user_login_start') ORDER BY `list_order` ASC [ RunTime:0.000481s ]
[2026-06-17T14:23:00+08:00][sql] SELECT `hook` FROM `cmf_hook` WHERE  `app` = 'portal' [ RunTime:0.000512s ]
[2026-06-17T14:23:00+08:00][sql] SELECT `hook`,`plugin` FROM `cmf_hook_plugin` WHERE  `status` = 1  AND `hook` IN ('portal_before_assign_article','portal_admin_after_save_article','portal_admin_article_index_view','portal_admin_article_add_view','portal_admin_article_edit_view','portal_admin_category_index_view','portal_admin_category_add_view','portal_admin_category_edit_view','portal_admin_page_index_view','portal_admin_page_add_view','portal_admin_page_edit_view','portal_admin_tag_index_view','portal_admin_article_edit_view_right_sidebar','portal_admin_article_edit_view_main') ORDER BY `list_order` ASC [ RunTime:0.000360s ]
[2026-06-17T14:23:00+08:00][sql] SHOW FULL COLUMNS FROM `cmf_plugin` [ RunTime:0.001396s ]
[2026-06-17T14:23:00+08:00][sql] SELECT `config` FROM `cmf_plugin` WHERE  `name` = 'SwitchTheme' LIMIT 1 [ RunTime:0.001044s ]
[2026-06-17T14:23:00+08:00][sql] SHOW FULL COLUMNS FROM `cmf_option` [ RunTime:0.002387s ]
[2026-06-17T14:23:00+08:00][sql] SELECT `option_value` FROM `cmf_option` WHERE  `option_name` = 'cdn_settings' LIMIT 1 [ RunTime:0.000764s ]
[2026-06-17T14:23:00+08:00][sql] SELECT `option_value` FROM `cmf_option` WHERE  `option_name` = 'cdn_settings' LIMIT 1 [ RunTime:0.000804s ]
[2026-06-17T14:23:00+08:00][sql] SHOW FULL COLUMNS FROM `cmf_product_category` [ RunTime:0.001260s ]
[2026-06-17T14:23:00+08:00][sql] SELECT * FROM `cmf_product_category` WHERE  `parent_id` = 0 ORDER BY `list_order` ASC,`create_time` DESC [ RunTime:0.000664s ]
[2026-06-17T14:23:00+08:00][sql] SELECT * FROM `cmf_product_category` WHERE  `parent_id` IN (28,19,23,25,30,22,27) [ RunTime:0.000519s ]
[2026-06-17T14:23:00+08:00][sql] SHOW FULL COLUMNS FROM `cmf_portal_category` [ RunTime:0.002188s ]
[2026-06-17T14:23:00+08:00][sql] SELECT * FROM `cmf_portal_category` WHERE (  `type` = 8 ) AND `cmf_portal_category`.`delete_time` = '0' ORDER BY `list_order` ASC [ RunTime:0.000944s ]
[2026-06-17T14:23:00+08:00][sql] SELECT `option_value` FROM `cmf_option` WHERE  `option_name` = 'site_info' LIMIT 1 [ RunTime:0.001194s ]
[2026-06-17T14:23:00+08:00][sql] SHOW FULL COLUMNS FROM `cmf_slide_item` [ RunTime:0.001658s ]
[2026-06-17T14:23:00+08:00][sql] SELECT `title`,`description`,`image`,`url`,`target`,`content` FROM `cmf_slide_item` WHERE  `slide_id` = 1 ORDER BY `list_order` ASC [ RunTime:0.000791s ]
[2026-06-17T14:23:00+08:00][sql] SHOW FULL COLUMNS FROM `cmf_slide` [ RunTime:0.001105s ]
[2026-06-17T14:23:00+08:00][sql] SELECT * FROM `cmf_slide` WHERE  `name` LIKE '%choose%' OR `name` LIKE '%选择%' LIMIT 1 [ RunTime:0.000467s ]
[2026-06-17T14:23:00+08:00][sql] SELECT `title`,`description`,`image`,`url`,`target`,`content` FROM `cmf_slide_item` WHERE  `slide_id` = 14  AND `status` = 1 ORDER BY `list_order` ASC [ RunTime:0.000312s ]
[2026-06-17T14:23:00+08:00][sql] SELECT * FROM `cmf_product_category` WHERE  `parent_id` = 0  AND `recommend` = 1 ORDER BY `list_order` ASC,`create_time` DESC [ RunTime:0.000461s ]
[2026-06-17T14:23:00+08:00][sql] SHOW FULL COLUMNS FROM `cmf_product` [ RunTime:0.001289s ]
[2026-06-17T14:23:00+08:00][sql] SELECT `id`,`title`,`thumbnail`,`industry` FROM `cmf_product` WHERE  `is_recommended` = 1  AND `category_id` = 28 ORDER BY `list_order` ASC LIMIT 6 [ RunTime:0.000719s ]
[2026-06-17T14:23:00+08:00][sql] SELECT `id`,`title`,`thumbnail`,`industry` FROM `cmf_product` WHERE  `is_recommended` = 1  AND `category_id` = 19 ORDER BY `list_order` ASC LIMIT 6 [ RunTime:0.000299s ]
[2026-06-17T14:23:00+08:00][sql] SELECT `id`,`title`,`thumbnail`,`industry` FROM `cmf_product` WHERE  `is_recommended` = 1  AND `category_id` = 23 ORDER BY `list_order` ASC LIMIT 6 [ RunTime:0.000197s ]
[2026-06-17T14:23:00+08:00][sql] SELECT `id`,`title`,`thumbnail`,`industry` FROM `cmf_product` WHERE  `is_recommended` = 1  AND `category_id` = 25 ORDER BY `list_order` ASC LIMIT 6 [ RunTime:0.000236s ]
[2026-06-17T14:23:00+08:00][sql] SELECT `id`,`title`,`thumbnail`,`industry` FROM `cmf_product` WHERE  `is_recommended` = 1  AND `category_id` = 30 ORDER BY `list_order` ASC LIMIT 6 [ RunTime:0.000200s ]
[2026-06-17T14:23:00+08:00][sql] SELECT `option_value` FROM `cmf_option` WHERE  `option_name` = 'index_setting' LIMIT 1 [ RunTime:0.000233s ]
[2026-06-17T14:23:00+08:00][sql] SELECT `option_value` FROM `cmf_option` WHERE  `option_name` = 'about_site' LIMIT 1 [ RunTime:0.001439s ]
[2026-06-17T14:23:00+08:00][sql] SHOW FULL COLUMNS FROM `cmf_portal_post` [ RunTime:0.002532s ]
[2026-06-17T14:23:00+08:00][sql] SELECT `p`.`id`,`p`.`post_title`,`p`.`post_excerpt`,`p`.`thumbnail`,`p`.`create_time`,`c`.`category_id` FROM `cmf_portal_post` `p` INNER JOIN `cmf_portal_category_post` `c` ON `p`.`id`=`c`.`post_id` WHERE (  `p`.`post_type` = '8' ) AND `p`.`delete_time` = '0' ORDER BY `c`.`list_order` ASC,`p`.`create_time` DESC [ RunTime:0.001649s ]
[2026-06-17T14:23:00+08:00][sql] SELECT `id`,`post_title`,`post_excerpt`,`more` FROM `cmf_portal_post` WHERE (  `post_type` = 3 ) AND `cmf_portal_post`.`delete_time` = '0' ORDER BY `create_time` DESC [ RunTime:0.000558s ]
[2026-06-17T14:23:00+08:00][sql] SELECT `option_value` FROM `cmf_option` WHERE  `option_name` = 'product_category_hero_settings' LIMIT 1 [ RunTime:0.000383s ]
[2026-06-17T14:23:00+08:00][sql] SHOW FULL COLUMNS FROM `cmf_theme_file` [ RunTime:0.003615s ]
[2026-06-17T14:23:00+08:00][sql] SELECT `more`,`file`,`id` FROM `cmf_theme_file` WHERE  `theme` = 'simpleboot3'  AND (  `is_public` = 1 OR `file` = 'portal/index' ) ORDER BY `is_public` DESC [ RunTime:0.001522s ]
[2026-06-17T14:23:00+08:00][sql] SHOW FULL COLUMNS FROM `cmf_route` [ RunTime:0.001697s ]
[2026-06-17T14:23:00+08:00][sql] SELECT * FROM `cmf_route` WHERE  `status` = 1 ORDER BY `list_order` ASC [ RunTime:0.000714s ]
[2026-06-17T14:23:00+08:00][sql] SELECT `option_value` FROM `cmf_option` WHERE  `option_name` = 'storage' LIMIT 1 [ RunTime:0.000691s ]
[2026-06-17T14:26:53+08:00][sql] CONNECT:[ UseTime:0.001192s ] mysql:host=127.0.0.1;port=3306;dbname=newncl;charset=utf8mb4
[2026-06-17T14:26:53+08:00][sql] SHOW FULL COLUMNS FROM `cmf_option` [ RunTime:0.003219s ]
[2026-06-17T14:26:53+08:00][sql] SELECT `option_value` FROM `cmf_option` WHERE  `option_name` = 'cdn_settings' LIMIT 1 [ RunTime:0.000358s ]
[2026-06-17T14:26:53+08:00][sql] SELECT `option_value` FROM `cmf_option` WHERE  `option_name` = 'cdn_settings' LIMIT 1 [ RunTime:0.000474s ]
[2026-06-17T14:26:53+08:00][sql] SHOW FULL COLUMNS FROM `cmf_product_category` [ RunTime:0.001217s ]
[2026-06-17T14:26:53+08:00][sql] SELECT * FROM `cmf_product_category` WHERE  `parent_id` = 0 ORDER BY `list_order` ASC,`create_time` DESC [ RunTime:0.000456s ]
[2026-06-17T14:26:53+08:00][sql] SELECT * FROM `cmf_product_category` WHERE  `parent_id` IN (28,19,23,25,30,22,27) [ RunTime:0.000348s ]
[2026-06-17T14:26:53+08:00][sql] SHOW FULL COLUMNS FROM `cmf_portal_category` [ RunTime:0.001210s ]
[2026-06-17T14:26:53+08:00][sql] SELECT * FROM `cmf_portal_category` WHERE (  `type` = 8 ) AND `cmf_portal_category`.`delete_time` = '0' ORDER BY `list_order` ASC [ RunTime:0.000790s ]
[2026-06-17T14:26:53+08:00][sql] SHOW FULL COLUMNS FROM `cmf_product` [ RunTime:0.001864s ]
[2026-06-17T14:26:53+08:00][sql] SELECT COUNT(*) AS think_count FROM `cmf_product` WHERE  `category_id` = 28 LIMIT 1 [ RunTime:0.000496s ]
[2026-06-17T14:26:53+08:00][sql] SELECT COUNT(*) AS think_count FROM `cmf_product` WHERE  `category_id` = 19 LIMIT 1 [ RunTime:0.000271s ]
[2026-06-17T14:26:53+08:00][sql] SELECT COUNT(*) AS think_count FROM `cmf_product` WHERE  `category_id` = 23 LIMIT 1 [ RunTime:0.000266s ]
[2026-06-17T14:26:53+08:00][sql] SELECT COUNT(*) AS think_count FROM `cmf_product` WHERE  `category_id` = 25 LIMIT 1 [ RunTime:0.000240s ]
[2026-06-17T14:26:53+08:00][sql] SELECT COUNT(*) AS think_count FROM `cmf_product` WHERE  `category_id` = 30 LIMIT 1 [ RunTime:0.000259s ]
[2026-06-17T14:26:53+08:00][sql] SELECT COUNT(*) AS think_count FROM `cmf_product` WHERE  `category_id` = 22 LIMIT 1 [ RunTime:0.000239s ]
[2026-06-17T14:26:53+08:00][sql] SELECT COUNT(*) AS think_count FROM `cmf_product` WHERE  `category_id` = 27 LIMIT 1 [ RunTime:0.000257s ]
[2026-06-17T14:26:53+08:00][sql] SELECT COUNT(*) AS think_count FROM `cmf_product` LIMIT 1 [ RunTime:0.000184s ]
[2026-06-17T14:26:53+08:00][sql] SELECT `id`,`category_id`,`title`,`thumbnail`,`industry`,`overview` FROM `cmf_product` ORDER BY `list_order` ASC,`create_time` DESC LIMIT 0,12 [ RunTime:0.000937s ]
[2026-06-17T14:26:53+08:00][sql] SHOW FULL COLUMNS FROM `cmf_slide_item` [ RunTime:0.001126s ]
[2026-06-17T14:26:53+08:00][sql] SELECT `title`,`description`,`image` FROM `cmf_slide_item` WHERE  `slide_id` = 2  AND `status` = 1 ORDER BY `list_order` ASC,`id` DESC LIMIT 1 [ RunTime:0.000383s ]
[2026-06-17T14:26:53+08:00][sql] SELECT `option_value` FROM `cmf_option` WHERE  `option_name` = 'storage' LIMIT 1 [ RunTime:0.000229s ]
[2026-06-17T14:26:53+08:00][sql] SELECT `option_value` FROM `cmf_option` WHERE  `option_name` = 'product_category_faq_settings' LIMIT 1 [ RunTime:0.000269s ]
[2026-06-17T14:26:53+08:00][sql] SHOW FULL COLUMNS FROM `cmf_portal_post` [ RunTime:0.002557s ]
[2026-06-17T14:26:53+08:00][sql] SELECT `id`,`post_title`,`post_excerpt`,`more` FROM `cmf_portal_post` WHERE (  `post_type` = 3 ) AND `cmf_portal_post`.`delete_time` = '0' ORDER BY `create_time` DESC [ RunTime:0.001091s ]
[2026-06-17T14:26:53+08:00][sql] SHOW FULL COLUMNS FROM `cmf_theme_file` [ RunTime:0.001297s ]
[2026-06-17T14:26:53+08:00][sql] SELECT `more`,`file`,`id` FROM `cmf_theme_file` WHERE  `theme` = 'simpleboot3'  AND (  `is_public` = 1 OR `file` = 'portal/product' ) ORDER BY `is_public` DESC [ RunTime:0.000390s ]
[2026-06-17T14:26:55+08:00][sql] CONNECT:[ UseTime:0.000900s ] mysql:host=127.0.0.1;port=3306;dbname=newncl;charset=utf8mb4
[2026-06-17T14:26:55+08:00][sql] SHOW FULL COLUMNS FROM `cmf_option` [ RunTime:0.001888s ]
[2026-06-17T14:26:55+08:00][sql] SELECT `option_value` FROM `cmf_option` WHERE  `option_name` = 'cdn_settings' LIMIT 1 [ RunTime:0.000364s ]
[2026-06-17T14:26:55+08:00][sql] SELECT `option_value` FROM `cmf_option` WHERE  `option_name` = 'cdn_settings' LIMIT 1 [ RunTime:0.000261s ]
[2026-06-17T14:26:55+08:00][sql] SHOW FULL COLUMNS FROM `cmf_product_category` [ RunTime:0.001579s ]
[2026-06-17T14:26:55+08:00][sql] SELECT * FROM `cmf_product_category` WHERE  `parent_id` = 0 ORDER BY `list_order` ASC,`create_time` DESC [ RunTime:0.000419s ]
[2026-06-17T14:26:55+08:00][sql] SELECT * FROM `cmf_product_category` WHERE  `parent_id` IN (28,19,23,25,30,22,27) [ RunTime:0.000409s ]
[2026-06-17T14:26:55+08:00][sql] SHOW FULL COLUMNS FROM `cmf_portal_category` [ RunTime:0.001300s ]
[2026-06-17T14:26:55+08:00][sql] SELECT * FROM `cmf_portal_category` WHERE (  `type` = 8 ) AND `cmf_portal_category`.`delete_time` = '0' ORDER BY `list_order` ASC [ RunTime:0.000401s ]
[2026-06-17T14:26:55+08:00][sql] SHOW FULL COLUMNS FROM `cmf_slide_item` [ RunTime:0.001056s ]
[2026-06-17T14:26:55+08:00][sql] SELECT `title`,`description`,`image` FROM `cmf_slide_item` WHERE  `slide_id` = 4  AND `status` = 1 ORDER BY `list_order` ASC,`id` DESC LIMIT 1 [ RunTime:0.000390s ]
[2026-06-17T14:26:55+08:00][sql] SHOW FULL COLUMNS FROM `cmf_theme_file` [ RunTime:0.000923s ]
[2026-06-17T14:26:55+08:00][sql] SELECT `more`,`file`,`id` FROM `cmf_theme_file` WHERE  `theme` = 'simpleboot3'  AND (  `is_public` = 1 OR `file` = 'portal/about' ) ORDER BY `is_public` DESC [ RunTime:0.000381s ]
[2026-06-17T14:26:55+08:00][sql] SELECT `option_value` FROM `cmf_option` WHERE  `option_name` = 'storage' LIMIT 1 [ RunTime:0.000510s ]
[2026-06-17T14:26:57+08:00][sql] CONNECT:[ UseTime:0.001426s ] mysql:host=127.0.0.1;port=3306;dbname=newncl;charset=utf8mb4
[2026-06-17T14:26:57+08:00][sql] SHOW FULL COLUMNS FROM `cmf_option` [ RunTime:0.002221s ]
[2026-06-17T14:26:57+08:00][sql] SELECT `option_value` FROM `cmf_option` WHERE  `option_name` = 'cdn_settings' LIMIT 1 [ RunTime:0.000335s ]
[2026-06-17T14:26:57+08:00][sql] SELECT `option_value` FROM `cmf_option` WHERE  `option_name` = 'cdn_settings' LIMIT 1 [ RunTime:0.000388s ]
[2026-06-17T14:26:57+08:00][sql] SHOW FULL COLUMNS FROM `cmf_product_category` [ RunTime:0.001197s ]
[2026-06-17T14:26:57+08:00][sql] SELECT * FROM `cmf_product_category` WHERE  `parent_id` = 0 ORDER BY `list_order` ASC,`create_time` DESC [ RunTime:0.000388s ]
[2026-06-17T14:26:57+08:00][sql] SELECT * FROM `cmf_product_category` WHERE  `parent_id` IN (28,19,23,25,30,22,27) [ RunTime:0.000695s ]
[2026-06-17T14:26:57+08:00][sql] SHOW FULL COLUMNS FROM `cmf_portal_category` [ RunTime:0.001809s ]
[2026-06-17T14:26:57+08:00][sql] SELECT * FROM `cmf_portal_category` WHERE (  `type` = 8 ) AND `cmf_portal_category`.`delete_time` = '0' ORDER BY `list_order` ASC [ RunTime:0.000472s ]
[2026-06-17T14:26:57+08:00][sql] SHOW FULL COLUMNS FROM `cmf_product` [ RunTime:0.001346s ]
[2026-06-17T14:26:57+08:00][sql] SELECT COUNT(*) AS think_count FROM `cmf_product` WHERE  `category_id` = 28 LIMIT 1 [ RunTime:0.000324s ]
[2026-06-17T14:26:57+08:00][sql] SELECT COUNT(*) AS think_count FROM `cmf_product` WHERE  `category_id` = 19 LIMIT 1 [ RunTime:0.000242s ]
[2026-06-17T14:26:57+08:00][sql] SELECT COUNT(*) AS think_count FROM `cmf_product` WHERE  `category_id` = 23 LIMIT 1 [ RunTime:0.000243s ]
[2026-06-17T14:26:57+08:00][sql] SELECT COUNT(*) AS think_count FROM `cmf_product` WHERE  `category_id` = 25 LIMIT 1 [ RunTime:0.000241s ]
[2026-06-17T14:26:57+08:00][sql] SELECT COUNT(*) AS think_count FROM `cmf_product` WHERE  `category_id` = 30 LIMIT 1 [ RunTime:0.000268s ]
[2026-06-17T14:26:57+08:00][sql] SELECT COUNT(*) AS think_count FROM `cmf_product` WHERE  `category_id` = 22 LIMIT 1 [ RunTime:0.000228s ]
[2026-06-17T14:26:57+08:00][sql] SELECT COUNT(*) AS think_count FROM `cmf_product` WHERE  `category_id` = 27 LIMIT 1 [ RunTime:0.000276s ]
[2026-06-17T14:26:57+08:00][sql] SELECT COUNT(*) AS think_count FROM `cmf_product` LIMIT 1 [ RunTime:0.000226s ]
[2026-06-17T14:26:57+08:00][sql] SELECT `id`,`category_id`,`title`,`thumbnail`,`industry`,`overview` FROM `cmf_product` ORDER BY `list_order` ASC,`create_time` DESC LIMIT 0,12 [ RunTime:0.000662s ]
[2026-06-17T14:26:57+08:00][sql] SHOW FULL COLUMNS FROM `cmf_slide_item` [ RunTime:0.001432s ]
[2026-06-17T14:26:57+08:00][sql] SELECT `title`,`description`,`image` FROM `cmf_slide_item` WHERE  `slide_id` = 2  AND `status` = 1 ORDER BY `list_order` ASC,`id` DESC LIMIT 1 [ RunTime:0.000461s ]
[2026-06-17T14:26:57+08:00][sql] SELECT `option_value` FROM `cmf_option` WHERE  `option_name` = 'storage' LIMIT 1 [ RunTime:0.000268s ]
[2026-06-17T14:26:57+08:00][sql] SHOW FULL COLUMNS FROM `cmf_portal_post` [ RunTime:0.001943s ]
[2026-06-17T14:26:57+08:00][sql] SELECT `id`,`post_title`,`post_excerpt`,`more` FROM `cmf_portal_post` WHERE (  `post_type` = 3 ) AND `cmf_portal_post`.`delete_time` = '0' ORDER BY `create_time` DESC [ RunTime:0.000588s ]
[2026-06-17T14:26:57+08:00][sql] SHOW FULL COLUMNS FROM `cmf_theme_file` [ RunTime:0.001103s ]
[2026-06-17T14:26:57+08:00][sql] SELECT `more`,`file`,`id` FROM `cmf_theme_file` WHERE  `theme` = 'simpleboot3'  AND (  `is_public` = 1 OR `file` = 'portal/product' ) ORDER BY `is_public` DESC [ RunTime:0.000433s ]
[2026-06-17T14:27:00+08:00][sql] CONNECT:[ UseTime:0.001689s ] mysql:host=127.0.0.1;port=3306;dbname=newncl;charset=utf8mb4
[2026-06-17T14:27:00+08:00][sql] SHOW FULL COLUMNS FROM `cmf_option` [ RunTime:0.002374s ]
[2026-06-17T14:27:00+08:00][sql] SELECT `option_value` FROM `cmf_option` WHERE  `option_name` = 'cdn_settings' LIMIT 1 [ RunTime:0.000687s ]
[2026-06-17T14:27:00+08:00][sql] SELECT `option_value` FROM `cmf_option` WHERE  `option_name` = 'cdn_settings' LIMIT 1 [ RunTime:0.000445s ]
[2026-06-17T14:27:00+08:00][sql] SHOW FULL COLUMNS FROM `cmf_product_category` [ RunTime:0.001373s ]
[2026-06-17T14:27:00+08:00][sql] SELECT * FROM `cmf_product_category` WHERE  `parent_id` = 0 ORDER BY `list_order` ASC,`create_time` DESC [ RunTime:0.000410s ]
[2026-06-17T14:27:00+08:00][sql] SELECT * FROM `cmf_product_category` WHERE  `parent_id` IN (28,19,23,25,30,22,27) [ RunTime:0.000333s ]
[2026-06-17T14:27:00+08:00][sql] SHOW FULL COLUMNS FROM `cmf_portal_category` [ RunTime:0.001321s ]
[2026-06-17T14:27:00+08:00][sql] SELECT * FROM `cmf_portal_category` WHERE (  `type` = 8 ) AND `cmf_portal_category`.`delete_time` = '0' ORDER BY `list_order` ASC [ RunTime:0.000423s ]
[2026-06-17T14:27:00+08:00][sql] SHOW FULL COLUMNS FROM `cmf_product` [ RunTime:0.001901s ]
[2026-06-17T14:27:00+08:00][sql] SELECT * FROM `cmf_product` WHERE  `id` = 209 LIMIT 1 [ RunTime:0.000840s ]
[2026-06-17T14:27:00+08:00][sql] SELECT * FROM `cmf_product_category` WHERE  `id` = 28 LIMIT 1 [ RunTime:0.000289s ]
[2026-06-17T14:27:00+08:00][sql] SELECT `option_value` FROM `cmf_option` WHERE  `option_name` = 'product_setting' LIMIT 1 [ RunTime:0.000273s ]
[2026-06-17T14:27:00+08:00][sql] SELECT `id`,`title`,`industry`,`thumbnail` FROM `cmf_product` WHERE  `id` <> 209  AND `is_recommended` = 1  AND `category_id` = 28 ORDER BY RAND() LIMIT 8 [ RunTime:0.000676s ]
[2026-06-17T14:27:00+08:00][sql] SHOW FULL COLUMNS FROM `cmf_slide_item` [ RunTime:0.001321s ]
[2026-06-17T14:27:00+08:00][sql] SELECT `title`,`description`,`image` FROM `cmf_slide_item` WHERE  `slide_id` = 2  AND `status` = 1 ORDER BY `list_order` ASC,`id` DESC LIMIT 1 [ RunTime:0.000410s ]
[2026-06-17T14:27:00+08:00][sql] SHOW FULL COLUMNS FROM `cmf_theme_file` [ RunTime:0.001119s ]
[2026-06-17T14:27:00+08:00][sql] SELECT `more`,`file`,`id` FROM `cmf_theme_file` WHERE  `theme` = 'simpleboot3'  AND (  `is_public` = 1 OR `file` = 'portal/product-info' ) ORDER BY `is_public` DESC [ RunTime:0.000362s ]
[2026-06-17T14:27:00+08:00][sql] SELECT `option_value` FROM `cmf_option` WHERE  `option_name` = 'storage' LIMIT 1 [ RunTime:0.000447s ]
[2026-06-17T14:29:36+08:00][sql] CONNECT:[ UseTime:0.000882s ] mysql:host=127.0.0.1;port=3306;dbname=newncl;charset=utf8mb4
[2026-06-17T14:29:36+08:00][sql] SHOW FULL COLUMNS FROM `cmf_option` [ RunTime:0.001547s ]
[2026-06-17T14:29:36+08:00][sql] SELECT `option_value` FROM `cmf_option` WHERE  `option_name` = 'cdn_settings' LIMIT 1 [ RunTime:0.000303s ]
[2026-06-17T14:29:36+08:00][sql] SELECT `option_value` FROM `cmf_option` WHERE  `option_name` = 'cdn_settings' LIMIT 1 [ RunTime:0.000810s ]
[2026-06-17T14:29:36+08:00][sql] SHOW FULL COLUMNS FROM `cmf_product_category` [ RunTime:0.001990s ]
[2026-06-17T14:29:36+08:00][sql] SELECT * FROM `cmf_product_category` WHERE  `parent_id` = 0 ORDER BY `list_order` ASC,`create_time` DESC [ RunTime:0.000439s ]
[2026-06-17T14:29:36+08:00][sql] SELECT * FROM `cmf_product_category` WHERE  `parent_id` IN (28,19,23,25,30,22,27) [ RunTime:0.000414s ]
[2026-06-17T14:29:36+08:00][sql] SHOW FULL COLUMNS FROM `cmf_portal_category` [ RunTime:0.001378s ]
[2026-06-17T14:29:36+08:00][sql] SELECT * FROM `cmf_portal_category` WHERE (  `type` = 8 ) AND `cmf_portal_category`.`delete_time` = '0' ORDER BY `list_order` ASC [ RunTime:0.000441s ]
[2026-06-17T14:29:36+08:00][sql] SHOW FULL COLUMNS FROM `cmf_slide_item` [ RunTime:0.001073s ]
[2026-06-17T14:29:36+08:00][sql] SELECT `title`,`description`,`image`,`url`,`target`,`content` FROM `cmf_slide_item` WHERE  `slide_id` = 1 ORDER BY `list_order` ASC [ RunTime:0.000385s ]
[2026-06-17T14:29:36+08:00][sql] SHOW FULL COLUMNS FROM `cmf_slide` [ RunTime:0.001588s ]
[2026-06-17T14:29:36+08:00][sql] SELECT * FROM `cmf_slide` WHERE  `name` LIKE '%choose%' OR `name` LIKE '%选择%' LIMIT 1 [ RunTime:0.000669s ]
[2026-06-17T14:29:36+08:00][sql] SELECT `title`,`description`,`image`,`url`,`target`,`content` FROM `cmf_slide_item` WHERE  `slide_id` = 14  AND `status` = 1 ORDER BY `list_order` ASC [ RunTime:0.000506s ]
[2026-06-17T14:29:36+08:00][sql] SELECT * FROM `cmf_product_category` WHERE  `parent_id` = 0  AND `recommend` = 1 ORDER BY `list_order` ASC,`create_time` DESC [ RunTime:0.000485s ]
[2026-06-17T14:29:36+08:00][sql] SHOW FULL COLUMNS FROM `cmf_product` [ RunTime:0.001483s ]
[2026-06-17T14:29:36+08:00][sql] SELECT `id`,`title`,`thumbnail`,`industry` FROM `cmf_product` WHERE  `is_recommended` = 1  AND `category_id` = 28 ORDER BY `list_order` ASC LIMIT 6 [ RunTime:0.000458s ]
[2026-06-17T14:29:36+08:00][sql] SELECT `id`,`title`,`thumbnail`,`industry` FROM `cmf_product` WHERE  `is_recommended` = 1  AND `category_id` = 19 ORDER BY `list_order` ASC LIMIT 6 [ RunTime:0.000381s ]
[2026-06-17T14:29:36+08:00][sql] SELECT `id`,`title`,`thumbnail`,`industry` FROM `cmf_product` WHERE  `is_recommended` = 1  AND `category_id` = 23 ORDER BY `list_order` ASC LIMIT 6 [ RunTime:0.000294s ]
[2026-06-17T14:29:36+08:00][sql] SELECT `id`,`title`,`thumbnail`,`industry` FROM `cmf_product` WHERE  `is_recommended` = 1  AND `category_id` = 25 ORDER BY `list_order` ASC LIMIT 6 [ RunTime:0.000314s ]
[2026-06-17T14:29:36+08:00][sql] SELECT `id`,`title`,`thumbnail`,`industry` FROM `cmf_product` WHERE  `is_recommended` = 1  AND `category_id` = 30 ORDER BY `list_order` ASC LIMIT 6 [ RunTime:0.000295s ]
[2026-06-17T14:29:36+08:00][sql] SHOW FULL COLUMNS FROM `cmf_portal_post` [ RunTime:0.001260s ]
[2026-06-17T14:29:36+08:00][sql] SELECT `p`.`id`,`p`.`post_title`,`p`.`post_excerpt`,`p`.`thumbnail`,`p`.`create_time`,`c`.`category_id` FROM `cmf_portal_post` `p` INNER JOIN `cmf_portal_category_post` `c` ON `p`.`id`=`c`.`post_id` WHERE (  `p`.`post_type` = '8' ) AND `p`.`delete_time` = '0' ORDER BY `c`.`list_order` ASC,`p`.`create_time` DESC [ RunTime:0.000596s ]
[2026-06-17T14:29:36+08:00][sql] SELECT `id`,`post_title`,`post_excerpt`,`more` FROM `cmf_portal_post` WHERE (  `post_type` = 3 ) AND `cmf_portal_post`.`delete_time` = '0' ORDER BY `create_time` DESC [ RunTime:0.000402s ]
[2026-06-17T14:29:36+08:00][sql] SHOW FULL COLUMNS FROM `cmf_theme_file` [ RunTime:0.000958s ]
[2026-06-17T14:29:36+08:00][sql] SELECT `more`,`file`,`id` FROM `cmf_theme_file` WHERE  `theme` = 'simpleboot3'  AND (  `is_public` = 1 OR `file` = 'portal/index' ) ORDER BY `is_public` DESC [ RunTime:0.000596s ]
[2026-06-17T14:29:36+08:00][sql] SELECT `option_value` FROM `cmf_option` WHERE  `option_name` = 'storage' LIMIT 1 [ RunTime:0.000479s ]
[2026-06-17T14:29:37+08:00][sql] CONNECT:[ UseTime:0.000732s ] mysql:host=127.0.0.1;port=3306;dbname=newncl;charset=utf8mb4
[2026-06-17T14:29:37+08:00][sql] SHOW FULL COLUMNS FROM `cmf_option` [ RunTime:0.001595s ]
[2026-06-17T14:29:37+08:00][sql] SELECT `option_value` FROM `cmf_option` WHERE  `option_name` = 'cdn_settings' LIMIT 1 [ RunTime:0.000455s ]
[2026-06-17T14:29:37+08:00][sql] SELECT `option_value` FROM `cmf_option` WHERE  `option_name` = 'cdn_settings' LIMIT 1 [ RunTime:0.000464s ]
[2026-06-17T14:29:37+08:00][sql] SHOW FULL COLUMNS FROM `cmf_product_category` [ RunTime:0.001147s ]
[2026-06-17T14:29:37+08:00][sql] SELECT * FROM `cmf_product_category` WHERE  `parent_id` = 0 ORDER BY `list_order` ASC,`create_time` DESC [ RunTime:0.000445s ]
[2026-06-17T14:29:37+08:00][sql] SELECT * FROM `cmf_product_category` WHERE  `parent_id` IN (28,19,23,25,30,22,27) [ RunTime:0.000295s ]
[2026-06-17T14:29:37+08:00][sql] SHOW FULL COLUMNS FROM `cmf_portal_category` [ RunTime:0.001132s ]
[2026-06-17T14:29:37+08:00][sql] SELECT * FROM `cmf_portal_category` WHERE (  `type` = 8 ) AND `cmf_portal_category`.`delete_time` = '0' ORDER BY `list_order` ASC [ RunTime:0.000373s ]
[2026-06-17T14:29:37+08:00][sql] SHOW FULL COLUMNS FROM `cmf_slide_item` [ RunTime:0.000934s ]
[2026-06-17T14:29:37+08:00][sql] SELECT `title`,`description`,`image` FROM `cmf_slide_item` WHERE  `slide_id` = 6  AND `status` = 1 ORDER BY `list_order` ASC,`id` DESC LIMIT 1 [ RunTime:0.000466s ]
[2026-06-17T14:29:37+08:00][sql] SELECT `option_value` FROM `cmf_option` WHERE  `option_name` = 'service_site' LIMIT 1 [ RunTime:0.000492s ]
[2026-06-17T14:29:37+08:00][sql] SHOW FULL COLUMNS FROM `cmf_portal_post` [ RunTime:0.001693s ]
[2026-06-17T14:29:37+08:00][sql] SELECT `id`,`post_title`,`more` FROM `cmf_portal_post` WHERE (  `post_type` = 4 ) AND `cmf_portal_post`.`delete_time` = '0' [ RunTime:0.000471s ]
[2026-06-17T14:29:37+08:00][sql] SHOW FULL COLUMNS FROM `cmf_theme_file` [ RunTime:0.001096s ]
[2026-06-17T14:29:37+08:00][sql] SELECT `more`,`file`,`id` FROM `cmf_theme_file` WHERE  `theme` = 'simpleboot3'  AND (  `is_public` = 1 OR `file` = 'portal/service' ) ORDER BY `is_public` DESC [ RunTime:0.000343s ]
[2026-06-17T14:29:37+08:00][sql] SELECT `option_value` FROM `cmf_option` WHERE  `option_name` = 'storage' LIMIT 1 [ RunTime:0.000490s ]
[2026-06-17T14:29:41+08:00][sql] CONNECT:[ UseTime:0.001000s ] mysql:host=127.0.0.1;port=3306;dbname=newncl;charset=utf8mb4
[2026-06-17T14:29:41+08:00][sql] SHOW FULL COLUMNS FROM `cmf_option` [ RunTime:0.002098s ]
[2026-06-17T14:29:41+08:00][sql] SELECT `option_value` FROM `cmf_option` WHERE  `option_name` = 'cdn_settings' LIMIT 1 [ RunTime:0.000322s ]
[2026-06-17T14:29:41+08:00][sql] SELECT `option_value` FROM `cmf_option` WHERE  `option_name` = 'cdn_settings' LIMIT 1 [ RunTime:0.000286s ]
[2026-06-17T14:29:41+08:00][sql] SHOW FULL COLUMNS FROM `cmf_product_category` [ RunTime:0.001085s ]
[2026-06-17T14:29:41+08:00][sql] SELECT * FROM `cmf_product_category` WHERE  `parent_id` = 0 ORDER BY `list_order` ASC,`create_time` DESC [ RunTime:0.000357s ]
[2026-06-17T14:29:41+08:00][sql] SELECT * FROM `cmf_product_category` WHERE  `parent_id` IN (28,19,23,25,30,22,27) [ RunTime:0.000304s ]
[2026-06-17T14:29:41+08:00][sql] SHOW FULL COLUMNS FROM `cmf_portal_category` [ RunTime:0.001163s ]
[2026-06-17T14:29:41+08:00][sql] SELECT * FROM `cmf_portal_category` WHERE (  `type` = 8 ) AND `cmf_portal_category`.`delete_time` = '0' ORDER BY `list_order` ASC [ RunTime:0.000342s ]
[2026-06-17T14:29:41+08:00][sql] SHOW FULL COLUMNS FROM `cmf_product` [ RunTime:0.001373s ]
[2026-06-17T14:29:41+08:00][sql] SELECT COUNT(*) AS think_count FROM `cmf_product` WHERE  `category_id` = 28 LIMIT 1 [ RunTime:0.000491s ]
[2026-06-17T14:29:41+08:00][sql] SELECT COUNT(*) AS think_count FROM `cmf_product` WHERE  `category_id` = 19 LIMIT 1 [ RunTime:0.000330s ]
[2026-06-17T14:29:41+08:00][sql] SELECT COUNT(*) AS think_count FROM `cmf_product` WHERE  `category_id` = 23 LIMIT 1 [ RunTime:0.000267s ]
[2026-06-17T14:29:41+08:00][sql] SELECT COUNT(*) AS think_count FROM `cmf_product` WHERE  `category_id` = 25 LIMIT 1 [ RunTime:0.000259s ]
[2026-06-17T14:29:41+08:00][sql] SELECT COUNT(*) AS think_count FROM `cmf_product` WHERE  `category_id` = 30 LIMIT 1 [ RunTime:0.000255s ]
[2026-06-17T14:29:41+08:00][sql] SELECT COUNT(*) AS think_count FROM `cmf_product` WHERE  `category_id` = 22 LIMIT 1 [ RunTime:0.000242s ]
[2026-06-17T14:29:41+08:00][sql] SELECT COUNT(*) AS think_count FROM `cmf_product` WHERE  `category_id` = 27 LIMIT 1 [ RunTime:0.000243s ]
[2026-06-17T14:29:41+08:00][sql] SELECT COUNT(*) AS think_count FROM `cmf_product` LIMIT 1 [ RunTime:0.000214s ]
[2026-06-17T14:29:41+08:00][sql] SELECT `id`,`category_id`,`title`,`thumbnail`,`industry`,`overview` FROM `cmf_product` ORDER BY `list_order` ASC,`create_time` DESC LIMIT 0,12 [ RunTime:0.000510s ]
[2026-06-17T14:29:41+08:00][sql] SHOW FULL COLUMNS FROM `cmf_slide_item` [ RunTime:0.001124s ]
[2026-06-17T14:29:41+08:00][sql] SELECT `title`,`description`,`image` FROM `cmf_slide_item` WHERE  `slide_id` = 2  AND `status` = 1 ORDER BY `list_order` ASC,`id` DESC LIMIT 1 [ RunTime:0.000378s ]
[2026-06-17T14:29:41+08:00][sql] SELECT `option_value` FROM `cmf_option` WHERE  `option_name` = 'storage' LIMIT 1 [ RunTime:0.000225s ]
[2026-06-17T14:29:41+08:00][sql] SHOW FULL COLUMNS FROM `cmf_portal_post` [ RunTime:0.001297s ]
[2026-06-17T14:29:41+08:00][sql] SELECT `id`,`post_title`,`post_excerpt`,`more` FROM `cmf_portal_post` WHERE (  `post_type` = 3 ) AND `cmf_portal_post`.`delete_time` = '0' ORDER BY `create_time` DESC [ RunTime:0.000371s ]
[2026-06-17T14:29:41+08:00][sql] SHOW FULL COLUMNS FROM `cmf_theme_file` [ RunTime:0.000910s ]
[2026-06-17T14:29:41+08:00][sql] SELECT `more`,`file`,`id` FROM `cmf_theme_file` WHERE  `theme` = 'simpleboot3'  AND (  `is_public` = 1 OR `file` = 'portal/product' ) ORDER BY `is_public` DESC [ RunTime:0.000320s ]
[2026-06-17T14:29:42+08:00][sql] CONNECT:[ UseTime:0.000971s ] mysql:host=127.0.0.1;port=3306;dbname=newncl;charset=utf8mb4
[2026-06-17T14:29:42+08:00][sql] SHOW FULL COLUMNS FROM `cmf_option` [ RunTime:0.001563s ]
[2026-06-17T14:29:42+08:00][sql] SELECT `option_value` FROM `cmf_option` WHERE  `option_name` = 'cdn_settings' LIMIT 1 [ RunTime:0.000295s ]
[2026-06-17T14:29:42+08:00][sql] SELECT `option_value` FROM `cmf_option` WHERE  `option_name` = 'cdn_settings' LIMIT 1 [ RunTime:0.001670s ]
[2026-06-17T14:29:42+08:00][sql] SHOW FULL COLUMNS FROM `cmf_product_category` [ RunTime:0.002287s ]
[2026-06-17T14:29:42+08:00][sql] SELECT * FROM `cmf_product_category` WHERE  `parent_id` = 0 ORDER BY `list_order` ASC,`create_time` DESC [ RunTime:0.000614s ]
[2026-06-17T14:29:42+08:00][sql] SELECT * FROM `cmf_product_category` WHERE  `parent_id` IN (28,19,23,25,30,22,27) [ RunTime:0.000520s ]
[2026-06-17T14:29:42+08:00][sql] SHOW FULL COLUMNS FROM `cmf_portal_category` [ RunTime:0.001763s ]
[2026-06-17T14:29:42+08:00][sql] SELECT * FROM `cmf_portal_category` WHERE (  `type` = 8 ) AND `cmf_portal_category`.`delete_time` = '0' ORDER BY `list_order` ASC [ RunTime:0.000642s ]
[2026-06-17T14:29:42+08:00][sql] SHOW FULL COLUMNS FROM `cmf_product` [ RunTime:0.001737s ]
[2026-06-17T14:29:42+08:00][sql] SELECT * FROM `cmf_product` WHERE  `id` = 213 LIMIT 1 [ RunTime:0.000927s ]
[2026-06-17T14:29:42+08:00][sql] SELECT * FROM `cmf_product_category` WHERE  `id` = 28 LIMIT 1 [ RunTime:0.000655s ]
[2026-06-17T14:29:42+08:00][sql] SELECT `id`,`title`,`industry`,`thumbnail` FROM `cmf_product` WHERE  `id` <> 213  AND `is_recommended` = 1  AND `category_id` = 28 ORDER BY RAND() LIMIT 8 [ RunTime:0.001214s ]
[2026-06-17T14:29:42+08:00][sql] SHOW FULL COLUMNS FROM `cmf_slide_item` [ RunTime:0.001364s ]
[2026-06-17T14:29:42+08:00][sql] SELECT `title`,`description`,`image` FROM `cmf_slide_item` WHERE  `slide_id` = 2  AND `status` = 1 ORDER BY `list_order` ASC,`id` DESC LIMIT 1 [ RunTime:0.000760s ]
[2026-06-17T14:29:42+08:00][sql] SHOW FULL COLUMNS FROM `cmf_theme_file` [ RunTime:0.002262s ]
[2026-06-17T14:29:42+08:00][sql] SELECT `more`,`file`,`id` FROM `cmf_theme_file` WHERE  `theme` = 'simpleboot3'  AND (  `is_public` = 1 OR `file` = 'portal/product-info' ) ORDER BY `is_public` DESC [ RunTime:0.000708s ]
[2026-06-17T14:29:42+08:00][sql] SELECT `option_value` FROM `cmf_option` WHERE  `option_name` = 'storage' LIMIT 1 [ RunTime:0.000663s ]
[2026-06-17T14:29:48+08:00][sql] CONNECT:[ UseTime:0.001331s ] mysql:host=127.0.0.1;port=3306;dbname=newncl;charset=utf8mb4
[2026-06-17T14:29:48+08:00][sql] SHOW FULL COLUMNS FROM `cmf_option` [ RunTime:0.002374s ]
[2026-06-17T14:29:48+08:00][sql] SELECT `option_value` FROM `cmf_option` WHERE  `option_name` = 'cdn_settings' LIMIT 1 [ RunTime:0.000241s ]
[2026-06-17T14:29:48+08:00][sql] SELECT `option_value` FROM `cmf_option` WHERE  `option_name` = 'cdn_settings' LIMIT 1 [ RunTime:0.000249s ]
[2026-06-17T14:29:48+08:00][sql] SHOW FULL COLUMNS FROM `cmf_product_category` [ RunTime:0.001027s ]
[2026-06-17T14:29:48+08:00][sql] SELECT * FROM `cmf_product_category` WHERE  `parent_id` = 0 ORDER BY `list_order` ASC,`create_time` DESC [ RunTime:0.000376s ]
[2026-06-17T14:29:48+08:00][sql] SELECT * FROM `cmf_product_category` WHERE  `parent_id` IN (28,19,23,25,30,22,27) [ RunTime:0.000473s ]
[2026-06-17T14:29:48+08:00][sql] SHOW FULL COLUMNS FROM `cmf_portal_category` [ RunTime:0.000913s ]
[2026-06-17T14:29:48+08:00][sql] SELECT * FROM `cmf_portal_category` WHERE (  `type` = 8 ) AND `cmf_portal_category`.`delete_time` = '0' ORDER BY `list_order` ASC [ RunTime:0.000376s ]
[2026-06-17T14:29:48+08:00][sql] SHOW FULL COLUMNS FROM `cmf_slide_item` [ RunTime:0.001486s ]
[2026-06-17T14:29:48+08:00][sql] SELECT `title`,`description`,`image`,`url`,`target`,`content` FROM `cmf_slide_item` WHERE  `slide_id` = 1 ORDER BY `list_order` ASC [ RunTime:0.000489s ]
[2026-06-17T14:29:48+08:00][sql] SHOW FULL COLUMNS FROM `cmf_slide` [ RunTime:0.001239s ]
[2026-06-17T14:29:48+08:00][sql] SELECT * FROM `cmf_slide` WHERE  `name` LIKE '%choose%' OR `name` LIKE '%选择%' LIMIT 1 [ RunTime:0.000567s ]
[2026-06-17T14:29:48+08:00][sql] SELECT `title`,`description`,`image`,`url`,`target`,`content` FROM `cmf_slide_item` WHERE  `slide_id` = 14  AND `status` = 1 ORDER BY `list_order` ASC [ RunTime:0.000470s ]
[2026-06-17T14:29:48+08:00][sql] SELECT * FROM `cmf_product_category` WHERE  `parent_id` = 0  AND `recommend` = 1 ORDER BY `list_order` ASC,`create_time` DESC [ RunTime:0.000285s ]
[2026-06-17T14:29:48+08:00][sql] SHOW FULL COLUMNS FROM `cmf_product` [ RunTime:0.000976s ]
[2026-06-17T14:29:48+08:00][sql] SELECT `id`,`title`,`thumbnail`,`industry` FROM `cmf_product` WHERE  `is_recommended` = 1  AND `category_id` = 28 ORDER BY `list_order` ASC LIMIT 6 [ RunTime:0.000328s ]
[2026-06-17T14:29:48+08:00][sql] SELECT `id`,`title`,`thumbnail`,`industry` FROM `cmf_product` WHERE  `is_recommended` = 1  AND `category_id` = 19 ORDER BY `list_order` ASC LIMIT 6 [ RunTime:0.000317s ]
[2026-06-17T14:29:48+08:00][sql] SELECT `id`,`title`,`thumbnail`,`industry` FROM `cmf_product` WHERE  `is_recommended` = 1  AND `category_id` = 23 ORDER BY `list_order` ASC LIMIT 6 [ RunTime:0.000220s ]
[2026-06-17T14:29:48+08:00][sql] SELECT `id`,`title`,`thumbnail`,`industry` FROM `cmf_product` WHERE  `is_recommended` = 1  AND `category_id` = 25 ORDER BY `list_order` ASC LIMIT 6 [ RunTime:0.000230s ]
[2026-06-17T14:29:48+08:00][sql] SELECT `id`,`title`,`thumbnail`,`industry` FROM `cmf_product` WHERE  `is_recommended` = 1  AND `category_id` = 30 ORDER BY `list_order` ASC LIMIT 6 [ RunTime:0.000231s ]
[2026-06-17T14:29:48+08:00][sql] SHOW FULL COLUMNS FROM `cmf_portal_post` [ RunTime:0.000922s ]
[2026-06-17T14:29:48+08:00][sql] SELECT `p`.`id`,`p`.`post_title`,`p`.`post_excerpt`,`p`.`thumbnail`,`p`.`create_time`,`c`.`category_id` FROM `cmf_portal_post` `p` INNER JOIN `cmf_portal_category_post` `c` ON `p`.`id`=`c`.`post_id` WHERE (  `p`.`post_type` = '8' ) AND `p`.`delete_time` = '0' ORDER BY `c`.`list_order` ASC,`p`.`create_time` DESC [ RunTime:0.000440s ]
[2026-06-17T14:29:48+08:00][sql] SELECT `id`,`post_title`,`post_excerpt`,`more` FROM `cmf_portal_post` WHERE (  `post_type` = 3 ) AND `cmf_portal_post`.`delete_time` = '0' ORDER BY `create_time` DESC [ RunTime:0.000299s ]
[2026-06-17T14:29:48+08:00][sql] SHOW FULL COLUMNS FROM `cmf_theme_file` [ RunTime:0.001203s ]
[2026-06-17T14:29:48+08:00][sql] SELECT `more`,`file`,`id` FROM `cmf_theme_file` WHERE  `theme` = 'simpleboot3'  AND (  `is_public` = 1 OR `file` = 'portal/index' ) ORDER BY `is_public` DESC [ RunTime:0.000383s ]
[2026-06-17T14:29:48+08:00][sql] SELECT `option_value` FROM `cmf_option` WHERE  `option_name` = 'storage' LIMIT 1 [ RunTime:0.000265s ]
[2026-06-17T14:31:50+08:00][sql] CONNECT:[ UseTime:0.001742s ] mysql:host=127.0.0.1;port=3306;dbname=newncl;charset=utf8mb4
[2026-06-17T14:31:50+08:00][sql] SHOW FULL COLUMNS FROM `cmf_option` [ RunTime:0.002326s ]
[2026-06-17T14:31:50+08:00][sql] SELECT `option_value` FROM `cmf_option` WHERE  `option_name` = 'cdn_settings' LIMIT 1 [ RunTime:0.000286s ]
[2026-06-17T14:31:50+08:00][sql] SELECT `option_value` FROM `cmf_option` WHERE  `option_name` = 'cdn_settings' LIMIT 1 [ RunTime:0.000825s ]
[2026-06-17T14:31:50+08:00][sql] SHOW FULL COLUMNS FROM `cmf_product_category` [ RunTime:0.001273s ]
[2026-06-17T14:31:50+08:00][sql] SELECT * FROM `cmf_product_category` WHERE  `parent_id` = 0 ORDER BY `list_order` ASC,`create_time` DESC [ RunTime:0.000348s ]
[2026-06-17T14:31:50+08:00][sql] SELECT * FROM `cmf_product_category` WHERE  `parent_id` IN (28,19,23,25,30,22,27) [ RunTime:0.000382s ]
[2026-06-17T14:31:50+08:00][sql] SHOW FULL COLUMNS FROM `cmf_portal_category` [ RunTime:0.001187s ]
[2026-06-17T14:31:50+08:00][sql] SELECT * FROM `cmf_portal_category` WHERE (  `type` = 8 ) AND `cmf_portal_category`.`delete_time` = '0' ORDER BY `list_order` ASC [ RunTime:0.000426s ]
[2026-06-17T14:31:50+08:00][sql] SHOW FULL COLUMNS FROM `cmf_slide_item` [ RunTime:0.001375s ]
[2026-06-17T14:31:50+08:00][sql] SELECT `title`,`description`,`image`,`url`,`target`,`content` FROM `cmf_slide_item` WHERE  `slide_id` = 1 ORDER BY `list_order` ASC [ RunTime:0.000396s ]
[2026-06-17T14:31:50+08:00][sql] SHOW FULL COLUMNS FROM `cmf_slide` [ RunTime:0.001966s ]
[2026-06-17T14:31:50+08:00][sql] SELECT * FROM `cmf_slide` WHERE  `name` LIKE '%choose%' OR `name` LIKE '%选择%' LIMIT 1 [ RunTime:0.000388s ]
[2026-06-17T14:31:50+08:00][sql] SELECT `title`,`description`,`image`,`url`,`target`,`content` FROM `cmf_slide_item` WHERE  `slide_id` = 14  AND `status` = 1 ORDER BY `list_order` ASC [ RunTime:0.000428s ]
[2026-06-17T14:31:50+08:00][sql] SELECT * FROM `cmf_product_category` WHERE  `parent_id` = 0  AND `recommend` = 1 ORDER BY `list_order` ASC,`create_time` DESC [ RunTime:0.000634s ]
[2026-06-17T14:31:50+08:00][sql] SHOW FULL COLUMNS FROM `cmf_product` [ RunTime:0.001680s ]
[2026-06-17T14:31:50+08:00][sql] SELECT `id`,`title`,`thumbnail`,`industry` FROM `cmf_product` WHERE  `is_recommended` = 1  AND `category_id` = 28 ORDER BY `list_order` ASC LIMIT 6 [ RunTime:0.000476s ]
[2026-06-17T14:31:50+08:00][sql] SELECT `id`,`title`,`thumbnail`,`industry` FROM `cmf_product` WHERE  `is_recommended` = 1  AND `category_id` = 19 ORDER BY `list_order` ASC LIMIT 6 [ RunTime:0.000311s ]
[2026-06-17T14:31:50+08:00][sql] SELECT `id`,`title`,`thumbnail`,`industry` FROM `cmf_product` WHERE  `is_recommended` = 1  AND `category_id` = 23 ORDER BY `list_order` ASC LIMIT 6 [ RunTime:0.000299s ]
[2026-06-17T14:31:50+08:00][sql] SELECT `id`,`title`,`thumbnail`,`industry` FROM `cmf_product` WHERE  `is_recommended` = 1  AND `category_id` = 25 ORDER BY `list_order` ASC LIMIT 6 [ RunTime:0.000275s ]
[2026-06-17T14:31:50+08:00][sql] SELECT `id`,`title`,`thumbnail`,`industry` FROM `cmf_product` WHERE  `is_recommended` = 1  AND `category_id` = 30 ORDER BY `list_order` ASC LIMIT 6 [ RunTime:0.000287s ]
[2026-06-17T14:31:50+08:00][sql] SHOW FULL COLUMNS FROM `cmf_portal_post` [ RunTime:0.001194s ]
[2026-06-17T14:31:50+08:00][sql] SELECT `p`.`id`,`p`.`post_title`,`p`.`post_excerpt`,`p`.`thumbnail`,`p`.`create_time`,`c`.`category_id` FROM `cmf_portal_post` `p` INNER JOIN `cmf_portal_category_post` `c` ON `p`.`id`=`c`.`post_id` WHERE (  `p`.`post_type` = '8' ) AND `p`.`delete_time` = '0' ORDER BY `c`.`list_order` ASC,`p`.`create_time` DESC [ RunTime:0.000520s ]
[2026-06-17T14:31:50+08:00][sql] SELECT `id`,`post_title`,`post_excerpt`,`more` FROM `cmf_portal_post` WHERE (  `post_type` = 3 ) AND `cmf_portal_post`.`delete_time` = '0' ORDER BY `create_time` DESC [ RunTime:0.000413s ]
[2026-06-17T14:31:50+08:00][sql] SHOW FULL COLUMNS FROM `cmf_theme_file` [ RunTime:0.001019s ]
[2026-06-17T14:31:50+08:00][sql] SELECT `more`,`file`,`id` FROM `cmf_theme_file` WHERE  `theme` = 'simpleboot3'  AND (  `is_public` = 1 OR `file` = 'portal/index' ) ORDER BY `is_public` DESC [ RunTime:0.000431s ]
[2026-06-17T14:31:50+08:00][sql] SELECT `option_value` FROM `cmf_option` WHERE  `option_name` = 'storage' LIMIT 1 [ RunTime:0.000522s ]
[2026-06-17T14:37:21+08:00][sql] CONNECT:[ UseTime:0.003265s ] mysql:host=127.0.0.1;port=3306;dbname=newncl;charset=utf8mb4
[2026-06-17T14:37:21+08:00][sql] SHOW FULL COLUMNS FROM `cmf_hook` [ RunTime:0.004681s ]
[2026-06-17T14:37:21+08:00][sql] SELECT `hook`,`id` FROM `cmf_hook` WHERE  (  (  `app` = '' OR `app` = 'cmf' )  AND `type` = 3 ) OR `type` = 1 [ RunTime:0.001158s ]
[2026-06-17T14:37:21+08:00][sql] SHOW FULL COLUMNS FROM `cmf_hook_plugin` [ RunTime:0.001235s ]
[2026-06-17T14:37:21+08:00][sql] SELECT `hook`,`plugin` FROM `cmf_hook_plugin` WHERE  `status` = 1  AND `hook` IN ('app_begin','module_init','action_begin','view_filter','app_end','log_write','response_end','admin_init','home_init','send_mobile_verification_code','body_start','before_head_end','footer_start','before_footer','before_footer_end','before_body_end','left_sidebar_start','before_left_sidebar_end','right_sidebar_start','before_right_sidebar_end','comment','guestbook','switch_theme','after_content','before_content','log_write_done','switch_admin_theme','captcha_image','user_login_start') ORDER BY `list_order` ASC [ RunTime:0.000637s ]
[2026-06-17T14:37:21+08:00][sql] CONNECT:[ UseTime:0.002623s ] mysql:host=127.0.0.1;port=3306;dbname=newncl;charset=utf8mb4
[2026-06-17T14:37:21+08:00][sql] SHOW FULL COLUMNS FROM `cmf_hook` [ RunTime:0.005045s ]
[2026-06-17T14:37:21+08:00][sql] SELECT `hook`,`id` FROM `cmf_hook` WHERE  (  (  `app` = '' OR `app` = 'cmf' )  AND `type` = 3 ) OR `type` = 1 [ RunTime:0.000889s ]
[2026-06-17T14:37:21+08:00][sql] SHOW FULL COLUMNS FROM `cmf_hook_plugin` [ RunTime:0.001344s ]
[2026-06-17T14:37:21+08:00][sql] SELECT `hook`,`plugin` FROM `cmf_hook_plugin` WHERE  `status` = 1  AND `hook` IN ('app_begin','module_init','action_begin','view_filter','app_end','log_write','response_end','admin_init','home_init','send_mobile_verification_code','body_start','before_head_end','footer_start','before_footer','before_footer_end','before_body_end','left_sidebar_start','before_left_sidebar_end','right_sidebar_start','before_right_sidebar_end','comment','guestbook','switch_theme','after_content','before_content','log_write_done','switch_admin_theme','captcha_image','user_login_start') ORDER BY `list_order` ASC [ RunTime:0.000778s ]
[2026-06-17T14:37:21+08:00][sql] CONNECT:[ UseTime:0.022458s ] mysql:host=127.0.0.1;port=3306;dbname=newncl;charset=utf8mb4
[2026-06-17T14:37:21+08:00][sql] SHOW FULL COLUMNS FROM `cmf_hook` [ RunTime:0.003189s ]
[2026-06-17T14:37:21+08:00][sql] SELECT `hook`,`id` FROM `cmf_hook` WHERE  (  (  `app` = '' OR `app` = 'cmf' )  AND `type` = 3 ) OR `type` = 1 [ RunTime:0.000963s ]
[2026-06-17T14:37:21+08:00][sql] SHOW FULL COLUMNS FROM `cmf_hook_plugin` [ RunTime:0.001235s ]
[2026-06-17T14:37:21+08:00][sql] SELECT `hook`,`plugin` FROM `cmf_hook_plugin` WHERE  `status` = 1  AND `hook` IN ('app_begin','module_init','action_begin','view_filter','app_end','log_write','response_end','admin_init','home_init','send_mobile_verification_code','body_start','before_head_end','footer_start','before_footer','before_footer_end','before_body_end','left_sidebar_start','before_left_sidebar_end','right_sidebar_start','before_right_sidebar_end','comment','guestbook','switch_theme','after_content','before_content','log_write_done','switch_admin_theme','captcha_image','user_login_start') ORDER BY `list_order` ASC [ RunTime:0.000569s ]
[2026-06-17T14:37:21+08:00][sql] CONNECT:[ UseTime:0.019109s ] mysql:host=127.0.0.1;port=3306;dbname=newncl;charset=utf8mb4
[2026-06-17T14:37:21+08:00][sql] SHOW FULL COLUMNS FROM `cmf_hook` [ RunTime:0.003646s ]
[2026-06-17T14:37:21+08:00][sql] SELECT `hook`,`id` FROM `cmf_hook` WHERE  (  (  `app` = '' OR `app` = 'cmf' )  AND `type` = 3 ) OR `type` = 1 [ RunTime:0.000707s ]
[2026-06-17T14:37:21+08:00][sql] SHOW FULL COLUMNS FROM `cmf_hook_plugin` [ RunTime:0.001064s ]
[2026-06-17T14:37:21+08:00][sql] SELECT `hook`,`plugin` FROM `cmf_hook_plugin` WHERE  `status` = 1  AND `hook` IN ('app_begin','module_init','action_begin','view_filter','app_end','log_write','response_end','admin_init','home_init','send_mobile_verification_code','body_start','before_head_end','footer_start','before_footer','before_footer_end','before_body_end','left_sidebar_start','before_left_sidebar_end','right_sidebar_start','before_right_sidebar_end','comment','guestbook','switch_theme','after_content','before_content','log_write_done','switch_admin_theme','captcha_image','user_login_start') ORDER BY `list_order` ASC [ RunTime:0.000588s ]
[2026-06-17T14:37:31+08:00][sql] CONNECT:[ UseTime:0.001432s ] mysql:host=127.0.0.1;port=3306;dbname=newncl;charset=utf8mb4
[2026-06-17T14:37:31+08:00][sql] SHOW FULL COLUMNS FROM `cmf_hook` [ RunTime:0.001701s ]
[2026-06-17T14:37:31+08:00][sql] SELECT `hook` FROM `cmf_hook` WHERE  `app` = 'portal' [ RunTime:0.002502s ]
[2026-06-17T14:37:31+08:00][sql] SHOW FULL COLUMNS FROM `cmf_hook_plugin` [ RunTime:0.001014s ]
[2026-06-17T14:37:31+08:00][sql] SELECT `hook`,`plugin` FROM `cmf_hook_plugin` WHERE  `status` = 1  AND `hook` IN ('portal_before_assign_article','portal_admin_after_save_article','portal_admin_article_index_view','portal_admin_article_add_view','portal_admin_article_edit_view','portal_admin_category_index_view','portal_admin_category_add_view','portal_admin_category_edit_view','portal_admin_page_index_view','portal_admin_page_add_view','portal_admin_page_edit_view','portal_admin_tag_index_view','portal_admin_article_edit_view_right_sidebar','portal_admin_article_edit_view_main') ORDER BY `list_order` ASC [ RunTime:0.000993s ]
[2026-06-17T14:37:31+08:00][sql] SHOW FULL COLUMNS FROM `cmf_plugin` [ RunTime:0.001951s ]
[2026-06-17T14:37:31+08:00][sql] SELECT `config` FROM `cmf_plugin` WHERE  `name` = 'SwitchTheme' LIMIT 1 [ RunTime:0.000596s ]
[2026-06-17T14:37:31+08:00][sql] SHOW FULL COLUMNS FROM `cmf_option` [ RunTime:0.002674s ]
[2026-06-17T14:37:31+08:00][sql] SELECT `option_value` FROM `cmf_option` WHERE  `option_name` = 'cdn_settings' LIMIT 1 [ RunTime:0.000611s ]
[2026-06-17T14:37:31+08:00][sql] SELECT `option_value` FROM `cmf_option` WHERE  `option_name` = 'cdn_settings' LIMIT 1 [ RunTime:0.000709s ]
[2026-06-17T14:37:31+08:00][sql] SHOW FULL COLUMNS FROM `cmf_product_category` [ RunTime:0.001471s ]
[2026-06-17T14:37:31+08:00][sql] SELECT * FROM `cmf_product_category` WHERE  `parent_id` = 0 ORDER BY `list_order` ASC,`create_time` DESC [ RunTime:0.000437s ]
[2026-06-17T14:37:31+08:00][sql] SELECT * FROM `cmf_product_category` WHERE  `parent_id` IN (28,19,23,25,30,22,27) [ RunTime:0.000461s ]
[2026-06-17T14:37:31+08:00][sql] SHOW FULL COLUMNS FROM `cmf_portal_category` [ RunTime:0.001452s ]
[2026-06-17T14:37:31+08:00][sql] SELECT * FROM `cmf_portal_category` WHERE (  `type` = 8 ) AND `cmf_portal_category`.`delete_time` = '0' ORDER BY `list_order` ASC [ RunTime:0.000527s ]
[2026-06-17T14:37:31+08:00][sql] SELECT `option_value` FROM `cmf_option` WHERE  `option_name` = 'site_info' LIMIT 1 [ RunTime:0.000276s ]
[2026-06-17T14:37:31+08:00][sql] SHOW FULL COLUMNS FROM `cmf_slide_item` [ RunTime:0.002090s ]
[2026-06-17T14:37:31+08:00][sql] SELECT `title`,`description`,`image`,`url`,`target`,`content` FROM `cmf_slide_item` WHERE  `slide_id` = 1 ORDER BY `list_order` ASC [ RunTime:0.000612s ]
[2026-06-17T14:37:31+08:00][sql] SHOW FULL COLUMNS FROM `cmf_slide` [ RunTime:0.000941s ]
[2026-06-17T14:37:31+08:00][sql] SELECT * FROM `cmf_slide` WHERE  `name` LIKE '%choose%' OR `name` LIKE '%选择%' LIMIT 1 [ RunTime:0.000432s ]
[2026-06-17T14:37:31+08:00][sql] SELECT `title`,`description`,`image`,`url`,`target`,`content` FROM `cmf_slide_item` WHERE  `slide_id` = 14  AND `status` = 1 ORDER BY `list_order` ASC [ RunTime:0.000298s ]
[2026-06-17T14:37:31+08:00][sql] SELECT * FROM `cmf_product_category` WHERE  `parent_id` = 0  AND `recommend` = 1 ORDER BY `list_order` ASC,`create_time` DESC [ RunTime:0.000328s ]
[2026-06-17T14:37:31+08:00][sql] SHOW FULL COLUMNS FROM `cmf_product` [ RunTime:0.001270s ]
[2026-06-17T14:37:31+08:00][sql] SELECT `id`,`title`,`thumbnail`,`industry` FROM `cmf_product` WHERE  `is_recommended` = 1  AND `category_id` = 28 ORDER BY `list_order` ASC LIMIT 6 [ RunTime:0.000829s ]
[2026-06-17T14:37:31+08:00][sql] SELECT `id`,`title`,`thumbnail`,`industry` FROM `cmf_product` WHERE  `is_recommended` = 1  AND `category_id` = 19 ORDER BY `list_order` ASC LIMIT 6 [ RunTime:0.000474s ]
[2026-06-17T14:37:31+08:00][sql] SELECT `id`,`title`,`thumbnail`,`industry` FROM `cmf_product` WHERE  `is_recommended` = 1  AND `category_id` = 23 ORDER BY `list_order` ASC LIMIT 6 [ RunTime:0.000370s ]
[2026-06-17T14:37:31+08:00][sql] SELECT `id`,`title`,`thumbnail`,`industry` FROM `cmf_product` WHERE  `is_recommended` = 1  AND `category_id` = 25 ORDER BY `list_order` ASC LIMIT 6 [ RunTime:0.000327s ]
[2026-06-17T14:37:31+08:00][sql] SELECT `id`,`title`,`thumbnail`,`industry` FROM `cmf_product` WHERE  `is_recommended` = 1  AND `category_id` = 30 ORDER BY `list_order` ASC LIMIT 6 [ RunTime:0.000317s ]
[2026-06-17T14:37:31+08:00][sql] SELECT `option_value` FROM `cmf_option` WHERE  `option_name` = 'index_setting' LIMIT 1 [ RunTime:0.000259s ]
[2026-06-17T14:37:31+08:00][sql] SELECT `option_value` FROM `cmf_option` WHERE  `option_name` = 'about_site' LIMIT 1 [ RunTime:0.000439s ]
[2026-06-17T14:37:31+08:00][sql] SHOW FULL COLUMNS FROM `cmf_portal_post` [ RunTime:0.002614s ]
[2026-06-17T14:37:31+08:00][sql] SELECT `p`.`id`,`p`.`post_title`,`p`.`post_excerpt`,`p`.`thumbnail`,`p`.`create_time`,`c`.`category_id` FROM `cmf_portal_post` `p` INNER JOIN `cmf_portal_category_post` `c` ON `p`.`id`=`c`.`post_id` WHERE (  `p`.`post_type` = '8' ) AND `p`.`delete_time` = '0' ORDER BY `c`.`list_order` ASC,`p`.`create_time` DESC [ RunTime:0.001326s ]
[2026-06-17T14:37:31+08:00][sql] SELECT `id`,`post_title`,`post_excerpt`,`more` FROM `cmf_portal_post` WHERE (  `post_type` = 3 ) AND `cmf_portal_post`.`delete_time` = '0' ORDER BY `create_time` DESC [ RunTime:0.000439s ]
[2026-06-17T14:37:31+08:00][sql] SELECT `option_value` FROM `cmf_option` WHERE  `option_name` = 'product_category_hero_settings' LIMIT 1 [ RunTime:0.000288s ]
[2026-06-17T14:37:31+08:00][sql] SHOW FULL COLUMNS FROM `cmf_theme_file` [ RunTime:0.001600s ]
[2026-06-17T14:37:31+08:00][sql] SELECT `more`,`file`,`id` FROM `cmf_theme_file` WHERE  `theme` = 'simpleboot3_mobile'  AND (  `is_public` = 1 OR `file` = 'portal/index' ) ORDER BY `is_public` DESC [ RunTime:0.000550s ]
[2026-06-17T14:37:31+08:00][sql] SHOW FULL COLUMNS FROM `cmf_route` [ RunTime:0.001350s ]
[2026-06-17T14:37:31+08:00][sql] SELECT * FROM `cmf_route` WHERE  `status` = 1 ORDER BY `list_order` ASC [ RunTime:0.000673s ]
[2026-06-17T14:37:31+08:00][sql] SELECT `option_value` FROM `cmf_option` WHERE  `option_name` = 'storage' LIMIT 1 [ RunTime:0.000502s ]
[2026-06-17T14:37:40+08:00][sql] CONNECT:[ UseTime:0.001447s ] mysql:host=127.0.0.1;port=3306;dbname=newncl;charset=utf8mb4
[2026-06-17T14:37:40+08:00][sql] SHOW FULL COLUMNS FROM `cmf_option` [ RunTime:0.002678s ]
[2026-06-17T14:37:40+08:00][sql] SELECT `option_value` FROM `cmf_option` WHERE  `option_name` = 'cdn_settings' LIMIT 1 [ RunTime:0.000498s ]
[2026-06-17T14:37:40+08:00][sql] SELECT `option_value` FROM `cmf_option` WHERE  `option_name` = 'cdn_settings' LIMIT 1 [ RunTime:0.000750s ]
[2026-06-17T14:37:40+08:00][sql] SHOW FULL COLUMNS FROM `cmf_product_category` [ RunTime:0.001345s ]
[2026-06-17T14:37:40+08:00][sql] SELECT * FROM `cmf_product_category` WHERE  `parent_id` = 0 ORDER BY `list_order` ASC,`create_time` DESC [ RunTime:0.000346s ]
[2026-06-17T14:37:40+08:00][sql] SELECT * FROM `cmf_product_category` WHERE  `parent_id` IN (28,19,23,25,30,22,27) [ RunTime:0.000468s ]
[2026-06-17T14:37:40+08:00][sql] SHOW FULL COLUMNS FROM `cmf_portal_category` [ RunTime:0.001532s ]
[2026-06-17T14:37:40+08:00][sql] SELECT * FROM `cmf_portal_category` WHERE (  `type` = 8 ) AND `cmf_portal_category`.`delete_time` = '0' ORDER BY `list_order` ASC [ RunTime:0.000528s ]
[2026-06-17T14:37:40+08:00][sql] SHOW FULL COLUMNS FROM `cmf_product` [ RunTime:0.002854s ]
[2026-06-17T14:37:40+08:00][sql] SELECT COUNT(*) AS think_count FROM `cmf_product` WHERE  `category_id` = 28 LIMIT 1 [ RunTime:0.000369s ]
[2026-06-17T14:37:40+08:00][sql] SELECT COUNT(*) AS think_count FROM `cmf_product` WHERE  `category_id` = 19 LIMIT 1 [ RunTime:0.000377s ]
[2026-06-17T14:37:40+08:00][sql] SELECT COUNT(*) AS think_count FROM `cmf_product` WHERE  `category_id` = 23 LIMIT 1 [ RunTime:0.000346s ]
[2026-06-17T14:37:40+08:00][sql] SELECT COUNT(*) AS think_count FROM `cmf_product` WHERE  `category_id` = 25 LIMIT 1 [ RunTime:0.000378s ]
[2026-06-17T14:37:40+08:00][sql] SELECT COUNT(*) AS think_count FROM `cmf_product` WHERE  `category_id` = 30 LIMIT 1 [ RunTime:0.000268s ]
[2026-06-17T14:37:40+08:00][sql] SELECT COUNT(*) AS think_count FROM `cmf_product` WHERE  `category_id` = 22 LIMIT 1 [ RunTime:0.000236s ]
[2026-06-17T14:37:40+08:00][sql] SELECT COUNT(*) AS think_count FROM `cmf_product` WHERE  `category_id` = 27 LIMIT 1 [ RunTime:0.000246s ]
[2026-06-17T14:37:40+08:00][sql] SELECT COUNT(*) AS think_count FROM `cmf_product` LIMIT 1 [ RunTime:0.000243s ]
[2026-06-17T14:37:40+08:00][sql] SELECT `id`,`category_id`,`title`,`thumbnail`,`industry`,`overview` FROM `cmf_product` ORDER BY `list_order` ASC,`create_time` DESC LIMIT 0,12 [ RunTime:0.000579s ]
[2026-06-17T14:37:40+08:00][sql] SHOW FULL COLUMNS FROM `cmf_slide_item` [ RunTime:0.001171s ]
[2026-06-17T14:37:40+08:00][sql] SELECT `title`,`description`,`image` FROM `cmf_slide_item` WHERE  `slide_id` = 7  AND `status` = 1 ORDER BY `list_order` ASC,`id` DESC LIMIT 1 [ RunTime:0.000389s ]
[2026-06-17T14:37:40+08:00][sql] SELECT `option_value` FROM `cmf_option` WHERE  `option_name` = 'storage' LIMIT 1 [ RunTime:0.000271s ]
[2026-06-17T14:37:40+08:00][sql] SELECT `option_value` FROM `cmf_option` WHERE  `option_name` = 'product_category_faq_settings' LIMIT 1 [ RunTime:0.000290s ]
[2026-06-17T14:37:40+08:00][sql] SHOW FULL COLUMNS FROM `cmf_portal_post` [ RunTime:0.002228s ]
[2026-06-17T14:37:40+08:00][sql] SELECT `id`,`post_title`,`post_excerpt`,`more` FROM `cmf_portal_post` WHERE (  `post_type` = 3 ) AND `cmf_portal_post`.`delete_time` = '0' ORDER BY `create_time` DESC [ RunTime:0.001052s ]
[2026-06-17T14:37:40+08:00][sql] SHOW FULL COLUMNS FROM `cmf_theme_file` [ RunTime:0.002048s ]
[2026-06-17T14:37:40+08:00][sql] SELECT `more`,`file`,`id` FROM `cmf_theme_file` WHERE  `theme` = 'simpleboot3_mobile'  AND (  `is_public` = 1 OR `file` = 'portal/product' ) ORDER BY `is_public` DESC [ RunTime:0.000512s ]
[2026-06-17T14:37:41+08:00][sql] CONNECT:[ UseTime:0.001161s ] mysql:host=127.0.0.1;port=3306;dbname=newncl;charset=utf8mb4
[2026-06-17T14:37:41+08:00][sql] SHOW FULL COLUMNS FROM `cmf_option` [ RunTime:0.001978s ]
[2026-06-17T14:37:41+08:00][sql] SELECT `option_value` FROM `cmf_option` WHERE  `option_name` = 'cdn_settings' LIMIT 1 [ RunTime:0.000288s ]
[2026-06-17T14:37:41+08:00][sql] SELECT `option_value` FROM `cmf_option` WHERE  `option_name` = 'cdn_settings' LIMIT 1 [ RunTime:0.000533s ]
[2026-06-17T14:37:41+08:00][sql] SHOW FULL COLUMNS FROM `cmf_product_category` [ RunTime:0.001353s ]
[2026-06-17T14:37:41+08:00][sql] SELECT * FROM `cmf_product_category` WHERE  `parent_id` = 0 ORDER BY `list_order` ASC,`create_time` DESC [ RunTime:0.000380s ]
[2026-06-17T14:37:41+08:00][sql] SELECT * FROM `cmf_product_category` WHERE  `parent_id` IN (28,19,23,25,30,22,27) [ RunTime:0.000338s ]
[2026-06-17T14:37:41+08:00][sql] SHOW FULL COLUMNS FROM `cmf_portal_category` [ RunTime:0.001307s ]
[2026-06-17T14:37:41+08:00][sql] SELECT * FROM `cmf_portal_category` WHERE (  `type` = 8 ) AND `cmf_portal_category`.`delete_time` = '0' ORDER BY `list_order` ASC [ RunTime:0.000367s ]
[2026-06-17T14:37:41+08:00][sql] SELECT * FROM `cmf_product_category` WHERE  `id` = 28 LIMIT 1 [ RunTime:0.000327s ]
[2026-06-17T14:37:41+08:00][sql] SHOW FULL COLUMNS FROM `cmf_product` [ RunTime:0.002394s ]
[2026-06-17T14:37:41+08:00][sql] SELECT COUNT(*) AS think_count FROM `cmf_product` WHERE  `category_id` = 28 LIMIT 1 [ RunTime:0.000354s ]
[2026-06-17T14:37:41+08:00][sql] SELECT COUNT(*) AS think_count FROM `cmf_product` WHERE  `category_id` = 19 LIMIT 1 [ RunTime:0.000236s ]
[2026-06-17T14:37:41+08:00][sql] SELECT COUNT(*) AS think_count FROM `cmf_product` WHERE  `category_id` = 23 LIMIT 1 [ RunTime:0.000290s ]
[2026-06-17T14:37:41+08:00][sql] SELECT COUNT(*) AS think_count FROM `cmf_product` WHERE  `category_id` = 25 LIMIT 1 [ RunTime:0.000233s ]
[2026-06-17T14:37:41+08:00][sql] SELECT COUNT(*) AS think_count FROM `cmf_product` WHERE  `category_id` = 30 LIMIT 1 [ RunTime:0.000278s ]
[2026-06-17T14:37:41+08:00][sql] SELECT COUNT(*) AS think_count FROM `cmf_product` WHERE  `category_id` = 22 LIMIT 1 [ RunTime:0.000219s ]
[2026-06-17T14:37:41+08:00][sql] SELECT COUNT(*) AS think_count FROM `cmf_product` WHERE  `category_id` = 27 LIMIT 1 [ RunTime:0.000264s ]
[2026-06-17T14:37:41+08:00][sql] SELECT COUNT(*) AS think_count FROM `cmf_product` WHERE  `category_id` = 28 LIMIT 1 [ RunTime:0.000233s ]
[2026-06-17T14:37:41+08:00][sql] SELECT `id`,`category_id`,`title`,`thumbnail`,`industry`,`overview` FROM `cmf_product` WHERE  `category_id` = 28 ORDER BY `list_order` ASC,`create_time` DESC LIMIT 0,12 [ RunTime:0.000581s ]
[2026-06-17T14:37:41+08:00][sql] SHOW FULL COLUMNS FROM `cmf_slide_item` [ RunTime:0.001931s ]
[2026-06-17T14:37:41+08:00][sql] SELECT `title`,`description`,`image` FROM `cmf_slide_item` WHERE  `slide_id` = 7  AND `status` = 1 ORDER BY `list_order` ASC,`id` DESC LIMIT 1 [ RunTime:0.000436s ]
[2026-06-17T14:37:41+08:00][sql] SELECT `option_value` FROM `cmf_option` WHERE  `option_name` = 'storage' LIMIT 1 [ RunTime:0.000236s ]
[2026-06-17T14:37:41+08:00][sql] SHOW FULL COLUMNS FROM `cmf_portal_post` [ RunTime:0.001406s ]
[2026-06-17T14:37:41+08:00][sql] SELECT `id`,`post_title`,`post_excerpt`,`more` FROM `cmf_portal_post` WHERE (  `post_type` = 3 ) AND `cmf_portal_post`.`delete_time` = '0' ORDER BY `create_time` DESC [ RunTime:0.000398s ]
[2026-06-17T14:37:41+08:00][sql] SHOW FULL COLUMNS FROM `cmf_theme_file` [ RunTime:0.001267s ]
[2026-06-17T14:37:41+08:00][sql] SELECT `more`,`file`,`id` FROM `cmf_theme_file` WHERE  `theme` = 'simpleboot3_mobile'  AND (  `is_public` = 1 OR `file` = 'portal/product' ) ORDER BY `is_public` DESC [ RunTime:0.000422s ]
[2026-06-17T14:38:52+08:00][sql] CONNECT:[ UseTime:0.069584s ] mysql:host=127.0.0.1;port=3306;dbname=newncl;charset=utf8mb4
[2026-06-17T14:38:52+08:00][sql] SHOW FULL COLUMNS FROM `cmf_option` [ RunTime:0.082583s ]
[2026-06-17T14:38:52+08:00][sql] SELECT `option_value` FROM `cmf_option` WHERE  `option_name` = 'cdn_settings' LIMIT 1 [ RunTime:0.000444s ]
[2026-06-17T14:38:52+08:00][sql] SELECT `option_value` FROM `cmf_option` WHERE  `option_name` = 'cdn_settings' LIMIT 1 [ RunTime:0.000763s ]
[2026-06-17T14:38:52+08:00][sql] SHOW FULL COLUMNS FROM `cmf_product_category` [ RunTime:0.001329s ]
[2026-06-17T14:38:52+08:00][sql] SELECT * FROM `cmf_product_category` WHERE  `parent_id` = 0 ORDER BY `list_order` ASC,`create_time` DESC [ RunTime:0.000342s ]
[2026-06-17T14:38:52+08:00][sql] SELECT * FROM `cmf_product_category` WHERE  `parent_id` IN (28,19,23,25,30,22,27) [ RunTime:0.000324s ]
[2026-06-17T14:38:52+08:00][sql] SHOW FULL COLUMNS FROM `cmf_portal_category` [ RunTime:0.001167s ]
[2026-06-17T14:38:52+08:00][sql] SELECT * FROM `cmf_portal_category` WHERE (  `type` = 8 ) AND `cmf_portal_category`.`delete_time` = '0' ORDER BY `list_order` ASC [ RunTime:0.000359s ]
[2026-06-17T14:38:52+08:00][sql] SELECT * FROM `cmf_product_category` WHERE  `id` = 28 LIMIT 1 [ RunTime:0.031762s ]
[2026-06-17T14:38:52+08:00][sql] SHOW FULL COLUMNS FROM `cmf_product` [ RunTime:0.001607s ]
[2026-06-17T14:38:52+08:00][sql] SELECT COUNT(*) AS think_count FROM `cmf_product` WHERE  `category_id` = 28 LIMIT 1 [ RunTime:0.000421s ]
[2026-06-17T14:38:52+08:00][sql] SELECT COUNT(*) AS think_count FROM `cmf_product` WHERE  `category_id` = 19 LIMIT 1 [ RunTime:0.000295s ]
[2026-06-17T14:38:52+08:00][sql] SELECT COUNT(*) AS think_count FROM `cmf_product` WHERE  `category_id` = 23 LIMIT 1 [ RunTime:0.000206s ]
[2026-06-17T14:38:52+08:00][sql] SELECT COUNT(*) AS think_count FROM `cmf_product` WHERE  `category_id` = 25 LIMIT 1 [ RunTime:0.000189s ]
[2026-06-17T14:38:52+08:00][sql] SELECT COUNT(*) AS think_count FROM `cmf_product` WHERE  `category_id` = 30 LIMIT 1 [ RunTime:0.000158s ]
[2026-06-17T14:38:52+08:00][sql] SELECT COUNT(*) AS think_count FROM `cmf_product` WHERE  `category_id` = 22 LIMIT 1 [ RunTime:0.000170s ]
[2026-06-17T14:38:52+08:00][sql] SELECT COUNT(*) AS think_count FROM `cmf_product` WHERE  `category_id` = 27 LIMIT 1 [ RunTime:0.000141s ]
[2026-06-17T14:38:52+08:00][sql] SELECT COUNT(*) AS think_count FROM `cmf_product` WHERE  `category_id` = 28 LIMIT 1 [ RunTime:0.000152s ]
[2026-06-17T14:38:52+08:00][sql] SELECT `id`,`category_id`,`title`,`thumbnail`,`industry`,`overview` FROM `cmf_product` WHERE  `category_id` = 28 ORDER BY `list_order` ASC,`create_time` DESC LIMIT 0,12 [ RunTime:0.000550s ]
[2026-06-17T14:38:52+08:00][sql] SHOW FULL COLUMNS FROM `cmf_slide_item` [ RunTime:0.001439s ]
[2026-06-17T14:38:52+08:00][sql] SELECT `title`,`description`,`image` FROM `cmf_slide_item` WHERE  `slide_id` = 7  AND `status` = 1 ORDER BY `list_order` ASC,`id` DESC LIMIT 1 [ RunTime:0.000317s ]
[2026-06-17T14:38:52+08:00][sql] SELECT `option_value` FROM `cmf_option` WHERE  `option_name` = 'storage' LIMIT 1 [ RunTime:0.000190s ]
[2026-06-17T14:38:52+08:00][sql] SHOW FULL COLUMNS FROM `cmf_portal_post` [ RunTime:0.001170s ]
[2026-06-17T14:38:52+08:00][sql] SELECT `id`,`post_title`,`post_excerpt`,`more` FROM `cmf_portal_post` WHERE (  `post_type` = 3 ) AND `cmf_portal_post`.`delete_time` = '0' ORDER BY `create_time` DESC [ RunTime:0.000579s ]
[2026-06-17T14:38:52+08:00][sql] SHOW FULL COLUMNS FROM `cmf_theme_file` [ RunTime:0.002277s ]
[2026-06-17T14:38:52+08:00][sql] SELECT `more`,`file`,`id` FROM `cmf_theme_file` WHERE  `theme` = 'simpleboot3_mobile'  AND (  `is_public` = 1 OR `file` = 'portal/product' ) ORDER BY `is_public` DESC [ RunTime:0.000768s ]
[2026-06-17T14:38:57+08:00][sql] CONNECT:[ UseTime:0.001011s ] mysql:host=127.0.0.1;port=3306;dbname=newncl;charset=utf8mb4
[2026-06-17T14:38:57+08:00][sql] SHOW FULL COLUMNS FROM `cmf_option` [ RunTime:0.040201s ]
[2026-06-17T14:38:57+08:00][sql] SELECT `option_value` FROM `cmf_option` WHERE  `option_name` = 'cdn_settings' LIMIT 1 [ RunTime:0.000646s ]
[2026-06-17T14:38:57+08:00][sql] SELECT `option_value` FROM `cmf_option` WHERE  `option_name` = 'cdn_settings' LIMIT 1 [ RunTime:0.000460s ]
[2026-06-17T14:38:57+08:00][sql] SHOW FULL COLUMNS FROM `cmf_product_category` [ RunTime:0.001382s ]
[2026-06-17T14:38:57+08:00][sql] SELECT * FROM `cmf_product_category` WHERE  `parent_id` = 0 ORDER BY `list_order` ASC,`create_time` DESC [ RunTime:0.000381s ]
[2026-06-17T14:38:57+08:00][sql] SELECT * FROM `cmf_product_category` WHERE  `parent_id` IN (28,19,23,25,30,22,27) [ RunTime:0.000900s ]
[2026-06-17T14:38:57+08:00][sql] SHOW FULL COLUMNS FROM `cmf_portal_category` [ RunTime:0.001513s ]
[2026-06-17T14:38:57+08:00][sql] SELECT * FROM `cmf_portal_category` WHERE (  `type` = 8 ) AND `cmf_portal_category`.`delete_time` = '0' ORDER BY `list_order` ASC [ RunTime:0.000351s ]
[2026-06-17T14:38:57+08:00][sql] SELECT * FROM `cmf_product_category` WHERE  `id` = 28 LIMIT 1 [ RunTime:0.000362s ]
[2026-06-17T14:38:57+08:00][sql] SHOW FULL COLUMNS FROM `cmf_product` [ RunTime:0.001402s ]
[2026-06-17T14:38:57+08:00][sql] SELECT COUNT(*) AS think_count FROM `cmf_product` WHERE  `category_id` = 28 LIMIT 1 [ RunTime:0.000342s ]
[2026-06-17T14:38:57+08:00][sql] SELECT COUNT(*) AS think_count FROM `cmf_product` WHERE  `category_id` = 19 LIMIT 1 [ RunTime:0.000251s ]
[2026-06-17T14:38:57+08:00][sql] SELECT COUNT(*) AS think_count FROM `cmf_product` WHERE  `category_id` = 23 LIMIT 1 [ RunTime:0.000250s ]
[2026-06-17T14:38:57+08:00][sql] SELECT COUNT(*) AS think_count FROM `cmf_product` WHERE  `category_id` = 25 LIMIT 1 [ RunTime:0.000218s ]
[2026-06-17T14:38:57+08:00][sql] SELECT COUNT(*) AS think_count FROM `cmf_product` WHERE  `category_id` = 30 LIMIT 1 [ RunTime:0.000254s ]
[2026-06-17T14:38:57+08:00][sql] SELECT COUNT(*) AS think_count FROM `cmf_product` WHERE  `category_id` = 22 LIMIT 1 [ RunTime:0.000233s ]
[2026-06-17T14:38:57+08:00][sql] SELECT COUNT(*) AS think_count FROM `cmf_product` WHERE  `category_id` = 27 LIMIT 1 [ RunTime:0.000251s ]
[2026-06-17T14:38:57+08:00][sql] SELECT COUNT(*) AS think_count FROM `cmf_product` WHERE  `category_id` = 28 LIMIT 1 [ RunTime:0.000228s ]
[2026-06-17T14:38:57+08:00][sql] SELECT `id`,`category_id`,`title`,`thumbnail`,`industry`,`overview` FROM `cmf_product` WHERE  `category_id` = 28 ORDER BY `list_order` ASC,`create_time` DESC LIMIT 0,12 [ RunTime:0.000514s ]
[2026-06-17T14:38:57+08:00][sql] SHOW FULL COLUMNS FROM `cmf_slide_item` [ RunTime:0.001752s ]
[2026-06-17T14:38:57+08:00][sql] SELECT `title`,`description`,`image` FROM `cmf_slide_item` WHERE  `slide_id` = 7  AND `status` = 1 ORDER BY `list_order` ASC,`id` DESC LIMIT 1 [ RunTime:0.000633s ]
[2026-06-17T14:38:57+08:00][sql] SELECT `option_value` FROM `cmf_option` WHERE  `option_name` = 'storage' LIMIT 1 [ RunTime:0.000413s ]
[2026-06-17T14:38:57+08:00][sql] SHOW FULL COLUMNS FROM `cmf_portal_post` [ RunTime:0.001647s ]
[2026-06-17T14:38:57+08:00][sql] SELECT `id`,`post_title`,`post_excerpt`,`more` FROM `cmf_portal_post` WHERE (  `post_type` = 3 ) AND `cmf_portal_post`.`delete_time` = '0' ORDER BY `create_time` DESC [ RunTime:0.000487s ]
[2026-06-17T14:38:57+08:00][sql] SHOW FULL COLUMNS FROM `cmf_theme_file` [ RunTime:0.001466s ]
[2026-06-17T14:38:57+08:00][sql] SELECT `more`,`file`,`id` FROM `cmf_theme_file` WHERE  `theme` = 'simpleboot3_mobile'  AND (  `is_public` = 1 OR `file` = 'portal/product' ) ORDER BY `is_public` DESC [ RunTime:0.000316s ]
[2026-06-17T14:53:52+08:00][sql] CONNECT:[ UseTime:0.001496s ] mysql:host=127.0.0.1;port=3306;dbname=newncl;charset=utf8mb4
[2026-06-17T14:53:52+08:00][sql] SHOW FULL COLUMNS FROM `cmf_hook` [ RunTime:0.003380s ]
[2026-06-17T14:53:52+08:00][sql] SELECT `hook`,`id` FROM `cmf_hook` WHERE  (  (  `app` = '' OR `app` = 'cmf' )  AND `type` = 3 ) OR `type` = 1 [ RunTime:0.001031s ]
[2026-06-17T14:53:52+08:00][sql] SHOW FULL COLUMNS FROM `cmf_hook_plugin` [ RunTime:0.001094s ]
[2026-06-17T14:53:52+08:00][sql] SELECT `hook`,`plugin` FROM `cmf_hook_plugin` WHERE  `status` = 1  AND `hook` IN ('app_begin','module_init','action_begin','view_filter','app_end','log_write','response_end','admin_init','home_init','send_mobile_verification_code','body_start','before_head_end','footer_start','before_footer','before_footer_end','before_body_end','left_sidebar_start','before_left_sidebar_end','right_sidebar_start','before_right_sidebar_end','comment','guestbook','switch_theme','after_content','before_content','log_write_done','switch_admin_theme','captcha_image','user_login_start') ORDER BY `list_order` ASC [ RunTime:0.000998s ]
[2026-06-17T14:53:52+08:00][sql] SELECT `hook` FROM `cmf_hook` WHERE  `app` = 'portal' [ RunTime:0.000514s ]
[2026-06-17T14:53:52+08:00][sql] SELECT `hook`,`plugin` FROM `cmf_hook_plugin` WHERE  `status` = 1  AND `hook` IN ('portal_before_assign_article','portal_admin_after_save_article','portal_admin_article_index_view','portal_admin_article_add_view','portal_admin_article_edit_view','portal_admin_category_index_view','portal_admin_category_add_view','portal_admin_category_edit_view','portal_admin_page_index_view','portal_admin_page_add_view','portal_admin_page_edit_view','portal_admin_tag_index_view','portal_admin_article_edit_view_right_sidebar','portal_admin_article_edit_view_main') ORDER BY `list_order` ASC [ RunTime:0.000383s ]
[2026-06-17T14:53:52+08:00][sql] SHOW FULL COLUMNS FROM `cmf_plugin` [ RunTime:0.001505s ]
[2026-06-17T14:53:52+08:00][sql] SELECT `config` FROM `cmf_plugin` WHERE  `name` = 'SwitchTheme' LIMIT 1 [ RunTime:0.000517s ]
[2026-06-17T14:53:52+08:00][sql] SHOW FULL COLUMNS FROM `cmf_option` [ RunTime:0.001464s ]
[2026-06-17T14:53:52+08:00][sql] SELECT `option_value` FROM `cmf_option` WHERE  `option_name` = 'cdn_settings' LIMIT 1 [ RunTime:0.000572s ]
[2026-06-17T14:53:52+08:00][sql] SELECT `option_value` FROM `cmf_option` WHERE  `option_name` = 'cdn_settings' LIMIT 1 [ RunTime:0.000968s ]
[2026-06-17T14:53:52+08:00][sql] SHOW FULL COLUMNS FROM `cmf_product_category` [ RunTime:0.002102s ]
[2026-06-17T14:53:52+08:00][sql] SELECT * FROM `cmf_product_category` WHERE  `parent_id` = 0 ORDER BY `list_order` ASC,`create_time` DESC [ RunTime:0.000552s ]
[2026-06-17T14:53:52+08:00][sql] SELECT * FROM `cmf_product_category` WHERE  `parent_id` IN (28,19,23,25,30,22,27) [ RunTime:0.000407s ]
[2026-06-17T14:53:52+08:00][sql] SHOW FULL COLUMNS FROM `cmf_portal_category` [ RunTime:0.001203s ]
[2026-06-17T14:53:52+08:00][sql] SELECT * FROM `cmf_portal_category` WHERE (  `type` = 8 ) AND `cmf_portal_category`.`delete_time` = '0' ORDER BY `list_order` ASC [ RunTime:0.000349s ]
[2026-06-17T14:53:52+08:00][sql] SELECT `option_value` FROM `cmf_option` WHERE  `option_name` = 'site_info' LIMIT 1 [ RunTime:0.000302s ]
[2026-06-17T14:53:52+08:00][sql] SELECT * FROM `cmf_product_category` WHERE  `id` = 28 LIMIT 1 [ RunTime:0.000643s ]
[2026-06-17T14:53:52+08:00][sql] SELECT `option_value` FROM `cmf_option` WHERE  `option_name` = 'product_category_hero_settings' LIMIT 1 [ RunTime:0.000350s ]
[2026-06-17T14:53:52+08:00][sql] SHOW FULL COLUMNS FROM `cmf_product` [ RunTime:0.002554s ]
[2026-06-17T14:53:52+08:00][sql] SELECT COUNT(*) AS think_count FROM `cmf_product` WHERE  `category_id` = 28 LIMIT 1 [ RunTime:0.000520s ]
[2026-06-17T14:53:52+08:00][sql] SELECT COUNT(*) AS think_count FROM `cmf_product` WHERE  `category_id` = 19 LIMIT 1 [ RunTime:0.000320s ]
[2026-06-17T14:53:52+08:00][sql] SELECT COUNT(*) AS think_count FROM `cmf_product` WHERE  `category_id` = 23 LIMIT 1 [ RunTime:0.000258s ]
[2026-06-17T14:53:52+08:00][sql] SELECT COUNT(*) AS think_count FROM `cmf_product` WHERE  `category_id` = 25 LIMIT 1 [ RunTime:0.000265s ]
[2026-06-17T14:53:52+08:00][sql] SELECT COUNT(*) AS think_count FROM `cmf_product` WHERE  `category_id` = 30 LIMIT 1 [ RunTime:0.000258s ]
[2026-06-17T14:53:52+08:00][sql] SELECT COUNT(*) AS think_count FROM `cmf_product` WHERE  `category_id` = 22 LIMIT 1 [ RunTime:0.000245s ]
[2026-06-17T14:53:52+08:00][sql] SELECT COUNT(*) AS think_count FROM `cmf_product` WHERE  `category_id` = 27 LIMIT 1 [ RunTime:0.000237s ]
[2026-06-17T14:53:52+08:00][sql] SELECT COUNT(*) AS think_count FROM `cmf_product` WHERE  `category_id` = 28 LIMIT 1 [ RunTime:0.000340s ]
[2026-06-17T14:53:52+08:00][sql] SELECT `id`,`category_id`,`title`,`thumbnail`,`industry`,`overview` FROM `cmf_product` WHERE  `category_id` = 28 ORDER BY `list_order` ASC,`create_time` DESC LIMIT 0,12 [ RunTime:0.000536s ]
[2026-06-17T14:53:52+08:00][sql] SHOW FULL COLUMNS FROM `cmf_slide_item` [ RunTime:0.001563s ]
[2026-06-17T14:53:52+08:00][sql] SELECT `title`,`description`,`image` FROM `cmf_slide_item` WHERE  `slide_id` = 7  AND `status` = 1 ORDER BY `list_order` ASC,`id` DESC LIMIT 1 [ RunTime:0.000568s ]
[2026-06-17T14:53:52+08:00][sql] SELECT `option_value` FROM `cmf_option` WHERE  `option_name` = 'storage' LIMIT 1 [ RunTime:0.000275s ]
[2026-06-17T14:53:52+08:00][sql] SELECT `option_value` FROM `cmf_option` WHERE  `option_name` = 'product_category_faq_settings' LIMIT 1 [ RunTime:0.000330s ]
[2026-06-17T14:53:52+08:00][sql] SHOW FULL COLUMNS FROM `cmf_portal_post` [ RunTime:0.003029s ]
[2026-06-17T14:53:52+08:00][sql] SELECT `id`,`post_title`,`post_excerpt`,`more` FROM `cmf_portal_post` WHERE (  `post_type` = 3 ) AND `cmf_portal_post`.`delete_time` = '0' ORDER BY `create_time` DESC [ RunTime:0.000825s ]
[2026-06-17T14:53:52+08:00][sql] SHOW FULL COLUMNS FROM `cmf_theme_file` [ RunTime:0.001370s ]
[2026-06-17T14:53:52+08:00][sql] SELECT `more`,`file`,`id` FROM `cmf_theme_file` WHERE  `theme` = 'simpleboot3_mobile'  AND (  `is_public` = 1 OR `file` = 'portal/product' ) ORDER BY `is_public` DESC [ RunTime:0.000352s ]
[2026-06-17T14:53:52+08:00][sql] SHOW FULL COLUMNS FROM `cmf_route` [ RunTime:0.001469s ]
[2026-06-17T14:53:52+08:00][sql] SELECT * FROM `cmf_route` WHERE  `status` = 1 ORDER BY `list_order` ASC [ RunTime:0.000695s ]
[2026-06-17T15:36:07+08:00][sql] CONNECT:[ UseTime:0.009816s ] mysql:host=127.0.0.1;port=3306;dbname=newncl;charset=utf8mb4
[2026-06-17T15:36:07+08:00][sql] SHOW FULL COLUMNS FROM `cmf_option` [ RunTime:0.009311s ]
[2026-06-17T15:36:07+08:00][sql] SELECT `option_value` FROM `cmf_option` WHERE  `option_name` = 'cdn_settings' LIMIT 1 [ RunTime:0.001712s ]
[2026-06-17T15:36:07+08:00][sql] SELECT `option_value` FROM `cmf_option` WHERE  `option_name` = 'cdn_settings' LIMIT 1 [ RunTime:0.000881s ]
[2026-06-17T15:36:07+08:00][sql] SHOW FULL COLUMNS FROM `cmf_product_category` [ RunTime:0.001704s ]
[2026-06-17T15:36:07+08:00][sql] SELECT * FROM `cmf_product_category` WHERE  `parent_id` = 0 ORDER BY `list_order` ASC,`create_time` DESC [ RunTime:0.000706s ]
[2026-06-17T15:36:07+08:00][sql] SELECT * FROM `cmf_product_category` WHERE  `parent_id` IN (28,19,23,25,30,22,27) [ RunTime:0.000910s ]
[2026-06-17T15:36:07+08:00][sql] SHOW FULL COLUMNS FROM `cmf_portal_category` [ RunTime:0.001717s ]
[2026-06-17T15:36:07+08:00][sql] SELECT * FROM `cmf_portal_category` WHERE (  `type` = 8 ) AND `cmf_portal_category`.`delete_time` = '0' ORDER BY `list_order` ASC [ RunTime:0.000620s ]
[2026-06-17T15:36:07+08:00][sql] SHOW FULL COLUMNS FROM `cmf_theme_file` [ RunTime:0.001575s ]
[2026-06-17T15:36:07+08:00][sql] SELECT `more`,`file`,`id` FROM `cmf_theme_file` WHERE  `theme` = 'simpleboot3'  AND (  `is_public` = 1 OR `file` = 'portal/privacy_policy' ) ORDER BY `is_public` DESC [ RunTime:0.000672s ]
[2026-06-17T15:49:35+08:00][sql] CONNECT:[ UseTime:0.006729s ] mysql:host=127.0.0.1;port=3306;dbname=newncl;charset=utf8mb4
[2026-06-17T15:49:35+08:00][sql] SHOW FULL COLUMNS FROM `cmf_option` [ RunTime:0.011324s ]
[2026-06-17T15:49:35+08:00][sql] SELECT `option_value` FROM `cmf_option` WHERE  `option_name` = 'cdn_settings' LIMIT 1 [ RunTime:0.001215s ]
[2026-06-17T15:49:35+08:00][sql] SELECT `option_value` FROM `cmf_option` WHERE  `option_name` = 'cdn_settings' LIMIT 1 [ RunTime:0.000326s ]
[2026-06-17T15:49:35+08:00][sql] SHOW FULL COLUMNS FROM `cmf_product_category` [ RunTime:0.001853s ]
[2026-06-17T15:49:35+08:00][sql] SELECT * FROM `cmf_product_category` WHERE  `parent_id` = 0 ORDER BY `list_order` ASC,`create_time` DESC [ RunTime:0.000904s ]
[2026-06-17T15:49:35+08:00][sql] SELECT * FROM `cmf_product_category` WHERE  `parent_id` IN (28,19,23,25,30,22,27) [ RunTime:0.000278s ]
[2026-06-17T15:49:35+08:00][sql] SHOW FULL COLUMNS FROM `cmf_portal_category` [ RunTime:0.001529s ]
[2026-06-17T15:49:35+08:00][sql] SELECT * FROM `cmf_portal_category` WHERE (  `type` = 8 ) AND `cmf_portal_category`.`delete_time` = '0' ORDER BY `list_order` ASC [ RunTime:0.000436s ]
[2026-06-17T15:49:35+08:00][sql] SHOW FULL COLUMNS FROM `cmf_slide_item` [ RunTime:0.001003s ]
[2026-06-17T15:49:35+08:00][sql] SELECT `title`,`description`,`image`,`url`,`target`,`content` FROM `cmf_slide_item` WHERE  `slide_id` = 1 ORDER BY `list_order` ASC [ RunTime:0.001008s ]
[2026-06-17T15:49:35+08:00][sql] SHOW FULL COLUMNS FROM `cmf_slide` [ RunTime:0.000821s ]
[2026-06-17T15:49:35+08:00][sql] SELECT * FROM `cmf_slide` WHERE  `name` LIKE '%choose%' OR `name` LIKE '%选择%' LIMIT 1 [ RunTime:0.002973s ]
[2026-06-17T15:49:35+08:00][sql] SELECT `title`,`description`,`image`,`url`,`target`,`content` FROM `cmf_slide_item` WHERE  `slide_id` = 14  AND `status` = 1 ORDER BY `list_order` ASC [ RunTime:0.000304s ]
[2026-06-17T15:49:35+08:00][sql] SELECT * FROM `cmf_product_category` WHERE  `parent_id` = 0  AND `recommend` = 1 ORDER BY `list_order` ASC,`create_time` DESC [ RunTime:0.000299s ]
[2026-06-17T15:49:35+08:00][sql] SHOW FULL COLUMNS FROM `cmf_product` [ RunTime:0.001208s ]
[2026-06-17T15:49:35+08:00][sql] SELECT `id`,`title`,`thumbnail`,`industry` FROM `cmf_product` WHERE  `is_recommended` = 1  AND `category_id` = 28 ORDER BY `list_order` ASC LIMIT 6 [ RunTime:0.002553s ]
[2026-06-17T15:49:35+08:00][sql] SELECT `id`,`title`,`thumbnail`,`industry` FROM `cmf_product` WHERE  `is_recommended` = 1  AND `category_id` = 19 ORDER BY `list_order` ASC LIMIT 6 [ RunTime:0.002283s ]
[2026-06-17T15:49:35+08:00][sql] SELECT `id`,`title`,`thumbnail`,`industry` FROM `cmf_product` WHERE  `is_recommended` = 1  AND `category_id` = 23 ORDER BY `list_order` ASC LIMIT 6 [ RunTime:0.000326s ]
[2026-06-17T15:49:35+08:00][sql] SELECT `id`,`title`,`thumbnail`,`industry` FROM `cmf_product` WHERE  `is_recommended` = 1  AND `category_id` = 25 ORDER BY `list_order` ASC LIMIT 6 [ RunTime:0.000618s ]
[2026-06-17T15:49:35+08:00][sql] SELECT `id`,`title`,`thumbnail`,`industry` FROM `cmf_product` WHERE  `is_recommended` = 1  AND `category_id` = 30 ORDER BY `list_order` ASC LIMIT 6 [ RunTime:0.000291s ]
[2026-06-17T15:49:35+08:00][sql] SELECT `option_value` FROM `cmf_option` WHERE  `option_name` = 'index_setting' LIMIT 1 [ RunTime:0.000245s ]
[2026-06-17T15:49:35+08:00][sql] SELECT `option_value` FROM `cmf_option` WHERE  `option_name` = 'about_site' LIMIT 1 [ RunTime:0.000756s ]
[2026-06-17T15:49:35+08:00][sql] SHOW FULL COLUMNS FROM `cmf_portal_post` [ RunTime:0.001977s ]
[2026-06-17T15:49:35+08:00][sql] SELECT `p`.`id`,`p`.`post_title`,`p`.`post_excerpt`,`p`.`thumbnail`,`p`.`create_time`,`c`.`category_id` FROM `cmf_portal_post` `p` INNER JOIN `cmf_portal_category_post` `c` ON `p`.`id`=`c`.`post_id` WHERE (  `p`.`post_type` = '8' ) AND `p`.`delete_time` = '0' ORDER BY `c`.`list_order` ASC,`p`.`create_time` DESC [ RunTime:0.001505s ]
[2026-06-17T15:49:35+08:00][sql] SELECT `id`,`post_title`,`post_excerpt`,`more` FROM `cmf_portal_post` WHERE (  `post_type` = 3 ) AND `cmf_portal_post`.`delete_time` = '0' ORDER BY `create_time` DESC [ RunTime:0.000419s ]
[2026-06-17T15:49:35+08:00][sql] SHOW FULL COLUMNS FROM `cmf_theme_file` [ RunTime:0.000975s ]
[2026-06-17T15:49:35+08:00][sql] SELECT `more`,`file`,`id` FROM `cmf_theme_file` WHERE  `theme` = 'simpleboot3'  AND (  `is_public` = 1 OR `file` = 'portal/index' ) ORDER BY `is_public` DESC [ RunTime:0.000952s ]
[2026-06-17T15:49:35+08:00][sql] SELECT `option_value` FROM `cmf_option` WHERE  `option_name` = 'storage' LIMIT 1 [ RunTime:0.000549s ]
[2026-06-17T15:49:43+08:00][sql] CONNECT:[ UseTime:0.002446s ] mysql:host=127.0.0.1;port=3306;dbname=newncl;charset=utf8mb4
[2026-06-17T15:49:43+08:00][sql] SHOW FULL COLUMNS FROM `cmf_option` [ RunTime:0.004705s ]
[2026-06-17T15:49:43+08:00][sql] SELECT `option_value` FROM `cmf_option` WHERE  `option_name` = 'cdn_settings' LIMIT 1 [ RunTime:0.000520s ]
[2026-06-17T15:49:43+08:00][sql] SELECT `option_value` FROM `cmf_option` WHERE  `option_name` = 'cdn_settings' LIMIT 1 [ RunTime:0.000731s ]
[2026-06-17T15:49:43+08:00][sql] SHOW FULL COLUMNS FROM `cmf_product_category` [ RunTime:0.001289s ]
[2026-06-17T15:49:43+08:00][sql] SELECT * FROM `cmf_product_category` WHERE  `parent_id` = 0 ORDER BY `list_order` ASC,`create_time` DESC [ RunTime:0.000574s ]
[2026-06-17T15:49:43+08:00][sql] SELECT * FROM `cmf_product_category` WHERE  `parent_id` IN (28,19,23,25,30,22,27) [ RunTime:0.000435s ]
[2026-06-17T15:49:43+08:00][sql] SHOW FULL COLUMNS FROM `cmf_portal_category` [ RunTime:0.001395s ]
[2026-06-17T15:49:43+08:00][sql] SELECT * FROM `cmf_portal_category` WHERE (  `type` = 8 ) AND `cmf_portal_category`.`delete_time` = '0' ORDER BY `list_order` ASC [ RunTime:0.000472s ]
[2026-06-17T15:49:43+08:00][sql] SHOW FULL COLUMNS FROM `cmf_product` [ RunTime:0.002430s ]
[2026-06-17T15:49:43+08:00][sql] SELECT COUNT(*) AS think_count FROM `cmf_product` WHERE  `category_id` = 28 LIMIT 1 [ RunTime:0.000484s ]
[2026-06-17T15:49:43+08:00][sql] SELECT COUNT(*) AS think_count FROM `cmf_product` WHERE  `category_id` = 19 LIMIT 1 [ RunTime:0.000309s ]
[2026-06-17T15:49:43+08:00][sql] SELECT COUNT(*) AS think_count FROM `cmf_product` WHERE  `category_id` = 23 LIMIT 1 [ RunTime:0.000253s ]
[2026-06-17T15:49:43+08:00][sql] SELECT COUNT(*) AS think_count FROM `cmf_product` WHERE  `category_id` = 25 LIMIT 1 [ RunTime:0.000279s ]
[2026-06-17T15:49:43+08:00][sql] SELECT COUNT(*) AS think_count FROM `cmf_product` WHERE  `category_id` = 30 LIMIT 1 [ RunTime:0.000240s ]
[2026-06-17T15:49:43+08:00][sql] SELECT COUNT(*) AS think_count FROM `cmf_product` WHERE  `category_id` = 22 LIMIT 1 [ RunTime:0.000258s ]
[2026-06-17T15:49:43+08:00][sql] SELECT COUNT(*) AS think_count FROM `cmf_product` WHERE  `category_id` = 27 LIMIT 1 [ RunTime:0.000221s ]
[2026-06-17T15:49:43+08:00][sql] SELECT COUNT(*) AS think_count FROM `cmf_product` LIMIT 1 [ RunTime:0.000203s ]
[2026-06-17T15:49:43+08:00][sql] SELECT `id`,`category_id`,`title`,`thumbnail`,`industry`,`overview` FROM `cmf_product` ORDER BY `list_order` ASC,`create_time` DESC LIMIT 0,12 [ RunTime:0.001759s ]
[2026-06-17T15:49:43+08:00][sql] SHOW FULL COLUMNS FROM `cmf_slide_item` [ RunTime:0.002195s ]
[2026-06-17T15:49:43+08:00][sql] SELECT `title`,`description`,`image` FROM `cmf_slide_item` WHERE  `slide_id` = 2  AND `status` = 1 ORDER BY `list_order` ASC,`id` DESC LIMIT 1 [ RunTime:0.000627s ]
[2026-06-17T15:49:43+08:00][sql] SELECT `option_value` FROM `cmf_option` WHERE  `option_name` = 'storage' LIMIT 1 [ RunTime:0.000313s ]
[2026-06-17T15:49:43+08:00][sql] SHOW FULL COLUMNS FROM `cmf_portal_post` [ RunTime:0.002424s ]
[2026-06-17T15:49:43+08:00][sql] SELECT `id`,`post_title`,`post_excerpt`,`more` FROM `cmf_portal_post` WHERE (  `post_type` = 3 ) AND `cmf_portal_post`.`delete_time` = '0' ORDER BY `create_time` DESC [ RunTime:0.001209s ]
[2026-06-17T15:49:43+08:00][sql] SHOW FULL COLUMNS FROM `cmf_theme_file` [ RunTime:0.001615s ]
[2026-06-17T15:49:43+08:00][sql] SELECT `more`,`file`,`id` FROM `cmf_theme_file` WHERE  `theme` = 'simpleboot3'  AND (  `is_public` = 1 OR `file` = 'portal/product' ) ORDER BY `is_public` DESC [ RunTime:0.000678s ]
[2026-06-17T15:49:44+08:00][sql] CONNECT:[ UseTime:0.002645s ] mysql:host=127.0.0.1;port=3306;dbname=newncl;charset=utf8mb4
[2026-06-17T15:49:44+08:00][sql] SHOW FULL COLUMNS FROM `cmf_option` [ RunTime:0.004295s ]
[2026-06-17T15:49:44+08:00][sql] SELECT `option_value` FROM `cmf_option` WHERE  `option_name` = 'cdn_settings' LIMIT 1 [ RunTime:0.000383s ]
[2026-06-17T15:49:44+08:00][sql] SELECT `option_value` FROM `cmf_option` WHERE  `option_name` = 'cdn_settings' LIMIT 1 [ RunTime:0.000450s ]
[2026-06-17T15:49:44+08:00][sql] SHOW FULL COLUMNS FROM `cmf_product_category` [ RunTime:0.002221s ]
[2026-06-17T15:49:44+08:00][sql] SELECT * FROM `cmf_product_category` WHERE  `parent_id` = 0 ORDER BY `list_order` ASC,`create_time` DESC [ RunTime:0.000540s ]
[2026-06-17T15:49:44+08:00][sql] SELECT * FROM `cmf_product_category` WHERE  `parent_id` IN (28,19,23,25,30,22,27) [ RunTime:0.000331s ]
[2026-06-17T15:49:44+08:00][sql] SHOW FULL COLUMNS FROM `cmf_portal_category` [ RunTime:0.001041s ]
[2026-06-17T15:49:44+08:00][sql] SELECT * FROM `cmf_portal_category` WHERE (  `type` = 8 ) AND `cmf_portal_category`.`delete_time` = '0' ORDER BY `list_order` ASC [ RunTime:0.000449s ]
[2026-06-17T15:49:44+08:00][sql] SHOW FULL COLUMNS FROM `cmf_slide_item` [ RunTime:0.002411s ]
[2026-06-17T15:49:44+08:00][sql] SELECT `title`,`description`,`image`,`url`,`target`,`content` FROM `cmf_slide_item` WHERE  `slide_id` = 1 ORDER BY `list_order` ASC [ RunTime:0.000603s ]
[2026-06-17T15:49:44+08:00][sql] SHOW FULL COLUMNS FROM `cmf_slide` [ RunTime:0.001057s ]
[2026-06-17T15:49:44+08:00][sql] SELECT * FROM `cmf_slide` WHERE  `name` LIKE '%choose%' OR `name` LIKE '%选择%' LIMIT 1 [ RunTime:0.001404s ]
[2026-06-17T15:49:44+08:00][sql] SELECT `title`,`description`,`image`,`url`,`target`,`content` FROM `cmf_slide_item` WHERE  `slide_id` = 14  AND `status` = 1 ORDER BY `list_order` ASC [ RunTime:0.000386s ]
[2026-06-17T15:49:44+08:00][sql] SELECT * FROM `cmf_product_category` WHERE  `parent_id` = 0  AND `recommend` = 1 ORDER BY `list_order` ASC,`create_time` DESC [ RunTime:0.000410s ]
[2026-06-17T15:49:44+08:00][sql] SHOW FULL COLUMNS FROM `cmf_product` [ RunTime:0.001350s ]
[2026-06-17T15:49:44+08:00][sql] SELECT `id`,`title`,`thumbnail`,`industry` FROM `cmf_product` WHERE  `is_recommended` = 1  AND `category_id` = 28 ORDER BY `list_order` ASC LIMIT 6 [ RunTime:0.000489s ]
[2026-06-17T15:49:44+08:00][sql] SELECT `id`,`title`,`thumbnail`,`industry` FROM `cmf_product` WHERE  `is_recommended` = 1  AND `category_id` = 19 ORDER BY `list_order` ASC LIMIT 6 [ RunTime:0.000378s ]
[2026-06-17T15:49:44+08:00][sql] SELECT `id`,`title`,`thumbnail`,`industry` FROM `cmf_product` WHERE  `is_recommended` = 1  AND `category_id` = 23 ORDER BY `list_order` ASC LIMIT 6 [ RunTime:0.000270s ]
[2026-06-17T15:49:44+08:00][sql] SELECT `id`,`title`,`thumbnail`,`industry` FROM `cmf_product` WHERE  `is_recommended` = 1  AND `category_id` = 25 ORDER BY `list_order` ASC LIMIT 6 [ RunTime:0.000949s ]
[2026-06-17T15:49:44+08:00][sql] SELECT `id`,`title`,`thumbnail`,`industry` FROM `cmf_product` WHERE  `is_recommended` = 1  AND `category_id` = 30 ORDER BY `list_order` ASC LIMIT 6 [ RunTime:0.000309s ]
[2026-06-17T15:49:44+08:00][sql] SHOW FULL COLUMNS FROM `cmf_portal_post` [ RunTime:0.001079s ]
[2026-06-17T15:49:44+08:00][sql] SELECT `p`.`id`,`p`.`post_title`,`p`.`post_excerpt`,`p`.`thumbnail`,`p`.`create_time`,`c`.`category_id` FROM `cmf_portal_post` `p` INNER JOIN `cmf_portal_category_post` `c` ON `p`.`id`=`c`.`post_id` WHERE (  `p`.`post_type` = '8' ) AND `p`.`delete_time` = '0' ORDER BY `c`.`list_order` ASC,`p`.`create_time` DESC [ RunTime:0.001739s ]
[2026-06-17T15:49:44+08:00][sql] SELECT `id`,`post_title`,`post_excerpt`,`more` FROM `cmf_portal_post` WHERE (  `post_type` = 3 ) AND `cmf_portal_post`.`delete_time` = '0' ORDER BY `create_time` DESC [ RunTime:0.000396s ]
[2026-06-17T15:49:44+08:00][sql] SHOW FULL COLUMNS FROM `cmf_theme_file` [ RunTime:0.001383s ]
[2026-06-17T15:49:44+08:00][sql] SELECT `more`,`file`,`id` FROM `cmf_theme_file` WHERE  `theme` = 'simpleboot3'  AND (  `is_public` = 1 OR `file` = 'portal/index' ) ORDER BY `is_public` DESC [ RunTime:0.000480s ]
[2026-06-17T15:49:44+08:00][sql] SELECT `option_value` FROM `cmf_option` WHERE  `option_name` = 'storage' LIMIT 1 [ RunTime:0.000397s ]
[2026-06-17T16:02:59+08:00][sql] CONNECT:[ UseTime:0.002229s ] mysql:host=127.0.0.1;port=3306;dbname=newncl;charset=utf8mb4
[2026-06-17T16:02:59+08:00][sql] SHOW FULL COLUMNS FROM `cmf_option` [ RunTime:0.004523s ]
[2026-06-17T16:02:59+08:00][sql] SELECT `option_value` FROM `cmf_option` WHERE  `option_name` = 'cdn_settings' LIMIT 1 [ RunTime:0.001275s ]
[2026-06-17T16:02:59+08:00][sql] SELECT `option_value` FROM `cmf_option` WHERE  `option_name` = 'cdn_settings' LIMIT 1 [ RunTime:0.000684s ]
[2026-06-17T16:02:59+08:00][sql] SHOW FULL COLUMNS FROM `cmf_product_category` [ RunTime:0.001823s ]
[2026-06-17T16:02:59+08:00][sql] SELECT * FROM `cmf_product_category` WHERE  `parent_id` = 0 ORDER BY `list_order` ASC,`create_time` DESC [ RunTime:0.001428s ]
[2026-06-17T16:02:59+08:00][sql] SELECT * FROM `cmf_product_category` WHERE  `parent_id` IN (28,19,23,25,30,22,27) [ RunTime:0.001812s ]
[2026-06-17T16:02:59+08:00][sql] SHOW FULL COLUMNS FROM `cmf_portal_category` [ RunTime:0.002151s ]
[2026-06-17T16:02:59+08:00][sql] SELECT * FROM `cmf_portal_category` WHERE (  `type` = 8 ) AND `cmf_portal_category`.`delete_time` = '0' ORDER BY `list_order` ASC [ RunTime:0.000956s ]
[2026-06-17T16:02:59+08:00][sql] SHOW FULL COLUMNS FROM `cmf_slide_item` [ RunTime:0.001379s ]
[2026-06-17T16:02:59+08:00][sql] SELECT `title`,`description`,`image`,`url`,`target`,`content` FROM `cmf_slide_item` WHERE  `slide_id` = 1 ORDER BY `list_order` ASC [ RunTime:0.000454s ]
[2026-06-17T16:02:59+08:00][sql] SHOW FULL COLUMNS FROM `cmf_slide` [ RunTime:0.001015s ]
[2026-06-17T16:02:59+08:00][sql] SELECT * FROM `cmf_slide` WHERE  `name` LIKE '%choose%' OR `name` LIKE '%选择%' LIMIT 1 [ RunTime:0.000424s ]
[2026-06-17T16:02:59+08:00][sql] SELECT `title`,`description`,`image`,`url`,`target`,`content` FROM `cmf_slide_item` WHERE  `slide_id` = 14  AND `status` = 1 ORDER BY `list_order` ASC [ RunTime:0.000350s ]
[2026-06-17T16:02:59+08:00][sql] SELECT * FROM `cmf_product_category` WHERE  `parent_id` = 0  AND `recommend` = 1 ORDER BY `list_order` ASC,`create_time` DESC [ RunTime:0.000555s ]
[2026-06-17T16:02:59+08:00][sql] SHOW FULL COLUMNS FROM `cmf_product` [ RunTime:0.001571s ]
[2026-06-17T16:02:59+08:00][sql] SELECT `id`,`title`,`thumbnail`,`industry` FROM `cmf_product` WHERE  `is_recommended` = 1  AND `category_id` = 28 ORDER BY `list_order` ASC LIMIT 6 [ RunTime:0.000530s ]
[2026-06-17T16:02:59+08:00][sql] SELECT `id`,`title`,`thumbnail`,`industry` FROM `cmf_product` WHERE  `is_recommended` = 1  AND `category_id` = 19 ORDER BY `list_order` ASC LIMIT 6 [ RunTime:0.000389s ]
[2026-06-17T16:02:59+08:00][sql] SELECT `id`,`title`,`thumbnail`,`industry` FROM `cmf_product` WHERE  `is_recommended` = 1  AND `category_id` = 23 ORDER BY `list_order` ASC LIMIT 6 [ RunTime:0.000291s ]
[2026-06-17T16:02:59+08:00][sql] SELECT `id`,`title`,`thumbnail`,`industry` FROM `cmf_product` WHERE  `is_recommended` = 1  AND `category_id` = 25 ORDER BY `list_order` ASC LIMIT 6 [ RunTime:0.000348s ]
[2026-06-17T16:02:59+08:00][sql] SELECT `id`,`title`,`thumbnail`,`industry` FROM `cmf_product` WHERE  `is_recommended` = 1  AND `category_id` = 30 ORDER BY `list_order` ASC LIMIT 6 [ RunTime:0.000330s ]
[2026-06-17T16:02:59+08:00][sql] SHOW FULL COLUMNS FROM `cmf_portal_post` [ RunTime:0.002128s ]
[2026-06-17T16:02:59+08:00][sql] SELECT `p`.`id`,`p`.`post_title`,`p`.`post_excerpt`,`p`.`thumbnail`,`p`.`create_time`,`c`.`category_id` FROM `cmf_portal_post` `p` INNER JOIN `cmf_portal_category_post` `c` ON `p`.`id`=`c`.`post_id` WHERE (  `p`.`post_type` = '8' ) AND `p`.`delete_time` = '0' ORDER BY `c`.`list_order` ASC,`p`.`create_time` DESC [ RunTime:0.001531s ]
[2026-06-17T16:02:59+08:00][sql] SELECT `id`,`post_title`,`post_excerpt`,`more` FROM `cmf_portal_post` WHERE (  `post_type` = 3 ) AND `cmf_portal_post`.`delete_time` = '0' ORDER BY `create_time` DESC [ RunTime:0.000408s ]
[2026-06-17T16:02:59+08:00][sql] SHOW FULL COLUMNS FROM `cmf_theme_file` [ RunTime:0.001193s ]
[2026-06-17T16:02:59+08:00][sql] SELECT `more`,`file`,`id` FROM `cmf_theme_file` WHERE  `theme` = 'simpleboot3'  AND (  `is_public` = 1 OR `file` = 'portal/index' ) ORDER BY `is_public` DESC [ RunTime:0.000612s ]
[2026-06-17T16:02:59+08:00][sql] SELECT `option_value` FROM `cmf_option` WHERE  `option_name` = 'storage' LIMIT 1 [ RunTime:0.000620s ]
[2026-06-17T16:10:23+08:00][sql] CONNECT:[ UseTime:0.001047s ] mysql:host=127.0.0.1;port=3306;dbname=newncl;charset=utf8mb4
[2026-06-17T16:10:23+08:00][sql] SHOW FULL COLUMNS FROM `cmf_option` [ RunTime:0.009869s ]
[2026-06-17T16:10:23+08:00][sql] SELECT `option_value` FROM `cmf_option` WHERE  `option_name` = 'cdn_settings' LIMIT 1 [ RunTime:0.001549s ]
[2026-06-17T16:10:23+08:00][sql] SELECT `option_value` FROM `cmf_option` WHERE  `option_name` = 'cdn_settings' LIMIT 1 [ RunTime:0.000663s ]
[2026-06-17T16:10:23+08:00][sql] SHOW FULL COLUMNS FROM `cmf_product_category` [ RunTime:0.002171s ]
[2026-06-17T16:10:23+08:00][sql] SELECT * FROM `cmf_product_category` WHERE  `parent_id` = 0 ORDER BY `list_order` ASC,`create_time` DESC [ RunTime:0.001590s ]
[2026-06-17T16:10:23+08:00][sql] SELECT * FROM `cmf_product_category` WHERE  `parent_id` IN (28,19,23,25,30,22,27) [ RunTime:0.000725s ]
[2026-06-17T16:10:23+08:00][sql] SHOW FULL COLUMNS FROM `cmf_portal_category` [ RunTime:0.001120s ]
[2026-06-17T16:10:23+08:00][sql] SELECT * FROM `cmf_portal_category` WHERE (  `type` = 8 ) AND `cmf_portal_category`.`delete_time` = '0' ORDER BY `list_order` ASC [ RunTime:0.000607s ]
[2026-06-17T16:10:23+08:00][sql] SHOW FULL COLUMNS FROM `cmf_slide_item` [ RunTime:0.002450s ]
[2026-06-17T16:10:23+08:00][sql] SELECT `title`,`description`,`image`,`url`,`target`,`content` FROM `cmf_slide_item` WHERE  `slide_id` = 1 ORDER BY `list_order` ASC [ RunTime:0.000761s ]
[2026-06-17T16:10:23+08:00][sql] SHOW FULL COLUMNS FROM `cmf_slide` [ RunTime:0.001292s ]
[2026-06-17T16:10:23+08:00][sql] SELECT * FROM `cmf_slide` WHERE  `name` LIKE '%choose%' OR `name` LIKE '%选择%' LIMIT 1 [ RunTime:0.000574s ]
[2026-06-17T16:10:23+08:00][sql] SELECT `title`,`description`,`image`,`url`,`target`,`content` FROM `cmf_slide_item` WHERE  `slide_id` = 14  AND `status` = 1 ORDER BY `list_order` ASC [ RunTime:0.000301s ]
[2026-06-17T16:10:23+08:00][sql] SELECT * FROM `cmf_product_category` WHERE  `parent_id` = 0  AND `recommend` = 1 ORDER BY `list_order` ASC,`create_time` DESC [ RunTime:0.000336s ]
[2026-06-17T16:10:23+08:00][sql] SHOW FULL COLUMNS FROM `cmf_product` [ RunTime:0.001304s ]
[2026-06-17T16:10:23+08:00][sql] SELECT `id`,`title`,`thumbnail`,`industry` FROM `cmf_product` WHERE  `is_recommended` = 1  AND `category_id` = 28 ORDER BY `list_order` ASC LIMIT 6 [ RunTime:0.000469s ]
[2026-06-17T16:10:23+08:00][sql] SELECT `id`,`title`,`thumbnail`,`industry` FROM `cmf_product` WHERE  `is_recommended` = 1  AND `category_id` = 19 ORDER BY `list_order` ASC LIMIT 6 [ RunTime:0.000328s ]
[2026-06-17T16:10:23+08:00][sql] SELECT `id`,`title`,`thumbnail`,`industry` FROM `cmf_product` WHERE  `is_recommended` = 1  AND `category_id` = 23 ORDER BY `list_order` ASC LIMIT 6 [ RunTime:0.000217s ]
[2026-06-17T16:10:23+08:00][sql] SELECT `id`,`title`,`thumbnail`,`industry` FROM `cmf_product` WHERE  `is_recommended` = 1  AND `category_id` = 25 ORDER BY `list_order` ASC LIMIT 6 [ RunTime:0.000559s ]
[2026-06-17T16:10:23+08:00][sql] SELECT `id`,`title`,`thumbnail`,`industry` FROM `cmf_product` WHERE  `is_recommended` = 1  AND `category_id` = 30 ORDER BY `list_order` ASC LIMIT 6 [ RunTime:0.000237s ]
[2026-06-17T16:10:23+08:00][sql] SHOW FULL COLUMNS FROM `cmf_portal_post` [ RunTime:0.002337s ]
[2026-06-17T16:10:23+08:00][sql] SELECT `p`.`id`,`p`.`post_title`,`p`.`post_excerpt`,`p`.`thumbnail`,`p`.`create_time`,`c`.`category_id` FROM `cmf_portal_post` `p` INNER JOIN `cmf_portal_category_post` `c` ON `p`.`id`=`c`.`post_id` WHERE (  `p`.`post_type` = '8' ) AND `p`.`delete_time` = '0' ORDER BY `c`.`list_order` ASC,`p`.`create_time` DESC [ RunTime:0.002486s ]
[2026-06-17T16:10:23+08:00][sql] SELECT `id`,`post_title`,`post_excerpt`,`more` FROM `cmf_portal_post` WHERE (  `post_type` = 3 ) AND `cmf_portal_post`.`delete_time` = '0' ORDER BY `create_time` DESC [ RunTime:0.000762s ]
[2026-06-17T16:10:23+08:00][sql] SHOW FULL COLUMNS FROM `cmf_theme_file` [ RunTime:0.001324s ]
[2026-06-17T16:10:23+08:00][sql] SELECT `more`,`file`,`id` FROM `cmf_theme_file` WHERE  `theme` = 'simpleboot3'  AND (  `is_public` = 1 OR `file` = 'portal/index' ) ORDER BY `is_public` DESC [ RunTime:0.001140s ]
[2026-06-17T16:10:23+08:00][sql] SELECT `option_value` FROM `cmf_option` WHERE  `option_name` = 'storage' LIMIT 1 [ RunTime:0.000451s ]
[2026-06-17T16:10:38+08:00][sql] CONNECT:[ UseTime:0.001155s ] mysql:host=127.0.0.1;port=3306;dbname=newncl;charset=utf8mb4
[2026-06-17T16:10:38+08:00][sql] SHOW FULL COLUMNS FROM `cmf_option` [ RunTime:0.004405s ]
[2026-06-17T16:10:38+08:00][sql] SELECT `option_value` FROM `cmf_option` WHERE  `option_name` = 'cdn_settings' LIMIT 1 [ RunTime:0.000950s ]
[2026-06-17T16:10:38+08:00][sql] SELECT `option_value` FROM `cmf_option` WHERE  `option_name` = 'cdn_settings' LIMIT 1 [ RunTime:0.001177s ]
[2026-06-17T16:10:38+08:00][sql] SHOW FULL COLUMNS FROM `cmf_product_category` [ RunTime:0.001013s ]
[2026-06-17T16:10:38+08:00][sql] SELECT * FROM `cmf_product_category` WHERE  `parent_id` = 0 ORDER BY `list_order` ASC,`create_time` DESC [ RunTime:0.001194s ]
[2026-06-17T16:10:38+08:00][sql] SELECT * FROM `cmf_product_category` WHERE  `parent_id` IN (28,19,23,25,30,22,27) [ RunTime:0.000323s ]
[2026-06-17T16:10:38+08:00][sql] SHOW FULL COLUMNS FROM `cmf_portal_category` [ RunTime:0.001152s ]
[2026-06-17T16:10:38+08:00][sql] SELECT * FROM `cmf_portal_category` WHERE (  `type` = 8 ) AND `cmf_portal_category`.`delete_time` = '0' ORDER BY `list_order` ASC [ RunTime:0.005169s ]
[2026-06-17T16:10:38+08:00][sql] SHOW FULL COLUMNS FROM `cmf_slide_item` [ RunTime:0.001954s ]
[2026-06-17T16:10:38+08:00][sql] SELECT `title`,`description`,`image`,`url`,`target`,`content` FROM `cmf_slide_item` WHERE  `slide_id` = 1 ORDER BY `list_order` ASC [ RunTime:0.002335s ]
[2026-06-17T16:10:38+08:00][sql] SHOW FULL COLUMNS FROM `cmf_slide` [ RunTime:0.001165s ]
[2026-06-17T16:10:38+08:00][sql] SELECT * FROM `cmf_slide` WHERE  `name` LIKE '%choose%' OR `name` LIKE '%选择%' LIMIT 1 [ RunTime:0.002754s ]
[2026-06-17T16:10:38+08:00][sql] SELECT `title`,`description`,`image`,`url`,`target`,`content` FROM `cmf_slide_item` WHERE  `slide_id` = 14  AND `status` = 1 ORDER BY `list_order` ASC [ RunTime:0.000607s ]
[2026-06-17T16:10:38+08:00][sql] SELECT * FROM `cmf_product_category` WHERE  `parent_id` = 0  AND `recommend` = 1 ORDER BY `list_order` ASC,`create_time` DESC [ RunTime:0.000478s ]
[2026-06-17T16:10:38+08:00][sql] SHOW FULL COLUMNS FROM `cmf_product` [ RunTime:0.002753s ]
[2026-06-17T16:10:38+08:00][sql] SELECT `id`,`title`,`thumbnail`,`industry` FROM `cmf_product` WHERE  `is_recommended` = 1  AND `category_id` = 28 ORDER BY `list_order` ASC LIMIT 6 [ RunTime:0.001405s ]
[2026-06-17T16:10:38+08:00][sql] SELECT `id`,`title`,`thumbnail`,`industry` FROM `cmf_product` WHERE  `is_recommended` = 1  AND `category_id` = 19 ORDER BY `list_order` ASC LIMIT 6 [ RunTime:0.000430s ]
[2026-06-17T16:10:38+08:00][sql] SELECT `id`,`title`,`thumbnail`,`industry` FROM `cmf_product` WHERE  `is_recommended` = 1  AND `category_id` = 23 ORDER BY `list_order` ASC LIMIT 6 [ RunTime:0.000406s ]
[2026-06-17T16:10:38+08:00][sql] SELECT `id`,`title`,`thumbnail`,`industry` FROM `cmf_product` WHERE  `is_recommended` = 1  AND `category_id` = 25 ORDER BY `list_order` ASC LIMIT 6 [ RunTime:0.002390s ]
[2026-06-17T16:10:38+08:00][sql] SELECT `id`,`title`,`thumbnail`,`industry` FROM `cmf_product` WHERE  `is_recommended` = 1  AND `category_id` = 30 ORDER BY `list_order` ASC LIMIT 6 [ RunTime:0.000534s ]
[2026-06-17T16:10:38+08:00][sql] SHOW FULL COLUMNS FROM `cmf_portal_post` [ RunTime:0.001304s ]
[2026-06-17T16:10:38+08:00][sql] SELECT `p`.`id`,`p`.`post_title`,`p`.`post_excerpt`,`p`.`thumbnail`,`p`.`create_time`,`c`.`category_id` FROM `cmf_portal_post` `p` INNER JOIN `cmf_portal_category_post` `c` ON `p`.`id`=`c`.`post_id` WHERE (  `p`.`post_type` = '8' ) AND `p`.`delete_time` = '0' ORDER BY `c`.`list_order` ASC,`p`.`create_time` DESC [ RunTime:0.002470s ]
[2026-06-17T16:10:38+08:00][sql] SELECT `id`,`post_title`,`post_excerpt`,`more` FROM `cmf_portal_post` WHERE (  `post_type` = 3 ) AND `cmf_portal_post`.`delete_time` = '0' ORDER BY `create_time` DESC [ RunTime:0.000363s ]
[2026-06-17T16:10:38+08:00][sql] SHOW FULL COLUMNS FROM `cmf_theme_file` [ RunTime:0.001240s ]
[2026-06-17T16:10:38+08:00][sql] SELECT `more`,`file`,`id` FROM `cmf_theme_file` WHERE  `theme` = 'simpleboot3'  AND (  `is_public` = 1 OR `file` = 'portal/index' ) ORDER BY `is_public` DESC [ RunTime:0.000643s ]
[2026-06-17T16:10:38+08:00][sql] SELECT `option_value` FROM `cmf_option` WHERE  `option_name` = 'storage' LIMIT 1 [ RunTime:0.000621s ]
[2026-06-17T16:18:49+08:00][sql] CONNECT:[ UseTime:0.001167s ] mysql:host=127.0.0.1;port=3306;dbname=newncl;charset=utf8mb4
[2026-06-17T16:18:49+08:00][sql] SHOW FULL COLUMNS FROM `cmf_plugin` [ RunTime:0.008191s ]
[2026-06-17T16:18:49+08:00][sql] SELECT `config` FROM `cmf_plugin` WHERE  `name` = 'SwitchTheme' LIMIT 1 [ RunTime:0.005774s ]
[2026-06-17T16:18:49+08:00][sql] SHOW FULL COLUMNS FROM `cmf_option` [ RunTime:0.003572s ]
[2026-06-17T16:18:49+08:00][sql] SELECT `option_value` FROM `cmf_option` WHERE  `option_name` = 'cdn_settings' LIMIT 1 [ RunTime:0.001203s ]
[2026-06-17T16:18:49+08:00][sql] SELECT `option_value` FROM `cmf_option` WHERE  `option_name` = 'cdn_settings' LIMIT 1 [ RunTime:0.000636s ]
[2026-06-17T16:18:49+08:00][sql] SHOW FULL COLUMNS FROM `cmf_product_category` [ RunTime:0.001342s ]
[2026-06-17T16:18:49+08:00][sql] SELECT * FROM `cmf_product_category` WHERE  `parent_id` = 0 ORDER BY `list_order` ASC,`create_time` DESC [ RunTime:0.000707s ]
[2026-06-17T16:18:49+08:00][sql] SELECT * FROM `cmf_product_category` WHERE  `parent_id` IN (28,19,23,25,30,22,27) [ RunTime:0.000368s ]
[2026-06-17T16:18:49+08:00][sql] SHOW FULL COLUMNS FROM `cmf_portal_category` [ RunTime:0.001386s ]
[2026-06-17T16:18:49+08:00][sql] SELECT * FROM `cmf_portal_category` WHERE (  `type` = 8 ) AND `cmf_portal_category`.`delete_time` = '0' ORDER BY `list_order` ASC [ RunTime:0.001637s ]
[2026-06-17T16:18:49+08:00][sql] SHOW FULL COLUMNS FROM `cmf_slide_item` [ RunTime:0.001816s ]
[2026-06-17T16:18:49+08:00][sql] SELECT `title`,`description`,`image`,`url`,`target`,`content` FROM `cmf_slide_item` WHERE  `slide_id` = 1 ORDER BY `list_order` ASC [ RunTime:0.001782s ]
[2026-06-17T16:18:49+08:00][sql] SHOW FULL COLUMNS FROM `cmf_slide` [ RunTime:0.000996s ]
[2026-06-17T16:18:49+08:00][sql] SELECT * FROM `cmf_slide` WHERE  `name` LIKE '%choose%' OR `name` LIKE '%选择%' LIMIT 1 [ RunTime:0.001334s ]
[2026-06-17T16:18:49+08:00][sql] SELECT `title`,`description`,`image`,`url`,`target`,`content` FROM `cmf_slide_item` WHERE  `slide_id` = 14  AND `status` = 1 ORDER BY `list_order` ASC [ RunTime:0.000441s ]
[2026-06-17T16:18:49+08:00][sql] SELECT * FROM `cmf_product_category` WHERE  `parent_id` = 0  AND `recommend` = 1 ORDER BY `list_order` ASC,`create_time` DESC [ RunTime:0.000574s ]
[2026-06-17T16:18:49+08:00][sql] SHOW FULL COLUMNS FROM `cmf_product` [ RunTime:0.001631s ]
[2026-06-17T16:18:49+08:00][sql] SELECT `id`,`title`,`thumbnail`,`industry` FROM `cmf_product` WHERE  `is_recommended` = 1  AND `category_id` = 28 ORDER BY `list_order` ASC LIMIT 6 [ RunTime:0.001599s ]
[2026-06-17T16:18:49+08:00][sql] SELECT `id`,`title`,`thumbnail`,`industry` FROM `cmf_product` WHERE  `is_recommended` = 1  AND `category_id` = 19 ORDER BY `list_order` ASC LIMIT 6 [ RunTime:0.000488s ]
[2026-06-17T16:18:49+08:00][sql] SELECT `id`,`title`,`thumbnail`,`industry` FROM `cmf_product` WHERE  `is_recommended` = 1  AND `category_id` = 23 ORDER BY `list_order` ASC LIMIT 6 [ RunTime:0.000363s ]
[2026-06-17T16:18:49+08:00][sql] SELECT `id`,`title`,`thumbnail`,`industry` FROM `cmf_product` WHERE  `is_recommended` = 1  AND `category_id` = 25 ORDER BY `list_order` ASC LIMIT 6 [ RunTime:0.000386s ]
[2026-06-17T16:18:49+08:00][sql] SELECT `id`,`title`,`thumbnail`,`industry` FROM `cmf_product` WHERE  `is_recommended` = 1  AND `category_id` = 30 ORDER BY `list_order` ASC LIMIT 6 [ RunTime:0.000357s ]
[2026-06-17T16:18:49+08:00][sql] SHOW FULL COLUMNS FROM `cmf_portal_post` [ RunTime:0.002784s ]
[2026-06-17T16:18:49+08:00][sql] SELECT `p`.`id`,`p`.`post_title`,`p`.`post_excerpt`,`p`.`thumbnail`,`p`.`create_time`,`c`.`category_id` FROM `cmf_portal_post` `p` INNER JOIN `cmf_portal_category_post` `c` ON `p`.`id`=`c`.`post_id` WHERE (  `p`.`post_type` = '8' ) AND `p`.`delete_time` = '0' ORDER BY `c`.`list_order` ASC,`p`.`create_time` DESC [ RunTime:0.003784s ]
[2026-06-17T16:18:49+08:00][sql] SELECT `id`,`post_title`,`post_excerpt`,`more` FROM `cmf_portal_post` WHERE (  `post_type` = 3 ) AND `cmf_portal_post`.`delete_time` = '0' ORDER BY `create_time` DESC [ RunTime:0.000513s ]
[2026-06-17T16:18:49+08:00][sql] SHOW FULL COLUMNS FROM `cmf_theme_file` [ RunTime:0.001304s ]
[2026-06-17T16:18:49+08:00][sql] SELECT `more`,`file`,`id` FROM `cmf_theme_file` WHERE  `theme` = 'simpleboot3'  AND (  `is_public` = 1 OR `file` = 'portal/index' ) ORDER BY `is_public` DESC [ RunTime:0.001411s ]
[2026-06-17T16:18:49+08:00][sql] SELECT `option_value` FROM `cmf_option` WHERE  `option_name` = 'storage' LIMIT 1 [ RunTime:0.000552s ]
[2026-06-17T16:19:04+08:00][sql] CONNECT:[ UseTime:0.001601s ] mysql:host=127.0.0.1;port=3306;dbname=newncl;charset=utf8mb4
[2026-06-17T16:19:04+08:00][sql] SHOW FULL COLUMNS FROM `cmf_option` [ RunTime:0.002695s ]
[2026-06-17T16:19:04+08:00][sql] SELECT `option_value` FROM `cmf_option` WHERE  `option_name` = 'cdn_settings' LIMIT 1 [ RunTime:0.000330s ]
[2026-06-17T16:19:04+08:00][sql] SELECT `option_value` FROM `cmf_option` WHERE  `option_name` = 'cdn_settings' LIMIT 1 [ RunTime:0.000262s ]
[2026-06-17T16:19:04+08:00][sql] SHOW FULL COLUMNS FROM `cmf_product_category` [ RunTime:0.001724s ]
[2026-06-17T16:19:04+08:00][sql] SELECT * FROM `cmf_product_category` WHERE  `parent_id` = 0 ORDER BY `list_order` ASC,`create_time` DESC [ RunTime:0.000507s ]
[2026-06-17T16:19:04+08:00][sql] SELECT * FROM `cmf_product_category` WHERE  `parent_id` IN (28,19,23,25,30,22,27) [ RunTime:0.000442s ]
[2026-06-17T16:19:04+08:00][sql] SHOW FULL COLUMNS FROM `cmf_portal_category` [ RunTime:0.001326s ]
[2026-06-17T16:19:04+08:00][sql] SELECT * FROM `cmf_portal_category` WHERE (  `type` = 8 ) AND `cmf_portal_category`.`delete_time` = '0' ORDER BY `list_order` ASC [ RunTime:0.000589s ]
[2026-06-17T16:19:04+08:00][sql] SHOW FULL COLUMNS FROM `cmf_product` [ RunTime:0.001287s ]
[2026-06-17T16:19:04+08:00][sql] SELECT COUNT(*) AS think_count FROM `cmf_product` WHERE  `category_id` = 28 LIMIT 1 [ RunTime:0.000383s ]
[2026-06-17T16:19:04+08:00][sql] SELECT COUNT(*) AS think_count FROM `cmf_product` WHERE  `category_id` = 19 LIMIT 1 [ RunTime:0.000286s ]
[2026-06-17T16:19:04+08:00][sql] SELECT COUNT(*) AS think_count FROM `cmf_product` WHERE  `category_id` = 23 LIMIT 1 [ RunTime:0.000247s ]
[2026-06-17T16:19:04+08:00][sql] SELECT COUNT(*) AS think_count FROM `cmf_product` WHERE  `category_id` = 25 LIMIT 1 [ RunTime:0.000245s ]
[2026-06-17T16:19:04+08:00][sql] SELECT COUNT(*) AS think_count FROM `cmf_product` WHERE  `category_id` = 30 LIMIT 1 [ RunTime:0.000238s ]
[2026-06-17T16:19:04+08:00][sql] SELECT COUNT(*) AS think_count FROM `cmf_product` WHERE  `category_id` = 22 LIMIT 1 [ RunTime:0.000242s ]
[2026-06-17T16:19:04+08:00][sql] SELECT COUNT(*) AS think_count FROM `cmf_product` WHERE  `category_id` = 27 LIMIT 1 [ RunTime:0.000232s ]
[2026-06-17T16:19:04+08:00][sql] SELECT COUNT(*) AS think_count FROM `cmf_product` LIMIT 1 [ RunTime:0.000228s ]
[2026-06-17T16:19:04+08:00][sql] SELECT `id`,`category_id`,`title`,`thumbnail`,`industry`,`overview` FROM `cmf_product` ORDER BY `list_order` ASC,`create_time` DESC LIMIT 0,12 [ RunTime:0.000487s ]
[2026-06-17T16:19:04+08:00][sql] SHOW FULL COLUMNS FROM `cmf_slide_item` [ RunTime:0.001173s ]
[2026-06-17T16:19:04+08:00][sql] SELECT `title`,`description`,`image` FROM `cmf_slide_item` WHERE  `slide_id` = 2  AND `status` = 1 ORDER BY `list_order` ASC,`id` DESC LIMIT 1 [ RunTime:0.001124s ]
[2026-06-17T16:19:04+08:00][sql] SELECT `option_value` FROM `cmf_option` WHERE  `option_name` = 'storage' LIMIT 1 [ RunTime:0.000401s ]
[2026-06-17T16:19:04+08:00][sql] SHOW FULL COLUMNS FROM `cmf_portal_post` [ RunTime:0.001480s ]
[2026-06-17T16:19:04+08:00][sql] SELECT `id`,`post_title`,`post_excerpt`,`more` FROM `cmf_portal_post` WHERE (  `post_type` = 3 ) AND `cmf_portal_post`.`delete_time` = '0' ORDER BY `create_time` DESC [ RunTime:0.000895s ]
[2026-06-17T16:19:04+08:00][sql] SHOW FULL COLUMNS FROM `cmf_theme_file` [ RunTime:0.000984s ]
[2026-06-17T16:19:04+08:00][sql] SELECT `more`,`file`,`id` FROM `cmf_theme_file` WHERE  `theme` = 'simpleboot3'  AND (  `is_public` = 1 OR `file` = 'portal/product' ) ORDER BY `is_public` DESC [ RunTime:0.000411s ]
[2026-06-17T16:19:14+08:00][sql] CONNECT:[ UseTime:0.000908s ] mysql:host=127.0.0.1;port=3306;dbname=newncl;charset=utf8mb4
[2026-06-17T16:19:14+08:00][sql] SHOW FULL COLUMNS FROM `cmf_option` [ RunTime:0.002334s ]
[2026-06-17T16:19:14+08:00][sql] SELECT `option_value` FROM `cmf_option` WHERE  `option_name` = 'cdn_settings' LIMIT 1 [ RunTime:0.000743s ]
[2026-06-17T16:19:14+08:00][sql] SELECT `option_value` FROM `cmf_option` WHERE  `option_name` = 'cdn_settings' LIMIT 1 [ RunTime:0.000495s ]
[2026-06-17T16:19:14+08:00][sql] SHOW FULL COLUMNS FROM `cmf_product_category` [ RunTime:0.001341s ]
[2026-06-17T16:19:14+08:00][sql] SELECT * FROM `cmf_product_category` WHERE  `parent_id` = 0 ORDER BY `list_order` ASC,`create_time` DESC [ RunTime:0.001151s ]
[2026-06-17T16:19:14+08:00][sql] SELECT * FROM `cmf_product_category` WHERE  `parent_id` IN (28,19,23,25,30,22,27) [ RunTime:0.000361s ]
[2026-06-17T16:19:14+08:00][sql] SHOW FULL COLUMNS FROM `cmf_portal_category` [ RunTime:0.000951s ]
[2026-06-17T16:19:14+08:00][sql] SELECT * FROM `cmf_portal_category` WHERE (  `type` = 8 ) AND `cmf_portal_category`.`delete_time` = '0' ORDER BY `list_order` ASC [ RunTime:0.000506s ]
[2026-06-17T16:19:14+08:00][sql] SHOW FULL COLUMNS FROM `cmf_product` [ RunTime:0.001030s ]
[2026-06-17T16:19:14+08:00][sql] SELECT * FROM `cmf_product` WHERE  `id` = 211 LIMIT 1 [ RunTime:0.000471s ]
[2026-06-17T16:19:14+08:00][sql] SELECT * FROM `cmf_product_category` WHERE  `id` = 28 LIMIT 1 [ RunTime:0.000251s ]
[2026-06-17T16:19:14+08:00][sql] SELECT `option_value` FROM `cmf_option` WHERE  `option_name` = 'product_setting' LIMIT 1 [ RunTime:0.000273s ]
[2026-06-17T16:19:14+08:00][sql] SELECT `id`,`title`,`industry`,`thumbnail` FROM `cmf_product` WHERE  `id` <> 211  AND `is_recommended` = 1  AND `category_id` = 28 ORDER BY RAND() LIMIT 8 [ RunTime:0.000522s ]
[2026-06-17T16:19:14+08:00][sql] SHOW FULL COLUMNS FROM `cmf_slide_item` [ RunTime:0.000983s ]
[2026-06-17T16:19:14+08:00][sql] SELECT `title`,`description`,`image` FROM `cmf_slide_item` WHERE  `slide_id` = 2  AND `status` = 1 ORDER BY `list_order` ASC,`id` DESC LIMIT 1 [ RunTime:0.001174s ]
[2026-06-17T16:19:14+08:00][sql] SHOW FULL COLUMNS FROM `cmf_theme_file` [ RunTime:0.001178s ]
[2026-06-17T16:19:14+08:00][sql] SELECT `more`,`file`,`id` FROM `cmf_theme_file` WHERE  `theme` = 'simpleboot3'  AND (  `is_public` = 1 OR `file` = 'portal/product-info' ) ORDER BY `is_public` DESC [ RunTime:0.000407s ]
[2026-06-17T16:19:14+08:00][sql] SELECT `option_value` FROM `cmf_option` WHERE  `option_name` = 'storage' LIMIT 1 [ RunTime:0.000553s ]
[2026-06-17T16:19:23+08:00][sql] CONNECT:[ UseTime:0.012701s ] mysql:host=127.0.0.1;port=3306;dbname=newncl;charset=utf8mb4
[2026-06-17T16:19:23+08:00][sql] SHOW FULL COLUMNS FROM `cmf_option` [ RunTime:0.003876s ]
[2026-06-17T16:19:23+08:00][sql] SELECT `option_value` FROM `cmf_option` WHERE  `option_name` = 'cdn_settings' LIMIT 1 [ RunTime:0.000954s ]
[2026-06-17T16:19:23+08:00][sql] SELECT `option_value` FROM `cmf_option` WHERE  `option_name` = 'cdn_settings' LIMIT 1 [ RunTime:0.000472s ]
[2026-06-17T16:19:23+08:00][sql] SHOW FULL COLUMNS FROM `cmf_product_category` [ RunTime:0.001155s ]
[2026-06-17T16:19:23+08:00][sql] SELECT * FROM `cmf_product_category` WHERE  `parent_id` = 0 ORDER BY `list_order` ASC,`create_time` DESC [ RunTime:0.000724s ]
[2026-06-17T16:19:23+08:00][sql] SELECT * FROM `cmf_product_category` WHERE  `parent_id` IN (28,19,23,25,30,22,27) [ RunTime:0.000437s ]
[2026-06-17T16:19:23+08:00][sql] SHOW FULL COLUMNS FROM `cmf_portal_category` [ RunTime:0.002160s ]
[2026-06-17T16:19:23+08:00][sql] SELECT * FROM `cmf_portal_category` WHERE (  `type` = 8 ) AND `cmf_portal_category`.`delete_time` = '0' ORDER BY `list_order` ASC [ RunTime:0.001324s ]
[2026-06-17T16:19:23+08:00][sql] SHOW FULL COLUMNS FROM `cmf_product` [ RunTime:0.002540s ]
[2026-06-17T16:19:23+08:00][sql] SELECT * FROM `cmf_product` WHERE  `id` = 211 LIMIT 1 [ RunTime:0.000769s ]
[2026-06-17T16:19:23+08:00][sql] SELECT * FROM `cmf_product_category` WHERE  `id` = 28 LIMIT 1 [ RunTime:0.001099s ]
[2026-06-17T16:19:23+08:00][sql] SELECT `id`,`title`,`industry`,`thumbnail` FROM `cmf_product` WHERE  `id` <> 211  AND `is_recommended` = 1  AND `category_id` = 28 ORDER BY RAND() LIMIT 8 [ RunTime:0.000578s ]
[2026-06-17T16:19:23+08:00][sql] SHOW FULL COLUMNS FROM `cmf_slide_item` [ RunTime:0.001156s ]
[2026-06-17T16:19:23+08:00][sql] SELECT `title`,`description`,`image` FROM `cmf_slide_item` WHERE  `slide_id` = 2  AND `status` = 1 ORDER BY `list_order` ASC,`id` DESC LIMIT 1 [ RunTime:0.000405s ]
[2026-06-17T16:19:23+08:00][sql] SHOW FULL COLUMNS FROM `cmf_theme_file` [ RunTime:0.001061s ]
[2026-06-17T16:19:23+08:00][sql] SELECT `more`,`file`,`id` FROM `cmf_theme_file` WHERE  `theme` = 'simpleboot3'  AND (  `is_public` = 1 OR `file` = 'portal/product-info' ) ORDER BY `is_public` DESC [ RunTime:0.000560s ]
[2026-06-17T16:19:23+08:00][sql] SELECT `option_value` FROM `cmf_option` WHERE  `option_name` = 'storage' LIMIT 1 [ RunTime:0.000461s ]
[2026-06-17T16:25:29+08:00][sql] CONNECT:[ UseTime:0.001286s ] mysql:host=127.0.0.1;port=3306;dbname=newncl;charset=utf8mb4
[2026-06-17T16:25:29+08:00][sql] SHOW FULL COLUMNS FROM `cmf_option` [ RunTime:0.004035s ]
[2026-06-17T16:25:29+08:00][sql] SELECT `option_value` FROM `cmf_option` WHERE  `option_name` = 'cdn_settings' LIMIT 1 [ RunTime:0.000548s ]
[2026-06-17T16:25:29+08:00][sql] SELECT `option_value` FROM `cmf_option` WHERE  `option_name` = 'cdn_settings' LIMIT 1 [ RunTime:0.001035s ]
[2026-06-17T16:25:29+08:00][sql] SHOW FULL COLUMNS FROM `cmf_product_category` [ RunTime:0.002730s ]
[2026-06-17T16:25:29+08:00][sql] SELECT * FROM `cmf_product_category` WHERE  `parent_id` = 0 ORDER BY `list_order` ASC,`create_time` DESC [ RunTime:0.000977s ]
[2026-06-17T16:25:29+08:00][sql] SELECT * FROM `cmf_product_category` WHERE  `parent_id` IN (28,19,23,25,30,22,27) [ RunTime:0.000552s ]
[2026-06-17T16:25:29+08:00][sql] SHOW FULL COLUMNS FROM `cmf_portal_category` [ RunTime:0.001577s ]
[2026-06-17T16:25:29+08:00][sql] SELECT * FROM `cmf_portal_category` WHERE (  `type` = 8 ) AND `cmf_portal_category`.`delete_time` = '0' ORDER BY `list_order` ASC [ RunTime:0.000506s ]
[2026-06-17T16:25:29+08:00][sql] SHOW FULL COLUMNS FROM `cmf_product` [ RunTime:0.003400s ]
[2026-06-17T16:25:29+08:00][sql] SELECT COUNT(*) AS think_count FROM `cmf_product` WHERE  `category_id` = 28 LIMIT 1 [ RunTime:0.001076s ]
[2026-06-17T16:25:29+08:00][sql] SELECT COUNT(*) AS think_count FROM `cmf_product` WHERE  `category_id` = 19 LIMIT 1 [ RunTime:0.000533s ]
[2026-06-17T16:25:29+08:00][sql] SELECT COUNT(*) AS think_count FROM `cmf_product` WHERE  `category_id` = 23 LIMIT 1 [ RunTime:0.000295s ]
[2026-06-17T16:25:29+08:00][sql] SELECT COUNT(*) AS think_count FROM `cmf_product` WHERE  `category_id` = 25 LIMIT 1 [ RunTime:0.000300s ]
[2026-06-17T16:25:29+08:00][sql] SELECT COUNT(*) AS think_count FROM `cmf_product` WHERE  `category_id` = 30 LIMIT 1 [ RunTime:0.000266s ]
[2026-06-17T16:25:29+08:00][sql] SELECT COUNT(*) AS think_count FROM `cmf_product` WHERE  `category_id` = 22 LIMIT 1 [ RunTime:0.000286s ]
[2026-06-17T16:25:29+08:00][sql] SELECT COUNT(*) AS think_count FROM `cmf_product` WHERE  `category_id` = 27 LIMIT 1 [ RunTime:0.000322s ]
[2026-06-17T16:25:29+08:00][sql] SELECT COUNT(*) AS think_count FROM `cmf_product` LIMIT 1 [ RunTime:0.000299s ]
[2026-06-17T16:25:29+08:00][sql] SELECT `id`,`category_id`,`title`,`thumbnail`,`industry`,`overview` FROM `cmf_product` ORDER BY `list_order` ASC,`create_time` DESC LIMIT 0,12 [ RunTime:0.000957s ]
[2026-06-17T16:25:29+08:00][sql] SHOW FULL COLUMNS FROM `cmf_slide_item` [ RunTime:0.001915s ]
[2026-06-17T16:25:29+08:00][sql] SELECT `title`,`description`,`image` FROM `cmf_slide_item` WHERE  `slide_id` = 2  AND `status` = 1 ORDER BY `list_order` ASC,`id` DESC LIMIT 1 [ RunTime:0.000684s ]
[2026-06-17T16:25:29+08:00][sql] SELECT `option_value` FROM `cmf_option` WHERE  `option_name` = 'storage' LIMIT 1 [ RunTime:0.000519s ]
[2026-06-17T16:25:29+08:00][sql] SHOW FULL COLUMNS FROM `cmf_portal_post` [ RunTime:0.003000s ]
[2026-06-17T16:25:29+08:00][sql] SELECT `id`,`post_title`,`post_excerpt`,`more` FROM `cmf_portal_post` WHERE (  `post_type` = 3 ) AND `cmf_portal_post`.`delete_time` = '0' ORDER BY `create_time` DESC [ RunTime:0.001267s ]
[2026-06-17T16:25:29+08:00][sql] SHOW FULL COLUMNS FROM `cmf_theme_file` [ RunTime:0.001331s ]
[2026-06-17T16:25:29+08:00][sql] SELECT `more`,`file`,`id` FROM `cmf_theme_file` WHERE  `theme` = 'simpleboot3'  AND (  `is_public` = 1 OR `file` = 'portal/product' ) ORDER BY `is_public` DESC [ RunTime:0.001048s ]
[2026-06-17T16:25:45+08:00][sql] CONNECT:[ UseTime:0.001445s ] mysql:host=127.0.0.1;port=3306;dbname=newncl;charset=utf8mb4
[2026-06-17T16:25:45+08:00][sql] SHOW FULL COLUMNS FROM `cmf_option` [ RunTime:0.004357s ]
[2026-06-17T16:25:45+08:00][sql] SELECT `option_value` FROM `cmf_option` WHERE  `option_name` = 'cdn_settings' LIMIT 1 [ RunTime:0.000444s ]
[2026-06-17T16:25:45+08:00][sql] SELECT `option_value` FROM `cmf_option` WHERE  `option_name` = 'cdn_settings' LIMIT 1 [ RunTime:0.000457s ]
[2026-06-17T16:25:45+08:00][sql] SHOW FULL COLUMNS FROM `cmf_product_category` [ RunTime:0.001272s ]
[2026-06-17T16:25:45+08:00][sql] SELECT * FROM `cmf_product_category` WHERE  `parent_id` = 0 ORDER BY `list_order` ASC,`create_time` DESC [ RunTime:0.000555s ]
[2026-06-17T16:25:45+08:00][sql] SELECT * FROM `cmf_product_category` WHERE  `parent_id` IN (28,19,23,25,30,22,27) [ RunTime:0.000926s ]
[2026-06-17T16:25:45+08:00][sql] SHOW FULL COLUMNS FROM `cmf_portal_category` [ RunTime:0.002189s ]
[2026-06-17T16:25:45+08:00][sql] SELECT * FROM `cmf_portal_category` WHERE (  `type` = 8 ) AND `cmf_portal_category`.`delete_time` = '0' ORDER BY `list_order` ASC [ RunTime:0.000648s ]
[2026-06-17T16:25:45+08:00][sql] SHOW FULL COLUMNS FROM `cmf_slide_item` [ RunTime:0.001473s ]
[2026-06-17T16:25:45+08:00][sql] SELECT `title`,`description`,`image`,`url`,`target`,`content` FROM `cmf_slide_item` WHERE  `slide_id` = 1 ORDER BY `list_order` ASC [ RunTime:0.000468s ]
[2026-06-17T16:25:45+08:00][sql] SHOW FULL COLUMNS FROM `cmf_slide` [ RunTime:0.001018s ]
[2026-06-17T16:25:45+08:00][sql] SELECT * FROM `cmf_slide` WHERE  `name` LIKE '%choose%' OR `name` LIKE '%选择%' LIMIT 1 [ RunTime:0.004529s ]
[2026-06-17T16:25:45+08:00][sql] SELECT `title`,`description`,`image`,`url`,`target`,`content` FROM `cmf_slide_item` WHERE  `slide_id` = 14  AND `status` = 1 ORDER BY `list_order` ASC [ RunTime:0.000863s ]
[2026-06-17T16:25:45+08:00][sql] SELECT * FROM `cmf_product_category` WHERE  `parent_id` = 0  AND `recommend` = 1 ORDER BY `list_order` ASC,`create_time` DESC [ RunTime:0.000441s ]
[2026-06-17T16:25:45+08:00][sql] SHOW FULL COLUMNS FROM `cmf_product` [ RunTime:0.001531s ]
[2026-06-17T16:25:45+08:00][sql] SELECT `id`,`title`,`thumbnail`,`industry` FROM `cmf_product` WHERE  `is_recommended` = 1  AND `category_id` = 28 ORDER BY `list_order` ASC LIMIT 6 [ RunTime:0.000506s ]
[2026-06-17T16:25:45+08:00][sql] SELECT `id`,`title`,`thumbnail`,`industry` FROM `cmf_product` WHERE  `is_recommended` = 1  AND `category_id` = 19 ORDER BY `list_order` ASC LIMIT 6 [ RunTime:0.000390s ]
[2026-06-17T16:25:45+08:00][sql] SELECT `id`,`title`,`thumbnail`,`industry` FROM `cmf_product` WHERE  `is_recommended` = 1  AND `category_id` = 23 ORDER BY `list_order` ASC LIMIT 6 [ RunTime:0.000285s ]
[2026-06-17T16:25:45+08:00][sql] SELECT `id`,`title`,`thumbnail`,`industry` FROM `cmf_product` WHERE  `is_recommended` = 1  AND `category_id` = 25 ORDER BY `list_order` ASC LIMIT 6 [ RunTime:0.000979s ]
[2026-06-17T16:25:45+08:00][sql] SELECT `id`,`title`,`thumbnail`,`industry` FROM `cmf_product` WHERE  `is_recommended` = 1  AND `category_id` = 30 ORDER BY `list_order` ASC LIMIT 6 [ RunTime:0.000319s ]
[2026-06-17T16:25:45+08:00][sql] SHOW FULL COLUMNS FROM `cmf_portal_post` [ RunTime:0.001466s ]
[2026-06-17T16:25:45+08:00][sql] SELECT `p`.`id`,`p`.`post_title`,`p`.`post_excerpt`,`p`.`thumbnail`,`p`.`create_time`,`c`.`category_id` FROM `cmf_portal_post` `p` INNER JOIN `cmf_portal_category_post` `c` ON `p`.`id`=`c`.`post_id` WHERE (  `p`.`post_type` = '8' ) AND `p`.`delete_time` = '0' ORDER BY `c`.`list_order` ASC,`p`.`create_time` DESC [ RunTime:0.002535s ]
[2026-06-17T16:25:45+08:00][sql] SELECT `id`,`post_title`,`post_excerpt`,`more` FROM `cmf_portal_post` WHERE (  `post_type` = 3 ) AND `cmf_portal_post`.`delete_time` = '0' ORDER BY `create_time` DESC [ RunTime:0.000583s ]
[2026-06-17T16:25:45+08:00][sql] SHOW FULL COLUMNS FROM `cmf_theme_file` [ RunTime:0.001355s ]
[2026-06-17T16:25:45+08:00][sql] SELECT `more`,`file`,`id` FROM `cmf_theme_file` WHERE  `theme` = 'simpleboot3'  AND (  `is_public` = 1 OR `file` = 'portal/index' ) ORDER BY `is_public` DESC [ RunTime:0.000548s ]
[2026-06-17T16:25:45+08:00][sql] SELECT `option_value` FROM `cmf_option` WHERE  `option_name` = 'storage' LIMIT 1 [ RunTime:0.000381s ]
[2026-06-17T16:26:06+08:00][sql] CONNECT:[ UseTime:0.000924s ] mysql:host=127.0.0.1;port=3306;dbname=newncl;charset=utf8mb4
[2026-06-17T16:26:06+08:00][sql] SHOW FULL COLUMNS FROM `cmf_option` [ RunTime:0.001912s ]
[2026-06-17T16:26:06+08:00][sql] SELECT `option_value` FROM `cmf_option` WHERE  `option_name` = 'cdn_settings' LIMIT 1 [ RunTime:0.000408s ]
[2026-06-17T16:26:06+08:00][sql] SELECT `option_value` FROM `cmf_option` WHERE  `option_name` = 'cdn_settings' LIMIT 1 [ RunTime:0.000349s ]
[2026-06-17T16:26:06+08:00][sql] SHOW FULL COLUMNS FROM `cmf_product_category` [ RunTime:0.001183s ]
[2026-06-17T16:26:06+08:00][sql] SELECT * FROM `cmf_product_category` WHERE  `parent_id` = 0 ORDER BY `list_order` ASC,`create_time` DESC [ RunTime:0.000632s ]
[2026-06-17T16:26:06+08:00][sql] SELECT * FROM `cmf_product_category` WHERE  `parent_id` IN (28,19,23,25,30,22,27) [ RunTime:0.000457s ]
[2026-06-17T16:26:06+08:00][sql] SHOW FULL COLUMNS FROM `cmf_portal_category` [ RunTime:0.001164s ]
[2026-06-17T16:26:06+08:00][sql] SELECT * FROM `cmf_portal_category` WHERE (  `type` = 8 ) AND `cmf_portal_category`.`delete_time` = '0' ORDER BY `list_order` ASC [ RunTime:0.000530s ]
[2026-06-17T16:26:06+08:00][sql] SHOW FULL COLUMNS FROM `cmf_product` [ RunTime:0.001399s ]
[2026-06-17T16:26:06+08:00][sql] SELECT COUNT(*) AS think_count FROM `cmf_product` WHERE  `category_id` = 28 LIMIT 1 [ RunTime:0.000419s ]
[2026-06-17T16:26:06+08:00][sql] SELECT COUNT(*) AS think_count FROM `cmf_product` WHERE  `category_id` = 19 LIMIT 1 [ RunTime:0.000278s ]
[2026-06-17T16:26:06+08:00][sql] SELECT COUNT(*) AS think_count FROM `cmf_product` WHERE  `category_id` = 23 LIMIT 1 [ RunTime:0.000241s ]
[2026-06-17T16:26:06+08:00][sql] SELECT COUNT(*) AS think_count FROM `cmf_product` WHERE  `category_id` = 25 LIMIT 1 [ RunTime:0.000246s ]
[2026-06-17T16:26:06+08:00][sql] SELECT COUNT(*) AS think_count FROM `cmf_product` WHERE  `category_id` = 30 LIMIT 1 [ RunTime:0.000239s ]
[2026-06-17T16:26:06+08:00][sql] SELECT COUNT(*) AS think_count FROM `cmf_product` WHERE  `category_id` = 22 LIMIT 1 [ RunTime:0.000249s ]
[2026-06-17T16:26:06+08:00][sql] SELECT COUNT(*) AS think_count FROM `cmf_product` WHERE  `category_id` = 27 LIMIT 1 [ RunTime:0.000212s ]
[2026-06-17T16:26:06+08:00][sql] SELECT COUNT(*) AS think_count FROM `cmf_product` LIMIT 1 [ RunTime:0.000183s ]
[2026-06-17T16:26:06+08:00][sql] SELECT `id`,`category_id`,`title`,`thumbnail`,`industry`,`overview` FROM `cmf_product` ORDER BY `list_order` ASC,`create_time` DESC LIMIT 0,12 [ RunTime:0.000625s ]
[2026-06-17T16:26:06+08:00][sql] SHOW FULL COLUMNS FROM `cmf_slide_item` [ RunTime:0.001229s ]
[2026-06-17T16:26:06+08:00][sql] SELECT `title`,`description`,`image` FROM `cmf_slide_item` WHERE  `slide_id` = 2  AND `status` = 1 ORDER BY `list_order` ASC,`id` DESC LIMIT 1 [ RunTime:0.000588s ]
[2026-06-17T16:26:06+08:00][sql] SELECT `option_value` FROM `cmf_option` WHERE  `option_name` = 'storage' LIMIT 1 [ RunTime:0.000301s ]
[2026-06-17T16:26:06+08:00][sql] SHOW FULL COLUMNS FROM `cmf_portal_post` [ RunTime:0.001358s ]
[2026-06-17T16:26:06+08:00][sql] SELECT `id`,`post_title`,`post_excerpt`,`more` FROM `cmf_portal_post` WHERE (  `post_type` = 3 ) AND `cmf_portal_post`.`delete_time` = '0' ORDER BY `create_time` DESC [ RunTime:0.000486s ]
[2026-06-17T16:26:06+08:00][sql] SHOW FULL COLUMNS FROM `cmf_theme_file` [ RunTime:0.001314s ]
[2026-06-17T16:26:06+08:00][sql] SELECT `more`,`file`,`id` FROM `cmf_theme_file` WHERE  `theme` = 'simpleboot3'  AND (  `is_public` = 1 OR `file` = 'portal/product' ) ORDER BY `is_public` DESC [ RunTime:0.000454s ]
[2026-06-17T16:26:14+08:00][sql] CONNECT:[ UseTime:0.001157s ] mysql:host=127.0.0.1;port=3306;dbname=newncl;charset=utf8mb4
[2026-06-17T16:26:14+08:00][sql] SHOW FULL COLUMNS FROM `cmf_option` [ RunTime:0.002191s ]
[2026-06-17T16:26:14+08:00][sql] SELECT `option_value` FROM `cmf_option` WHERE  `option_name` = 'cdn_settings' LIMIT 1 [ RunTime:0.000378s ]
[2026-06-17T16:26:14+08:00][sql] SELECT `option_value` FROM `cmf_option` WHERE  `option_name` = 'cdn_settings' LIMIT 1 [ RunTime:0.000995s ]
[2026-06-17T16:26:14+08:00][sql] SHOW FULL COLUMNS FROM `cmf_product_category` [ RunTime:0.001244s ]
[2026-06-17T16:26:14+08:00][sql] SELECT * FROM `cmf_product_category` WHERE  `parent_id` = 0 ORDER BY `list_order` ASC,`create_time` DESC [ RunTime:0.000485s ]
[2026-06-17T16:26:14+08:00][sql] SELECT * FROM `cmf_product_category` WHERE  `parent_id` IN (28,19,23,25,30,22,27) [ RunTime:0.000356s ]
[2026-06-17T16:26:14+08:00][sql] SHOW FULL COLUMNS FROM `cmf_portal_category` [ RunTime:0.001214s ]
[2026-06-17T16:26:14+08:00][sql] SELECT * FROM `cmf_portal_category` WHERE (  `type` = 8 ) AND `cmf_portal_category`.`delete_time` = '0' ORDER BY `list_order` ASC [ RunTime:0.000969s ]
[2026-06-17T16:26:14+08:00][sql] SHOW FULL COLUMNS FROM `cmf_product` [ RunTime:0.001443s ]
[2026-06-17T16:26:14+08:00][sql] SELECT * FROM `cmf_product` WHERE  `id` = 214 LIMIT 1 [ RunTime:0.001034s ]
[2026-06-17T16:26:14+08:00][sql] SELECT * FROM `cmf_product_category` WHERE  `id` = 28 LIMIT 1 [ RunTime:0.000418s ]
[2026-06-17T16:26:14+08:00][sql] SELECT `id`,`title`,`industry`,`thumbnail` FROM `cmf_product` WHERE  `id` <> 214  AND `is_recommended` = 1  AND `category_id` = 28 ORDER BY RAND() LIMIT 8 [ RunTime:0.000663s ]
[2026-06-17T16:26:14+08:00][sql] SHOW FULL COLUMNS FROM `cmf_slide_item` [ RunTime:0.002181s ]
[2026-06-17T16:26:14+08:00][sql] SELECT `title`,`description`,`image` FROM `cmf_slide_item` WHERE  `slide_id` = 2  AND `status` = 1 ORDER BY `list_order` ASC,`id` DESC LIMIT 1 [ RunTime:0.000741s ]
[2026-06-17T16:26:14+08:00][sql] SHOW FULL COLUMNS FROM `cmf_theme_file` [ RunTime:0.001438s ]
[2026-06-17T16:26:14+08:00][sql] SELECT `more`,`file`,`id` FROM `cmf_theme_file` WHERE  `theme` = 'simpleboot3'  AND (  `is_public` = 1 OR `file` = 'portal/product-info' ) ORDER BY `is_public` DESC [ RunTime:0.000849s ]
[2026-06-17T16:26:14+08:00][sql] SELECT `option_value` FROM `cmf_option` WHERE  `option_name` = 'storage' LIMIT 1 [ RunTime:0.000883s ]
[2026-06-17T16:26:16+08:00][sql] CONNECT:[ UseTime:0.025513s ] mysql:host=127.0.0.1;port=3306;dbname=newncl;charset=utf8mb4
[2026-06-17T16:26:16+08:00][sql] SHOW FULL COLUMNS FROM `cmf_option` [ RunTime:0.002627s ]
[2026-06-17T16:26:16+08:00][sql] SELECT `option_value` FROM `cmf_option` WHERE  `option_name` = 'cdn_settings' LIMIT 1 [ RunTime:0.000498s ]
[2026-06-17T16:26:16+08:00][sql] SELECT `option_value` FROM `cmf_option` WHERE  `option_name` = 'cdn_settings' LIMIT 1 [ RunTime:0.000429s ]
[2026-06-17T16:26:16+08:00][sql] SHOW FULL COLUMNS FROM `cmf_product_category` [ RunTime:0.001507s ]
[2026-06-17T16:26:16+08:00][sql] SELECT * FROM `cmf_product_category` WHERE  `parent_id` = 0 ORDER BY `list_order` ASC,`create_time` DESC [ RunTime:0.000461s ]
[2026-06-17T16:26:16+08:00][sql] SELECT * FROM `cmf_product_category` WHERE  `parent_id` IN (28,19,23,25,30,22,27) [ RunTime:0.000334s ]
[2026-06-17T16:26:16+08:00][sql] SHOW FULL COLUMNS FROM `cmf_portal_category` [ RunTime:0.001454s ]
[2026-06-17T16:26:16+08:00][sql] SELECT * FROM `cmf_portal_category` WHERE (  `type` = 8 ) AND `cmf_portal_category`.`delete_time` = '0' ORDER BY `list_order` ASC [ RunTime:0.000526s ]
[2026-06-17T16:26:16+08:00][sql] SHOW FULL COLUMNS FROM `cmf_product` [ RunTime:0.002375s ]
[2026-06-17T16:26:16+08:00][sql] SELECT * FROM `cmf_product` WHERE  `id` = 214 LIMIT 1 [ RunTime:0.000703s ]
[2026-06-17T16:26:16+08:00][sql] SELECT * FROM `cmf_product_category` WHERE  `id` = 28 LIMIT 1 [ RunTime:0.000445s ]
[2026-06-17T16:26:16+08:00][sql] SELECT `id`,`title`,`industry`,`thumbnail` FROM `cmf_product` WHERE  `id` <> 214  AND `is_recommended` = 1  AND `category_id` = 28 ORDER BY RAND() LIMIT 8 [ RunTime:0.000991s ]
[2026-06-17T16:26:16+08:00][sql] SHOW FULL COLUMNS FROM `cmf_slide_item` [ RunTime:0.001758s ]
[2026-06-17T16:26:16+08:00][sql] SELECT `title`,`description`,`image` FROM `cmf_slide_item` WHERE  `slide_id` = 2  AND `status` = 1 ORDER BY `list_order` ASC,`id` DESC LIMIT 1 [ RunTime:0.000566s ]
[2026-06-17T16:26:16+08:00][sql] SHOW FULL COLUMNS FROM `cmf_theme_file` [ RunTime:0.001392s ]
[2026-06-17T16:26:16+08:00][sql] SELECT `more`,`file`,`id` FROM `cmf_theme_file` WHERE  `theme` = 'simpleboot3'  AND (  `is_public` = 1 OR `file` = 'portal/product-info' ) ORDER BY `is_public` DESC [ RunTime:0.000471s ]
[2026-06-17T16:26:16+08:00][sql] SELECT `option_value` FROM `cmf_option` WHERE  `option_name` = 'storage' LIMIT 1 [ RunTime:0.000459s ]
[2026-06-17T16:26:25+08:00][sql] CONNECT:[ UseTime:0.000709s ] mysql:host=127.0.0.1;port=3306;dbname=newncl;charset=utf8mb4
[2026-06-17T16:26:25+08:00][sql] SHOW FULL COLUMNS FROM `cmf_option` [ RunTime:0.001390s ]
[2026-06-17T16:26:25+08:00][sql] SELECT `option_value` FROM `cmf_option` WHERE  `option_name` = 'cdn_settings' LIMIT 1 [ RunTime:0.000292s ]
[2026-06-17T16:26:25+08:00][sql] SELECT `option_value` FROM `cmf_option` WHERE  `option_name` = 'cdn_settings' LIMIT 1 [ RunTime:0.000437s ]
[2026-06-17T16:26:25+08:00][sql] SHOW FULL COLUMNS FROM `cmf_product_category` [ RunTime:0.001385s ]
[2026-06-17T16:26:25+08:00][sql] SELECT * FROM `cmf_product_category` WHERE  `parent_id` = 0 ORDER BY `list_order` ASC,`create_time` DESC [ RunTime:0.000859s ]
[2026-06-17T16:26:25+08:00][sql] SELECT * FROM `cmf_product_category` WHERE  `parent_id` IN (28,19,23,25,30,22,27) [ RunTime:0.000482s ]
[2026-06-17T16:26:25+08:00][sql] SHOW FULL COLUMNS FROM `cmf_portal_category` [ RunTime:0.001064s ]
[2026-06-17T16:26:25+08:00][sql] SELECT * FROM `cmf_portal_category` WHERE (  `type` = 8 ) AND `cmf_portal_category`.`delete_time` = '0' ORDER BY `list_order` ASC [ RunTime:0.000397s ]
[2026-06-17T16:26:25+08:00][sql] SHOW FULL COLUMNS FROM `cmf_product` [ RunTime:0.000980s ]
[2026-06-17T16:26:25+08:00][sql] SELECT * FROM `cmf_product` WHERE  `id` = 214 LIMIT 1 [ RunTime:0.000975s ]
[2026-06-17T16:26:25+08:00][sql] SELECT * FROM `cmf_product_category` WHERE  `id` = 28 LIMIT 1 [ RunTime:0.000761s ]
[2026-06-17T16:26:25+08:00][sql] SELECT `id`,`title`,`industry`,`thumbnail` FROM `cmf_product` WHERE  `id` <> 214  AND `is_recommended` = 1  AND `category_id` = 28 ORDER BY RAND() LIMIT 8 [ RunTime:0.000390s ]
[2026-06-17T16:26:25+08:00][sql] SHOW FULL COLUMNS FROM `cmf_slide_item` [ RunTime:0.000781s ]
[2026-06-17T16:26:25+08:00][sql] SELECT `title`,`description`,`image` FROM `cmf_slide_item` WHERE  `slide_id` = 2  AND `status` = 1 ORDER BY `list_order` ASC,`id` DESC LIMIT 1 [ RunTime:0.000344s ]
[2026-06-17T16:26:25+08:00][sql] SHOW FULL COLUMNS FROM `cmf_theme_file` [ RunTime:0.001610s ]
[2026-06-17T16:26:25+08:00][sql] SELECT `more`,`file`,`id` FROM `cmf_theme_file` WHERE  `theme` = 'simpleboot3'  AND (  `is_public` = 1 OR `file` = 'portal/product-info' ) ORDER BY `is_public` DESC [ RunTime:0.001358s ]
[2026-06-17T16:26:25+08:00][sql] SELECT `option_value` FROM `cmf_option` WHERE  `option_name` = 'storage' LIMIT 1 [ RunTime:0.000351s ]
[2026-06-17T16:26:28+08:00][sql] CONNECT:[ UseTime:0.001542s ] mysql:host=127.0.0.1;port=3306;dbname=newncl;charset=utf8mb4
[2026-06-17T16:26:28+08:00][sql] SHOW FULL COLUMNS FROM `cmf_option` [ RunTime:0.001774s ]
[2026-06-17T16:26:28+08:00][sql] SELECT `option_value` FROM `cmf_option` WHERE  `option_name` = 'cdn_settings' LIMIT 1 [ RunTime:0.000359s ]
[2026-06-17T16:26:28+08:00][sql] SELECT `option_value` FROM `cmf_option` WHERE  `option_name` = 'cdn_settings' LIMIT 1 [ RunTime:0.000555s ]
[2026-06-17T16:26:28+08:00][sql] SHOW FULL COLUMNS FROM `cmf_product_category` [ RunTime:0.001657s ]
[2026-06-17T16:26:28+08:00][sql] SELECT * FROM `cmf_product_category` WHERE  `parent_id` = 0 ORDER BY `list_order` ASC,`create_time` DESC [ RunTime:0.000635s ]
[2026-06-17T16:26:28+08:00][sql] SELECT * FROM `cmf_product_category` WHERE  `parent_id` IN (28,19,23,25,30,22,27) [ RunTime:0.000333s ]
[2026-06-17T16:26:28+08:00][sql] SHOW FULL COLUMNS FROM `cmf_portal_category` [ RunTime:0.001097s ]
[2026-06-17T16:26:28+08:00][sql] SELECT * FROM `cmf_portal_category` WHERE (  `type` = 8 ) AND `cmf_portal_category`.`delete_time` = '0' ORDER BY `list_order` ASC [ RunTime:0.000415s ]
[2026-06-17T16:26:28+08:00][sql] SHOW FULL COLUMNS FROM `cmf_slide_item` [ RunTime:0.001039s ]
[2026-06-17T16:26:28+08:00][sql] SELECT `title`,`description`,`image`,`url`,`target`,`content` FROM `cmf_slide_item` WHERE  `slide_id` = 1 ORDER BY `list_order` ASC [ RunTime:0.000372s ]
[2026-06-17T16:26:28+08:00][sql] SHOW FULL COLUMNS FROM `cmf_slide` [ RunTime:0.001157s ]
[2026-06-17T16:26:28+08:00][sql] SELECT * FROM `cmf_slide` WHERE  `name` LIKE '%choose%' OR `name` LIKE '%选择%' LIMIT 1 [ RunTime:0.000587s ]
[2026-06-17T16:26:28+08:00][sql] SELECT `title`,`description`,`image`,`url`,`target`,`content` FROM `cmf_slide_item` WHERE  `slide_id` = 14  AND `status` = 1 ORDER BY `list_order` ASC [ RunTime:0.000426s ]
[2026-06-17T16:26:28+08:00][sql] SELECT * FROM `cmf_product_category` WHERE  `parent_id` = 0  AND `recommend` = 1 ORDER BY `list_order` ASC,`create_time` DESC [ RunTime:0.000417s ]
[2026-06-17T16:26:28+08:00][sql] SHOW FULL COLUMNS FROM `cmf_product` [ RunTime:0.001224s ]
[2026-06-17T16:26:28+08:00][sql] SELECT `id`,`title`,`thumbnail`,`industry` FROM `cmf_product` WHERE  `is_recommended` = 1  AND `category_id` = 28 ORDER BY `list_order` ASC LIMIT 6 [ RunTime:0.000535s ]
[2026-06-17T16:26:28+08:00][sql] SELECT `id`,`title`,`thumbnail`,`industry` FROM `cmf_product` WHERE  `is_recommended` = 1  AND `category_id` = 19 ORDER BY `list_order` ASC LIMIT 6 [ RunTime:0.000353s ]
[2026-06-17T16:26:28+08:00][sql] SELECT `id`,`title`,`thumbnail`,`industry` FROM `cmf_product` WHERE  `is_recommended` = 1  AND `category_id` = 23 ORDER BY `list_order` ASC LIMIT 6 [ RunTime:0.000297s ]
[2026-06-17T16:26:28+08:00][sql] SELECT `id`,`title`,`thumbnail`,`industry` FROM `cmf_product` WHERE  `is_recommended` = 1  AND `category_id` = 25 ORDER BY `list_order` ASC LIMIT 6 [ RunTime:0.000358s ]
[2026-06-17T16:26:28+08:00][sql] SELECT `id`,`title`,`thumbnail`,`industry` FROM `cmf_product` WHERE  `is_recommended` = 1  AND `category_id` = 30 ORDER BY `list_order` ASC LIMIT 6 [ RunTime:0.000313s ]
[2026-06-17T16:26:28+08:00][sql] SHOW FULL COLUMNS FROM `cmf_portal_post` [ RunTime:0.001272s ]
[2026-06-17T16:26:28+08:00][sql] SELECT `p`.`id`,`p`.`post_title`,`p`.`post_excerpt`,`p`.`thumbnail`,`p`.`create_time`,`c`.`category_id` FROM `cmf_portal_post` `p` INNER JOIN `cmf_portal_category_post` `c` ON `p`.`id`=`c`.`post_id` WHERE (  `p`.`post_type` = '8' ) AND `p`.`delete_time` = '0' ORDER BY `c`.`list_order` ASC,`p`.`create_time` DESC [ RunTime:0.000635s ]
[2026-06-17T16:26:28+08:00][sql] SELECT `id`,`post_title`,`post_excerpt`,`more` FROM `cmf_portal_post` WHERE (  `post_type` = 3 ) AND `cmf_portal_post`.`delete_time` = '0' ORDER BY `create_time` DESC [ RunTime:0.000386s ]
[2026-06-17T16:26:28+08:00][sql] SHOW FULL COLUMNS FROM `cmf_theme_file` [ RunTime:0.000937s ]
[2026-06-17T16:26:28+08:00][sql] SELECT `more`,`file`,`id` FROM `cmf_theme_file` WHERE  `theme` = 'simpleboot3'  AND (  `is_public` = 1 OR `file` = 'portal/index' ) ORDER BY `is_public` DESC [ RunTime:0.000367s ]
[2026-06-17T16:26:28+08:00][sql] SELECT `option_value` FROM `cmf_option` WHERE  `option_name` = 'storage' LIMIT 1 [ RunTime:0.000518s ]
[2026-06-17T16:26:29+08:00][sql] CONNECT:[ UseTime:0.000820s ] mysql:host=127.0.0.1;port=3306;dbname=newncl;charset=utf8mb4
[2026-06-17T16:26:29+08:00][sql] SHOW FULL COLUMNS FROM `cmf_option` [ RunTime:0.002736s ]
[2026-06-17T16:26:29+08:00][sql] SELECT `option_value` FROM `cmf_option` WHERE  `option_name` = 'cdn_settings' LIMIT 1 [ RunTime:0.000554s ]
[2026-06-17T16:26:29+08:00][sql] SELECT `option_value` FROM `cmf_option` WHERE  `option_name` = 'cdn_settings' LIMIT 1 [ RunTime:0.000297s ]
[2026-06-17T16:26:29+08:00][sql] SHOW FULL COLUMNS FROM `cmf_product_category` [ RunTime:0.001524s ]
[2026-06-17T16:26:29+08:00][sql] SELECT * FROM `cmf_product_category` WHERE  `parent_id` = 0 ORDER BY `list_order` ASC,`create_time` DESC [ RunTime:0.000441s ]
[2026-06-17T16:26:29+08:00][sql] SELECT * FROM `cmf_product_category` WHERE  `parent_id` IN (28,19,23,25,30,22,27) [ RunTime:0.000300s ]
[2026-06-17T16:26:29+08:00][sql] SHOW FULL COLUMNS FROM `cmf_portal_category` [ RunTime:0.001135s ]
[2026-06-17T16:26:29+08:00][sql] SELECT * FROM `cmf_portal_category` WHERE (  `type` = 8 ) AND `cmf_portal_category`.`delete_time` = '0' ORDER BY `list_order` ASC [ RunTime:0.000420s ]
[2026-06-17T16:26:29+08:00][sql] SHOW FULL COLUMNS FROM `cmf_product` [ RunTime:0.001835s ]
[2026-06-17T16:26:29+08:00][sql] SELECT COUNT(*) AS think_count FROM `cmf_product` WHERE  `category_id` = 28 LIMIT 1 [ RunTime:0.000443s ]
[2026-06-17T16:26:29+08:00][sql] SELECT COUNT(*) AS think_count FROM `cmf_product` WHERE  `category_id` = 19 LIMIT 1 [ RunTime:0.000302s ]
[2026-06-17T16:26:29+08:00][sql] SELECT COUNT(*) AS think_count FROM `cmf_product` WHERE  `category_id` = 23 LIMIT 1 [ RunTime:0.000252s ]
[2026-06-17T16:26:29+08:00][sql] SELECT COUNT(*) AS think_count FROM `cmf_product` WHERE  `category_id` = 25 LIMIT 1 [ RunTime:0.000252s ]
[2026-06-17T16:26:29+08:00][sql] SELECT COUNT(*) AS think_count FROM `cmf_product` WHERE  `category_id` = 30 LIMIT 1 [ RunTime:0.000247s ]
[2026-06-17T16:26:29+08:00][sql] SELECT COUNT(*) AS think_count FROM `cmf_product` WHERE  `category_id` = 22 LIMIT 1 [ RunTime:0.000259s ]
[2026-06-17T16:26:29+08:00][sql] SELECT COUNT(*) AS think_count FROM `cmf_product` WHERE  `category_id` = 27 LIMIT 1 [ RunTime:0.000243s ]
[2026-06-17T16:26:29+08:00][sql] SELECT COUNT(*) AS think_count FROM `cmf_product` LIMIT 1 [ RunTime:0.000221s ]
[2026-06-17T16:26:29+08:00][sql] SELECT `id`,`category_id`,`title`,`thumbnail`,`industry`,`overview` FROM `cmf_product` ORDER BY `list_order` ASC,`create_time` DESC LIMIT 0,12 [ RunTime:0.000707s ]
[2026-06-17T16:26:29+08:00][sql] SHOW FULL COLUMNS FROM `cmf_slide_item` [ RunTime:0.001395s ]
[2026-06-17T16:26:29+08:00][sql] SELECT `title`,`description`,`image` FROM `cmf_slide_item` WHERE  `slide_id` = 2  AND `status` = 1 ORDER BY `list_order` ASC,`id` DESC LIMIT 1 [ RunTime:0.000421s ]
[2026-06-17T16:26:29+08:00][sql] SELECT `option_value` FROM `cmf_option` WHERE  `option_name` = 'storage' LIMIT 1 [ RunTime:0.000255s ]
[2026-06-17T16:26:29+08:00][sql] SHOW FULL COLUMNS FROM `cmf_portal_post` [ RunTime:0.001218s ]
[2026-06-17T16:26:29+08:00][sql] SELECT `id`,`post_title`,`post_excerpt`,`more` FROM `cmf_portal_post` WHERE (  `post_type` = 3 ) AND `cmf_portal_post`.`delete_time` = '0' ORDER BY `create_time` DESC [ RunTime:0.000473s ]
[2026-06-17T16:26:29+08:00][sql] SHOW FULL COLUMNS FROM `cmf_theme_file` [ RunTime:0.001072s ]
[2026-06-17T16:26:29+08:00][sql] SELECT `more`,`file`,`id` FROM `cmf_theme_file` WHERE  `theme` = 'simpleboot3'  AND (  `is_public` = 1 OR `file` = 'portal/product' ) ORDER BY `is_public` DESC [ RunTime:0.000362s ]
[2026-06-17T16:26:47+08:00][sql] CONNECT:[ UseTime:0.001912s ] mysql:host=127.0.0.1;port=3306;dbname=newncl;charset=utf8mb4
[2026-06-17T16:26:47+08:00][sql] SHOW FULL COLUMNS FROM `cmf_option` [ RunTime:0.001560s ]
[2026-06-17T16:26:47+08:00][sql] SELECT `option_value` FROM `cmf_option` WHERE  `option_name` = 'cdn_settings' LIMIT 1 [ RunTime:0.000291s ]
[2026-06-17T16:26:47+08:00][sql] SELECT `option_value` FROM `cmf_option` WHERE  `option_name` = 'cdn_settings' LIMIT 1 [ RunTime:0.000290s ]
[2026-06-17T16:26:47+08:00][sql] SHOW FULL COLUMNS FROM `cmf_product_category` [ RunTime:0.001028s ]
[2026-06-17T16:26:47+08:00][sql] SELECT * FROM `cmf_product_category` WHERE  `parent_id` = 0 ORDER BY `list_order` ASC,`create_time` DESC [ RunTime:0.000452s ]
[2026-06-17T16:26:47+08:00][sql] SELECT * FROM `cmf_product_category` WHERE  `parent_id` IN (28,19,23,25,30,22,27) [ RunTime:0.001396s ]
[2026-06-17T16:26:47+08:00][sql] SHOW FULL COLUMNS FROM `cmf_portal_category` [ RunTime:0.001784s ]
[2026-06-17T16:26:47+08:00][sql] SELECT * FROM `cmf_portal_category` WHERE (  `type` = 8 ) AND `cmf_portal_category`.`delete_time` = '0' ORDER BY `list_order` ASC [ RunTime:0.000563s ]
[2026-06-17T16:26:47+08:00][sql] SHOW FULL COLUMNS FROM `cmf_slide_item` [ RunTime:0.001388s ]
[2026-06-17T16:26:47+08:00][sql] SELECT `title`,`description`,`image`,`url`,`target`,`content` FROM `cmf_slide_item` WHERE  `slide_id` = 1 ORDER BY `list_order` ASC [ RunTime:0.000477s ]
[2026-06-17T16:26:47+08:00][sql] SHOW FULL COLUMNS FROM `cmf_slide` [ RunTime:0.001300s ]
[2026-06-17T16:26:47+08:00][sql] SELECT * FROM `cmf_slide` WHERE  `name` LIKE '%choose%' OR `name` LIKE '%选择%' LIMIT 1 [ RunTime:0.000399s ]
[2026-06-17T16:26:47+08:00][sql] SELECT `title`,`description`,`image`,`url`,`target`,`content` FROM `cmf_slide_item` WHERE  `slide_id` = 14  AND `status` = 1 ORDER BY `list_order` ASC [ RunTime:0.000433s ]
[2026-06-17T16:26:47+08:00][sql] SELECT * FROM `cmf_product_category` WHERE  `parent_id` = 0  AND `recommend` = 1 ORDER BY `list_order` ASC,`create_time` DESC [ RunTime:0.000353s ]
[2026-06-17T16:26:47+08:00][sql] SHOW FULL COLUMNS FROM `cmf_product` [ RunTime:0.002090s ]
[2026-06-17T16:26:47+08:00][sql] SELECT `id`,`title`,`thumbnail`,`industry` FROM `cmf_product` WHERE  `is_recommended` = 1  AND `category_id` = 28 ORDER BY `list_order` ASC LIMIT 6 [ RunTime:0.000738s ]
[2026-06-17T16:26:47+08:00][sql] SELECT `id`,`title`,`thumbnail`,`industry` FROM `cmf_product` WHERE  `is_recommended` = 1  AND `category_id` = 19 ORDER BY `list_order` ASC LIMIT 6 [ RunTime:0.000513s ]
[2026-06-17T16:26:47+08:00][sql] SELECT `id`,`title`,`thumbnail`,`industry` FROM `cmf_product` WHERE  `is_recommended` = 1  AND `category_id` = 23 ORDER BY `list_order` ASC LIMIT 6 [ RunTime:0.000439s ]
[2026-06-17T16:26:47+08:00][sql] SELECT `id`,`title`,`thumbnail`,`industry` FROM `cmf_product` WHERE  `is_recommended` = 1  AND `category_id` = 25 ORDER BY `list_order` ASC LIMIT 6 [ RunTime:0.000416s ]
[2026-06-17T16:26:47+08:00][sql] SELECT `id`,`title`,`thumbnail`,`industry` FROM `cmf_product` WHERE  `is_recommended` = 1  AND `category_id` = 30 ORDER BY `list_order` ASC LIMIT 6 [ RunTime:0.000275s ]
[2026-06-17T16:26:47+08:00][sql] SHOW FULL COLUMNS FROM `cmf_portal_post` [ RunTime:0.001221s ]
[2026-06-17T16:26:47+08:00][sql] SELECT `p`.`id`,`p`.`post_title`,`p`.`post_excerpt`,`p`.`thumbnail`,`p`.`create_time`,`c`.`category_id` FROM `cmf_portal_post` `p` INNER JOIN `cmf_portal_category_post` `c` ON `p`.`id`=`c`.`post_id` WHERE (  `p`.`post_type` = '8' ) AND `p`.`delete_time` = '0' ORDER BY `c`.`list_order` ASC,`p`.`create_time` DESC [ RunTime:0.000576s ]
[2026-06-17T16:26:47+08:00][sql] SELECT `id`,`post_title`,`post_excerpt`,`more` FROM `cmf_portal_post` WHERE (  `post_type` = 3 ) AND `cmf_portal_post`.`delete_time` = '0' ORDER BY `create_time` DESC [ RunTime:0.000439s ]
[2026-06-17T16:26:47+08:00][sql] SHOW FULL COLUMNS FROM `cmf_theme_file` [ RunTime:0.000968s ]
[2026-06-17T16:26:47+08:00][sql] SELECT `more`,`file`,`id` FROM `cmf_theme_file` WHERE  `theme` = 'simpleboot3'  AND (  `is_public` = 1 OR `file` = 'portal/index' ) ORDER BY `is_public` DESC [ RunTime:0.000354s ]
[2026-06-17T16:26:47+08:00][sql] SELECT `option_value` FROM `cmf_option` WHERE  `option_name` = 'storage' LIMIT 1 [ RunTime:0.000541s ]
[2026-06-17T16:26:59+08:00][sql] CONNECT:[ UseTime:0.001022s ] mysql:host=127.0.0.1;port=3306;dbname=newncl;charset=utf8mb4
[2026-06-17T16:26:59+08:00][sql] SHOW FULL COLUMNS FROM `cmf_option` [ RunTime:0.001310s ]
[2026-06-17T16:26:59+08:00][sql] SELECT `option_value` FROM `cmf_option` WHERE  `option_name` = 'cdn_settings' LIMIT 1 [ RunTime:0.000296s ]
[2026-06-17T16:26:59+08:00][sql] SELECT `option_value` FROM `cmf_option` WHERE  `option_name` = 'cdn_settings' LIMIT 1 [ RunTime:0.000337s ]
[2026-06-17T16:26:59+08:00][sql] SHOW FULL COLUMNS FROM `cmf_product_category` [ RunTime:0.002073s ]
[2026-06-17T16:26:59+08:00][sql] SELECT * FROM `cmf_product_category` WHERE  `parent_id` = 0 ORDER BY `list_order` ASC,`create_time` DESC [ RunTime:0.000585s ]
[2026-06-17T16:26:59+08:00][sql] SELECT * FROM `cmf_product_category` WHERE  `parent_id` IN (28,19,23,25,30,22,27) [ RunTime:0.000651s ]
[2026-06-17T16:26:59+08:00][sql] SHOW FULL COLUMNS FROM `cmf_portal_category` [ RunTime:0.001638s ]
[2026-06-17T16:26:59+08:00][sql] SELECT * FROM `cmf_portal_category` WHERE (  `type` = 8 ) AND `cmf_portal_category`.`delete_time` = '0' ORDER BY `list_order` ASC [ RunTime:0.000308s ]
[2026-06-17T16:26:59+08:00][sql] SHOW FULL COLUMNS FROM `cmf_slide_item` [ RunTime:0.001337s ]
[2026-06-17T16:26:59+08:00][sql] SELECT `title`,`description`,`image`,`url`,`target`,`content` FROM `cmf_slide_item` WHERE  `slide_id` = 1 ORDER BY `list_order` ASC [ RunTime:0.000337s ]
[2026-06-17T16:26:59+08:00][sql] SHOW FULL COLUMNS FROM `cmf_slide` [ RunTime:0.001049s ]
[2026-06-17T16:26:59+08:00][sql] SELECT * FROM `cmf_slide` WHERE  `name` LIKE '%choose%' OR `name` LIKE '%选择%' LIMIT 1 [ RunTime:0.000542s ]
[2026-06-17T16:26:59+08:00][sql] SELECT `title`,`description`,`image`,`url`,`target`,`content` FROM `cmf_slide_item` WHERE  `slide_id` = 14  AND `status` = 1 ORDER BY `list_order` ASC [ RunTime:0.000532s ]
[2026-06-17T16:26:59+08:00][sql] SELECT * FROM `cmf_product_category` WHERE  `parent_id` = 0  AND `recommend` = 1 ORDER BY `list_order` ASC,`create_time` DESC [ RunTime:0.000428s ]
[2026-06-17T16:26:59+08:00][sql] SHOW FULL COLUMNS FROM `cmf_product` [ RunTime:0.001623s ]
[2026-06-17T16:26:59+08:00][sql] SELECT `id`,`title`,`thumbnail`,`industry` FROM `cmf_product` WHERE  `is_recommended` = 1  AND `category_id` = 28 ORDER BY `list_order` ASC LIMIT 6 [ RunTime:0.000475s ]
[2026-06-17T16:26:59+08:00][sql] SELECT `id`,`title`,`thumbnail`,`industry` FROM `cmf_product` WHERE  `is_recommended` = 1  AND `category_id` = 19 ORDER BY `list_order` ASC LIMIT 6 [ RunTime:0.000360s ]
[2026-06-17T16:26:59+08:00][sql] SELECT `id`,`title`,`thumbnail`,`industry` FROM `cmf_product` WHERE  `is_recommended` = 1  AND `category_id` = 23 ORDER BY `list_order` ASC LIMIT 6 [ RunTime:0.000264s ]
[2026-06-17T16:26:59+08:00][sql] SELECT `id`,`title`,`thumbnail`,`industry` FROM `cmf_product` WHERE  `is_recommended` = 1  AND `category_id` = 25 ORDER BY `list_order` ASC LIMIT 6 [ RunTime:0.000313s ]
[2026-06-17T16:26:59+08:00][sql] SELECT `id`,`title`,`thumbnail`,`industry` FROM `cmf_product` WHERE  `is_recommended` = 1  AND `category_id` = 30 ORDER BY `list_order` ASC LIMIT 6 [ RunTime:0.000291s ]
[2026-06-17T16:26:59+08:00][sql] SHOW FULL COLUMNS FROM `cmf_portal_post` [ RunTime:0.001289s ]
[2026-06-17T16:26:59+08:00][sql] SELECT `p`.`id`,`p`.`post_title`,`p`.`post_excerpt`,`p`.`thumbnail`,`p`.`create_time`,`c`.`category_id` FROM `cmf_portal_post` `p` INNER JOIN `cmf_portal_category_post` `c` ON `p`.`id`=`c`.`post_id` WHERE (  `p`.`post_type` = '8' ) AND `p`.`delete_time` = '0' ORDER BY `c`.`list_order` ASC,`p`.`create_time` DESC [ RunTime:0.000493s ]
[2026-06-17T16:26:59+08:00][sql] SELECT `id`,`post_title`,`post_excerpt`,`more` FROM `cmf_portal_post` WHERE (  `post_type` = 3 ) AND `cmf_portal_post`.`delete_time` = '0' ORDER BY `create_time` DESC [ RunTime:0.000340s ]
[2026-06-17T16:26:59+08:00][sql] SHOW FULL COLUMNS FROM `cmf_theme_file` [ RunTime:0.000997s ]
[2026-06-17T16:26:59+08:00][sql] SELECT `more`,`file`,`id` FROM `cmf_theme_file` WHERE  `theme` = 'simpleboot3'  AND (  `is_public` = 1 OR `file` = 'portal/index' ) ORDER BY `is_public` DESC [ RunTime:0.002518s ]
[2026-06-17T16:26:59+08:00][sql] SELECT `option_value` FROM `cmf_option` WHERE  `option_name` = 'storage' LIMIT 1 [ RunTime:0.000456s ]
[2026-06-17T16:27:02+08:00][sql] CONNECT:[ UseTime:0.001299s ] mysql:host=127.0.0.1;port=3306;dbname=newncl;charset=utf8mb4
[2026-06-17T16:27:02+08:00][sql] SHOW FULL COLUMNS FROM `cmf_option` [ RunTime:0.001577s ]
[2026-06-17T16:27:02+08:00][sql] SELECT `option_value` FROM `cmf_option` WHERE  `option_name` = 'cdn_settings' LIMIT 1 [ RunTime:0.000388s ]
[2026-06-17T16:27:02+08:00][sql] SELECT `option_value` FROM `cmf_option` WHERE  `option_name` = 'cdn_settings' LIMIT 1 [ RunTime:0.000567s ]
[2026-06-17T16:27:02+08:00][sql] SHOW FULL COLUMNS FROM `cmf_product_category` [ RunTime:0.001311s ]
[2026-06-17T16:27:02+08:00][sql] SELECT * FROM `cmf_product_category` WHERE  `parent_id` = 0 ORDER BY `list_order` ASC,`create_time` DESC [ RunTime:0.000396s ]
[2026-06-17T16:27:02+08:00][sql] SELECT * FROM `cmf_product_category` WHERE  `parent_id` IN (28,19,23,25,30,22,27) [ RunTime:0.000496s ]
[2026-06-17T16:27:02+08:00][sql] SHOW FULL COLUMNS FROM `cmf_portal_category` [ RunTime:0.001055s ]
[2026-06-17T16:27:02+08:00][sql] SELECT * FROM `cmf_portal_category` WHERE (  `type` = 8 ) AND `cmf_portal_category`.`delete_time` = '0' ORDER BY `list_order` ASC [ RunTime:0.000403s ]
[2026-06-17T16:27:02+08:00][sql] SHOW FULL COLUMNS FROM `cmf_product` [ RunTime:0.002112s ]
[2026-06-17T16:27:02+08:00][sql] SELECT COUNT(*) AS think_count FROM `cmf_product` WHERE  `category_id` = 28 LIMIT 1 [ RunTime:0.000413s ]
[2026-06-17T16:27:02+08:00][sql] SELECT COUNT(*) AS think_count FROM `cmf_product` WHERE  `category_id` = 19 LIMIT 1 [ RunTime:0.000312s ]
[2026-06-17T16:27:02+08:00][sql] SELECT COUNT(*) AS think_count FROM `cmf_product` WHERE  `category_id` = 23 LIMIT 1 [ RunTime:0.000276s ]
[2026-06-17T16:27:02+08:00][sql] SELECT COUNT(*) AS think_count FROM `cmf_product` WHERE  `category_id` = 25 LIMIT 1 [ RunTime:0.000232s ]
[2026-06-17T16:27:02+08:00][sql] SELECT COUNT(*) AS think_count FROM `cmf_product` WHERE  `category_id` = 30 LIMIT 1 [ RunTime:0.000256s ]
[2026-06-17T16:27:02+08:00][sql] SELECT COUNT(*) AS think_count FROM `cmf_product` WHERE  `category_id` = 22 LIMIT 1 [ RunTime:0.000240s ]
[2026-06-17T16:27:02+08:00][sql] SELECT COUNT(*) AS think_count FROM `cmf_product` WHERE  `category_id` = 27 LIMIT 1 [ RunTime:0.000254s ]
[2026-06-17T16:27:02+08:00][sql] SELECT COUNT(*) AS think_count FROM `cmf_product` LIMIT 1 [ RunTime:0.000209s ]
[2026-06-17T16:27:02+08:00][sql] SELECT `id`,`category_id`,`title`,`thumbnail`,`industry`,`overview` FROM `cmf_product` ORDER BY `list_order` ASC,`create_time` DESC LIMIT 0,12 [ RunTime:0.003290s ]
[2026-06-17T16:27:02+08:00][sql] SHOW FULL COLUMNS FROM `cmf_slide_item` [ RunTime:0.001193s ]
[2026-06-17T16:27:02+08:00][sql] SELECT `title`,`description`,`image` FROM `cmf_slide_item` WHERE  `slide_id` = 2  AND `status` = 1 ORDER BY `list_order` ASC,`id` DESC LIMIT 1 [ RunTime:0.000394s ]
[2026-06-17T16:27:02+08:00][sql] SELECT `option_value` FROM `cmf_option` WHERE  `option_name` = 'storage' LIMIT 1 [ RunTime:0.000259s ]
[2026-06-17T16:27:02+08:00][sql] SHOW FULL COLUMNS FROM `cmf_portal_post` [ RunTime:0.001185s ]
[2026-06-17T16:27:02+08:00][sql] SELECT `id`,`post_title`,`post_excerpt`,`more` FROM `cmf_portal_post` WHERE (  `post_type` = 3 ) AND `cmf_portal_post`.`delete_time` = '0' ORDER BY `create_time` DESC [ RunTime:0.000402s ]
[2026-06-17T16:27:02+08:00][sql] SHOW FULL COLUMNS FROM `cmf_theme_file` [ RunTime:0.002343s ]
[2026-06-17T16:27:02+08:00][sql] SELECT `more`,`file`,`id` FROM `cmf_theme_file` WHERE  `theme` = 'simpleboot3'  AND (  `is_public` = 1 OR `file` = 'portal/product' ) ORDER BY `is_public` DESC [ RunTime:0.000386s ]
[2026-06-17T16:27:16+08:00][sql] CONNECT:[ UseTime:0.002440s ] mysql:host=127.0.0.1;port=3306;dbname=newncl;charset=utf8mb4
[2026-06-17T16:27:16+08:00][sql] SHOW FULL COLUMNS FROM `cmf_option` [ RunTime:0.001502s ]
[2026-06-17T16:27:16+08:00][sql] SELECT `option_value` FROM `cmf_option` WHERE  `option_name` = 'cdn_settings' LIMIT 1 [ RunTime:0.000353s ]
[2026-06-17T16:27:16+08:00][sql] SELECT `option_value` FROM `cmf_option` WHERE  `option_name` = 'cdn_settings' LIMIT 1 [ RunTime:0.000353s ]
[2026-06-17T16:27:16+08:00][sql] SHOW FULL COLUMNS FROM `cmf_product_category` [ RunTime:0.001422s ]
[2026-06-17T16:27:16+08:00][sql] SELECT * FROM `cmf_product_category` WHERE  `parent_id` = 0 ORDER BY `list_order` ASC,`create_time` DESC [ RunTime:0.000382s ]
[2026-06-17T16:27:16+08:00][sql] SELECT * FROM `cmf_product_category` WHERE  `parent_id` IN (28,19,23,25,30,22,27) [ RunTime:0.000348s ]
[2026-06-17T16:27:16+08:00][sql] SHOW FULL COLUMNS FROM `cmf_portal_category` [ RunTime:0.001634s ]
[2026-06-17T16:27:16+08:00][sql] SELECT * FROM `cmf_portal_category` WHERE (  `type` = 8 ) AND `cmf_portal_category`.`delete_time` = '0' ORDER BY `list_order` ASC [ RunTime:0.000601s ]
[2026-06-17T16:27:16+08:00][sql] SELECT * FROM `cmf_product_category` WHERE  `id` = 28 LIMIT 1 [ RunTime:0.000420s ]
[2026-06-17T16:27:16+08:00][sql] SHOW FULL COLUMNS FROM `cmf_product` [ RunTime:0.001443s ]
[2026-06-17T16:27:16+08:00][sql] SELECT COUNT(*) AS think_count FROM `cmf_product` WHERE  `category_id` = 28 LIMIT 1 [ RunTime:0.000337s ]
[2026-06-17T16:27:16+08:00][sql] SELECT COUNT(*) AS think_count FROM `cmf_product` WHERE  `category_id` = 19 LIMIT 1 [ RunTime:0.000272s ]
[2026-06-17T16:27:16+08:00][sql] SELECT COUNT(*) AS think_count FROM `cmf_product` WHERE  `category_id` = 23 LIMIT 1 [ RunTime:0.000271s ]
[2026-06-17T16:27:16+08:00][sql] SELECT COUNT(*) AS think_count FROM `cmf_product` WHERE  `category_id` = 25 LIMIT 1 [ RunTime:0.000315s ]
[2026-06-17T16:27:16+08:00][sql] SELECT COUNT(*) AS think_count FROM `cmf_product` WHERE  `category_id` = 30 LIMIT 1 [ RunTime:0.000224s ]
[2026-06-17T16:27:16+08:00][sql] SELECT COUNT(*) AS think_count FROM `cmf_product` WHERE  `category_id` = 22 LIMIT 1 [ RunTime:0.000238s ]
[2026-06-17T16:27:16+08:00][sql] SELECT COUNT(*) AS think_count FROM `cmf_product` WHERE  `category_id` = 27 LIMIT 1 [ RunTime:0.000227s ]
[2026-06-17T16:27:16+08:00][sql] SELECT COUNT(*) AS think_count FROM `cmf_product` WHERE  `category_id` = 28 LIMIT 1 [ RunTime:0.000216s ]
[2026-06-17T16:27:16+08:00][sql] SELECT `id`,`category_id`,`title`,`thumbnail`,`industry`,`overview` FROM `cmf_product` WHERE  `category_id` = 28 ORDER BY `list_order` ASC,`create_time` DESC LIMIT 0,12 [ RunTime:0.000432s ]
[2026-06-17T16:27:16+08:00][sql] SHOW FULL COLUMNS FROM `cmf_slide_item` [ RunTime:0.001511s ]
[2026-06-17T16:27:16+08:00][sql] SELECT `title`,`description`,`image` FROM `cmf_slide_item` WHERE  `slide_id` = 2  AND `status` = 1 ORDER BY `list_order` ASC,`id` DESC LIMIT 1 [ RunTime:0.000542s ]
[2026-06-17T16:27:16+08:00][sql] SELECT `option_value` FROM `cmf_option` WHERE  `option_name` = 'storage' LIMIT 1 [ RunTime:0.000291s ]
[2026-06-17T16:27:16+08:00][sql] SHOW FULL COLUMNS FROM `cmf_portal_post` [ RunTime:0.001866s ]
[2026-06-17T16:27:16+08:00][sql] SELECT `id`,`post_title`,`post_excerpt`,`more` FROM `cmf_portal_post` WHERE (  `post_type` = 3 ) AND `cmf_portal_post`.`delete_time` = '0' ORDER BY `create_time` DESC [ RunTime:0.000899s ]
[2026-06-17T16:27:16+08:00][sql] SHOW FULL COLUMNS FROM `cmf_theme_file` [ RunTime:0.002223s ]
[2026-06-17T16:27:16+08:00][sql] SELECT `more`,`file`,`id` FROM `cmf_theme_file` WHERE  `theme` = 'simpleboot3'  AND (  `is_public` = 1 OR `file` = 'portal/product' ) ORDER BY `is_public` DESC [ RunTime:0.000463s ]
[2026-06-17T16:27:17+08:00][sql] CONNECT:[ UseTime:0.000902s ] mysql:host=127.0.0.1;port=3306;dbname=newncl;charset=utf8mb4
[2026-06-17T16:27:17+08:00][sql] SHOW FULL COLUMNS FROM `cmf_option` [ RunTime:0.001339s ]
[2026-06-17T16:27:17+08:00][sql] SELECT `option_value` FROM `cmf_option` WHERE  `option_name` = 'cdn_settings' LIMIT 1 [ RunTime:0.000299s ]
[2026-06-17T16:27:17+08:00][sql] SELECT `option_value` FROM `cmf_option` WHERE  `option_name` = 'cdn_settings' LIMIT 1 [ RunTime:0.000938s ]
[2026-06-17T16:27:17+08:00][sql] SHOW FULL COLUMNS FROM `cmf_product_category` [ RunTime:0.001967s ]
[2026-06-17T16:27:17+08:00][sql] SELECT * FROM `cmf_product_category` WHERE  `parent_id` = 0 ORDER BY `list_order` ASC,`create_time` DESC [ RunTime:0.000381s ]
[2026-06-17T16:27:17+08:00][sql] SELECT * FROM `cmf_product_category` WHERE  `parent_id` IN (28,19,23,25,30,22,27) [ RunTime:0.000319s ]
[2026-06-17T16:27:17+08:00][sql] SHOW FULL COLUMNS FROM `cmf_portal_category` [ RunTime:0.001121s ]
[2026-06-17T16:27:17+08:00][sql] SELECT * FROM `cmf_portal_category` WHERE (  `type` = 8 ) AND `cmf_portal_category`.`delete_time` = '0' ORDER BY `list_order` ASC [ RunTime:0.000329s ]
[2026-06-17T16:27:17+08:00][sql] SHOW FULL COLUMNS FROM `cmf_product` [ RunTime:0.001061s ]
[2026-06-17T16:27:17+08:00][sql] SELECT * FROM `cmf_product` WHERE  `id` = 214 LIMIT 1 [ RunTime:0.000341s ]
[2026-06-17T16:27:17+08:00][sql] SELECT * FROM `cmf_product_category` WHERE  `id` = 28 LIMIT 1 [ RunTime:0.000314s ]
[2026-06-17T16:27:17+08:00][sql] SELECT `id`,`title`,`industry`,`thumbnail` FROM `cmf_product` WHERE  `id` <> 214  AND `is_recommended` = 1  AND `category_id` = 28 ORDER BY RAND() LIMIT 8 [ RunTime:0.000559s ]
[2026-06-17T16:27:17+08:00][sql] SHOW FULL COLUMNS FROM `cmf_slide_item` [ RunTime:0.001280s ]
[2026-06-17T16:27:17+08:00][sql] SELECT `title`,`description`,`image` FROM `cmf_slide_item` WHERE  `slide_id` = 2  AND `status` = 1 ORDER BY `list_order` ASC,`id` DESC LIMIT 1 [ RunTime:0.000733s ]
[2026-06-17T16:27:17+08:00][sql] SHOW FULL COLUMNS FROM `cmf_theme_file` [ RunTime:0.001134s ]
[2026-06-17T16:27:17+08:00][sql] SELECT `more`,`file`,`id` FROM `cmf_theme_file` WHERE  `theme` = 'simpleboot3'  AND (  `is_public` = 1 OR `file` = 'portal/product-info' ) ORDER BY `is_public` DESC [ RunTime:0.000363s ]
[2026-06-17T16:27:17+08:00][sql] SELECT `option_value` FROM `cmf_option` WHERE  `option_name` = 'storage' LIMIT 1 [ RunTime:0.000277s ]
[2026-06-17T16:27:20+08:00][sql] CONNECT:[ UseTime:0.001001s ] mysql:host=127.0.0.1;port=3306;dbname=newncl;charset=utf8mb4
[2026-06-17T16:27:20+08:00][sql] SHOW FULL COLUMNS FROM `cmf_option` [ RunTime:0.001395s ]
[2026-06-17T16:27:20+08:00][sql] SELECT `option_value` FROM `cmf_option` WHERE  `option_name` = 'cdn_settings' LIMIT 1 [ RunTime:0.000304s ]
[2026-06-17T16:27:20+08:00][sql] SELECT `option_value` FROM `cmf_option` WHERE  `option_name` = 'cdn_settings' LIMIT 1 [ RunTime:0.000479s ]
[2026-06-17T16:27:20+08:00][sql] SHOW FULL COLUMNS FROM `cmf_product_category` [ RunTime:0.001180s ]
[2026-06-17T16:27:20+08:00][sql] SELECT * FROM `cmf_product_category` WHERE  `parent_id` = 0 ORDER BY `list_order` ASC,`create_time` DESC [ RunTime:0.000339s ]
[2026-06-17T16:27:20+08:00][sql] SELECT * FROM `cmf_product_category` WHERE  `parent_id` IN (28,19,23,25,30,22,27) [ RunTime:0.000330s ]
[2026-06-17T16:27:20+08:00][sql] SHOW FULL COLUMNS FROM `cmf_portal_category` [ RunTime:0.001437s ]
[2026-06-17T16:27:20+08:00][sql] SELECT * FROM `cmf_portal_category` WHERE (  `type` = 8 ) AND `cmf_portal_category`.`delete_time` = '0' ORDER BY `list_order` ASC [ RunTime:0.000577s ]
[2026-06-17T16:27:20+08:00][sql] SHOW FULL COLUMNS FROM `cmf_product` [ RunTime:0.001582s ]
[2026-06-17T16:27:20+08:00][sql] SELECT * FROM `cmf_product` WHERE  `id` = 214 LIMIT 1 [ RunTime:0.000503s ]
[2026-06-17T16:27:20+08:00][sql] SELECT * FROM `cmf_product_category` WHERE  `id` = 28 LIMIT 1 [ RunTime:0.000295s ]
[2026-06-17T16:27:20+08:00][sql] SELECT `id`,`title`,`industry`,`thumbnail` FROM `cmf_product` WHERE  `id` <> 214  AND `is_recommended` = 1  AND `category_id` = 28 ORDER BY RAND() LIMIT 8 [ RunTime:0.000893s ]
[2026-06-17T16:27:20+08:00][sql] SHOW FULL COLUMNS FROM `cmf_slide_item` [ RunTime:0.001300s ]
[2026-06-17T16:27:20+08:00][sql] SELECT `title`,`description`,`image` FROM `cmf_slide_item` WHERE  `slide_id` = 2  AND `status` = 1 ORDER BY `list_order` ASC,`id` DESC LIMIT 1 [ RunTime:0.000571s ]
[2026-06-17T16:27:20+08:00][sql] SHOW FULL COLUMNS FROM `cmf_theme_file` [ RunTime:0.001193s ]
[2026-06-17T16:27:20+08:00][sql] SELECT `more`,`file`,`id` FROM `cmf_theme_file` WHERE  `theme` = 'simpleboot3'  AND (  `is_public` = 1 OR `file` = 'portal/product-info' ) ORDER BY `is_public` DESC [ RunTime:0.000352s ]
[2026-06-17T16:27:20+08:00][sql] SELECT `option_value` FROM `cmf_option` WHERE  `option_name` = 'storage' LIMIT 1 [ RunTime:0.000464s ]
[2026-06-17T16:28:02+08:00][sql] CONNECT:[ UseTime:0.001407s ] mysql:host=127.0.0.1;port=3306;dbname=newncl;charset=utf8mb4
[2026-06-17T16:28:02+08:00][sql] SHOW FULL COLUMNS FROM `cmf_option` [ RunTime:0.003668s ]
[2026-06-17T16:28:02+08:00][sql] SELECT `option_value` FROM `cmf_option` WHERE  `option_name` = 'cdn_settings' LIMIT 1 [ RunTime:0.000287s ]
[2026-06-17T16:28:02+08:00][sql] SELECT `option_value` FROM `cmf_option` WHERE  `option_name` = 'cdn_settings' LIMIT 1 [ RunTime:0.000288s ]
[2026-06-17T16:28:02+08:00][sql] SHOW FULL COLUMNS FROM `cmf_product_category` [ RunTime:0.001168s ]
[2026-06-17T16:28:02+08:00][sql] SELECT * FROM `cmf_product_category` WHERE  `parent_id` = 0 ORDER BY `list_order` ASC,`create_time` DESC [ RunTime:0.000311s ]
[2026-06-17T16:28:02+08:00][sql] SELECT * FROM `cmf_product_category` WHERE  `parent_id` IN (28,19,23,25,30,22,27) [ RunTime:0.000291s ]
[2026-06-17T16:28:02+08:00][sql] SHOW FULL COLUMNS FROM `cmf_portal_category` [ RunTime:0.000861s ]
[2026-06-17T16:28:02+08:00][sql] SELECT * FROM `cmf_portal_category` WHERE (  `type` = 8 ) AND `cmf_portal_category`.`delete_time` = '0' ORDER BY `list_order` ASC [ RunTime:0.000294s ]
[2026-06-17T16:28:02+08:00][sql] SHOW FULL COLUMNS FROM `cmf_product` [ RunTime:0.002294s ]
[2026-06-17T16:28:02+08:00][sql] SELECT COUNT(*) AS think_count FROM `cmf_product` WHERE  `category_id` = 28 LIMIT 1 [ RunTime:0.000482s ]
[2026-06-17T16:28:02+08:00][sql] SELECT COUNT(*) AS think_count FROM `cmf_product` WHERE  `category_id` = 19 LIMIT 1 [ RunTime:0.000279s ]
[2026-06-17T16:28:02+08:00][sql] SELECT COUNT(*) AS think_count FROM `cmf_product` WHERE  `category_id` = 23 LIMIT 1 [ RunTime:0.000267s ]
[2026-06-17T16:28:02+08:00][sql] SELECT COUNT(*) AS think_count FROM `cmf_product` WHERE  `category_id` = 25 LIMIT 1 [ RunTime:0.000216s ]
[2026-06-17T16:28:02+08:00][sql] SELECT COUNT(*) AS think_count FROM `cmf_product` WHERE  `category_id` = 30 LIMIT 1 [ RunTime:0.000297s ]
[2026-06-17T16:28:02+08:00][sql] SELECT COUNT(*) AS think_count FROM `cmf_product` WHERE  `category_id` = 22 LIMIT 1 [ RunTime:0.000227s ]
[2026-06-17T16:28:02+08:00][sql] SELECT COUNT(*) AS think_count FROM `cmf_product` WHERE  `category_id` = 27 LIMIT 1 [ RunTime:0.000224s ]
[2026-06-17T16:28:02+08:00][sql] SELECT COUNT(*) AS think_count FROM `cmf_product` LIMIT 1 [ RunTime:0.000193s ]
[2026-06-17T16:28:02+08:00][sql] SELECT `id`,`category_id`,`title`,`thumbnail`,`industry`,`overview` FROM `cmf_product` ORDER BY `list_order` ASC,`create_time` DESC LIMIT 0,12 [ RunTime:0.000446s ]
[2026-06-17T16:28:02+08:00][sql] SHOW FULL COLUMNS FROM `cmf_slide_item` [ RunTime:0.001245s ]
[2026-06-17T16:28:02+08:00][sql] SELECT `title`,`description`,`image` FROM `cmf_slide_item` WHERE  `slide_id` = 2  AND `status` = 1 ORDER BY `list_order` ASC,`id` DESC LIMIT 1 [ RunTime:0.000329s ]
[2026-06-17T16:28:02+08:00][sql] SELECT `option_value` FROM `cmf_option` WHERE  `option_name` = 'storage' LIMIT 1 [ RunTime:0.000221s ]
[2026-06-17T16:28:02+08:00][sql] SHOW FULL COLUMNS FROM `cmf_portal_post` [ RunTime:0.000942s ]
[2026-06-17T16:28:02+08:00][sql] SELECT `id`,`post_title`,`post_excerpt`,`more` FROM `cmf_portal_post` WHERE (  `post_type` = 3 ) AND `cmf_portal_post`.`delete_time` = '0' ORDER BY `create_time` DESC [ RunTime:0.002346s ]
[2026-06-17T16:28:02+08:00][sql] SHOW FULL COLUMNS FROM `cmf_theme_file` [ RunTime:0.001099s ]
[2026-06-17T16:28:02+08:00][sql] SELECT `more`,`file`,`id` FROM `cmf_theme_file` WHERE  `theme` = 'simpleboot3'  AND (  `is_public` = 1 OR `file` = 'portal/product' ) ORDER BY `is_public` DESC [ RunTime:0.000548s ]
[2026-06-17T16:28:10+08:00][sql] CONNECT:[ UseTime:0.025166s ] mysql:host=127.0.0.1;port=3306;dbname=newncl;charset=utf8mb4
[2026-06-17T16:28:10+08:00][sql] SHOW FULL COLUMNS FROM `cmf_option` [ RunTime:0.001832s ]
[2026-06-17T16:28:10+08:00][sql] SELECT `option_value` FROM `cmf_option` WHERE  `option_name` = 'cdn_settings' LIMIT 1 [ RunTime:0.000343s ]
[2026-06-17T16:28:10+08:00][sql] SELECT `option_value` FROM `cmf_option` WHERE  `option_name` = 'cdn_settings' LIMIT 1 [ RunTime:0.000749s ]
[2026-06-17T16:28:10+08:00][sql] SHOW FULL COLUMNS FROM `cmf_product_category` [ RunTime:0.001331s ]
[2026-06-17T16:28:10+08:00][sql] SELECT * FROM `cmf_product_category` WHERE  `parent_id` = 0 ORDER BY `list_order` ASC,`create_time` DESC [ RunTime:0.000386s ]
[2026-06-17T16:28:10+08:00][sql] SELECT * FROM `cmf_product_category` WHERE  `parent_id` IN (28,19,23,25,30,22,27) [ RunTime:0.000371s ]
[2026-06-17T16:28:10+08:00][sql] SHOW FULL COLUMNS FROM `cmf_portal_category` [ RunTime:0.001429s ]
[2026-06-17T16:28:10+08:00][sql] SELECT * FROM `cmf_portal_category` WHERE (  `type` = 8 ) AND `cmf_portal_category`.`delete_time` = '0' ORDER BY `list_order` ASC [ RunTime:0.000345s ]
[2026-06-17T16:28:10+08:00][sql] SHOW FULL COLUMNS FROM `cmf_slide_item` [ RunTime:0.001104s ]
[2026-06-17T16:28:10+08:00][sql] SELECT `title`,`description`,`image`,`url`,`target`,`content` FROM `cmf_slide_item` WHERE  `slide_id` = 1 ORDER BY `list_order` ASC [ RunTime:0.000363s ]
[2026-06-17T16:28:10+08:00][sql] SHOW FULL COLUMNS FROM `cmf_slide` [ RunTime:0.000960s ]
[2026-06-17T16:28:10+08:00][sql] SELECT * FROM `cmf_slide` WHERE  `name` LIKE '%choose%' OR `name` LIKE '%选择%' LIMIT 1 [ RunTime:0.000355s ]
[2026-06-17T16:28:10+08:00][sql] SELECT `title`,`description`,`image`,`url`,`target`,`content` FROM `cmf_slide_item` WHERE  `slide_id` = 14  AND `status` = 1 ORDER BY `list_order` ASC [ RunTime:0.000403s ]
[2026-06-17T16:28:10+08:00][sql] SELECT * FROM `cmf_product_category` WHERE  `parent_id` = 0  AND `recommend` = 1 ORDER BY `list_order` ASC,`create_time` DESC [ RunTime:0.000384s ]
[2026-06-17T16:28:10+08:00][sql] SHOW FULL COLUMNS FROM `cmf_product` [ RunTime:0.002110s ]
[2026-06-17T16:28:10+08:00][sql] SELECT `id`,`title`,`thumbnail`,`industry` FROM `cmf_product` WHERE  `is_recommended` = 1  AND `category_id` = 28 ORDER BY `list_order` ASC LIMIT 6 [ RunTime:0.000612s ]
[2026-06-17T16:28:10+08:00][sql] SELECT `id`,`title`,`thumbnail`,`industry` FROM `cmf_product` WHERE  `is_recommended` = 1  AND `category_id` = 19 ORDER BY `list_order` ASC LIMIT 6 [ RunTime:0.000414s ]
[2026-06-17T16:28:10+08:00][sql] SELECT `id`,`title`,`thumbnail`,`industry` FROM `cmf_product` WHERE  `is_recommended` = 1  AND `category_id` = 23 ORDER BY `list_order` ASC LIMIT 6 [ RunTime:0.000263s ]
[2026-06-17T16:28:10+08:00][sql] SELECT `id`,`title`,`thumbnail`,`industry` FROM `cmf_product` WHERE  `is_recommended` = 1  AND `category_id` = 25 ORDER BY `list_order` ASC LIMIT 6 [ RunTime:0.000382s ]
[2026-06-17T16:28:10+08:00][sql] SELECT `id`,`title`,`thumbnail`,`industry` FROM `cmf_product` WHERE  `is_recommended` = 1  AND `category_id` = 30 ORDER BY `list_order` ASC LIMIT 6 [ RunTime:0.000336s ]
[2026-06-17T16:28:10+08:00][sql] SHOW FULL COLUMNS FROM `cmf_portal_post` [ RunTime:0.001373s ]
[2026-06-17T16:28:10+08:00][sql] SELECT `p`.`id`,`p`.`post_title`,`p`.`post_excerpt`,`p`.`thumbnail`,`p`.`create_time`,`c`.`category_id` FROM `cmf_portal_post` `p` INNER JOIN `cmf_portal_category_post` `c` ON `p`.`id`=`c`.`post_id` WHERE (  `p`.`post_type` = '8' ) AND `p`.`delete_time` = '0' ORDER BY `c`.`list_order` ASC,`p`.`create_time` DESC [ RunTime:0.000702s ]
[2026-06-17T16:28:10+08:00][sql] SELECT `id`,`post_title`,`post_excerpt`,`more` FROM `cmf_portal_post` WHERE (  `post_type` = 3 ) AND `cmf_portal_post`.`delete_time` = '0' ORDER BY `create_time` DESC [ RunTime:0.000381s ]
[2026-06-17T16:28:10+08:00][sql] SHOW FULL COLUMNS FROM `cmf_theme_file` [ RunTime:0.001157s ]
[2026-06-17T16:28:10+08:00][sql] SELECT `more`,`file`,`id` FROM `cmf_theme_file` WHERE  `theme` = 'simpleboot3'  AND (  `is_public` = 1 OR `file` = 'portal/index' ) ORDER BY `is_public` DESC [ RunTime:0.000388s ]
[2026-06-17T16:28:10+08:00][sql] SELECT `option_value` FROM `cmf_option` WHERE  `option_name` = 'storage' LIMIT 1 [ RunTime:0.000583s ]
[2026-06-17T16:44:57+08:00][sql] CONNECT:[ UseTime:0.001586s ] mysql:host=127.0.0.1;port=3306;dbname=newncl;charset=utf8mb4
[2026-06-17T16:44:57+08:00][sql] SHOW FULL COLUMNS FROM `cmf_option` [ RunTime:0.003557s ]
[2026-06-17T16:44:57+08:00][sql] SELECT `option_value` FROM `cmf_option` WHERE  `option_name` = 'cdn_settings' LIMIT 1 [ RunTime:0.000541s ]
[2026-06-17T16:44:57+08:00][sql] SELECT `option_value` FROM `cmf_option` WHERE  `option_name` = 'cdn_settings' LIMIT 1 [ RunTime:0.000612s ]
[2026-06-17T16:44:57+08:00][sql] SHOW FULL COLUMNS FROM `cmf_product_category` [ RunTime:0.001478s ]
[2026-06-17T16:44:57+08:00][sql] SELECT * FROM `cmf_product_category` WHERE  `parent_id` = 0 ORDER BY `list_order` ASC,`create_time` DESC [ RunTime:0.000416s ]
[2026-06-17T16:44:57+08:00][sql] SELECT * FROM `cmf_product_category` WHERE  `parent_id` IN (28,19,23,25,30,22,27) [ RunTime:0.000452s ]
[2026-06-17T16:44:57+08:00][sql] SHOW FULL COLUMNS FROM `cmf_portal_category` [ RunTime:0.002526s ]
[2026-06-17T16:44:57+08:00][sql] SELECT * FROM `cmf_portal_category` WHERE (  `type` = 8 ) AND `cmf_portal_category`.`delete_time` = '0' ORDER BY `list_order` ASC [ RunTime:0.000858s ]
[2026-06-17T16:44:57+08:00][sql] SHOW FULL COLUMNS FROM `cmf_slide_item` [ RunTime:0.002181s ]
[2026-06-17T16:44:57+08:00][sql] SELECT `title`,`description`,`image`,`url`,`target`,`content` FROM `cmf_slide_item` WHERE  `slide_id` = 1 ORDER BY `list_order` ASC [ RunTime:0.000619s ]
[2026-06-17T16:44:57+08:00][sql] SHOW FULL COLUMNS FROM `cmf_slide` [ RunTime:0.001467s ]
[2026-06-17T16:44:57+08:00][sql] SELECT * FROM `cmf_slide` WHERE  `name` LIKE '%choose%' OR `name` LIKE '%选择%' LIMIT 1 [ RunTime:0.000597s ]
[2026-06-17T16:44:57+08:00][sql] SELECT `title`,`description`,`image`,`url`,`target`,`content` FROM `cmf_slide_item` WHERE  `slide_id` = 14  AND `status` = 1 ORDER BY `list_order` ASC [ RunTime:0.000697s ]
[2026-06-17T16:44:57+08:00][sql] SELECT * FROM `cmf_product_category` WHERE  `parent_id` = 0  AND `recommend` = 1 ORDER BY `list_order` ASC,`create_time` DESC [ RunTime:0.000807s ]
[2026-06-17T16:44:57+08:00][sql] SHOW FULL COLUMNS FROM `cmf_product` [ RunTime:0.003127s ]
[2026-06-17T16:44:57+08:00][sql] SELECT `id`,`title`,`thumbnail`,`industry` FROM `cmf_product` WHERE  `is_recommended` = 1  AND `category_id` = 28 ORDER BY `list_order` ASC LIMIT 6 [ RunTime:0.001530s ]
[2026-06-17T16:44:57+08:00][sql] SELECT `id`,`title`,`thumbnail`,`industry` FROM `cmf_product` WHERE  `is_recommended` = 1  AND `category_id` = 19 ORDER BY `list_order` ASC LIMIT 6 [ RunTime:0.000600s ]
[2026-06-17T16:44:57+08:00][sql] SELECT `id`,`title`,`thumbnail`,`industry` FROM `cmf_product` WHERE  `is_recommended` = 1  AND `category_id` = 23 ORDER BY `list_order` ASC LIMIT 6 [ RunTime:0.000428s ]
[2026-06-17T16:44:57+08:00][sql] SELECT `id`,`title`,`thumbnail`,`industry` FROM `cmf_product` WHERE  `is_recommended` = 1  AND `category_id` = 25 ORDER BY `list_order` ASC LIMIT 6 [ RunTime:0.000398s ]
[2026-06-17T16:44:57+08:00][sql] SELECT `id`,`title`,`thumbnail`,`industry` FROM `cmf_product` WHERE  `is_recommended` = 1  AND `category_id` = 30 ORDER BY `list_order` ASC LIMIT 6 [ RunTime:0.000399s ]
[2026-06-17T16:44:57+08:00][sql] SHOW FULL COLUMNS FROM `cmf_portal_post` [ RunTime:0.002569s ]
[2026-06-17T16:44:57+08:00][sql] SELECT `p`.`id`,`p`.`post_title`,`p`.`post_excerpt`,`p`.`thumbnail`,`p`.`create_time`,`c`.`category_id` FROM `cmf_portal_post` `p` INNER JOIN `cmf_portal_category_post` `c` ON `p`.`id`=`c`.`post_id` WHERE (  `p`.`post_type` = '8' ) AND `p`.`delete_time` = '0' ORDER BY `c`.`list_order` ASC,`p`.`create_time` DESC [ RunTime:0.001013s ]
[2026-06-17T16:44:57+08:00][sql] SELECT `id`,`post_title`,`post_excerpt`,`more` FROM `cmf_portal_post` WHERE (  `post_type` = 3 ) AND `cmf_portal_post`.`delete_time` = '0' ORDER BY `create_time` DESC [ RunTime:0.000573s ]
[2026-06-17T16:44:57+08:00][sql] SHOW FULL COLUMNS FROM `cmf_theme_file` [ RunTime:0.001870s ]
[2026-06-17T16:44:57+08:00][sql] SELECT `more`,`file`,`id` FROM `cmf_theme_file` WHERE  `theme` = 'simpleboot3'  AND (  `is_public` = 1 OR `file` = 'portal/index' ) ORDER BY `is_public` DESC [ RunTime:0.000677s ]
[2026-06-17T16:44:57+08:00][sql] SELECT `option_value` FROM `cmf_option` WHERE  `option_name` = 'storage' LIMIT 1 [ RunTime:0.000625s ]
[2026-06-17T16:45:00+08:00][sql] CONNECT:[ UseTime:0.001010s ] mysql:host=127.0.0.1;port=3306;dbname=newncl;charset=utf8mb4
[2026-06-17T16:45:00+08:00][sql] SHOW FULL COLUMNS FROM `cmf_option` [ RunTime:0.001528s ]
[2026-06-17T16:45:00+08:00][sql] SELECT `option_value` FROM `cmf_option` WHERE  `option_name` = 'cdn_settings' LIMIT 1 [ RunTime:0.000336s ]
[2026-06-17T16:45:00+08:00][sql] SELECT `option_value` FROM `cmf_option` WHERE  `option_name` = 'cdn_settings' LIMIT 1 [ RunTime:0.000557s ]
[2026-06-17T16:45:00+08:00][sql] SHOW FULL COLUMNS FROM `cmf_product_category` [ RunTime:0.001253s ]
[2026-06-17T16:45:00+08:00][sql] SELECT * FROM `cmf_product_category` WHERE  `parent_id` = 0 ORDER BY `list_order` ASC,`create_time` DESC [ RunTime:0.000356s ]
[2026-06-17T16:45:00+08:00][sql] SELECT * FROM `cmf_product_category` WHERE  `parent_id` IN (28,19,23,25,30,22,27) [ RunTime:0.000249s ]
[2026-06-17T16:45:00+08:00][sql] SHOW FULL COLUMNS FROM `cmf_portal_category` [ RunTime:0.001168s ]
[2026-06-17T16:45:00+08:00][sql] SELECT * FROM `cmf_portal_category` WHERE (  `type` = 8 ) AND `cmf_portal_category`.`delete_time` = '0' ORDER BY `list_order` ASC [ RunTime:0.000301s ]
[2026-06-17T16:45:00+08:00][sql] SHOW FULL COLUMNS FROM `cmf_product` [ RunTime:0.001337s ]
[2026-06-17T16:45:00+08:00][sql] SELECT COUNT(*) AS think_count FROM `cmf_product` WHERE  `category_id` = 28 LIMIT 1 [ RunTime:0.000287s ]
[2026-06-17T16:45:00+08:00][sql] SELECT COUNT(*) AS think_count FROM `cmf_product` WHERE  `category_id` = 19 LIMIT 1 [ RunTime:0.000304s ]
[2026-06-17T16:45:00+08:00][sql] SELECT COUNT(*) AS think_count FROM `cmf_product` WHERE  `category_id` = 23 LIMIT 1 [ RunTime:0.000352s ]
[2026-06-17T16:45:00+08:00][sql] SELECT COUNT(*) AS think_count FROM `cmf_product` WHERE  `category_id` = 25 LIMIT 1 [ RunTime:0.000317s ]
[2026-06-17T16:45:00+08:00][sql] SELECT COUNT(*) AS think_count FROM `cmf_product` WHERE  `category_id` = 30 LIMIT 1 [ RunTime:0.000279s ]
[2026-06-17T16:45:00+08:00][sql] SELECT COUNT(*) AS think_count FROM `cmf_product` WHERE  `category_id` = 22 LIMIT 1 [ RunTime:0.000372s ]
[2026-06-17T16:45:00+08:00][sql] SELECT COUNT(*) AS think_count FROM `cmf_product` WHERE  `category_id` = 27 LIMIT 1 [ RunTime:0.000445s ]
[2026-06-17T16:45:00+08:00][sql] SELECT COUNT(*) AS think_count FROM `cmf_product` LIMIT 1 [ RunTime:0.000308s ]
[2026-06-17T16:45:00+08:00][sql] SELECT `id`,`category_id`,`title`,`thumbnail`,`industry`,`overview` FROM `cmf_product` ORDER BY `list_order` ASC,`create_time` DESC LIMIT 0,12 [ RunTime:0.000846s ]
[2026-06-17T16:45:00+08:00][sql] SHOW FULL COLUMNS FROM `cmf_slide_item` [ RunTime:0.001292s ]
[2026-06-17T16:45:00+08:00][sql] SELECT `title`,`description`,`image` FROM `cmf_slide_item` WHERE  `slide_id` = 2  AND `status` = 1 ORDER BY `list_order` ASC,`id` DESC LIMIT 1 [ RunTime:0.000457s ]
[2026-06-17T16:45:00+08:00][sql] SELECT `option_value` FROM `cmf_option` WHERE  `option_name` = 'storage' LIMIT 1 [ RunTime:0.000370s ]
[2026-06-17T16:45:00+08:00][sql] SHOW FULL COLUMNS FROM `cmf_portal_post` [ RunTime:0.001519s ]
[2026-06-17T16:45:00+08:00][sql] SELECT `id`,`post_title`,`post_excerpt`,`more` FROM `cmf_portal_post` WHERE (  `post_type` = 3 ) AND `cmf_portal_post`.`delete_time` = '0' ORDER BY `create_time` DESC [ RunTime:0.000583s ]
[2026-06-17T16:45:00+08:00][sql] SHOW FULL COLUMNS FROM `cmf_theme_file` [ RunTime:0.001456s ]
[2026-06-17T16:45:00+08:00][sql] SELECT `more`,`file`,`id` FROM `cmf_theme_file` WHERE  `theme` = 'simpleboot3'  AND (  `is_public` = 1 OR `file` = 'portal/product' ) ORDER BY `is_public` DESC [ RunTime:0.000309s ]
[2026-06-17T16:45:05+08:00][sql] CONNECT:[ UseTime:0.001219s ] mysql:host=127.0.0.1;port=3306;dbname=newncl;charset=utf8mb4
[2026-06-17T16:45:05+08:00][sql] SHOW FULL COLUMNS FROM `cmf_option` [ RunTime:0.001675s ]
[2026-06-17T16:45:05+08:00][sql] SELECT `option_value` FROM `cmf_option` WHERE  `option_name` = 'cdn_settings' LIMIT 1 [ RunTime:0.000325s ]
[2026-06-17T16:45:05+08:00][sql] SELECT `option_value` FROM `cmf_option` WHERE  `option_name` = 'cdn_settings' LIMIT 1 [ RunTime:0.000423s ]
[2026-06-17T16:45:05+08:00][sql] SHOW FULL COLUMNS FROM `cmf_product_category` [ RunTime:0.001264s ]
[2026-06-17T16:45:05+08:00][sql] SELECT * FROM `cmf_product_category` WHERE  `parent_id` = 0 ORDER BY `list_order` ASC,`create_time` DESC [ RunTime:0.000371s ]
[2026-06-17T16:45:05+08:00][sql] SELECT * FROM `cmf_product_category` WHERE  `parent_id` IN (28,19,23,25,30,22,27) [ RunTime:0.000512s ]
[2026-06-17T16:45:05+08:00][sql] SHOW FULL COLUMNS FROM `cmf_portal_category` [ RunTime:0.001499s ]
[2026-06-17T16:45:05+08:00][sql] SELECT * FROM `cmf_portal_category` WHERE (  `type` = 8 ) AND `cmf_portal_category`.`delete_time` = '0' ORDER BY `list_order` ASC [ RunTime:0.000416s ]
[2026-06-17T16:45:05+08:00][sql] SHOW FULL COLUMNS FROM `cmf_product` [ RunTime:0.002265s ]
[2026-06-17T16:45:05+08:00][sql] SELECT COUNT(*) AS think_count FROM `cmf_product` WHERE  `category_id` = 28 LIMIT 1 [ RunTime:0.000620s ]
[2026-06-17T16:45:05+08:00][sql] SELECT COUNT(*) AS think_count FROM `cmf_product` WHERE  `category_id` = 19 LIMIT 1 [ RunTime:0.000305s ]
[2026-06-17T16:45:05+08:00][sql] SELECT COUNT(*) AS think_count FROM `cmf_product` WHERE  `category_id` = 23 LIMIT 1 [ RunTime:0.000323s ]
[2026-06-17T16:45:05+08:00][sql] SELECT COUNT(*) AS think_count FROM `cmf_product` WHERE  `category_id` = 25 LIMIT 1 [ RunTime:0.000279s ]
[2026-06-17T16:45:05+08:00][sql] SELECT COUNT(*) AS think_count FROM `cmf_product` WHERE  `category_id` = 30 LIMIT 1 [ RunTime:0.000240s ]
[2026-06-17T16:45:05+08:00][sql] SELECT COUNT(*) AS think_count FROM `cmf_product` WHERE  `category_id` = 22 LIMIT 1 [ RunTime:0.000294s ]
[2026-06-17T16:45:05+08:00][sql] SELECT COUNT(*) AS think_count FROM `cmf_product` WHERE  `category_id` = 27 LIMIT 1 [ RunTime:0.000234s ]
[2026-06-17T16:45:05+08:00][sql] SELECT COUNT(*) AS think_count FROM `cmf_product` LIMIT 1 [ RunTime:0.000231s ]
[2026-06-17T16:45:05+08:00][sql] SELECT `id`,`category_id`,`title`,`thumbnail`,`industry`,`overview` FROM `cmf_product` ORDER BY `list_order` ASC,`create_time` DESC LIMIT 0,12 [ RunTime:0.000624s ]
[2026-06-17T16:45:05+08:00][sql] SHOW FULL COLUMNS FROM `cmf_slide_item` [ RunTime:0.001213s ]
[2026-06-17T16:45:05+08:00][sql] SELECT `title`,`description`,`image` FROM `cmf_slide_item` WHERE  `slide_id` = 2  AND `status` = 1 ORDER BY `list_order` ASC,`id` DESC LIMIT 1 [ RunTime:0.000378s ]
[2026-06-17T16:45:05+08:00][sql] SELECT `option_value` FROM `cmf_option` WHERE  `option_name` = 'storage' LIMIT 1 [ RunTime:0.000267s ]
[2026-06-17T16:45:05+08:00][sql] SHOW FULL COLUMNS FROM `cmf_portal_post` [ RunTime:0.001299s ]
[2026-06-17T16:45:05+08:00][sql] SELECT `id`,`post_title`,`post_excerpt`,`more` FROM `cmf_portal_post` WHERE (  `post_type` = 3 ) AND `cmf_portal_post`.`delete_time` = '0' ORDER BY `create_time` DESC [ RunTime:0.002480s ]
[2026-06-17T16:45:05+08:00][sql] SHOW FULL COLUMNS FROM `cmf_theme_file` [ RunTime:0.001909s ]
[2026-06-17T16:45:05+08:00][sql] SELECT `more`,`file`,`id` FROM `cmf_theme_file` WHERE  `theme` = 'simpleboot3'  AND (  `is_public` = 1 OR `file` = 'portal/product' ) ORDER BY `is_public` DESC [ RunTime:0.000382s ]
[2026-06-17T16:45:10+08:00][sql] CONNECT:[ UseTime:0.001797s ] mysql:host=127.0.0.1;port=3306;dbname=newncl;charset=utf8mb4
[2026-06-17T16:45:10+08:00][sql] SHOW FULL COLUMNS FROM `cmf_option` [ RunTime:0.002737s ]
[2026-06-17T16:45:10+08:00][sql] SELECT `option_value` FROM `cmf_option` WHERE  `option_name` = 'cdn_settings' LIMIT 1 [ RunTime:0.000510s ]
[2026-06-17T16:45:10+08:00][sql] SELECT `option_value` FROM `cmf_option` WHERE  `option_name` = 'cdn_settings' LIMIT 1 [ RunTime:0.000523s ]
[2026-06-17T16:45:10+08:00][sql] SHOW FULL COLUMNS FROM `cmf_product_category` [ RunTime:0.001318s ]
[2026-06-17T16:45:10+08:00][sql] SELECT * FROM `cmf_product_category` WHERE  `parent_id` = 0 ORDER BY `list_order` ASC,`create_time` DESC [ RunTime:0.000358s ]
[2026-06-17T16:45:10+08:00][sql] SELECT * FROM `cmf_product_category` WHERE  `parent_id` IN (28,19,23,25,30,22,27) [ RunTime:0.000319s ]
[2026-06-17T16:45:10+08:00][sql] SHOW FULL COLUMNS FROM `cmf_portal_category` [ RunTime:0.002130s ]
[2026-06-17T16:45:10+08:00][sql] SELECT * FROM `cmf_portal_category` WHERE (  `type` = 8 ) AND `cmf_portal_category`.`delete_time` = '0' ORDER BY `list_order` ASC [ RunTime:0.000687s ]
[2026-06-17T16:45:10+08:00][sql] SHOW FULL COLUMNS FROM `cmf_product` [ RunTime:0.001612s ]
[2026-06-17T16:45:10+08:00][sql] SELECT * FROM `cmf_product` WHERE  `id` = 214 LIMIT 1 [ RunTime:0.001160s ]
[2026-06-17T16:45:10+08:00][sql] SELECT * FROM `cmf_product_category` WHERE  `id` = 28 LIMIT 1 [ RunTime:0.000355s ]
[2026-06-17T16:45:10+08:00][sql] SELECT `id`,`title`,`industry`,`thumbnail` FROM `cmf_product` WHERE  `id` <> 214  AND `is_recommended` = 1  AND `category_id` = 28 ORDER BY RAND() LIMIT 8 [ RunTime:0.000681s ]
[2026-06-17T16:45:10+08:00][sql] SHOW FULL COLUMNS FROM `cmf_slide_item` [ RunTime:0.001183s ]
[2026-06-17T16:45:10+08:00][sql] SELECT `title`,`description`,`image` FROM `cmf_slide_item` WHERE  `slide_id` = 2  AND `status` = 1 ORDER BY `list_order` ASC,`id` DESC LIMIT 1 [ RunTime:0.000359s ]
[2026-06-17T16:45:10+08:00][sql] SHOW FULL COLUMNS FROM `cmf_theme_file` [ RunTime:0.001062s ]
[2026-06-17T16:45:10+08:00][sql] SELECT `more`,`file`,`id` FROM `cmf_theme_file` WHERE  `theme` = 'simpleboot3'  AND (  `is_public` = 1 OR `file` = 'portal/product-info' ) ORDER BY `is_public` DESC [ RunTime:0.000388s ]
[2026-06-17T16:45:10+08:00][sql] SELECT `option_value` FROM `cmf_option` WHERE  `option_name` = 'storage' LIMIT 1 [ RunTime:0.000675s ]
[2026-06-17T16:45:15+08:00][sql] CONNECT:[ UseTime:0.000830s ] mysql:host=127.0.0.1;port=3306;dbname=newncl;charset=utf8mb4
[2026-06-17T16:45:15+08:00][sql] SHOW FULL COLUMNS FROM `cmf_option` [ RunTime:0.001374s ]
[2026-06-17T16:45:15+08:00][sql] SELECT `option_value` FROM `cmf_option` WHERE  `option_name` = 'cdn_settings' LIMIT 1 [ RunTime:0.000279s ]
[2026-06-17T16:45:15+08:00][sql] SELECT `option_value` FROM `cmf_option` WHERE  `option_name` = 'cdn_settings' LIMIT 1 [ RunTime:0.000536s ]
[2026-06-17T16:45:15+08:00][sql] SHOW FULL COLUMNS FROM `cmf_product_category` [ RunTime:0.001215s ]
[2026-06-17T16:45:15+08:00][sql] SELECT * FROM `cmf_product_category` WHERE  `parent_id` = 0 ORDER BY `list_order` ASC,`create_time` DESC [ RunTime:0.000348s ]
[2026-06-17T16:45:15+08:00][sql] SELECT * FROM `cmf_product_category` WHERE  `parent_id` IN (28,19,23,25,30,22,27) [ RunTime:0.000315s ]
[2026-06-17T16:45:15+08:00][sql] SHOW FULL COLUMNS FROM `cmf_portal_category` [ RunTime:0.001034s ]
[2026-06-17T16:45:15+08:00][sql] SELECT * FROM `cmf_portal_category` WHERE (  `type` = 8 ) AND `cmf_portal_category`.`delete_time` = '0' ORDER BY `list_order` ASC [ RunTime:0.000352s ]
[2026-06-17T16:45:15+08:00][sql] SHOW FULL COLUMNS FROM `cmf_product` [ RunTime:0.001110s ]
[2026-06-17T16:45:15+08:00][sql] SELECT COUNT(*) AS think_count FROM `cmf_product` WHERE  `category_id` = 28 LIMIT 1 [ RunTime:0.001245s ]
[2026-06-17T16:45:15+08:00][sql] SELECT COUNT(*) AS think_count FROM `cmf_product` WHERE  `category_id` = 19 LIMIT 1 [ RunTime:0.000247s ]
[2026-06-17T16:45:15+08:00][sql] SELECT COUNT(*) AS think_count FROM `cmf_product` WHERE  `category_id` = 23 LIMIT 1 [ RunTime:0.000283s ]
[2026-06-17T16:45:15+08:00][sql] SELECT COUNT(*) AS think_count FROM `cmf_product` WHERE  `category_id` = 25 LIMIT 1 [ RunTime:0.000244s ]
[2026-06-17T16:45:15+08:00][sql] SELECT COUNT(*) AS think_count FROM `cmf_product` WHERE  `category_id` = 30 LIMIT 1 [ RunTime:0.000232s ]
[2026-06-17T16:45:15+08:00][sql] SELECT COUNT(*) AS think_count FROM `cmf_product` WHERE  `category_id` = 22 LIMIT 1 [ RunTime:0.000258s ]
[2026-06-17T16:45:15+08:00][sql] SELECT COUNT(*) AS think_count FROM `cmf_product` WHERE  `category_id` = 27 LIMIT 1 [ RunTime:0.000283s ]
[2026-06-17T16:45:15+08:00][sql] SELECT COUNT(*) AS think_count FROM `cmf_product` LIMIT 1 [ RunTime:0.000206s ]
[2026-06-17T16:45:15+08:00][sql] SELECT `id`,`category_id`,`title`,`thumbnail`,`industry`,`overview` FROM `cmf_product` ORDER BY `list_order` ASC,`create_time` DESC LIMIT 0,12 [ RunTime:0.000806s ]
[2026-06-17T16:45:15+08:00][sql] SHOW FULL COLUMNS FROM `cmf_slide_item` [ RunTime:0.001295s ]
[2026-06-17T16:45:15+08:00][sql] SELECT `title`,`description`,`image` FROM `cmf_slide_item` WHERE  `slide_id` = 2  AND `status` = 1 ORDER BY `list_order` ASC,`id` DESC LIMIT 1 [ RunTime:0.000437s ]
[2026-06-17T16:45:15+08:00][sql] SELECT `option_value` FROM `cmf_option` WHERE  `option_name` = 'storage' LIMIT 1 [ RunTime:0.000242s ]
[2026-06-17T16:45:15+08:00][sql] SHOW FULL COLUMNS FROM `cmf_portal_post` [ RunTime:0.001166s ]
[2026-06-17T16:45:15+08:00][sql] SELECT `id`,`post_title`,`post_excerpt`,`more` FROM `cmf_portal_post` WHERE (  `post_type` = 3 ) AND `cmf_portal_post`.`delete_time` = '0' ORDER BY `create_time` DESC [ RunTime:0.000497s ]
[2026-06-17T16:45:15+08:00][sql] SHOW FULL COLUMNS FROM `cmf_theme_file` [ RunTime:0.001034s ]
[2026-06-17T16:45:15+08:00][sql] SELECT `more`,`file`,`id` FROM `cmf_theme_file` WHERE  `theme` = 'simpleboot3'  AND (  `is_public` = 1 OR `file` = 'portal/product' ) ORDER BY `is_public` DESC [ RunTime:0.000300s ]
[2026-06-17T17:06:06+08:00][sql] CONNECT:[ UseTime:0.001200s ] mysql:host=127.0.0.1;port=3306;dbname=newncl;charset=utf8mb4
[2026-06-17T17:06:06+08:00][sql] SHOW FULL COLUMNS FROM `cmf_option` [ RunTime:0.003938s ]
[2026-06-17T17:06:06+08:00][sql] SELECT `option_value` FROM `cmf_option` WHERE  `option_name` = 'cdn_settings' LIMIT 1 [ RunTime:0.000358s ]
[2026-06-17T17:06:06+08:00][sql] SELECT `option_value` FROM `cmf_option` WHERE  `option_name` = 'cdn_settings' LIMIT 1 [ RunTime:0.000481s ]
[2026-06-17T17:06:06+08:00][sql] SHOW FULL COLUMNS FROM `cmf_product_category` [ RunTime:0.001266s ]
[2026-06-17T17:06:06+08:00][sql] SELECT * FROM `cmf_product_category` WHERE  `parent_id` = 0 ORDER BY `list_order` ASC,`create_time` DESC [ RunTime:0.000491s ]
[2026-06-17T17:06:06+08:00][sql] SELECT * FROM `cmf_product_category` WHERE  `parent_id` IN (28,19,23,25,30,22,27) [ RunTime:0.000331s ]
[2026-06-17T17:06:06+08:00][sql] SHOW FULL COLUMNS FROM `cmf_portal_category` [ RunTime:0.002337s ]
[2026-06-17T17:06:06+08:00][sql] SELECT * FROM `cmf_portal_category` WHERE (  `type` = 8 ) AND `cmf_portal_category`.`delete_time` = '0' ORDER BY `list_order` ASC [ RunTime:0.000903s ]
[2026-06-17T17:06:06+08:00][sql] SHOW FULL COLUMNS FROM `cmf_product` [ RunTime:0.002358s ]
[2026-06-17T17:06:06+08:00][sql] SELECT COUNT(*) AS think_count FROM `cmf_product` WHERE  `category_id` = 28 LIMIT 1 [ RunTime:0.000505s ]
[2026-06-17T17:06:06+08:00][sql] SELECT COUNT(*) AS think_count FROM `cmf_product` WHERE  `category_id` = 19 LIMIT 1 [ RunTime:0.000346s ]
[2026-06-17T17:06:06+08:00][sql] SELECT COUNT(*) AS think_count FROM `cmf_product` WHERE  `category_id` = 23 LIMIT 1 [ RunTime:0.000277s ]
[2026-06-17T17:06:06+08:00][sql] SELECT COUNT(*) AS think_count FROM `cmf_product` WHERE  `category_id` = 25 LIMIT 1 [ RunTime:0.000240s ]
[2026-06-17T17:06:06+08:00][sql] SELECT COUNT(*) AS think_count FROM `cmf_product` WHERE  `category_id` = 30 LIMIT 1 [ RunTime:0.000254s ]
[2026-06-17T17:06:06+08:00][sql] SELECT COUNT(*) AS think_count FROM `cmf_product` WHERE  `category_id` = 22 LIMIT 1 [ RunTime:0.000239s ]
[2026-06-17T17:06:06+08:00][sql] SELECT COUNT(*) AS think_count FROM `cmf_product` WHERE  `category_id` = 27 LIMIT 1 [ RunTime:0.000230s ]
[2026-06-17T17:06:06+08:00][sql] SELECT COUNT(*) AS think_count FROM `cmf_product` LIMIT 1 [ RunTime:0.000217s ]
[2026-06-17T17:06:06+08:00][sql] SELECT `id`,`category_id`,`title`,`thumbnail`,`industry`,`overview` FROM `cmf_product` ORDER BY `list_order` ASC,`create_time` DESC LIMIT 0,12 [ RunTime:0.000605s ]
[2026-06-17T17:06:06+08:00][sql] SHOW FULL COLUMNS FROM `cmf_slide_item` [ RunTime:0.001089s ]
[2026-06-17T17:06:06+08:00][sql] SELECT `title`,`description`,`image` FROM `cmf_slide_item` WHERE  `slide_id` = 2  AND `status` = 1 ORDER BY `list_order` ASC,`id` DESC LIMIT 1 [ RunTime:0.000425s ]
[2026-06-17T17:06:06+08:00][sql] SELECT `option_value` FROM `cmf_option` WHERE  `option_name` = 'storage' LIMIT 1 [ RunTime:0.000251s ]
[2026-06-17T17:06:06+08:00][sql] SHOW FULL COLUMNS FROM `cmf_portal_post` [ RunTime:0.001885s ]
[2026-06-17T17:06:06+08:00][sql] SELECT `id`,`post_title`,`post_excerpt`,`more` FROM `cmf_portal_post` WHERE (  `post_type` = 3 ) AND `cmf_portal_post`.`delete_time` = '0' ORDER BY `create_time` DESC [ RunTime:0.000445s ]
[2026-06-17T17:06:06+08:00][sql] SHOW FULL COLUMNS FROM `cmf_theme_file` [ RunTime:0.001195s ]
[2026-06-17T17:06:06+08:00][sql] SELECT `more`,`file`,`id` FROM `cmf_theme_file` WHERE  `theme` = 'simpleboot3'  AND (  `is_public` = 1 OR `file` = 'portal/product' ) ORDER BY `is_public` DESC [ RunTime:0.000424s ]
[2026-06-17T17:06:23+08:00][sql] CONNECT:[ UseTime:0.001014s ] mysql:host=127.0.0.1;port=3306;dbname=newncl;charset=utf8mb4
[2026-06-17T17:06:23+08:00][sql] SHOW FULL COLUMNS FROM `cmf_option` [ RunTime:0.001905s ]
[2026-06-17T17:06:23+08:00][sql] SELECT `option_value` FROM `cmf_option` WHERE  `option_name` = 'cdn_settings' LIMIT 1 [ RunTime:0.000487s ]
[2026-06-17T17:06:23+08:00][sql] SELECT `option_value` FROM `cmf_option` WHERE  `option_name` = 'cdn_settings' LIMIT 1 [ RunTime:0.000708s ]
[2026-06-17T17:06:23+08:00][sql] SHOW FULL COLUMNS FROM `cmf_product_category` [ RunTime:0.001424s ]
[2026-06-17T17:06:23+08:00][sql] SELECT * FROM `cmf_product_category` WHERE  `parent_id` = 0 ORDER BY `list_order` ASC,`create_time` DESC [ RunTime:0.000413s ]
[2026-06-17T17:06:23+08:00][sql] SELECT * FROM `cmf_product_category` WHERE  `parent_id` IN (28,19,23,25,30,22,27) [ RunTime:0.000313s ]
[2026-06-17T17:06:23+08:00][sql] SHOW FULL COLUMNS FROM `cmf_portal_category` [ RunTime:0.001144s ]
[2026-06-17T17:06:23+08:00][sql] SELECT * FROM `cmf_portal_category` WHERE (  `type` = 8 ) AND `cmf_portal_category`.`delete_time` = '0' ORDER BY `list_order` ASC [ RunTime:0.000363s ]
[2026-06-17T17:06:23+08:00][sql] SHOW FULL COLUMNS FROM `cmf_product` [ RunTime:0.001286s ]
[2026-06-17T17:06:23+08:00][sql] SELECT COUNT(*) AS think_count FROM `cmf_product` WHERE  `category_id` = 28 LIMIT 1 [ RunTime:0.000575s ]
[2026-06-17T17:06:23+08:00][sql] SELECT COUNT(*) AS think_count FROM `cmf_product` WHERE  `category_id` = 19 LIMIT 1 [ RunTime:0.000297s ]
[2026-06-17T17:06:23+08:00][sql] SELECT COUNT(*) AS think_count FROM `cmf_product` WHERE  `category_id` = 23 LIMIT 1 [ RunTime:0.000264s ]
[2026-06-17T17:06:23+08:00][sql] SELECT COUNT(*) AS think_count FROM `cmf_product` WHERE  `category_id` = 25 LIMIT 1 [ RunTime:0.000247s ]
[2026-06-17T17:06:23+08:00][sql] SELECT COUNT(*) AS think_count FROM `cmf_product` WHERE  `category_id` = 30 LIMIT 1 [ RunTime:0.000277s ]
[2026-06-17T17:06:23+08:00][sql] SELECT COUNT(*) AS think_count FROM `cmf_product` WHERE  `category_id` = 22 LIMIT 1 [ RunTime:0.000331s ]
[2026-06-17T17:06:23+08:00][sql] SELECT COUNT(*) AS think_count FROM `cmf_product` WHERE  `category_id` = 27 LIMIT 1 [ RunTime:0.000518s ]
[2026-06-17T17:06:23+08:00][sql] SELECT COUNT(*) AS think_count FROM `cmf_product` LIMIT 1 [ RunTime:0.000213s ]
[2026-06-17T17:06:23+08:00][sql] SELECT `id`,`category_id`,`title`,`thumbnail`,`industry`,`overview` FROM `cmf_product` ORDER BY `list_order` ASC,`create_time` DESC LIMIT 0,12 [ RunTime:0.000812s ]
[2026-06-17T17:06:23+08:00][sql] SHOW FULL COLUMNS FROM `cmf_slide_item` [ RunTime:0.002110s ]
[2026-06-17T17:06:23+08:00][sql] SELECT `title`,`description`,`image` FROM `cmf_slide_item` WHERE  `slide_id` = 2  AND `status` = 1 ORDER BY `list_order` ASC,`id` DESC LIMIT 1 [ RunTime:0.000656s ]
[2026-06-17T17:06:23+08:00][sql] SELECT `option_value` FROM `cmf_option` WHERE  `option_name` = 'storage' LIMIT 1 [ RunTime:0.000384s ]
[2026-06-17T17:06:23+08:00][sql] SHOW FULL COLUMNS FROM `cmf_portal_post` [ RunTime:0.002001s ]
[2026-06-17T17:06:23+08:00][sql] SELECT `id`,`post_title`,`post_excerpt`,`more` FROM `cmf_portal_post` WHERE (  `post_type` = 3 ) AND `cmf_portal_post`.`delete_time` = '0' ORDER BY `create_time` DESC [ RunTime:0.000781s ]
[2026-06-17T17:06:23+08:00][sql] SHOW FULL COLUMNS FROM `cmf_theme_file` [ RunTime:0.001379s ]
[2026-06-17T17:06:23+08:00][sql] SELECT `more`,`file`,`id` FROM `cmf_theme_file` WHERE  `theme` = 'simpleboot3'  AND (  `is_public` = 1 OR `file` = 'portal/product' ) ORDER BY `is_public` DESC [ RunTime:0.000639s ]
[2026-06-17T17:06:40+08:00][sql] CONNECT:[ UseTime:0.001210s ] mysql:host=127.0.0.1;port=3306;dbname=newncl;charset=utf8mb4
[2026-06-17T17:06:40+08:00][sql] SHOW FULL COLUMNS FROM `cmf_option` [ RunTime:0.003870s ]
[2026-06-17T17:06:40+08:00][sql] SELECT `option_value` FROM `cmf_option` WHERE  `option_name` = 'cdn_settings' LIMIT 1 [ RunTime:0.000493s ]
[2026-06-17T17:06:40+08:00][sql] SELECT `option_value` FROM `cmf_option` WHERE  `option_name` = 'cdn_settings' LIMIT 1 [ RunTime:0.000676s ]
[2026-06-17T17:06:40+08:00][sql] SHOW FULL COLUMNS FROM `cmf_product_category` [ RunTime:0.003191s ]
[2026-06-17T17:06:40+08:00][sql] SELECT * FROM `cmf_product_category` WHERE  `parent_id` = 0 ORDER BY `list_order` ASC,`create_time` DESC [ RunTime:0.000976s ]
[2026-06-17T17:06:40+08:00][sql] SELECT * FROM `cmf_product_category` WHERE  `parent_id` IN (28,19,23,25,30,22,27) [ RunTime:0.000566s ]
[2026-06-17T17:06:40+08:00][sql] SHOW FULL COLUMNS FROM `cmf_portal_category` [ RunTime:0.001925s ]
[2026-06-17T17:06:40+08:00][sql] SELECT * FROM `cmf_portal_category` WHERE (  `type` = 8 ) AND `cmf_portal_category`.`delete_time` = '0' ORDER BY `list_order` ASC [ RunTime:0.000801s ]
[2026-06-17T17:06:40+08:00][sql] SHOW FULL COLUMNS FROM `cmf_product` [ RunTime:0.002828s ]
[2026-06-17T17:06:40+08:00][sql] SELECT COUNT(*) AS think_count FROM `cmf_product` WHERE  `category_id` = 28 LIMIT 1 [ RunTime:0.000558s ]
[2026-06-17T17:06:40+08:00][sql] SELECT COUNT(*) AS think_count FROM `cmf_product` WHERE  `category_id` = 19 LIMIT 1 [ RunTime:0.000307s ]
[2026-06-17T17:06:40+08:00][sql] SELECT COUNT(*) AS think_count FROM `cmf_product` WHERE  `category_id` = 23 LIMIT 1 [ RunTime:0.000273s ]
[2026-06-17T17:06:40+08:00][sql] SELECT COUNT(*) AS think_count FROM `cmf_product` WHERE  `category_id` = 25 LIMIT 1 [ RunTime:0.000278s ]
[2026-06-17T17:06:40+08:00][sql] SELECT COUNT(*) AS think_count FROM `cmf_product` WHERE  `category_id` = 30 LIMIT 1 [ RunTime:0.000257s ]
[2026-06-17T17:06:40+08:00][sql] SELECT COUNT(*) AS think_count FROM `cmf_product` WHERE  `category_id` = 22 LIMIT 1 [ RunTime:0.000237s ]
[2026-06-17T17:06:40+08:00][sql] SELECT COUNT(*) AS think_count FROM `cmf_product` WHERE  `category_id` = 27 LIMIT 1 [ RunTime:0.000238s ]
[2026-06-17T17:06:40+08:00][sql] SELECT COUNT(*) AS think_count FROM `cmf_product` LIMIT 1 [ RunTime:0.000213s ]
[2026-06-17T17:06:40+08:00][sql] SELECT `id`,`category_id`,`title`,`thumbnail`,`industry`,`overview` FROM `cmf_product` ORDER BY `list_order` ASC,`create_time` DESC LIMIT 0,12 [ RunTime:0.000637s ]
[2026-06-17T17:06:40+08:00][sql] SHOW FULL COLUMNS FROM `cmf_slide_item` [ RunTime:0.001181s ]
[2026-06-17T17:06:40+08:00][sql] SELECT `title`,`description`,`image` FROM `cmf_slide_item` WHERE  `slide_id` = 7  AND `status` = 1 ORDER BY `list_order` ASC,`id` DESC LIMIT 1 [ RunTime:0.000485s ]
[2026-06-17T17:06:40+08:00][sql] SELECT `option_value` FROM `cmf_option` WHERE  `option_name` = 'storage' LIMIT 1 [ RunTime:0.000265s ]
[2026-06-17T17:06:40+08:00][sql] SHOW FULL COLUMNS FROM `cmf_portal_post` [ RunTime:0.001350s ]
[2026-06-17T17:06:40+08:00][sql] SELECT `id`,`post_title`,`post_excerpt`,`more` FROM `cmf_portal_post` WHERE (  `post_type` = 3 ) AND `cmf_portal_post`.`delete_time` = '0' ORDER BY `create_time` DESC [ RunTime:0.000448s ]
[2026-06-17T17:06:40+08:00][sql] SHOW FULL COLUMNS FROM `cmf_theme_file` [ RunTime:0.002084s ]
[2026-06-17T17:06:40+08:00][sql] SELECT `more`,`file`,`id` FROM `cmf_theme_file` WHERE  `theme` = 'simpleboot3_mobile'  AND (  `is_public` = 1 OR `file` = 'portal/product' ) ORDER BY `is_public` DESC [ RunTime:0.000710s ]
[2026-06-17T17:23:07+08:00][sql] CONNECT:[ UseTime:0.001682s ] mysql:host=127.0.0.1;port=3306;dbname=newncl;charset=utf8mb4
[2026-06-17T17:23:07+08:00][sql] SHOW FULL COLUMNS FROM `cmf_option` [ RunTime:0.003894s ]
[2026-06-17T17:23:07+08:00][sql] SELECT `option_value` FROM `cmf_option` WHERE  `option_name` = 'cdn_settings' LIMIT 1 [ RunTime:0.000960s ]
[2026-06-17T17:23:07+08:00][sql] SELECT `option_value` FROM `cmf_option` WHERE  `option_name` = 'cdn_settings' LIMIT 1 [ RunTime:0.000473s ]
[2026-06-17T17:23:07+08:00][sql] SHOW FULL COLUMNS FROM `cmf_product_category` [ RunTime:0.001852s ]
[2026-06-17T17:23:07+08:00][sql] SELECT * FROM `cmf_product_category` WHERE  `parent_id` = 0 ORDER BY `list_order` ASC,`create_time` DESC [ RunTime:0.000527s ]
[2026-06-17T17:23:07+08:00][sql] SELECT * FROM `cmf_product_category` WHERE  `parent_id` IN (28,19,23,25,30,22,27) [ RunTime:0.000459s ]
[2026-06-17T17:23:07+08:00][sql] SHOW FULL COLUMNS FROM `cmf_portal_category` [ RunTime:0.001208s ]
[2026-06-17T17:23:07+08:00][sql] SELECT * FROM `cmf_portal_category` WHERE (  `type` = 8 ) AND `cmf_portal_category`.`delete_time` = '0' ORDER BY `list_order` ASC [ RunTime:0.000391s ]
[2026-06-17T17:23:07+08:00][sql] SHOW FULL COLUMNS FROM `cmf_product` [ RunTime:0.002638s ]
[2026-06-17T17:23:07+08:00][sql] SELECT COUNT(*) AS think_count FROM `cmf_product` WHERE  `category_id` = 28 LIMIT 1 [ RunTime:0.000700s ]
[2026-06-17T17:23:07+08:00][sql] SELECT COUNT(*) AS think_count FROM `cmf_product` WHERE  `category_id` = 19 LIMIT 1 [ RunTime:0.000288s ]
[2026-06-17T17:23:07+08:00][sql] SELECT COUNT(*) AS think_count FROM `cmf_product` WHERE  `category_id` = 23 LIMIT 1 [ RunTime:0.000243s ]
[2026-06-17T17:23:07+08:00][sql] SELECT COUNT(*) AS think_count FROM `cmf_product` WHERE  `category_id` = 25 LIMIT 1 [ RunTime:0.000253s ]
[2026-06-17T17:23:07+08:00][sql] SELECT COUNT(*) AS think_count FROM `cmf_product` WHERE  `category_id` = 30 LIMIT 1 [ RunTime:0.000258s ]
[2026-06-17T17:23:07+08:00][sql] SELECT COUNT(*) AS think_count FROM `cmf_product` WHERE  `category_id` = 22 LIMIT 1 [ RunTime:0.000279s ]
[2026-06-17T17:23:07+08:00][sql] SELECT COUNT(*) AS think_count FROM `cmf_product` WHERE  `category_id` = 27 LIMIT 1 [ RunTime:0.000223s ]
[2026-06-17T17:23:07+08:00][sql] SELECT COUNT(*) AS think_count FROM `cmf_product` LIMIT 1 [ RunTime:0.000199s ]
[2026-06-17T17:23:07+08:00][sql] SELECT `id`,`category_id`,`title`,`thumbnail`,`industry`,`overview` FROM `cmf_product` ORDER BY `list_order` ASC,`create_time` DESC LIMIT 0,12 [ RunTime:0.000676s ]
[2026-06-17T17:23:07+08:00][sql] SHOW FULL COLUMNS FROM `cmf_slide_item` [ RunTime:0.002132s ]
[2026-06-17T17:23:07+08:00][sql] SELECT `title`,`description`,`image` FROM `cmf_slide_item` WHERE  `slide_id` = 7  AND `status` = 1 ORDER BY `list_order` ASC,`id` DESC LIMIT 1 [ RunTime:0.000667s ]
[2026-06-17T17:23:07+08:00][sql] SELECT `option_value` FROM `cmf_option` WHERE  `option_name` = 'storage' LIMIT 1 [ RunTime:0.000331s ]
[2026-06-17T17:23:07+08:00][sql] SHOW FULL COLUMNS FROM `cmf_portal_post` [ RunTime:0.001558s ]
[2026-06-17T17:23:07+08:00][sql] SELECT `id`,`post_title`,`post_excerpt`,`more` FROM `cmf_portal_post` WHERE (  `post_type` = 3 ) AND `cmf_portal_post`.`delete_time` = '0' ORDER BY `create_time` DESC [ RunTime:0.000481s ]
[2026-06-17T17:23:07+08:00][sql] SHOW FULL COLUMNS FROM `cmf_theme_file` [ RunTime:0.001027s ]
[2026-06-17T17:23:07+08:00][sql] SELECT `more`,`file`,`id` FROM `cmf_theme_file` WHERE  `theme` = 'simpleboot3_mobile'  AND (  `is_public` = 1 OR `file` = 'portal/product' ) ORDER BY `is_public` DESC [ RunTime:0.000361s ]
[2026-06-17T17:23:09+08:00][sql] CONNECT:[ UseTime:0.000836s ] mysql:host=127.0.0.1;port=3306;dbname=newncl;charset=utf8mb4
[2026-06-17T17:23:09+08:00][sql] SHOW FULL COLUMNS FROM `cmf_option` [ RunTime:0.002660s ]
[2026-06-17T17:23:09+08:00][sql] SELECT `option_value` FROM `cmf_option` WHERE  `option_name` = 'cdn_settings' LIMIT 1 [ RunTime:0.000373s ]
[2026-06-17T17:23:09+08:00][sql] SELECT `option_value` FROM `cmf_option` WHERE  `option_name` = 'cdn_settings' LIMIT 1 [ RunTime:0.000312s ]
[2026-06-17T17:23:09+08:00][sql] SHOW FULL COLUMNS FROM `cmf_product_category` [ RunTime:0.001037s ]
[2026-06-17T17:23:09+08:00][sql] SELECT * FROM `cmf_product_category` WHERE  `parent_id` = 0 ORDER BY `list_order` ASC,`create_time` DESC [ RunTime:0.000635s ]
[2026-06-17T17:23:09+08:00][sql] SELECT * FROM `cmf_product_category` WHERE  `parent_id` IN (28,19,23,25,30,22,27) [ RunTime:0.000609s ]
[2026-06-17T17:23:09+08:00][sql] SHOW FULL COLUMNS FROM `cmf_portal_category` [ RunTime:0.001196s ]
[2026-06-17T17:23:09+08:00][sql] SELECT * FROM `cmf_portal_category` WHERE (  `type` = 8 ) AND `cmf_portal_category`.`delete_time` = '0' ORDER BY `list_order` ASC [ RunTime:0.000442s ]
[2026-06-17T17:23:09+08:00][sql] SHOW FULL COLUMNS FROM `cmf_product` [ RunTime:0.001572s ]
[2026-06-17T17:23:09+08:00][sql] SELECT COUNT(*) AS think_count FROM `cmf_product` WHERE  `category_id` = 28 LIMIT 1 [ RunTime:0.000493s ]
[2026-06-17T17:23:09+08:00][sql] SELECT COUNT(*) AS think_count FROM `cmf_product` WHERE  `category_id` = 19 LIMIT 1 [ RunTime:0.000272s ]
[2026-06-17T17:23:09+08:00][sql] SELECT COUNT(*) AS think_count FROM `cmf_product` WHERE  `category_id` = 23 LIMIT 1 [ RunTime:0.000243s ]
[2026-06-17T17:23:09+08:00][sql] SELECT COUNT(*) AS think_count FROM `cmf_product` WHERE  `category_id` = 25 LIMIT 1 [ RunTime:0.000252s ]
[2026-06-17T17:23:09+08:00][sql] SELECT COUNT(*) AS think_count FROM `cmf_product` WHERE  `category_id` = 30 LIMIT 1 [ RunTime:0.000232s ]
[2026-06-17T17:23:09+08:00][sql] SELECT COUNT(*) AS think_count FROM `cmf_product` WHERE  `category_id` = 22 LIMIT 1 [ RunTime:0.000301s ]
[2026-06-17T17:23:09+08:00][sql] SELECT COUNT(*) AS think_count FROM `cmf_product` WHERE  `category_id` = 27 LIMIT 1 [ RunTime:0.000242s ]
[2026-06-17T17:23:09+08:00][sql] SELECT COUNT(*) AS think_count FROM `cmf_product` LIMIT 1 [ RunTime:0.000220s ]
[2026-06-17T17:23:09+08:00][sql] SELECT `id`,`category_id`,`title`,`thumbnail`,`industry`,`overview` FROM `cmf_product` ORDER BY `list_order` ASC,`create_time` DESC LIMIT 0,12 [ RunTime:0.000512s ]
[2026-06-17T17:23:09+08:00][sql] SHOW FULL COLUMNS FROM `cmf_slide_item` [ RunTime:0.001085s ]
[2026-06-17T17:23:09+08:00][sql] SELECT `title`,`description`,`image` FROM `cmf_slide_item` WHERE  `slide_id` = 7  AND `status` = 1 ORDER BY `list_order` ASC,`id` DESC LIMIT 1 [ RunTime:0.000439s ]
[2026-06-17T17:23:09+08:00][sql] SELECT `option_value` FROM `cmf_option` WHERE  `option_name` = 'storage' LIMIT 1 [ RunTime:0.000318s ]
[2026-06-17T17:23:09+08:00][sql] SHOW FULL COLUMNS FROM `cmf_portal_post` [ RunTime:0.001655s ]
[2026-06-17T17:23:09+08:00][sql] SELECT `id`,`post_title`,`post_excerpt`,`more` FROM `cmf_portal_post` WHERE (  `post_type` = 3 ) AND `cmf_portal_post`.`delete_time` = '0' ORDER BY `create_time` DESC [ RunTime:0.000477s ]
[2026-06-17T17:23:09+08:00][sql] SHOW FULL COLUMNS FROM `cmf_theme_file` [ RunTime:0.001062s ]
[2026-06-17T17:23:09+08:00][sql] SELECT `more`,`file`,`id` FROM `cmf_theme_file` WHERE  `theme` = 'simpleboot3_mobile'  AND (  `is_public` = 1 OR `file` = 'portal/product' ) ORDER BY `is_public` DESC [ RunTime:0.000454s ]
[2026-06-17T17:23:26+08:00][sql] CONNECT:[ UseTime:0.001695s ] mysql:host=127.0.0.1;port=3306;dbname=newncl;charset=utf8mb4
[2026-06-17T17:23:26+08:00][sql] SHOW FULL COLUMNS FROM `cmf_option` [ RunTime:0.003114s ]
[2026-06-17T17:23:26+08:00][sql] SELECT `option_value` FROM `cmf_option` WHERE  `option_name` = 'cdn_settings' LIMIT 1 [ RunTime:0.000591s ]
[2026-06-17T17:23:26+08:00][sql] SELECT `option_value` FROM `cmf_option` WHERE  `option_name` = 'cdn_settings' LIMIT 1 [ RunTime:0.000873s ]
[2026-06-17T17:23:26+08:00][sql] SHOW FULL COLUMNS FROM `cmf_product_category` [ RunTime:0.002118s ]
[2026-06-17T17:23:26+08:00][sql] SELECT * FROM `cmf_product_category` WHERE  `parent_id` = 0 ORDER BY `list_order` ASC,`create_time` DESC [ RunTime:0.000659s ]
[2026-06-17T17:23:26+08:00][sql] SELECT * FROM `cmf_product_category` WHERE  `parent_id` IN (28,19,23,25,30,22,27) [ RunTime:0.000536s ]
[2026-06-17T17:23:26+08:00][sql] SHOW FULL COLUMNS FROM `cmf_portal_category` [ RunTime:0.001392s ]
[2026-06-17T17:23:26+08:00][sql] SELECT * FROM `cmf_portal_category` WHERE (  `type` = 8 ) AND `cmf_portal_category`.`delete_time` = '0' ORDER BY `list_order` ASC [ RunTime:0.000460s ]
[2026-06-17T17:23:26+08:00][sql] SHOW FULL COLUMNS FROM `cmf_slide_item` [ RunTime:0.001120s ]
[2026-06-17T17:23:26+08:00][sql] SELECT `title`,`description`,`image`,`url`,`target`,`content` FROM `cmf_slide_item` WHERE  `slide_id` = 1 ORDER BY `list_order` ASC [ RunTime:0.000437s ]
[2026-06-17T17:23:26+08:00][sql] SHOW FULL COLUMNS FROM `cmf_slide` [ RunTime:0.000982s ]
[2026-06-17T17:23:26+08:00][sql] SELECT * FROM `cmf_slide` WHERE  `name` LIKE '%choose%' OR `name` LIKE '%选择%' LIMIT 1 [ RunTime:0.000734s ]
[2026-06-17T17:23:26+08:00][sql] SELECT `title`,`description`,`image`,`url`,`target`,`content` FROM `cmf_slide_item` WHERE  `slide_id` = 14  AND `status` = 1 ORDER BY `list_order` ASC [ RunTime:0.000610s ]
[2026-06-17T17:23:26+08:00][sql] SELECT * FROM `cmf_product_category` WHERE  `parent_id` = 0  AND `recommend` = 1 ORDER BY `list_order` ASC,`create_time` DESC [ RunTime:0.000620s ]
[2026-06-17T17:23:26+08:00][sql] SHOW FULL COLUMNS FROM `cmf_product` [ RunTime:0.001856s ]
[2026-06-17T17:23:26+08:00][sql] SELECT `id`,`title`,`thumbnail`,`industry` FROM `cmf_product` WHERE  `is_recommended` = 1  AND `category_id` = 28 ORDER BY `list_order` ASC LIMIT 6 [ RunTime:0.000767s ]
[2026-06-17T17:23:26+08:00][sql] SELECT `id`,`title`,`thumbnail`,`industry` FROM `cmf_product` WHERE  `is_recommended` = 1  AND `category_id` = 19 ORDER BY `list_order` ASC LIMIT 6 [ RunTime:0.000423s ]
[2026-06-17T17:23:26+08:00][sql] SELECT `id`,`title`,`thumbnail`,`industry` FROM `cmf_product` WHERE  `is_recommended` = 1  AND `category_id` = 23 ORDER BY `list_order` ASC LIMIT 6 [ RunTime:0.000324s ]
[2026-06-17T17:23:26+08:00][sql] SELECT `id`,`title`,`thumbnail`,`industry` FROM `cmf_product` WHERE  `is_recommended` = 1  AND `category_id` = 25 ORDER BY `list_order` ASC LIMIT 6 [ RunTime:0.000390s ]
[2026-06-17T17:23:26+08:00][sql] SELECT `id`,`title`,`thumbnail`,`industry` FROM `cmf_product` WHERE  `is_recommended` = 1  AND `category_id` = 30 ORDER BY `list_order` ASC LIMIT 6 [ RunTime:0.000333s ]
[2026-06-17T17:23:26+08:00][sql] SHOW FULL COLUMNS FROM `cmf_portal_post` [ RunTime:0.001291s ]
[2026-06-17T17:23:26+08:00][sql] SELECT `p`.`id`,`p`.`post_title`,`p`.`post_excerpt`,`p`.`thumbnail`,`p`.`create_time`,`c`.`category_id` FROM `cmf_portal_post` `p` INNER JOIN `cmf_portal_category_post` `c` ON `p`.`id`=`c`.`post_id` WHERE (  `p`.`post_type` = '8' ) AND `p`.`delete_time` = '0' ORDER BY `c`.`list_order` ASC,`p`.`create_time` DESC [ RunTime:0.000931s ]
[2026-06-17T17:23:26+08:00][sql] SELECT `id`,`post_title`,`post_excerpt`,`more` FROM `cmf_portal_post` WHERE (  `post_type` = 3 ) AND `cmf_portal_post`.`delete_time` = '0' ORDER BY `create_time` DESC [ RunTime:0.000425s ]
[2026-06-17T17:23:26+08:00][sql] SHOW FULL COLUMNS FROM `cmf_theme_file` [ RunTime:0.001008s ]
[2026-06-17T17:23:26+08:00][sql] SELECT `more`,`file`,`id` FROM `cmf_theme_file` WHERE  `theme` = 'simpleboot3_mobile'  AND (  `is_public` = 1 OR `file` = 'portal/index' ) ORDER BY `is_public` DESC [ RunTime:0.000351s ]
[2026-06-17T17:23:26+08:00][sql] SELECT `option_value` FROM `cmf_option` WHERE  `option_name` = 'storage' LIMIT 1 [ RunTime:0.000534s ]
[2026-06-17T17:23:39+08:00][sql] CONNECT:[ UseTime:0.001568s ] mysql:host=127.0.0.1;port=3306;dbname=newncl;charset=utf8mb4
[2026-06-17T17:23:39+08:00][sql] SHOW FULL COLUMNS FROM `cmf_option` [ RunTime:0.002158s ]
[2026-06-17T17:23:39+08:00][sql] SELECT `option_value` FROM `cmf_option` WHERE  `option_name` = 'cdn_settings' LIMIT 1 [ RunTime:0.000379s ]
[2026-06-17T17:23:39+08:00][sql] SELECT `option_value` FROM `cmf_option` WHERE  `option_name` = 'cdn_settings' LIMIT 1 [ RunTime:0.000312s ]
[2026-06-17T17:23:39+08:00][sql] SHOW FULL COLUMNS FROM `cmf_product_category` [ RunTime:0.002011s ]
[2026-06-17T17:23:39+08:00][sql] SELECT * FROM `cmf_product_category` WHERE  `parent_id` = 0 ORDER BY `list_order` ASC,`create_time` DESC [ RunTime:0.001005s ]
[2026-06-17T17:23:39+08:00][sql] SELECT * FROM `cmf_product_category` WHERE  `parent_id` IN (28,19,23,25,30,22,27) [ RunTime:0.000549s ]
[2026-06-17T17:23:39+08:00][sql] SHOW FULL COLUMNS FROM `cmf_portal_category` [ RunTime:0.001662s ]
[2026-06-17T17:23:39+08:00][sql] SELECT * FROM `cmf_portal_category` WHERE (  `type` = 8 ) AND `cmf_portal_category`.`delete_time` = '0' ORDER BY `list_order` ASC [ RunTime:0.000442s ]
[2026-06-17T17:23:39+08:00][sql] SHOW FULL COLUMNS FROM `cmf_product` [ RunTime:0.001401s ]
[2026-06-17T17:23:39+08:00][sql] SELECT COUNT(*) AS think_count FROM `cmf_product` WHERE  `category_id` = 28 LIMIT 1 [ RunTime:0.000379s ]
[2026-06-17T17:23:39+08:00][sql] SELECT COUNT(*) AS think_count FROM `cmf_product` WHERE  `category_id` = 19 LIMIT 1 [ RunTime:0.000267s ]
[2026-06-17T17:23:39+08:00][sql] SELECT COUNT(*) AS think_count FROM `cmf_product` WHERE  `category_id` = 23 LIMIT 1 [ RunTime:0.000252s ]
[2026-06-17T17:23:39+08:00][sql] SELECT COUNT(*) AS think_count FROM `cmf_product` WHERE  `category_id` = 25 LIMIT 1 [ RunTime:0.000417s ]
[2026-06-17T17:23:39+08:00][sql] SELECT COUNT(*) AS think_count FROM `cmf_product` WHERE  `category_id` = 30 LIMIT 1 [ RunTime:0.000353s ]
[2026-06-17T17:23:39+08:00][sql] SELECT COUNT(*) AS think_count FROM `cmf_product` WHERE  `category_id` = 22 LIMIT 1 [ RunTime:0.000298s ]
[2026-06-17T17:23:39+08:00][sql] SELECT COUNT(*) AS think_count FROM `cmf_product` WHERE  `category_id` = 27 LIMIT 1 [ RunTime:0.000330s ]
[2026-06-17T17:23:39+08:00][sql] SELECT COUNT(*) AS think_count FROM `cmf_product` LIMIT 1 [ RunTime:0.000348s ]
[2026-06-17T17:23:39+08:00][sql] SELECT `id`,`category_id`,`title`,`thumbnail`,`industry`,`overview` FROM `cmf_product` ORDER BY `list_order` ASC,`create_time` DESC LIMIT 0,12 [ RunTime:0.001037s ]
[2026-06-17T17:23:39+08:00][sql] SHOW FULL COLUMNS FROM `cmf_slide_item` [ RunTime:0.001181s ]
[2026-06-17T17:23:39+08:00][sql] SELECT `title`,`description`,`image` FROM `cmf_slide_item` WHERE  `slide_id` = 7  AND `status` = 1 ORDER BY `list_order` ASC,`id` DESC LIMIT 1 [ RunTime:0.000479s ]
[2026-06-17T17:23:39+08:00][sql] SELECT `option_value` FROM `cmf_option` WHERE  `option_name` = 'storage' LIMIT 1 [ RunTime:0.000241s ]
[2026-06-17T17:23:39+08:00][sql] SHOW FULL COLUMNS FROM `cmf_portal_post` [ RunTime:0.001281s ]
[2026-06-17T17:23:39+08:00][sql] SELECT `id`,`post_title`,`post_excerpt`,`more` FROM `cmf_portal_post` WHERE (  `post_type` = 3 ) AND `cmf_portal_post`.`delete_time` = '0' ORDER BY `create_time` DESC [ RunTime:0.000514s ]
[2026-06-17T17:23:39+08:00][sql] SHOW FULL COLUMNS FROM `cmf_theme_file` [ RunTime:0.001362s ]
[2026-06-17T17:23:39+08:00][sql] SELECT `more`,`file`,`id` FROM `cmf_theme_file` WHERE  `theme` = 'simpleboot3_mobile'  AND (  `is_public` = 1 OR `file` = 'portal/product' ) ORDER BY `is_public` DESC [ RunTime:0.000379s ]
[2026-06-17T17:31:49+08:00][sql] CONNECT:[ UseTime:0.001275s ] mysql:host=127.0.0.1;port=3306;dbname=newncl;charset=utf8mb4
[2026-06-17T17:31:49+08:00][sql] SHOW FULL COLUMNS FROM `cmf_option` [ RunTime:0.002140s ]
[2026-06-17T17:31:49+08:00][sql] SELECT `option_value` FROM `cmf_option` WHERE  `option_name` = 'cdn_settings' LIMIT 1 [ RunTime:0.000345s ]
[2026-06-17T17:31:49+08:00][sql] SELECT `option_value` FROM `cmf_option` WHERE  `option_name` = 'cdn_settings' LIMIT 1 [ RunTime:0.000457s ]
[2026-06-17T17:31:49+08:00][sql] SHOW FULL COLUMNS FROM `cmf_product_category` [ RunTime:0.001203s ]
[2026-06-17T17:31:49+08:00][sql] SELECT * FROM `cmf_product_category` WHERE  `parent_id` = 0 ORDER BY `list_order` ASC,`create_time` DESC [ RunTime:0.000513s ]
[2026-06-17T17:31:49+08:00][sql] SELECT * FROM `cmf_product_category` WHERE  `parent_id` IN (28,19,23,25,30,22,27) [ RunTime:0.000333s ]
[2026-06-17T17:31:49+08:00][sql] SHOW FULL COLUMNS FROM `cmf_portal_category` [ RunTime:0.001233s ]
[2026-06-17T17:31:49+08:00][sql] SELECT * FROM `cmf_portal_category` WHERE (  `type` = 8 ) AND `cmf_portal_category`.`delete_time` = '0' ORDER BY `list_order` ASC [ RunTime:0.000447s ]
[2026-06-17T17:31:49+08:00][sql] SHOW FULL COLUMNS FROM `cmf_product` [ RunTime:0.001965s ]
[2026-06-17T17:31:49+08:00][sql] SELECT COUNT(*) AS think_count FROM `cmf_product` WHERE  `category_id` = 28 LIMIT 1 [ RunTime:0.000793s ]
[2026-06-17T17:31:49+08:00][sql] SELECT COUNT(*) AS think_count FROM `cmf_product` WHERE  `category_id` = 19 LIMIT 1 [ RunTime:0.000340s ]
[2026-06-17T17:31:49+08:00][sql] SELECT COUNT(*) AS think_count FROM `cmf_product` WHERE  `category_id` = 23 LIMIT 1 [ RunTime:0.000318s ]
[2026-06-17T17:31:49+08:00][sql] SELECT COUNT(*) AS think_count FROM `cmf_product` WHERE  `category_id` = 25 LIMIT 1 [ RunTime:0.000313s ]
[2026-06-17T17:31:49+08:00][sql] SELECT COUNT(*) AS think_count FROM `cmf_product` WHERE  `category_id` = 30 LIMIT 1 [ RunTime:0.000303s ]
[2026-06-17T17:31:49+08:00][sql] SELECT COUNT(*) AS think_count FROM `cmf_product` WHERE  `category_id` = 22 LIMIT 1 [ RunTime:0.000295s ]
[2026-06-17T17:31:49+08:00][sql] SELECT COUNT(*) AS think_count FROM `cmf_product` WHERE  `category_id` = 27 LIMIT 1 [ RunTime:0.000265s ]
[2026-06-17T17:31:49+08:00][sql] SELECT COUNT(*) AS think_count FROM `cmf_product` LIMIT 1 [ RunTime:0.000314s ]
[2026-06-17T17:31:49+08:00][sql] SELECT `id`,`category_id`,`title`,`thumbnail`,`industry`,`overview` FROM `cmf_product` ORDER BY `list_order` ASC,`create_time` DESC LIMIT 0,12 [ RunTime:0.000642s ]
[2026-06-17T17:31:49+08:00][sql] SHOW FULL COLUMNS FROM `cmf_slide_item` [ RunTime:0.001202s ]
[2026-06-17T17:31:49+08:00][sql] SELECT `title`,`description`,`image` FROM `cmf_slide_item` WHERE  `slide_id` = 7  AND `status` = 1 ORDER BY `list_order` ASC,`id` DESC LIMIT 1 [ RunTime:0.000478s ]
[2026-06-17T17:31:49+08:00][sql] SELECT `option_value` FROM `cmf_option` WHERE  `option_name` = 'storage' LIMIT 1 [ RunTime:0.000239s ]
[2026-06-17T17:31:49+08:00][sql] SHOW FULL COLUMNS FROM `cmf_portal_post` [ RunTime:0.001223s ]
[2026-06-17T17:31:49+08:00][sql] SELECT `id`,`post_title`,`post_excerpt`,`more` FROM `cmf_portal_post` WHERE (  `post_type` = 3 ) AND `cmf_portal_post`.`delete_time` = '0' ORDER BY `create_time` DESC [ RunTime:0.000572s ]
[2026-06-17T17:31:49+08:00][sql] SHOW FULL COLUMNS FROM `cmf_theme_file` [ RunTime:0.001091s ]
[2026-06-17T17:31:49+08:00][sql] SELECT `more`,`file`,`id` FROM `cmf_theme_file` WHERE  `theme` = 'simpleboot3_mobile'  AND (  `is_public` = 1 OR `file` = 'portal/product' ) ORDER BY `is_public` DESC [ RunTime:0.000577s ]
[2026-06-17T17:32:05+08:00][sql] CONNECT:[ UseTime:0.000966s ] mysql:host=127.0.0.1;port=3306;dbname=newncl;charset=utf8mb4
[2026-06-17T17:32:05+08:00][sql] SHOW FULL COLUMNS FROM `cmf_option` [ RunTime:0.002348s ]
[2026-06-17T17:32:05+08:00][sql] SELECT `option_value` FROM `cmf_option` WHERE  `option_name` = 'cdn_settings' LIMIT 1 [ RunTime:0.000315s ]
[2026-06-17T17:32:05+08:00][sql] SELECT `option_value` FROM `cmf_option` WHERE  `option_name` = 'cdn_settings' LIMIT 1 [ RunTime:0.000319s ]
[2026-06-17T17:32:05+08:00][sql] SHOW FULL COLUMNS FROM `cmf_product_category` [ RunTime:0.001099s ]
[2026-06-17T17:32:05+08:00][sql] SELECT * FROM `cmf_product_category` WHERE  `parent_id` = 0 ORDER BY `list_order` ASC,`create_time` DESC [ RunTime:0.000482s ]
[2026-06-17T17:32:05+08:00][sql] SELECT * FROM `cmf_product_category` WHERE  `parent_id` IN (28,19,23,25,30,22,27) [ RunTime:0.000288s ]
[2026-06-17T17:32:05+08:00][sql] SHOW FULL COLUMNS FROM `cmf_portal_category` [ RunTime:0.001052s ]
[2026-06-17T17:32:05+08:00][sql] SELECT * FROM `cmf_portal_category` WHERE (  `type` = 8 ) AND `cmf_portal_category`.`delete_time` = '0' ORDER BY `list_order` ASC [ RunTime:0.000509s ]
[2026-06-17T17:32:05+08:00][sql] SHOW FULL COLUMNS FROM `cmf_product` [ RunTime:0.001572s ]
[2026-06-17T17:32:05+08:00][sql] SELECT COUNT(*) AS think_count FROM `cmf_product` WHERE  `category_id` = 28 LIMIT 1 [ RunTime:0.000460s ]
[2026-06-17T17:32:05+08:00][sql] SELECT COUNT(*) AS think_count FROM `cmf_product` WHERE  `category_id` = 19 LIMIT 1 [ RunTime:0.000282s ]
[2026-06-17T17:32:05+08:00][sql] SELECT COUNT(*) AS think_count FROM `cmf_product` WHERE  `category_id` = 23 LIMIT 1 [ RunTime:0.000268s ]
[2026-06-17T17:32:05+08:00][sql] SELECT COUNT(*) AS think_count FROM `cmf_product` WHERE  `category_id` = 25 LIMIT 1 [ RunTime:0.000251s ]
[2026-06-17T17:32:05+08:00][sql] SELECT COUNT(*) AS think_count FROM `cmf_product` WHERE  `category_id` = 30 LIMIT 1 [ RunTime:0.000234s ]
[2026-06-17T17:32:05+08:00][sql] SELECT COUNT(*) AS think_count FROM `cmf_product` WHERE  `category_id` = 22 LIMIT 1 [ RunTime:0.000252s ]
[2026-06-17T17:32:05+08:00][sql] SELECT COUNT(*) AS think_count FROM `cmf_product` WHERE  `category_id` = 27 LIMIT 1 [ RunTime:0.000220s ]
[2026-06-17T17:32:05+08:00][sql] SELECT COUNT(*) AS think_count FROM `cmf_product` LIMIT 1 [ RunTime:0.000210s ]
[2026-06-17T17:32:05+08:00][sql] SELECT `id`,`category_id`,`title`,`thumbnail`,`industry`,`overview` FROM `cmf_product` ORDER BY `list_order` ASC,`create_time` DESC LIMIT 0,12 [ RunTime:0.000528s ]
[2026-06-17T17:32:05+08:00][sql] SHOW FULL COLUMNS FROM `cmf_slide_item` [ RunTime:0.000955s ]
[2026-06-17T17:32:05+08:00][sql] SELECT `title`,`description`,`image` FROM `cmf_slide_item` WHERE  `slide_id` = 7  AND `status` = 1 ORDER BY `list_order` ASC,`id` DESC LIMIT 1 [ RunTime:0.000430s ]
[2026-06-17T17:32:05+08:00][sql] SELECT `option_value` FROM `cmf_option` WHERE  `option_name` = 'storage' LIMIT 1 [ RunTime:0.000255s ]
[2026-06-17T17:32:05+08:00][sql] SHOW FULL COLUMNS FROM `cmf_portal_post` [ RunTime:0.001183s ]
[2026-06-17T17:32:05+08:00][sql] SELECT `id`,`post_title`,`post_excerpt`,`more` FROM `cmf_portal_post` WHERE (  `post_type` = 3 ) AND `cmf_portal_post`.`delete_time` = '0' ORDER BY `create_time` DESC [ RunTime:0.000456s ]
[2026-06-17T17:32:05+08:00][sql] SHOW FULL COLUMNS FROM `cmf_theme_file` [ RunTime:0.001096s ]
[2026-06-17T17:32:05+08:00][sql] SELECT `more`,`file`,`id` FROM `cmf_theme_file` WHERE  `theme` = 'simpleboot3_mobile'  AND (  `is_public` = 1 OR `file` = 'portal/product' ) ORDER BY `is_public` DESC [ RunTime:0.000486s ]
[2026-06-17T17:32:18+08:00][sql] CONNECT:[ UseTime:0.001229s ] mysql:host=127.0.0.1;port=3306;dbname=newncl;charset=utf8mb4
[2026-06-17T17:32:18+08:00][sql] SHOW FULL COLUMNS FROM `cmf_option` [ RunTime:0.002065s ]
[2026-06-17T17:32:18+08:00][sql] SELECT `option_value` FROM `cmf_option` WHERE  `option_name` = 'cdn_settings' LIMIT 1 [ RunTime:0.000290s ]
[2026-06-17T17:32:18+08:00][sql] SELECT `option_value` FROM `cmf_option` WHERE  `option_name` = 'cdn_settings' LIMIT 1 [ RunTime:0.000257s ]
[2026-06-17T17:32:18+08:00][sql] SHOW FULL COLUMNS FROM `cmf_product_category` [ RunTime:0.000816s ]
[2026-06-17T17:32:18+08:00][sql] SELECT * FROM `cmf_product_category` WHERE  `parent_id` = 0 ORDER BY `list_order` ASC,`create_time` DESC [ RunTime:0.000389s ]
[2026-06-17T17:32:18+08:00][sql] SELECT * FROM `cmf_product_category` WHERE  `parent_id` IN (28,19,23,25,30,22,27) [ RunTime:0.000570s ]
[2026-06-17T17:32:18+08:00][sql] SHOW FULL COLUMNS FROM `cmf_portal_category` [ RunTime:0.001749s ]
[2026-06-17T17:32:18+08:00][sql] SELECT * FROM `cmf_portal_category` WHERE (  `type` = 8 ) AND `cmf_portal_category`.`delete_time` = '0' ORDER BY `list_order` ASC [ RunTime:0.000693s ]
[2026-06-17T17:32:18+08:00][sql] SHOW FULL COLUMNS FROM `cmf_product` [ RunTime:0.001356s ]
[2026-06-17T17:32:18+08:00][sql] SELECT COUNT(*) AS think_count FROM `cmf_product` WHERE  `category_id` = 28 LIMIT 1 [ RunTime:0.000451s ]
[2026-06-17T17:32:18+08:00][sql] SELECT COUNT(*) AS think_count FROM `cmf_product` WHERE  `category_id` = 19 LIMIT 1 [ RunTime:0.000257s ]
[2026-06-17T17:32:18+08:00][sql] SELECT COUNT(*) AS think_count FROM `cmf_product` WHERE  `category_id` = 23 LIMIT 1 [ RunTime:0.000226s ]
[2026-06-17T17:32:18+08:00][sql] SELECT COUNT(*) AS think_count FROM `cmf_product` WHERE  `category_id` = 25 LIMIT 1 [ RunTime:0.000242s ]
[2026-06-17T17:32:18+08:00][sql] SELECT COUNT(*) AS think_count FROM `cmf_product` WHERE  `category_id` = 30 LIMIT 1 [ RunTime:0.000199s ]
[2026-06-17T17:32:18+08:00][sql] SELECT COUNT(*) AS think_count FROM `cmf_product` WHERE  `category_id` = 22 LIMIT 1 [ RunTime:0.000188s ]
[2026-06-17T17:32:18+08:00][sql] SELECT COUNT(*) AS think_count FROM `cmf_product` WHERE  `category_id` = 27 LIMIT 1 [ RunTime:0.000177s ]
[2026-06-17T17:32:18+08:00][sql] SELECT COUNT(*) AS think_count FROM `cmf_product` LIMIT 1 [ RunTime:0.000231s ]
[2026-06-17T17:32:18+08:00][sql] SELECT `id`,`category_id`,`title`,`thumbnail`,`industry`,`overview` FROM `cmf_product` ORDER BY `list_order` ASC,`create_time` DESC LIMIT 0,12 [ RunTime:0.000371s ]
[2026-06-17T17:32:18+08:00][sql] SHOW FULL COLUMNS FROM `cmf_slide_item` [ RunTime:0.002117s ]
[2026-06-17T17:32:18+08:00][sql] SELECT `title`,`description`,`image` FROM `cmf_slide_item` WHERE  `slide_id` = 7  AND `status` = 1 ORDER BY `list_order` ASC,`id` DESC LIMIT 1 [ RunTime:0.000765s ]
[2026-06-17T17:32:18+08:00][sql] SELECT `option_value` FROM `cmf_option` WHERE  `option_name` = 'storage' LIMIT 1 [ RunTime:0.000342s ]
[2026-06-17T17:32:18+08:00][sql] SHOW FULL COLUMNS FROM `cmf_portal_post` [ RunTime:0.001189s ]
[2026-06-17T17:32:18+08:00][sql] SELECT `id`,`post_title`,`post_excerpt`,`more` FROM `cmf_portal_post` WHERE (  `post_type` = 3 ) AND `cmf_portal_post`.`delete_time` = '0' ORDER BY `create_time` DESC [ RunTime:0.000464s ]
[2026-06-17T17:32:18+08:00][sql] SHOW FULL COLUMNS FROM `cmf_theme_file` [ RunTime:0.001165s ]
[2026-06-17T17:32:18+08:00][sql] SELECT `more`,`file`,`id` FROM `cmf_theme_file` WHERE  `theme` = 'simpleboot3_mobile'  AND (  `is_public` = 1 OR `file` = 'portal/product' ) ORDER BY `is_public` DESC [ RunTime:0.000513s ]
[2026-06-17T17:32:21+08:00][sql] CONNECT:[ UseTime:0.000862s ] mysql:host=127.0.0.1;port=3306;dbname=newncl;charset=utf8mb4
[2026-06-17T17:32:21+08:00][sql] SHOW FULL COLUMNS FROM `cmf_option` [ RunTime:0.004925s ]
[2026-06-17T17:32:21+08:00][sql] SELECT `option_value` FROM `cmf_option` WHERE  `option_name` = 'cdn_settings' LIMIT 1 [ RunTime:0.000874s ]
[2026-06-17T17:32:21+08:00][sql] SELECT `option_value` FROM `cmf_option` WHERE  `option_name` = 'cdn_settings' LIMIT 1 [ RunTime:0.000347s ]
[2026-06-17T17:32:21+08:00][sql] SHOW FULL COLUMNS FROM `cmf_product_category` [ RunTime:0.003845s ]
[2026-06-17T17:32:21+08:00][sql] SELECT * FROM `cmf_product_category` WHERE  `parent_id` = 0 ORDER BY `list_order` ASC,`create_time` DESC [ RunTime:0.001057s ]
[2026-06-17T17:32:21+08:00][sql] SELECT * FROM `cmf_product_category` WHERE  `parent_id` IN (28,19,23,25,30,22,27) [ RunTime:0.000691s ]
[2026-06-17T17:32:21+08:00][sql] SHOW FULL COLUMNS FROM `cmf_portal_category` [ RunTime:0.001564s ]
[2026-06-17T17:32:21+08:00][sql] SELECT * FROM `cmf_portal_category` WHERE (  `type` = 8 ) AND `cmf_portal_category`.`delete_time` = '0' ORDER BY `list_order` ASC [ RunTime:0.001252s ]
[2026-06-17T17:32:21+08:00][sql] SHOW FULL COLUMNS FROM `cmf_product` [ RunTime:0.002622s ]
[2026-06-17T17:32:21+08:00][sql] SELECT COUNT(*) AS think_count FROM `cmf_product` WHERE  `category_id` = 28 LIMIT 1 [ RunTime:0.000709s ]
[2026-06-17T17:32:21+08:00][sql] SELECT COUNT(*) AS think_count FROM `cmf_product` WHERE  `category_id` = 19 LIMIT 1 [ RunTime:0.000332s ]
[2026-06-17T17:32:21+08:00][sql] SELECT COUNT(*) AS think_count FROM `cmf_product` WHERE  `category_id` = 23 LIMIT 1 [ RunTime:0.000266s ]
[2026-06-17T17:32:21+08:00][sql] SELECT COUNT(*) AS think_count FROM `cmf_product` WHERE  `category_id` = 25 LIMIT 1 [ RunTime:0.000279s ]
[2026-06-17T17:32:21+08:00][sql] SELECT COUNT(*) AS think_count FROM `cmf_product` WHERE  `category_id` = 30 LIMIT 1 [ RunTime:0.000265s ]
[2026-06-17T17:32:21+08:00][sql] SELECT COUNT(*) AS think_count FROM `cmf_product` WHERE  `category_id` = 22 LIMIT 1 [ RunTime:0.000269s ]
[2026-06-17T17:32:21+08:00][sql] SELECT COUNT(*) AS think_count FROM `cmf_product` WHERE  `category_id` = 27 LIMIT 1 [ RunTime:0.000244s ]
[2026-06-17T17:32:21+08:00][sql] SELECT COUNT(*) AS think_count FROM `cmf_product` LIMIT 1 [ RunTime:0.000272s ]
[2026-06-17T17:32:21+08:00][sql] SELECT `id`,`category_id`,`title`,`thumbnail`,`industry`,`overview` FROM `cmf_product` ORDER BY `list_order` ASC,`create_time` DESC LIMIT 0,12 [ RunTime:0.000495s ]
[2026-06-17T17:32:21+08:00][sql] SHOW FULL COLUMNS FROM `cmf_slide_item` [ RunTime:0.001597s ]
[2026-06-17T17:32:21+08:00][sql] SELECT `title`,`description`,`image` FROM `cmf_slide_item` WHERE  `slide_id` = 7  AND `status` = 1 ORDER BY `list_order` ASC,`id` DESC LIMIT 1 [ RunTime:0.000631s ]
[2026-06-17T17:32:21+08:00][sql] SELECT `option_value` FROM `cmf_option` WHERE  `option_name` = 'storage' LIMIT 1 [ RunTime:0.000254s ]
[2026-06-17T17:32:21+08:00][sql] SHOW FULL COLUMNS FROM `cmf_portal_post` [ RunTime:0.001545s ]
[2026-06-17T17:32:21+08:00][sql] SELECT `id`,`post_title`,`post_excerpt`,`more` FROM `cmf_portal_post` WHERE (  `post_type` = 3 ) AND `cmf_portal_post`.`delete_time` = '0' ORDER BY `create_time` DESC [ RunTime:0.001151s ]
[2026-06-17T17:32:21+08:00][sql] SHOW FULL COLUMNS FROM `cmf_theme_file` [ RunTime:0.001336s ]
[2026-06-17T17:32:21+08:00][sql] SELECT `more`,`file`,`id` FROM `cmf_theme_file` WHERE  `theme` = 'simpleboot3_mobile'  AND (  `is_public` = 1 OR `file` = 'portal/product' ) ORDER BY `is_public` DESC [ RunTime:0.000622s ]
[2026-06-17T17:32:28+08:00][sql] CONNECT:[ UseTime:0.001465s ] mysql:host=127.0.0.1;port=3306;dbname=newncl;charset=utf8mb4
[2026-06-17T17:32:28+08:00][sql] SHOW FULL COLUMNS FROM `cmf_option` [ RunTime:0.002859s ]
[2026-06-17T17:32:28+08:00][sql] SELECT `option_value` FROM `cmf_option` WHERE  `option_name` = 'cdn_settings' LIMIT 1 [ RunTime:0.000410s ]
[2026-06-17T17:32:28+08:00][sql] SELECT `option_value` FROM `cmf_option` WHERE  `option_name` = 'cdn_settings' LIMIT 1 [ RunTime:0.000396s ]
[2026-06-17T17:32:28+08:00][sql] SHOW FULL COLUMNS FROM `cmf_product_category` [ RunTime:0.001219s ]
[2026-06-17T17:32:28+08:00][sql] SELECT * FROM `cmf_product_category` WHERE  `parent_id` = 0 ORDER BY `list_order` ASC,`create_time` DESC [ RunTime:0.000448s ]
[2026-06-17T17:32:28+08:00][sql] SELECT * FROM `cmf_product_category` WHERE  `parent_id` IN (28,19,23,25,30,22,27) [ RunTime:0.000312s ]
[2026-06-17T17:32:28+08:00][sql] SHOW FULL COLUMNS FROM `cmf_portal_category` [ RunTime:0.001999s ]
[2026-06-17T17:32:28+08:00][sql] SELECT * FROM `cmf_portal_category` WHERE (  `type` = 8 ) AND `cmf_portal_category`.`delete_time` = '0' ORDER BY `list_order` ASC [ RunTime:0.000518s ]
[2026-06-17T17:32:28+08:00][sql] SHOW FULL COLUMNS FROM `cmf_slide_item` [ RunTime:0.001125s ]
[2026-06-17T17:32:28+08:00][sql] SELECT `title`,`description`,`image`,`url`,`target`,`content` FROM `cmf_slide_item` WHERE  `slide_id` = 1 ORDER BY `list_order` ASC [ RunTime:0.000432s ]
[2026-06-17T17:32:28+08:00][sql] SHOW FULL COLUMNS FROM `cmf_slide` [ RunTime:0.001368s ]
[2026-06-17T17:32:28+08:00][sql] SELECT * FROM `cmf_slide` WHERE  `name` LIKE '%choose%' OR `name` LIKE '%选择%' LIMIT 1 [ RunTime:0.000379s ]
[2026-06-17T17:32:28+08:00][sql] SELECT `title`,`description`,`image`,`url`,`target`,`content` FROM `cmf_slide_item` WHERE  `slide_id` = 14  AND `status` = 1 ORDER BY `list_order` ASC [ RunTime:0.000348s ]
[2026-06-17T17:32:28+08:00][sql] SELECT * FROM `cmf_product_category` WHERE  `parent_id` = 0  AND `recommend` = 1 ORDER BY `list_order` ASC,`create_time` DESC [ RunTime:0.000318s ]
[2026-06-17T17:32:28+08:00][sql] SHOW FULL COLUMNS FROM `cmf_product` [ RunTime:0.001318s ]
[2026-06-17T17:32:28+08:00][sql] SELECT `id`,`title`,`thumbnail`,`industry` FROM `cmf_product` WHERE  `is_recommended` = 1  AND `category_id` = 28 ORDER BY `list_order` ASC LIMIT 6 [ RunTime:0.000461s ]
[2026-06-17T17:32:28+08:00][sql] SELECT `id`,`title`,`thumbnail`,`industry` FROM `cmf_product` WHERE  `is_recommended` = 1  AND `category_id` = 19 ORDER BY `list_order` ASC LIMIT 6 [ RunTime:0.000391s ]
[2026-06-17T17:32:28+08:00][sql] SELECT `id`,`title`,`thumbnail`,`industry` FROM `cmf_product` WHERE  `is_recommended` = 1  AND `category_id` = 23 ORDER BY `list_order` ASC LIMIT 6 [ RunTime:0.000297s ]
[2026-06-17T17:32:28+08:00][sql] SELECT `id`,`title`,`thumbnail`,`industry` FROM `cmf_product` WHERE  `is_recommended` = 1  AND `category_id` = 25 ORDER BY `list_order` ASC LIMIT 6 [ RunTime:0.000380s ]
[2026-06-17T17:32:28+08:00][sql] SELECT `id`,`title`,`thumbnail`,`industry` FROM `cmf_product` WHERE  `is_recommended` = 1  AND `category_id` = 30 ORDER BY `list_order` ASC LIMIT 6 [ RunTime:0.000330s ]
[2026-06-17T17:32:28+08:00][sql] SHOW FULL COLUMNS FROM `cmf_portal_post` [ RunTime:0.002890s ]
[2026-06-17T17:32:28+08:00][sql] SELECT `p`.`id`,`p`.`post_title`,`p`.`post_excerpt`,`p`.`thumbnail`,`p`.`create_time`,`c`.`category_id` FROM `cmf_portal_post` `p` INNER JOIN `cmf_portal_category_post` `c` ON `p`.`id`=`c`.`post_id` WHERE (  `p`.`post_type` = '8' ) AND `p`.`delete_time` = '0' ORDER BY `c`.`list_order` ASC,`p`.`create_time` DESC [ RunTime:0.000886s ]
[2026-06-17T17:32:28+08:00][sql] SELECT `id`,`post_title`,`post_excerpt`,`more` FROM `cmf_portal_post` WHERE (  `post_type` = 3 ) AND `cmf_portal_post`.`delete_time` = '0' ORDER BY `create_time` DESC [ RunTime:0.000439s ]
[2026-06-17T17:32:28+08:00][sql] SHOW FULL COLUMNS FROM `cmf_theme_file` [ RunTime:0.001399s ]
[2026-06-17T17:32:28+08:00][sql] SELECT `more`,`file`,`id` FROM `cmf_theme_file` WHERE  `theme` = 'simpleboot3_mobile'  AND (  `is_public` = 1 OR `file` = 'portal/index' ) ORDER BY `is_public` DESC [ RunTime:0.000383s ]
[2026-06-17T17:32:28+08:00][sql] SELECT `option_value` FROM `cmf_option` WHERE  `option_name` = 'storage' LIMIT 1 [ RunTime:0.001065s ]
[2026-06-17T17:32:34+08:00][sql] CONNECT:[ UseTime:0.001271s ] mysql:host=127.0.0.1;port=3306;dbname=newncl;charset=utf8mb4
[2026-06-17T17:32:34+08:00][sql] SHOW FULL COLUMNS FROM `cmf_option` [ RunTime:0.002366s ]
[2026-06-17T17:32:34+08:00][sql] SELECT `option_value` FROM `cmf_option` WHERE  `option_name` = 'cdn_settings' LIMIT 1 [ RunTime:0.000353s ]
[2026-06-17T17:32:34+08:00][sql] SELECT `option_value` FROM `cmf_option` WHERE  `option_name` = 'cdn_settings' LIMIT 1 [ RunTime:0.001064s ]
[2026-06-17T17:32:34+08:00][sql] SHOW FULL COLUMNS FROM `cmf_product_category` [ RunTime:0.001763s ]
[2026-06-17T17:32:34+08:00][sql] SELECT * FROM `cmf_product_category` WHERE  `parent_id` = 0 ORDER BY `list_order` ASC,`create_time` DESC [ RunTime:0.000580s ]
[2026-06-17T17:32:34+08:00][sql] SELECT * FROM `cmf_product_category` WHERE  `parent_id` IN (28,19,23,25,30,22,27) [ RunTime:0.000899s ]
[2026-06-17T17:32:34+08:00][sql] SHOW FULL COLUMNS FROM `cmf_portal_category` [ RunTime:0.001610s ]
[2026-06-17T17:32:34+08:00][sql] SELECT * FROM `cmf_portal_category` WHERE (  `type` = 8 ) AND `cmf_portal_category`.`delete_time` = '0' ORDER BY `list_order` ASC [ RunTime:0.000478s ]
[2026-06-17T17:32:34+08:00][sql] SHOW FULL COLUMNS FROM `cmf_product` [ RunTime:0.001757s ]
[2026-06-17T17:32:34+08:00][sql] SELECT COUNT(*) AS think_count FROM `cmf_product` WHERE  `category_id` = 28 LIMIT 1 [ RunTime:0.000584s ]
[2026-06-17T17:32:34+08:00][sql] SELECT COUNT(*) AS think_count FROM `cmf_product` WHERE  `category_id` = 19 LIMIT 1 [ RunTime:0.000325s ]
[2026-06-17T17:32:34+08:00][sql] SELECT COUNT(*) AS think_count FROM `cmf_product` WHERE  `category_id` = 23 LIMIT 1 [ RunTime:0.000253s ]
[2026-06-17T17:32:34+08:00][sql] SELECT COUNT(*) AS think_count FROM `cmf_product` WHERE  `category_id` = 25 LIMIT 1 [ RunTime:0.000277s ]
[2026-06-17T17:32:34+08:00][sql] SELECT COUNT(*) AS think_count FROM `cmf_product` WHERE  `category_id` = 30 LIMIT 1 [ RunTime:0.000278s ]
[2026-06-17T17:32:34+08:00][sql] SELECT COUNT(*) AS think_count FROM `cmf_product` WHERE  `category_id` = 22 LIMIT 1 [ RunTime:0.000262s ]
[2026-06-17T17:32:34+08:00][sql] SELECT COUNT(*) AS think_count FROM `cmf_product` WHERE  `category_id` = 27 LIMIT 1 [ RunTime:0.000253s ]
[2026-06-17T17:32:34+08:00][sql] SELECT COUNT(*) AS think_count FROM `cmf_product` LIMIT 1 [ RunTime:0.000244s ]
[2026-06-17T17:32:34+08:00][sql] SELECT `id`,`category_id`,`title`,`thumbnail`,`industry`,`overview` FROM `cmf_product` ORDER BY `list_order` ASC,`create_time` DESC LIMIT 0,12 [ RunTime:0.000479s ]
[2026-06-17T17:32:34+08:00][sql] SHOW FULL COLUMNS FROM `cmf_slide_item` [ RunTime:0.001302s ]
[2026-06-17T17:32:34+08:00][sql] SELECT `title`,`description`,`image` FROM `cmf_slide_item` WHERE  `slide_id` = 7  AND `status` = 1 ORDER BY `list_order` ASC,`id` DESC LIMIT 1 [ RunTime:0.000785s ]
[2026-06-17T17:32:34+08:00][sql] SELECT `option_value` FROM `cmf_option` WHERE  `option_name` = 'storage' LIMIT 1 [ RunTime:0.000344s ]
[2026-06-17T17:32:34+08:00][sql] SHOW FULL COLUMNS FROM `cmf_portal_post` [ RunTime:0.001333s ]
[2026-06-17T17:32:34+08:00][sql] SELECT `id`,`post_title`,`post_excerpt`,`more` FROM `cmf_portal_post` WHERE (  `post_type` = 3 ) AND `cmf_portal_post`.`delete_time` = '0' ORDER BY `create_time` DESC [ RunTime:0.000541s ]
[2026-06-17T17:32:34+08:00][sql] SHOW FULL COLUMNS FROM `cmf_theme_file` [ RunTime:0.001259s ]
[2026-06-17T17:32:34+08:00][sql] SELECT `more`,`file`,`id` FROM `cmf_theme_file` WHERE  `theme` = 'simpleboot3_mobile'  AND (  `is_public` = 1 OR `file` = 'portal/product' ) ORDER BY `is_public` DESC [ RunTime:0.000431s ]
[2026-06-17T17:33:22+08:00][sql] CONNECT:[ UseTime:0.000912s ] mysql:host=127.0.0.1;port=3306;dbname=newncl;charset=utf8mb4
[2026-06-17T17:33:22+08:00][sql] SHOW FULL COLUMNS FROM `cmf_option` [ RunTime:0.001746s ]
[2026-06-17T17:33:22+08:00][sql] SELECT `option_value` FROM `cmf_option` WHERE  `option_name` = 'cdn_settings' LIMIT 1 [ RunTime:0.000351s ]
[2026-06-17T17:33:22+08:00][sql] SELECT `option_value` FROM `cmf_option` WHERE  `option_name` = 'cdn_settings' LIMIT 1 [ RunTime:0.000387s ]
[2026-06-17T17:33:22+08:00][sql] SHOW FULL COLUMNS FROM `cmf_product_category` [ RunTime:0.001235s ]
[2026-06-17T17:33:22+08:00][sql] SELECT * FROM `cmf_product_category` WHERE  `parent_id` = 0 ORDER BY `list_order` ASC,`create_time` DESC [ RunTime:0.000483s ]
[2026-06-17T17:33:22+08:00][sql] SELECT * FROM `cmf_product_category` WHERE  `parent_id` IN (28,19,23,25,30,22,27) [ RunTime:0.000744s ]
[2026-06-17T17:33:22+08:00][sql] SHOW FULL COLUMNS FROM `cmf_portal_category` [ RunTime:0.001410s ]
[2026-06-17T17:33:22+08:00][sql] SELECT * FROM `cmf_portal_category` WHERE (  `type` = 8 ) AND `cmf_portal_category`.`delete_time` = '0' ORDER BY `list_order` ASC [ RunTime:0.000436s ]
[2026-06-17T17:33:22+08:00][sql] SHOW FULL COLUMNS FROM `cmf_slide_item` [ RunTime:0.001153s ]
[2026-06-17T17:33:22+08:00][sql] SELECT `title`,`description`,`image`,`url`,`target`,`content` FROM `cmf_slide_item` WHERE  `slide_id` = 1 ORDER BY `list_order` ASC [ RunTime:0.000387s ]
[2026-06-17T17:33:22+08:00][sql] SHOW FULL COLUMNS FROM `cmf_slide` [ RunTime:0.000981s ]
[2026-06-17T17:33:22+08:00][sql] SELECT * FROM `cmf_slide` WHERE  `name` LIKE '%choose%' OR `name` LIKE '%选择%' LIMIT 1 [ RunTime:0.001182s ]
[2026-06-17T17:33:22+08:00][sql] SELECT `title`,`description`,`image`,`url`,`target`,`content` FROM `cmf_slide_item` WHERE  `slide_id` = 14  AND `status` = 1 ORDER BY `list_order` ASC [ RunTime:0.000383s ]
[2026-06-17T17:33:22+08:00][sql] SELECT * FROM `cmf_product_category` WHERE  `parent_id` = 0  AND `recommend` = 1 ORDER BY `list_order` ASC,`create_time` DESC [ RunTime:0.000352s ]
[2026-06-17T17:33:22+08:00][sql] SHOW FULL COLUMNS FROM `cmf_product` [ RunTime:0.001290s ]
[2026-06-17T17:33:22+08:00][sql] SELECT `id`,`title`,`thumbnail`,`industry` FROM `cmf_product` WHERE  `is_recommended` = 1  AND `category_id` = 28 ORDER BY `list_order` ASC LIMIT 6 [ RunTime:0.000719s ]
[2026-06-17T17:33:22+08:00][sql] SELECT `id`,`title`,`thumbnail`,`industry` FROM `cmf_product` WHERE  `is_recommended` = 1  AND `category_id` = 19 ORDER BY `list_order` ASC LIMIT 6 [ RunTime:0.000546s ]
[2026-06-17T17:33:22+08:00][sql] SELECT `id`,`title`,`thumbnail`,`industry` FROM `cmf_product` WHERE  `is_recommended` = 1  AND `category_id` = 23 ORDER BY `list_order` ASC LIMIT 6 [ RunTime:0.000374s ]
[2026-06-17T17:33:22+08:00][sql] SELECT `id`,`title`,`thumbnail`,`industry` FROM `cmf_product` WHERE  `is_recommended` = 1  AND `category_id` = 25 ORDER BY `list_order` ASC LIMIT 6 [ RunTime:0.000452s ]
[2026-06-17T17:33:22+08:00][sql] SELECT `id`,`title`,`thumbnail`,`industry` FROM `cmf_product` WHERE  `is_recommended` = 1  AND `category_id` = 30 ORDER BY `list_order` ASC LIMIT 6 [ RunTime:0.000394s ]
[2026-06-17T17:33:22+08:00][sql] SHOW FULL COLUMNS FROM `cmf_portal_post` [ RunTime:0.001516s ]
[2026-06-17T17:33:22+08:00][sql] SELECT `p`.`id`,`p`.`post_title`,`p`.`post_excerpt`,`p`.`thumbnail`,`p`.`create_time`,`c`.`category_id` FROM `cmf_portal_post` `p` INNER JOIN `cmf_portal_category_post` `c` ON `p`.`id`=`c`.`post_id` WHERE (  `p`.`post_type` = '8' ) AND `p`.`delete_time` = '0' ORDER BY `c`.`list_order` ASC,`p`.`create_time` DESC [ RunTime:0.001453s ]
[2026-06-17T17:33:22+08:00][sql] SELECT `id`,`post_title`,`post_excerpt`,`more` FROM `cmf_portal_post` WHERE (  `post_type` = 3 ) AND `cmf_portal_post`.`delete_time` = '0' ORDER BY `create_time` DESC [ RunTime:0.000427s ]
[2026-06-17T17:33:22+08:00][sql] SHOW FULL COLUMNS FROM `cmf_theme_file` [ RunTime:0.001119s ]
[2026-06-17T17:33:22+08:00][sql] SELECT `more`,`file`,`id` FROM `cmf_theme_file` WHERE  `theme` = 'simpleboot3_mobile'  AND (  `is_public` = 1 OR `file` = 'portal/index' ) ORDER BY `is_public` DESC [ RunTime:0.000360s ]
[2026-06-17T17:33:22+08:00][sql] SELECT `option_value` FROM `cmf_option` WHERE  `option_name` = 'storage' LIMIT 1 [ RunTime:0.000793s ]
[2026-06-17T18:00:28+08:00][sql] CONNECT:[ UseTime:0.003192s ] mysql:host=127.0.0.1;port=3306;dbname=newncl;charset=utf8mb4
[2026-06-17T18:00:28+08:00][sql] SHOW FULL COLUMNS FROM `cmf_plugin` [ RunTime:0.006546s ]
[2026-06-17T18:00:28+08:00][sql] SELECT `config` FROM `cmf_plugin` WHERE  `name` = 'SwitchTheme' LIMIT 1 [ RunTime:0.003805s ]
[2026-06-17T18:00:28+08:00][sql] SHOW FULL COLUMNS FROM `cmf_option` [ RunTime:0.005263s ]
[2026-06-17T18:00:28+08:00][sql] SELECT `option_value` FROM `cmf_option` WHERE  `option_name` = 'cdn_settings' LIMIT 1 [ RunTime:0.002181s ]
[2026-06-17T18:00:28+08:00][sql] SELECT `option_value` FROM `cmf_option` WHERE  `option_name` = 'cdn_settings' LIMIT 1 [ RunTime:0.001171s ]
[2026-06-17T18:00:28+08:00][sql] SHOW FULL COLUMNS FROM `cmf_product_category` [ RunTime:0.002759s ]
[2026-06-17T18:00:28+08:00][sql] SELECT * FROM `cmf_product_category` WHERE  `parent_id` = 0 ORDER BY `list_order` ASC,`create_time` DESC [ RunTime:0.000647s ]
[2026-06-17T18:00:28+08:00][sql] SELECT * FROM `cmf_product_category` WHERE  `parent_id` IN (28,19,23,25,30,22,27) [ RunTime:0.000783s ]
[2026-06-17T18:00:28+08:00][sql] SHOW FULL COLUMNS FROM `cmf_portal_category` [ RunTime:0.002073s ]
[2026-06-17T18:00:28+08:00][sql] SELECT * FROM `cmf_portal_category` WHERE (  `type` = 8 ) AND `cmf_portal_category`.`delete_time` = '0' ORDER BY `list_order` ASC [ RunTime:0.000934s ]
[2026-06-17T18:00:28+08:00][sql] SHOW FULL COLUMNS FROM `cmf_slide_item` [ RunTime:0.001627s ]
[2026-06-17T18:00:28+08:00][sql] SELECT `title`,`description`,`image`,`url`,`target`,`content` FROM `cmf_slide_item` WHERE  `slide_id` = 1 ORDER BY `list_order` ASC [ RunTime:0.001171s ]
[2026-06-17T18:00:28+08:00][sql] SHOW FULL COLUMNS FROM `cmf_slide` [ RunTime:0.001176s ]
[2026-06-17T18:00:28+08:00][sql] SELECT * FROM `cmf_slide` WHERE  `name` LIKE '%choose%' OR `name` LIKE '%选择%' LIMIT 1 [ RunTime:0.002746s ]
[2026-06-17T18:00:28+08:00][sql] SELECT `title`,`description`,`image`,`url`,`target`,`content` FROM `cmf_slide_item` WHERE  `slide_id` = 14  AND `status` = 1 ORDER BY `list_order` ASC [ RunTime:0.000397s ]
[2026-06-17T18:00:28+08:00][sql] SELECT * FROM `cmf_product_category` WHERE  `parent_id` = 0  AND `recommend` = 1 ORDER BY `list_order` ASC,`create_time` DESC [ RunTime:0.001245s ]
[2026-06-17T18:00:28+08:00][sql] SHOW FULL COLUMNS FROM `cmf_product` [ RunTime:0.003682s ]
[2026-06-17T18:00:28+08:00][sql] SELECT `id`,`title`,`thumbnail`,`industry` FROM `cmf_product` WHERE  `is_recommended` = 1  AND `category_id` = 28 ORDER BY `list_order` ASC LIMIT 6 [ RunTime:0.000951s ]
[2026-06-17T18:00:28+08:00][sql] SELECT `id`,`title`,`thumbnail`,`industry` FROM `cmf_product` WHERE  `is_recommended` = 1  AND `category_id` = 19 ORDER BY `list_order` ASC LIMIT 6 [ RunTime:0.000567s ]
[2026-06-17T18:00:28+08:00][sql] SELECT `id`,`title`,`thumbnail`,`industry` FROM `cmf_product` WHERE  `is_recommended` = 1  AND `category_id` = 23 ORDER BY `list_order` ASC LIMIT 6 [ RunTime:0.000992s ]
[2026-06-17T18:00:28+08:00][sql] SELECT `id`,`title`,`thumbnail`,`industry` FROM `cmf_product` WHERE  `is_recommended` = 1  AND `category_id` = 25 ORDER BY `list_order` ASC LIMIT 6 [ RunTime:0.000455s ]
[2026-06-17T18:00:28+08:00][sql] SELECT `id`,`title`,`thumbnail`,`industry` FROM `cmf_product` WHERE  `is_recommended` = 1  AND `category_id` = 30 ORDER BY `list_order` ASC LIMIT 6 [ RunTime:0.001004s ]
[2026-06-17T18:00:28+08:00][sql] SHOW FULL COLUMNS FROM `cmf_portal_post` [ RunTime:0.001984s ]
[2026-06-17T18:00:28+08:00][sql] SELECT `p`.`id`,`p`.`post_title`,`p`.`post_excerpt`,`p`.`thumbnail`,`p`.`create_time`,`c`.`category_id` FROM `cmf_portal_post` `p` INNER JOIN `cmf_portal_category_post` `c` ON `p`.`id`=`c`.`post_id` WHERE (  `p`.`post_type` = '8' ) AND `p`.`delete_time` = '0' ORDER BY `c`.`list_order` ASC,`p`.`create_time` DESC [ RunTime:0.005975s ]
[2026-06-17T18:00:28+08:00][sql] SELECT `id`,`post_title`,`post_excerpt`,`more` FROM `cmf_portal_post` WHERE (  `post_type` = 3 ) AND `cmf_portal_post`.`delete_time` = '0' ORDER BY `create_time` DESC [ RunTime:0.000787s ]
[2026-06-17T18:00:28+08:00][sql] SHOW FULL COLUMNS FROM `cmf_theme_file` [ RunTime:0.002077s ]
[2026-06-17T18:00:28+08:00][sql] SELECT `more`,`file`,`id` FROM `cmf_theme_file` WHERE  `theme` = 'simpleboot3_mobile'  AND (  `is_public` = 1 OR `file` = 'portal/index' ) ORDER BY `is_public` DESC [ RunTime:0.000727s ]
[2026-06-17T18:00:28+08:00][sql] SELECT `option_value` FROM `cmf_option` WHERE  `option_name` = 'storage' LIMIT 1 [ RunTime:0.000789s ]
[2026-06-17T18:00:31+08:00][sql] CONNECT:[ UseTime:0.002023s ] mysql:host=127.0.0.1;port=3306;dbname=newncl;charset=utf8mb4
[2026-06-17T18:00:31+08:00][sql] SHOW FULL COLUMNS FROM `cmf_option` [ RunTime:0.002927s ]
[2026-06-17T18:00:31+08:00][sql] SELECT `option_value` FROM `cmf_option` WHERE  `option_name` = 'cdn_settings' LIMIT 1 [ RunTime:0.000410s ]
[2026-06-17T18:00:31+08:00][sql] SELECT `option_value` FROM `cmf_option` WHERE  `option_name` = 'cdn_settings' LIMIT 1 [ RunTime:0.000705s ]
[2026-06-17T18:00:31+08:00][sql] SHOW FULL COLUMNS FROM `cmf_product_category` [ RunTime:0.001582s ]
[2026-06-17T18:00:31+08:00][sql] SELECT * FROM `cmf_product_category` WHERE  `parent_id` = 0 ORDER BY `list_order` ASC,`create_time` DESC [ RunTime:0.000477s ]
[2026-06-17T18:00:31+08:00][sql] SELECT * FROM `cmf_product_category` WHERE  `parent_id` IN (28,19,23,25,30,22,27) [ RunTime:0.000354s ]
[2026-06-17T18:00:31+08:00][sql] SHOW FULL COLUMNS FROM `cmf_portal_category` [ RunTime:0.001344s ]
[2026-06-17T18:00:31+08:00][sql] SELECT * FROM `cmf_portal_category` WHERE (  `type` = 8 ) AND `cmf_portal_category`.`delete_time` = '0' ORDER BY `list_order` ASC [ RunTime:0.000653s ]
[2026-06-17T18:00:31+08:00][sql] SHOW FULL COLUMNS FROM `cmf_product` [ RunTime:0.002018s ]
[2026-06-17T18:00:31+08:00][sql] SELECT COUNT(*) AS think_count FROM `cmf_product` WHERE  `category_id` = 28 LIMIT 1 [ RunTime:0.000874s ]
[2026-06-17T18:00:31+08:00][sql] SELECT COUNT(*) AS think_count FROM `cmf_product` WHERE  `category_id` = 19 LIMIT 1 [ RunTime:0.000403s ]
[2026-06-17T18:00:31+08:00][sql] SELECT COUNT(*) AS think_count FROM `cmf_product` WHERE  `category_id` = 23 LIMIT 1 [ RunTime:0.000301s ]
[2026-06-17T18:00:31+08:00][sql] SELECT COUNT(*) AS think_count FROM `cmf_product` WHERE  `category_id` = 25 LIMIT 1 [ RunTime:0.000269s ]
[2026-06-17T18:00:31+08:00][sql] SELECT COUNT(*) AS think_count FROM `cmf_product` WHERE  `category_id` = 30 LIMIT 1 [ RunTime:0.000261s ]
[2026-06-17T18:00:31+08:00][sql] SELECT COUNT(*) AS think_count FROM `cmf_product` WHERE  `category_id` = 22 LIMIT 1 [ RunTime:0.000271s ]
[2026-06-17T18:00:31+08:00][sql] SELECT COUNT(*) AS think_count FROM `cmf_product` WHERE  `category_id` = 27 LIMIT 1 [ RunTime:0.000246s ]
[2026-06-17T18:00:31+08:00][sql] SELECT COUNT(*) AS think_count FROM `cmf_product` LIMIT 1 [ RunTime:0.000219s ]
[2026-06-17T18:00:31+08:00][sql] SELECT `id`,`category_id`,`title`,`thumbnail`,`industry`,`overview` FROM `cmf_product` ORDER BY `list_order` ASC,`create_time` DESC LIMIT 0,12 [ RunTime:0.000569s ]
[2026-06-17T18:00:31+08:00][sql] SHOW FULL COLUMNS FROM `cmf_slide_item` [ RunTime:0.002592s ]
[2026-06-17T18:00:31+08:00][sql] SELECT `title`,`description`,`image` FROM `cmf_slide_item` WHERE  `slide_id` = 7  AND `status` = 1 ORDER BY `list_order` ASC,`id` DESC LIMIT 1 [ RunTime:0.000468s ]
[2026-06-17T18:00:31+08:00][sql] SELECT `option_value` FROM `cmf_option` WHERE  `option_name` = 'storage' LIMIT 1 [ RunTime:0.000319s ]
[2026-06-17T18:00:31+08:00][sql] SHOW FULL COLUMNS FROM `cmf_portal_post` [ RunTime:0.001479s ]
[2026-06-17T18:00:31+08:00][sql] SELECT `id`,`post_title`,`post_excerpt`,`more` FROM `cmf_portal_post` WHERE (  `post_type` = 3 ) AND `cmf_portal_post`.`delete_time` = '0' ORDER BY `create_time` DESC [ RunTime:0.000613s ]
[2026-06-17T18:00:31+08:00][sql] SHOW FULL COLUMNS FROM `cmf_theme_file` [ RunTime:0.001942s ]
[2026-06-17T18:00:31+08:00][sql] SELECT `more`,`file`,`id` FROM `cmf_theme_file` WHERE  `theme` = 'simpleboot3_mobile'  AND (  `is_public` = 1 OR `file` = 'portal/product' ) ORDER BY `is_public` DESC [ RunTime:0.000608s ]
[2026-06-17T18:08:59+08:00][sql] CONNECT:[ UseTime:0.001918s ] mysql:host=127.0.0.1;port=3306;dbname=newncl;charset=utf8mb4
[2026-06-17T18:08:59+08:00][sql] SHOW FULL COLUMNS FROM `cmf_option` [ RunTime:0.002751s ]
[2026-06-17T18:08:59+08:00][sql] SELECT `option_value` FROM `cmf_option` WHERE  `option_name` = 'cdn_settings' LIMIT 1 [ RunTime:0.000707s ]
[2026-06-17T18:08:59+08:00][sql] SELECT `option_value` FROM `cmf_option` WHERE  `option_name` = 'cdn_settings' LIMIT 1 [ RunTime:0.000398s ]
[2026-06-17T18:08:59+08:00][sql] SHOW FULL COLUMNS FROM `cmf_product_category` [ RunTime:0.001386s ]
[2026-06-17T18:08:59+08:00][sql] SELECT * FROM `cmf_product_category` WHERE  `parent_id` = 0 ORDER BY `list_order` ASC,`create_time` DESC [ RunTime:0.000677s ]
[2026-06-17T18:08:59+08:00][sql] SELECT * FROM `cmf_product_category` WHERE  `parent_id` IN (28,19,23,25,30,22,27) [ RunTime:0.001068s ]
[2026-06-17T18:08:59+08:00][sql] SHOW FULL COLUMNS FROM `cmf_portal_category` [ RunTime:0.001972s ]
[2026-06-17T18:08:59+08:00][sql] SELECT * FROM `cmf_portal_category` WHERE (  `type` = 8 ) AND `cmf_portal_category`.`delete_time` = '0' ORDER BY `list_order` ASC [ RunTime:0.000492s ]
[2026-06-17T18:08:59+08:00][sql] SHOW FULL COLUMNS FROM `cmf_product` [ RunTime:0.001476s ]
[2026-06-17T18:08:59+08:00][sql] SELECT COUNT(*) AS think_count FROM `cmf_product` WHERE  `category_id` = 28 LIMIT 1 [ RunTime:0.000423s ]
[2026-06-17T18:08:59+08:00][sql] SELECT COUNT(*) AS think_count FROM `cmf_product` WHERE  `category_id` = 19 LIMIT 1 [ RunTime:0.000262s ]
[2026-06-17T18:08:59+08:00][sql] SELECT COUNT(*) AS think_count FROM `cmf_product` WHERE  `category_id` = 23 LIMIT 1 [ RunTime:0.000273s ]
[2026-06-17T18:08:59+08:00][sql] SELECT COUNT(*) AS think_count FROM `cmf_product` WHERE  `category_id` = 25 LIMIT 1 [ RunTime:0.000674s ]
[2026-06-17T18:08:59+08:00][sql] SELECT COUNT(*) AS think_count FROM `cmf_product` WHERE  `category_id` = 30 LIMIT 1 [ RunTime:0.000266s ]
[2026-06-17T18:08:59+08:00][sql] SELECT COUNT(*) AS think_count FROM `cmf_product` WHERE  `category_id` = 22 LIMIT 1 [ RunTime:0.000346s ]
[2026-06-17T18:08:59+08:00][sql] SELECT COUNT(*) AS think_count FROM `cmf_product` WHERE  `category_id` = 27 LIMIT 1 [ RunTime:0.000296s ]
[2026-06-17T18:08:59+08:00][sql] SELECT COUNT(*) AS think_count FROM `cmf_product` LIMIT 1 [ RunTime:0.000306s ]
[2026-06-17T18:08:59+08:00][sql] SELECT `id`,`category_id`,`title`,`thumbnail`,`industry`,`overview` FROM `cmf_product` ORDER BY `list_order` ASC,`create_time` DESC LIMIT 0,12 [ RunTime:0.000901s ]
[2026-06-17T18:08:59+08:00][sql] SHOW FULL COLUMNS FROM `cmf_slide_item` [ RunTime:0.001541s ]
[2026-06-17T18:08:59+08:00][sql] SELECT `title`,`description`,`image` FROM `cmf_slide_item` WHERE  `slide_id` = 7  AND `status` = 1 ORDER BY `list_order` ASC,`id` DESC LIMIT 1 [ RunTime:0.000528s ]
[2026-06-17T18:08:59+08:00][sql] SELECT `option_value` FROM `cmf_option` WHERE  `option_name` = 'storage' LIMIT 1 [ RunTime:0.000315s ]
[2026-06-17T18:08:59+08:00][sql] SHOW FULL COLUMNS FROM `cmf_portal_post` [ RunTime:0.001517s ]
[2026-06-17T18:08:59+08:00][sql] SELECT `id`,`post_title`,`post_excerpt`,`more` FROM `cmf_portal_post` WHERE (  `post_type` = 3 ) AND `cmf_portal_post`.`delete_time` = '0' ORDER BY `create_time` DESC [ RunTime:0.000574s ]
[2026-06-17T18:08:59+08:00][sql] SHOW FULL COLUMNS FROM `cmf_theme_file` [ RunTime:0.001153s ]
[2026-06-17T18:08:59+08:00][sql] SELECT `more`,`file`,`id` FROM `cmf_theme_file` WHERE  `theme` = 'simpleboot3_mobile'  AND (  `is_public` = 1 OR `file` = 'portal/product' ) ORDER BY `is_public` DESC [ RunTime:0.000403s ]
[2026-06-17T18:09:08+08:00][sql] CONNECT:[ UseTime:0.001400s ] mysql:host=127.0.0.1;port=3306;dbname=newncl;charset=utf8mb4
[2026-06-17T18:09:08+08:00][sql] SHOW FULL COLUMNS FROM `cmf_option` [ RunTime:0.005627s ]
[2026-06-17T18:09:08+08:00][sql] SELECT `option_value` FROM `cmf_option` WHERE  `option_name` = 'cdn_settings' LIMIT 1 [ RunTime:0.000806s ]
[2026-06-17T18:09:08+08:00][sql] SELECT `option_value` FROM `cmf_option` WHERE  `option_name` = 'cdn_settings' LIMIT 1 [ RunTime:0.000848s ]
[2026-06-17T18:09:08+08:00][sql] SHOW FULL COLUMNS FROM `cmf_product_category` [ RunTime:0.002134s ]
[2026-06-17T18:09:08+08:00][sql] SELECT * FROM `cmf_product_category` WHERE  `parent_id` = 0 ORDER BY `list_order` ASC,`create_time` DESC [ RunTime:0.001210s ]
[2026-06-17T18:09:08+08:00][sql] SELECT * FROM `cmf_product_category` WHERE  `parent_id` IN (28,19,23,25,30,22,27) [ RunTime:0.001200s ]
[2026-06-17T18:09:08+08:00][sql] SHOW FULL COLUMNS FROM `cmf_portal_category` [ RunTime:0.001708s ]
[2026-06-17T18:09:08+08:00][sql] SELECT * FROM `cmf_portal_category` WHERE (  `type` = 8 ) AND `cmf_portal_category`.`delete_time` = '0' ORDER BY `list_order` ASC [ RunTime:0.000568s ]
[2026-06-17T18:09:08+08:00][sql] SHOW FULL COLUMNS FROM `cmf_slide_item` [ RunTime:0.001476s ]
[2026-06-17T18:09:08+08:00][sql] SELECT `title`,`description`,`image` FROM `cmf_slide_item` WHERE  `slide_id` = 11  AND `status` = 1 ORDER BY `list_order` ASC,`id` DESC LIMIT 1 [ RunTime:0.000576s ]
[2026-06-17T18:09:08+08:00][sql] SELECT `option_value` FROM `cmf_option` WHERE  `option_name` = 'service_site' LIMIT 1 [ RunTime:0.000915s ]
[2026-06-17T18:09:08+08:00][sql] SHOW FULL COLUMNS FROM `cmf_portal_post` [ RunTime:0.004042s ]
[2026-06-17T18:09:08+08:00][sql] SELECT `id`,`post_title`,`more` FROM `cmf_portal_post` WHERE (  `post_type` = 4 ) AND `cmf_portal_post`.`delete_time` = '0' [ RunTime:0.000895s ]
[2026-06-17T18:09:08+08:00][sql] SHOW FULL COLUMNS FROM `cmf_theme_file` [ RunTime:0.001332s ]
[2026-06-17T18:09:08+08:00][sql] SELECT `more`,`file`,`id` FROM `cmf_theme_file` WHERE  `theme` = 'simpleboot3_mobile'  AND (  `is_public` = 1 OR `file` = 'portal/service' ) ORDER BY `is_public` DESC [ RunTime:0.000444s ]
[2026-06-17T18:09:08+08:00][sql] SELECT `option_value` FROM `cmf_option` WHERE  `option_name` = 'storage' LIMIT 1 [ RunTime:0.000735s ]
[2026-06-17T18:09:16+08:00][sql] CONNECT:[ UseTime:0.001532s ] mysql:host=127.0.0.1;port=3306;dbname=newncl;charset=utf8mb4
[2026-06-17T18:09:16+08:00][sql] SHOW FULL COLUMNS FROM `cmf_option` [ RunTime:0.004688s ]
[2026-06-17T18:09:16+08:00][sql] SELECT `option_value` FROM `cmf_option` WHERE  `option_name` = 'cdn_settings' LIMIT 1 [ RunTime:0.000516s ]
[2026-06-17T18:09:16+08:00][sql] SELECT `option_value` FROM `cmf_option` WHERE  `option_name` = 'cdn_settings' LIMIT 1 [ RunTime:0.000602s ]
[2026-06-17T18:09:16+08:00][sql] SHOW FULL COLUMNS FROM `cmf_product_category` [ RunTime:0.001911s ]
[2026-06-17T18:09:16+08:00][sql] SELECT * FROM `cmf_product_category` WHERE  `parent_id` = 0 ORDER BY `list_order` ASC,`create_time` DESC [ RunTime:0.001019s ]
[2026-06-17T18:09:16+08:00][sql] SELECT * FROM `cmf_product_category` WHERE  `parent_id` IN (28,19,23,25,30,22,27) [ RunTime:0.000333s ]
[2026-06-17T18:09:16+08:00][sql] SHOW FULL COLUMNS FROM `cmf_portal_category` [ RunTime:0.001626s ]
[2026-06-17T18:09:16+08:00][sql] SELECT * FROM `cmf_portal_category` WHERE (  `type` = 8 ) AND `cmf_portal_category`.`delete_time` = '0' ORDER BY `list_order` ASC [ RunTime:0.000497s ]
[2026-06-17T18:09:16+08:00][sql] SHOW FULL COLUMNS FROM `cmf_product` [ RunTime:0.001477s ]
[2026-06-17T18:09:16+08:00][sql] SELECT COUNT(*) AS think_count FROM `cmf_product` WHERE  `category_id` = 28 LIMIT 1 [ RunTime:0.000380s ]
[2026-06-17T18:09:16+08:00][sql] SELECT COUNT(*) AS think_count FROM `cmf_product` WHERE  `category_id` = 19 LIMIT 1 [ RunTime:0.000321s ]
[2026-06-17T18:09:16+08:00][sql] SELECT COUNT(*) AS think_count FROM `cmf_product` WHERE  `category_id` = 23 LIMIT 1 [ RunTime:0.000305s ]
[2026-06-17T18:09:16+08:00][sql] SELECT COUNT(*) AS think_count FROM `cmf_product` WHERE  `category_id` = 25 LIMIT 1 [ RunTime:0.000319s ]
[2026-06-17T18:09:16+08:00][sql] SELECT COUNT(*) AS think_count FROM `cmf_product` WHERE  `category_id` = 30 LIMIT 1 [ RunTime:0.000259s ]
[2026-06-17T18:09:16+08:00][sql] SELECT COUNT(*) AS think_count FROM `cmf_product` WHERE  `category_id` = 22 LIMIT 1 [ RunTime:0.000419s ]
[2026-06-17T18:09:16+08:00][sql] SELECT COUNT(*) AS think_count FROM `cmf_product` WHERE  `category_id` = 27 LIMIT 1 [ RunTime:0.000247s ]
[2026-06-17T18:09:16+08:00][sql] SELECT COUNT(*) AS think_count FROM `cmf_product` LIMIT 1 [ RunTime:0.000225s ]
[2026-06-17T18:09:16+08:00][sql] SELECT `id`,`category_id`,`title`,`thumbnail`,`industry`,`overview` FROM `cmf_product` ORDER BY `list_order` ASC,`create_time` DESC LIMIT 0,12 [ RunTime:0.000732s ]
[2026-06-17T18:09:16+08:00][sql] SHOW FULL COLUMNS FROM `cmf_slide_item` [ RunTime:0.001239s ]
[2026-06-17T18:09:16+08:00][sql] SELECT `title`,`description`,`image` FROM `cmf_slide_item` WHERE  `slide_id` = 7  AND `status` = 1 ORDER BY `list_order` ASC,`id` DESC LIMIT 1 [ RunTime:0.000646s ]
[2026-06-17T18:09:16+08:00][sql] SELECT `option_value` FROM `cmf_option` WHERE  `option_name` = 'storage' LIMIT 1 [ RunTime:0.000269s ]
[2026-06-17T18:09:16+08:00][sql] SHOW FULL COLUMNS FROM `cmf_portal_post` [ RunTime:0.001802s ]
[2026-06-17T18:09:16+08:00][sql] SELECT `id`,`post_title`,`post_excerpt`,`more` FROM `cmf_portal_post` WHERE (  `post_type` = 3 ) AND `cmf_portal_post`.`delete_time` = '0' ORDER BY `create_time` DESC [ RunTime:0.000713s ]
[2026-06-17T18:09:16+08:00][sql] SHOW FULL COLUMNS FROM `cmf_theme_file` [ RunTime:0.001230s ]
[2026-06-17T18:09:16+08:00][sql] SELECT `more`,`file`,`id` FROM `cmf_theme_file` WHERE  `theme` = 'simpleboot3_mobile'  AND (  `is_public` = 1 OR `file` = 'portal/product' ) ORDER BY `is_public` DESC [ RunTime:0.000393s ]
[2026-06-17T18:09:26+08:00][sql] CONNECT:[ UseTime:0.001103s ] mysql:host=127.0.0.1;port=3306;dbname=newncl;charset=utf8mb4
[2026-06-17T18:09:26+08:00][sql] SHOW FULL COLUMNS FROM `cmf_option` [ RunTime:0.003926s ]
[2026-06-17T18:09:26+08:00][sql] SELECT `option_value` FROM `cmf_option` WHERE  `option_name` = 'cdn_settings' LIMIT 1 [ RunTime:0.000526s ]
[2026-06-17T18:09:26+08:00][sql] SELECT `option_value` FROM `cmf_option` WHERE  `option_name` = 'cdn_settings' LIMIT 1 [ RunTime:0.000394s ]
[2026-06-17T18:09:26+08:00][sql] SHOW FULL COLUMNS FROM `cmf_product_category` [ RunTime:0.001176s ]
[2026-06-17T18:09:26+08:00][sql] SELECT * FROM `cmf_product_category` WHERE  `parent_id` = 0 ORDER BY `list_order` ASC,`create_time` DESC [ RunTime:0.000439s ]
[2026-06-17T18:09:26+08:00][sql] SELECT * FROM `cmf_product_category` WHERE  `parent_id` IN (28,19,23,25,30,22,27) [ RunTime:0.000374s ]
[2026-06-17T18:09:26+08:00][sql] SHOW FULL COLUMNS FROM `cmf_portal_category` [ RunTime:0.001248s ]
[2026-06-17T18:09:26+08:00][sql] SELECT * FROM `cmf_portal_category` WHERE (  `type` = 8 ) AND `cmf_portal_category`.`delete_time` = '0' ORDER BY `list_order` ASC [ RunTime:0.000912s ]
[2026-06-17T18:09:26+08:00][sql] SHOW FULL COLUMNS FROM `cmf_product` [ RunTime:0.002564s ]
[2026-06-17T18:09:26+08:00][sql] SELECT COUNT(*) AS think_count FROM `cmf_product` WHERE  `category_id` = 28 LIMIT 1 [ RunTime:0.000664s ]
[2026-06-17T18:09:26+08:00][sql] SELECT COUNT(*) AS think_count FROM `cmf_product` WHERE  `category_id` = 19 LIMIT 1 [ RunTime:0.000363s ]
[2026-06-17T18:09:26+08:00][sql] SELECT COUNT(*) AS think_count FROM `cmf_product` WHERE  `category_id` = 23 LIMIT 1 [ RunTime:0.000258s ]
[2026-06-17T18:09:26+08:00][sql] SELECT COUNT(*) AS think_count FROM `cmf_product` WHERE  `category_id` = 25 LIMIT 1 [ RunTime:0.000292s ]
[2026-06-17T18:09:26+08:00][sql] SELECT COUNT(*) AS think_count FROM `cmf_product` WHERE  `category_id` = 30 LIMIT 1 [ RunTime:0.000267s ]
[2026-06-17T18:09:26+08:00][sql] SELECT COUNT(*) AS think_count FROM `cmf_product` WHERE  `category_id` = 22 LIMIT 1 [ RunTime:0.000286s ]
[2026-06-17T18:09:26+08:00][sql] SELECT COUNT(*) AS think_count FROM `cmf_product` WHERE  `category_id` = 27 LIMIT 1 [ RunTime:0.000274s ]
[2026-06-17T18:09:26+08:00][sql] SELECT COUNT(*) AS think_count FROM `cmf_product` LIMIT 1 [ RunTime:0.000321s ]
[2026-06-17T18:09:26+08:00][sql] SELECT `id`,`category_id`,`title`,`thumbnail`,`industry`,`overview` FROM `cmf_product` ORDER BY `list_order` ASC,`create_time` DESC LIMIT 12,12 [ RunTime:0.002073s ]
[2026-06-17T18:09:26+08:00][sql] SHOW FULL COLUMNS FROM `cmf_slide_item` [ RunTime:0.003388s ]
[2026-06-17T18:09:26+08:00][sql] SELECT `title`,`description`,`image` FROM `cmf_slide_item` WHERE  `slide_id` = 7  AND `status` = 1 ORDER BY `list_order` ASC,`id` DESC LIMIT 1 [ RunTime:0.000815s ]
[2026-06-17T18:09:26+08:00][sql] SELECT `option_value` FROM `cmf_option` WHERE  `option_name` = 'storage' LIMIT 1 [ RunTime:0.000487s ]
[2026-06-17T18:09:26+08:00][sql] SHOW FULL COLUMNS FROM `cmf_portal_post` [ RunTime:0.001461s ]
[2026-06-17T18:09:26+08:00][sql] SELECT `id`,`post_title`,`post_excerpt`,`more` FROM `cmf_portal_post` WHERE (  `post_type` = 3 ) AND `cmf_portal_post`.`delete_time` = '0' ORDER BY `create_time` DESC [ RunTime:0.000539s ]
[2026-06-17T18:09:26+08:00][sql] SHOW FULL COLUMNS FROM `cmf_theme_file` [ RunTime:0.001072s ]
[2026-06-17T18:09:26+08:00][sql] SELECT `more`,`file`,`id` FROM `cmf_theme_file` WHERE  `theme` = 'simpleboot3_mobile'  AND (  `is_public` = 1 OR `file` = 'portal/product' ) ORDER BY `is_public` DESC [ RunTime:0.000386s ]
[2026-06-17T18:09:42+08:00][sql] CONNECT:[ UseTime:0.001487s ] mysql:host=127.0.0.1;port=3306;dbname=newncl;charset=utf8mb4
[2026-06-17T18:09:42+08:00][sql] SHOW FULL COLUMNS FROM `cmf_option` [ RunTime:0.002979s ]
[2026-06-17T18:09:42+08:00][sql] SELECT `option_value` FROM `cmf_option` WHERE  `option_name` = 'cdn_settings' LIMIT 1 [ RunTime:0.000391s ]
[2026-06-17T18:09:42+08:00][sql] SELECT `option_value` FROM `cmf_option` WHERE  `option_name` = 'cdn_settings' LIMIT 1 [ RunTime:0.000304s ]
[2026-06-17T18:09:42+08:00][sql] SHOW FULL COLUMNS FROM `cmf_product_category` [ RunTime:0.001220s ]
[2026-06-17T18:09:42+08:00][sql] SELECT * FROM `cmf_product_category` WHERE  `parent_id` = 0 ORDER BY `list_order` ASC,`create_time` DESC [ RunTime:0.000474s ]
[2026-06-17T18:09:42+08:00][sql] SELECT * FROM `cmf_product_category` WHERE  `parent_id` IN (28,19,23,25,30,22,27) [ RunTime:0.000355s ]
[2026-06-17T18:09:42+08:00][sql] SHOW FULL COLUMNS FROM `cmf_portal_category` [ RunTime:0.001952s ]
[2026-06-17T18:09:42+08:00][sql] SELECT * FROM `cmf_portal_category` WHERE (  `type` = 8 ) AND `cmf_portal_category`.`delete_time` = '0' ORDER BY `list_order` ASC [ RunTime:0.000741s ]
[2026-06-17T18:09:42+08:00][sql] SELECT * FROM `cmf_product_category` WHERE  `id` = 28 LIMIT 1 [ RunTime:0.001122s ]
[2026-06-17T18:09:42+08:00][sql] SHOW FULL COLUMNS FROM `cmf_product` [ RunTime:0.001784s ]
[2026-06-17T18:09:42+08:00][sql] SELECT COUNT(*) AS think_count FROM `cmf_product` WHERE  `category_id` = 28 LIMIT 1 [ RunTime:0.000576s ]
[2026-06-17T18:09:42+08:00][sql] SELECT COUNT(*) AS think_count FROM `cmf_product` WHERE  `category_id` = 19 LIMIT 1 [ RunTime:0.000437s ]
[2026-06-17T18:09:42+08:00][sql] SELECT COUNT(*) AS think_count FROM `cmf_product` WHERE  `category_id` = 23 LIMIT 1 [ RunTime:0.000319s ]
[2026-06-17T18:09:42+08:00][sql] SELECT COUNT(*) AS think_count FROM `cmf_product` WHERE  `category_id` = 25 LIMIT 1 [ RunTime:0.000313s ]
[2026-06-17T18:09:42+08:00][sql] SELECT COUNT(*) AS think_count FROM `cmf_product` WHERE  `category_id` = 30 LIMIT 1 [ RunTime:0.000322s ]
[2026-06-17T18:09:42+08:00][sql] SELECT COUNT(*) AS think_count FROM `cmf_product` WHERE  `category_id` = 22 LIMIT 1 [ RunTime:0.000292s ]
[2026-06-17T18:09:42+08:00][sql] SELECT COUNT(*) AS think_count FROM `cmf_product` WHERE  `category_id` = 27 LIMIT 1 [ RunTime:0.000290s ]
[2026-06-17T18:09:42+08:00][sql] SELECT COUNT(*) AS think_count FROM `cmf_product` WHERE  `category_id` = 28 LIMIT 1 [ RunTime:0.000282s ]
[2026-06-17T18:09:42+08:00][sql] SELECT `id`,`category_id`,`title`,`thumbnail`,`industry`,`overview` FROM `cmf_product` WHERE  `category_id` = 28 ORDER BY `list_order` ASC,`create_time` DESC LIMIT 0,12 [ RunTime:0.000779s ]
[2026-06-17T18:09:42+08:00][sql] SHOW FULL COLUMNS FROM `cmf_slide_item` [ RunTime:0.002995s ]
[2026-06-17T18:09:42+08:00][sql] SELECT `title`,`description`,`image` FROM `cmf_slide_item` WHERE  `slide_id` = 7  AND `status` = 1 ORDER BY `list_order` ASC,`id` DESC LIMIT 1 [ RunTime:0.000753s ]
[2026-06-17T18:09:42+08:00][sql] SELECT `option_value` FROM `cmf_option` WHERE  `option_name` = 'storage' LIMIT 1 [ RunTime:0.000312s ]
[2026-06-17T18:09:42+08:00][sql] SHOW FULL COLUMNS FROM `cmf_portal_post` [ RunTime:0.001555s ]
[2026-06-17T18:09:42+08:00][sql] SELECT `id`,`post_title`,`post_excerpt`,`more` FROM `cmf_portal_post` WHERE (  `post_type` = 3 ) AND `cmf_portal_post`.`delete_time` = '0' ORDER BY `create_time` DESC [ RunTime:0.000660s ]
[2026-06-17T18:09:42+08:00][sql] SHOW FULL COLUMNS FROM `cmf_theme_file` [ RunTime:0.001378s ]
[2026-06-17T18:09:42+08:00][sql] SELECT `more`,`file`,`id` FROM `cmf_theme_file` WHERE  `theme` = 'simpleboot3_mobile'  AND (  `is_public` = 1 OR `file` = 'portal/product' ) ORDER BY `is_public` DESC [ RunTime:0.000532s ]
[2026-06-17T18:09:45+08:00][sql] CONNECT:[ UseTime:0.000817s ] mysql:host=127.0.0.1;port=3306;dbname=newncl;charset=utf8mb4
[2026-06-17T18:09:45+08:00][sql] SHOW FULL COLUMNS FROM `cmf_option` [ RunTime:0.002272s ]
[2026-06-17T18:09:45+08:00][sql] SELECT `option_value` FROM `cmf_option` WHERE  `option_name` = 'cdn_settings' LIMIT 1 [ RunTime:0.000321s ]
[2026-06-17T18:09:45+08:00][sql] SELECT `option_value` FROM `cmf_option` WHERE  `option_name` = 'cdn_settings' LIMIT 1 [ RunTime:0.000295s ]
[2026-06-17T18:09:45+08:00][sql] SHOW FULL COLUMNS FROM `cmf_product_category` [ RunTime:0.001080s ]
[2026-06-17T18:09:45+08:00][sql] SELECT * FROM `cmf_product_category` WHERE  `parent_id` = 0 ORDER BY `list_order` ASC,`create_time` DESC [ RunTime:0.000410s ]
[2026-06-17T18:09:45+08:00][sql] SELECT * FROM `cmf_product_category` WHERE  `parent_id` IN (28,19,23,25,30,22,27) [ RunTime:0.000733s ]
[2026-06-17T18:09:45+08:00][sql] SHOW FULL COLUMNS FROM `cmf_portal_category` [ RunTime:0.001319s ]
[2026-06-17T18:09:45+08:00][sql] SELECT * FROM `cmf_portal_category` WHERE (  `type` = 8 ) AND `cmf_portal_category`.`delete_time` = '0' ORDER BY `list_order` ASC [ RunTime:0.000467s ]
[2026-06-17T18:09:45+08:00][sql] SHOW FULL COLUMNS FROM `cmf_product` [ RunTime:0.001679s ]
[2026-06-17T18:09:45+08:00][sql] SELECT * FROM `cmf_product` WHERE  `id` = 214 LIMIT 1 [ RunTime:0.001006s ]
[2026-06-17T18:09:45+08:00][sql] SELECT * FROM `cmf_product_category` WHERE  `id` = 28 LIMIT 1 [ RunTime:0.000322s ]
[2026-06-17T18:09:45+08:00][sql] SELECT `id`,`title`,`industry`,`thumbnail` FROM `cmf_product` WHERE  `id` <> 214  AND `is_recommended` = 1  AND `category_id` = 28 ORDER BY RAND() LIMIT 8 [ RunTime:0.001598s ]
[2026-06-17T18:09:45+08:00][sql] SHOW FULL COLUMNS FROM `cmf_slide_item` [ RunTime:0.001000s ]
[2026-06-17T18:09:45+08:00][sql] SELECT `title`,`description`,`image` FROM `cmf_slide_item` WHERE  `slide_id` = 7  AND `status` = 1 ORDER BY `list_order` ASC,`id` DESC LIMIT 1 [ RunTime:0.000426s ]
[2026-06-17T18:09:45+08:00][sql] SHOW FULL COLUMNS FROM `cmf_theme_file` [ RunTime:0.001437s ]
[2026-06-17T18:09:45+08:00][sql] SELECT `more`,`file`,`id` FROM `cmf_theme_file` WHERE  `theme` = 'simpleboot3_mobile'  AND (  `is_public` = 1 OR `file` = 'portal/product-info' ) ORDER BY `is_public` DESC [ RunTime:0.000326s ]
[2026-06-17T18:09:45+08:00][sql] SELECT `option_value` FROM `cmf_option` WHERE  `option_name` = 'storage' LIMIT 1 [ RunTime:0.000579s ]
[2026-06-17T18:09:47+08:00][sql] CONNECT:[ UseTime:0.000891s ] mysql:host=127.0.0.1;port=3306;dbname=newncl;charset=utf8mb4
[2026-06-17T18:09:47+08:00][sql] SHOW FULL COLUMNS FROM `cmf_option` [ RunTime:0.002449s ]
[2026-06-17T18:09:47+08:00][sql] SELECT `option_value` FROM `cmf_option` WHERE  `option_name` = 'cdn_settings' LIMIT 1 [ RunTime:0.000400s ]
[2026-06-17T18:09:47+08:00][sql] SELECT `option_value` FROM `cmf_option` WHERE  `option_name` = 'cdn_settings' LIMIT 1 [ RunTime:0.000414s ]
[2026-06-17T18:09:47+08:00][sql] SHOW FULL COLUMNS FROM `cmf_product_category` [ RunTime:0.001552s ]
[2026-06-17T18:09:47+08:00][sql] SELECT * FROM `cmf_product_category` WHERE  `parent_id` = 0 ORDER BY `list_order` ASC,`create_time` DESC [ RunTime:0.000462s ]
[2026-06-17T18:09:47+08:00][sql] SELECT * FROM `cmf_product_category` WHERE  `parent_id` IN (28,19,23,25,30,22,27) [ RunTime:0.000316s ]
[2026-06-17T18:09:47+08:00][sql] SHOW FULL COLUMNS FROM `cmf_portal_category` [ RunTime:0.001188s ]
[2026-06-17T18:09:47+08:00][sql] SELECT * FROM `cmf_portal_category` WHERE (  `type` = 8 ) AND `cmf_portal_category`.`delete_time` = '0' ORDER BY `list_order` ASC [ RunTime:0.000420s ]
[2026-06-17T18:09:47+08:00][sql] SHOW FULL COLUMNS FROM `cmf_slide_item` [ RunTime:0.000971s ]
[2026-06-17T18:09:47+08:00][sql] SELECT `title`,`description`,`image`,`url`,`target`,`content` FROM `cmf_slide_item` WHERE  `slide_id` = 1 ORDER BY `list_order` ASC [ RunTime:0.000328s ]
[2026-06-17T18:09:47+08:00][sql] SHOW FULL COLUMNS FROM `cmf_slide` [ RunTime:0.001887s ]
[2026-06-17T18:09:47+08:00][sql] SELECT * FROM `cmf_slide` WHERE  `name` LIKE '%choose%' OR `name` LIKE '%选择%' LIMIT 1 [ RunTime:0.000500s ]
[2026-06-17T18:09:47+08:00][sql] SELECT `title`,`description`,`image`,`url`,`target`,`content` FROM `cmf_slide_item` WHERE  `slide_id` = 14  AND `status` = 1 ORDER BY `list_order` ASC [ RunTime:0.000424s ]
[2026-06-17T18:09:47+08:00][sql] SELECT * FROM `cmf_product_category` WHERE  `parent_id` = 0  AND `recommend` = 1 ORDER BY `list_order` ASC,`create_time` DESC [ RunTime:0.000326s ]
[2026-06-17T18:09:47+08:00][sql] SHOW FULL COLUMNS FROM `cmf_product` [ RunTime:0.001767s ]
[2026-06-17T18:09:47+08:00][sql] SELECT `id`,`title`,`thumbnail`,`industry` FROM `cmf_product` WHERE  `is_recommended` = 1  AND `category_id` = 28 ORDER BY `list_order` ASC LIMIT 6 [ RunTime:0.000695s ]
[2026-06-17T18:09:47+08:00][sql] SELECT `id`,`title`,`thumbnail`,`industry` FROM `cmf_product` WHERE  `is_recommended` = 1  AND `category_id` = 19 ORDER BY `list_order` ASC LIMIT 6 [ RunTime:0.000650s ]
[2026-06-17T18:09:47+08:00][sql] SELECT `id`,`title`,`thumbnail`,`industry` FROM `cmf_product` WHERE  `is_recommended` = 1  AND `category_id` = 23 ORDER BY `list_order` ASC LIMIT 6 [ RunTime:0.000610s ]
[2026-06-17T18:09:47+08:00][sql] SELECT `id`,`title`,`thumbnail`,`industry` FROM `cmf_product` WHERE  `is_recommended` = 1  AND `category_id` = 25 ORDER BY `list_order` ASC LIMIT 6 [ RunTime:0.001589s ]
[2026-06-17T18:09:47+08:00][sql] SELECT `id`,`title`,`thumbnail`,`industry` FROM `cmf_product` WHERE  `is_recommended` = 1  AND `category_id` = 30 ORDER BY `list_order` ASC LIMIT 6 [ RunTime:0.000654s ]
[2026-06-17T18:09:47+08:00][sql] SHOW FULL COLUMNS FROM `cmf_portal_post` [ RunTime:0.002037s ]
[2026-06-17T18:09:47+08:00][sql] SELECT `p`.`id`,`p`.`post_title`,`p`.`post_excerpt`,`p`.`thumbnail`,`p`.`create_time`,`c`.`category_id` FROM `cmf_portal_post` `p` INNER JOIN `cmf_portal_category_post` `c` ON `p`.`id`=`c`.`post_id` WHERE (  `p`.`post_type` = '8' ) AND `p`.`delete_time` = '0' ORDER BY `c`.`list_order` ASC,`p`.`create_time` DESC [ RunTime:0.001417s ]
[2026-06-17T18:09:47+08:00][sql] SELECT `id`,`post_title`,`post_excerpt`,`more` FROM `cmf_portal_post` WHERE (  `post_type` = 3 ) AND `cmf_portal_post`.`delete_time` = '0' ORDER BY `create_time` DESC [ RunTime:0.000959s ]
[2026-06-17T18:09:47+08:00][sql] SHOW FULL COLUMNS FROM `cmf_theme_file` [ RunTime:0.002453s ]
[2026-06-17T18:09:47+08:00][sql] SELECT `more`,`file`,`id` FROM `cmf_theme_file` WHERE  `theme` = 'simpleboot3_mobile'  AND (  `is_public` = 1 OR `file` = 'portal/index' ) ORDER BY `is_public` DESC [ RunTime:0.000746s ]
[2026-06-17T18:09:47+08:00][sql] SELECT `option_value` FROM `cmf_option` WHERE  `option_name` = 'storage' LIMIT 1 [ RunTime:0.000649s ]
[2026-06-17T18:10:03+08:00][sql] CONNECT:[ UseTime:0.001075s ] mysql:host=127.0.0.1;port=3306;dbname=newncl;charset=utf8mb4
[2026-06-17T18:10:03+08:00][sql] SHOW FULL COLUMNS FROM `cmf_option` [ RunTime:0.001640s ]
[2026-06-17T18:10:03+08:00][sql] SELECT `option_value` FROM `cmf_option` WHERE  `option_name` = 'cdn_settings' LIMIT 1 [ RunTime:0.000915s ]
[2026-06-17T18:10:03+08:00][sql] SELECT `option_value` FROM `cmf_option` WHERE  `option_name` = 'cdn_settings' LIMIT 1 [ RunTime:0.000573s ]
[2026-06-17T18:10:03+08:00][sql] SHOW FULL COLUMNS FROM `cmf_product_category` [ RunTime:0.001407s ]
[2026-06-17T18:10:03+08:00][sql] SELECT * FROM `cmf_product_category` WHERE  `parent_id` = 0 ORDER BY `list_order` ASC,`create_time` DESC [ RunTime:0.000424s ]
[2026-06-17T18:10:03+08:00][sql] SELECT * FROM `cmf_product_category` WHERE  `parent_id` IN (28,19,23,25,30,22,27) [ RunTime:0.000407s ]
[2026-06-17T18:10:03+08:00][sql] SHOW FULL COLUMNS FROM `cmf_portal_category` [ RunTime:0.001539s ]
[2026-06-17T18:10:03+08:00][sql] SELECT * FROM `cmf_portal_category` WHERE (  `type` = 8 ) AND `cmf_portal_category`.`delete_time` = '0' ORDER BY `list_order` ASC [ RunTime:0.000567s ]
[2026-06-17T18:10:03+08:00][sql] SHOW FULL COLUMNS FROM `cmf_slide_item` [ RunTime:0.001320s ]
[2026-06-17T18:10:03+08:00][sql] SELECT `title`,`description`,`image`,`url`,`target`,`content` FROM `cmf_slide_item` WHERE  `slide_id` = 1 ORDER BY `list_order` ASC [ RunTime:0.000356s ]
[2026-06-17T18:10:03+08:00][sql] SHOW FULL COLUMNS FROM `cmf_slide` [ RunTime:0.000999s ]
[2026-06-17T18:10:03+08:00][sql] SELECT * FROM `cmf_slide` WHERE  `name` LIKE '%choose%' OR `name` LIKE '%选择%' LIMIT 1 [ RunTime:0.000604s ]
[2026-06-17T18:10:03+08:00][sql] SELECT `title`,`description`,`image`,`url`,`target`,`content` FROM `cmf_slide_item` WHERE  `slide_id` = 14  AND `status` = 1 ORDER BY `list_order` ASC [ RunTime:0.000434s ]
[2026-06-17T18:10:03+08:00][sql] SELECT * FROM `cmf_product_category` WHERE  `parent_id` = 0  AND `recommend` = 1 ORDER BY `list_order` ASC,`create_time` DESC [ RunTime:0.000385s ]
[2026-06-17T18:10:03+08:00][sql] SHOW FULL COLUMNS FROM `cmf_product` [ RunTime:0.001363s ]
[2026-06-17T18:10:03+08:00][sql] SELECT `id`,`title`,`thumbnail`,`industry` FROM `cmf_product` WHERE  `is_recommended` = 1  AND `category_id` = 28 ORDER BY `list_order` ASC LIMIT 6 [ RunTime:0.000431s ]
[2026-06-17T18:10:03+08:00][sql] SELECT `id`,`title`,`thumbnail`,`industry` FROM `cmf_product` WHERE  `is_recommended` = 1  AND `category_id` = 19 ORDER BY `list_order` ASC LIMIT 6 [ RunTime:0.000385s ]
[2026-06-17T18:10:03+08:00][sql] SELECT `id`,`title`,`thumbnail`,`industry` FROM `cmf_product` WHERE  `is_recommended` = 1  AND `category_id` = 23 ORDER BY `list_order` ASC LIMIT 6 [ RunTime:0.000315s ]
[2026-06-17T18:10:03+08:00][sql] SELECT `id`,`title`,`thumbnail`,`industry` FROM `cmf_product` WHERE  `is_recommended` = 1  AND `category_id` = 25 ORDER BY `list_order` ASC LIMIT 6 [ RunTime:0.000389s ]
[2026-06-17T18:10:03+08:00][sql] SELECT `id`,`title`,`thumbnail`,`industry` FROM `cmf_product` WHERE  `is_recommended` = 1  AND `category_id` = 30 ORDER BY `list_order` ASC LIMIT 6 [ RunTime:0.000326s ]
[2026-06-17T18:10:03+08:00][sql] SHOW FULL COLUMNS FROM `cmf_portal_post` [ RunTime:0.001430s ]
[2026-06-17T18:10:03+08:00][sql] SELECT `p`.`id`,`p`.`post_title`,`p`.`post_excerpt`,`p`.`thumbnail`,`p`.`create_time`,`c`.`category_id` FROM `cmf_portal_post` `p` INNER JOIN `cmf_portal_category_post` `c` ON `p`.`id`=`c`.`post_id` WHERE (  `p`.`post_type` = '8' ) AND `p`.`delete_time` = '0' ORDER BY `c`.`list_order` ASC,`p`.`create_time` DESC [ RunTime:0.003641s ]
[2026-06-17T18:10:03+08:00][sql] SELECT `id`,`post_title`,`post_excerpt`,`more` FROM `cmf_portal_post` WHERE (  `post_type` = 3 ) AND `cmf_portal_post`.`delete_time` = '0' ORDER BY `create_time` DESC [ RunTime:0.000430s ]
[2026-06-17T18:10:03+08:00][sql] SHOW FULL COLUMNS FROM `cmf_theme_file` [ RunTime:0.001410s ]
[2026-06-17T18:10:03+08:00][sql] SELECT `more`,`file`,`id` FROM `cmf_theme_file` WHERE  `theme` = 'simpleboot3'  AND (  `is_public` = 1 OR `file` = 'portal/index' ) ORDER BY `is_public` DESC [ RunTime:0.000438s ]
[2026-06-17T18:10:03+08:00][sql] SELECT `option_value` FROM `cmf_option` WHERE  `option_name` = 'storage' LIMIT 1 [ RunTime:0.000500s ]
[2026-06-17T18:10:52+08:00][sql] CONNECT:[ UseTime:0.001487s ] mysql:host=127.0.0.1;port=3306;dbname=newncl;charset=utf8mb4
[2026-06-17T18:10:52+08:00][sql] SHOW FULL COLUMNS FROM `cmf_option` [ RunTime:0.002452s ]
[2026-06-17T18:10:52+08:00][sql] SELECT `option_value` FROM `cmf_option` WHERE  `option_name` = 'cdn_settings' LIMIT 1 [ RunTime:0.000609s ]
[2026-06-17T18:10:52+08:00][sql] SELECT `option_value` FROM `cmf_option` WHERE  `option_name` = 'cdn_settings' LIMIT 1 [ RunTime:0.000425s ]
[2026-06-17T18:10:52+08:00][sql] SHOW FULL COLUMNS FROM `cmf_product_category` [ RunTime:0.001367s ]
[2026-06-17T18:10:52+08:00][sql] SELECT * FROM `cmf_product_category` WHERE  `parent_id` = 0 ORDER BY `list_order` ASC,`create_time` DESC [ RunTime:0.000590s ]
[2026-06-17T18:10:52+08:00][sql] SELECT * FROM `cmf_product_category` WHERE  `parent_id` IN (28,19,23,25,30,22,27) [ RunTime:0.000929s ]
[2026-06-17T18:10:52+08:00][sql] SHOW FULL COLUMNS FROM `cmf_portal_category` [ RunTime:0.001503s ]
[2026-06-17T18:10:52+08:00][sql] SELECT * FROM `cmf_portal_category` WHERE (  `type` = 8 ) AND `cmf_portal_category`.`delete_time` = '0' ORDER BY `list_order` ASC [ RunTime:0.000531s ]
[2026-06-17T18:10:52+08:00][sql] SHOW FULL COLUMNS FROM `cmf_slide_item` [ RunTime:0.001661s ]
[2026-06-17T18:10:52+08:00][sql] SELECT `title`,`description`,`image`,`url`,`target`,`content` FROM `cmf_slide_item` WHERE  `slide_id` = 1 ORDER BY `list_order` ASC [ RunTime:0.000460s ]
[2026-06-17T18:10:52+08:00][sql] SHOW FULL COLUMNS FROM `cmf_slide` [ RunTime:0.000996s ]
[2026-06-17T18:10:52+08:00][sql] SELECT * FROM `cmf_slide` WHERE  `name` LIKE '%choose%' OR `name` LIKE '%选择%' LIMIT 1 [ RunTime:0.000963s ]
[2026-06-17T18:10:52+08:00][sql] SELECT `title`,`description`,`image`,`url`,`target`,`content` FROM `cmf_slide_item` WHERE  `slide_id` = 14  AND `status` = 1 ORDER BY `list_order` ASC [ RunTime:0.000380s ]
[2026-06-17T18:10:52+08:00][sql] SELECT * FROM `cmf_product_category` WHERE  `parent_id` = 0  AND `recommend` = 1 ORDER BY `list_order` ASC,`create_time` DESC [ RunTime:0.000708s ]
[2026-06-17T18:10:52+08:00][sql] SHOW FULL COLUMNS FROM `cmf_product` [ RunTime:0.001152s ]
[2026-06-17T18:10:52+08:00][sql] SELECT `id`,`title`,`thumbnail`,`industry` FROM `cmf_product` WHERE  `is_recommended` = 1  AND `category_id` = 28 ORDER BY `list_order` ASC LIMIT 6 [ RunTime:0.000543s ]
[2026-06-17T18:10:52+08:00][sql] SELECT `id`,`title`,`thumbnail`,`industry` FROM `cmf_product` WHERE  `is_recommended` = 1  AND `category_id` = 19 ORDER BY `list_order` ASC LIMIT 6 [ RunTime:0.000374s ]
[2026-06-17T18:10:52+08:00][sql] SELECT `id`,`title`,`thumbnail`,`industry` FROM `cmf_product` WHERE  `is_recommended` = 1  AND `category_id` = 23 ORDER BY `list_order` ASC LIMIT 6 [ RunTime:0.000283s ]
[2026-06-17T18:10:52+08:00][sql] SELECT `id`,`title`,`thumbnail`,`industry` FROM `cmf_product` WHERE  `is_recommended` = 1  AND `category_id` = 25 ORDER BY `list_order` ASC LIMIT 6 [ RunTime:0.000902s ]
[2026-06-17T18:10:52+08:00][sql] SELECT `id`,`title`,`thumbnail`,`industry` FROM `cmf_product` WHERE  `is_recommended` = 1  AND `category_id` = 30 ORDER BY `list_order` ASC LIMIT 6 [ RunTime:0.000308s ]
[2026-06-17T18:10:52+08:00][sql] SHOW FULL COLUMNS FROM `cmf_portal_post` [ RunTime:0.001951s ]
[2026-06-17T18:10:52+08:00][sql] SELECT `p`.`id`,`p`.`post_title`,`p`.`post_excerpt`,`p`.`thumbnail`,`p`.`create_time`,`c`.`category_id` FROM `cmf_portal_post` `p` INNER JOIN `cmf_portal_category_post` `c` ON `p`.`id`=`c`.`post_id` WHERE (  `p`.`post_type` = '8' ) AND `p`.`delete_time` = '0' ORDER BY `c`.`list_order` ASC,`p`.`create_time` DESC [ RunTime:0.002749s ]
[2026-06-17T18:10:52+08:00][sql] SELECT `id`,`post_title`,`post_excerpt`,`more` FROM `cmf_portal_post` WHERE (  `post_type` = 3 ) AND `cmf_portal_post`.`delete_time` = '0' ORDER BY `create_time` DESC [ RunTime:0.000440s ]
[2026-06-17T18:10:52+08:00][sql] SHOW FULL COLUMNS FROM `cmf_theme_file` [ RunTime:0.001186s ]
[2026-06-17T18:10:52+08:00][sql] SELECT `more`,`file`,`id` FROM `cmf_theme_file` WHERE  `theme` = 'simpleboot3_mobile'  AND (  `is_public` = 1 OR `file` = 'portal/index' ) ORDER BY `is_public` DESC [ RunTime:0.000396s ]
[2026-06-17T18:10:52+08:00][sql] SELECT `option_value` FROM `cmf_option` WHERE  `option_name` = 'storage' LIMIT 1 [ RunTime:0.000316s ]
[2026-06-17T18:17:46+08:00][sql] CONNECT:[ UseTime:0.001542s ] mysql:host=127.0.0.1;port=3306;dbname=newncl;charset=utf8mb4
[2026-06-17T18:17:46+08:00][sql] SHOW FULL COLUMNS FROM `cmf_option` [ RunTime:0.003727s ]
[2026-06-17T18:17:46+08:00][sql] SELECT `option_value` FROM `cmf_option` WHERE  `option_name` = 'cdn_settings' LIMIT 1 [ RunTime:0.000788s ]
[2026-06-17T18:17:46+08:00][sql] SELECT `option_value` FROM `cmf_option` WHERE  `option_name` = 'cdn_settings' LIMIT 1 [ RunTime:0.000334s ]
[2026-06-17T18:17:46+08:00][sql] SHOW FULL COLUMNS FROM `cmf_product_category` [ RunTime:0.001129s ]
[2026-06-17T18:17:46+08:00][sql] SELECT * FROM `cmf_product_category` WHERE  `parent_id` = 0 ORDER BY `list_order` ASC,`create_time` DESC [ RunTime:0.000479s ]
[2026-06-17T18:17:46+08:00][sql] SELECT * FROM `cmf_product_category` WHERE  `parent_id` IN (28,19,23,25,30,22,27) [ RunTime:0.000370s ]
[2026-06-17T18:17:46+08:00][sql] SHOW FULL COLUMNS FROM `cmf_portal_category` [ RunTime:0.001710s ]
[2026-06-17T18:17:46+08:00][sql] SELECT * FROM `cmf_portal_category` WHERE (  `type` = 8 ) AND `cmf_portal_category`.`delete_time` = '0' ORDER BY `list_order` ASC [ RunTime:0.001201s ]
[2026-06-17T18:17:46+08:00][sql] SHOW FULL COLUMNS FROM `cmf_slide_item` [ RunTime:0.001545s ]
[2026-06-17T18:17:46+08:00][sql] SELECT `title`,`description`,`image`,`url`,`target`,`content` FROM `cmf_slide_item` WHERE  `slide_id` = 1 ORDER BY `list_order` ASC [ RunTime:0.000762s ]
[2026-06-17T18:17:46+08:00][sql] SHOW FULL COLUMNS FROM `cmf_slide` [ RunTime:0.001249s ]
[2026-06-17T18:17:46+08:00][sql] SELECT * FROM `cmf_slide` WHERE  `name` LIKE '%choose%' OR `name` LIKE '%选择%' LIMIT 1 [ RunTime:0.001159s ]
[2026-06-17T18:17:46+08:00][sql] SELECT `title`,`description`,`image`,`url`,`target`,`content` FROM `cmf_slide_item` WHERE  `slide_id` = 14  AND `status` = 1 ORDER BY `list_order` ASC [ RunTime:0.000372s ]
[2026-06-17T18:17:46+08:00][sql] SELECT * FROM `cmf_product_category` WHERE  `parent_id` = 0  AND `recommend` = 1 ORDER BY `list_order` ASC,`create_time` DESC [ RunTime:0.000377s ]
[2026-06-17T18:17:46+08:00][sql] SHOW FULL COLUMNS FROM `cmf_product` [ RunTime:0.001832s ]
[2026-06-17T18:17:46+08:00][sql] SELECT `id`,`title`,`thumbnail`,`industry` FROM `cmf_product` WHERE  `is_recommended` = 1  AND `category_id` = 28 ORDER BY `list_order` ASC LIMIT 6 [ RunTime:0.000600s ]
[2026-06-17T18:17:46+08:00][sql] SELECT `id`,`title`,`thumbnail`,`industry` FROM `cmf_product` WHERE  `is_recommended` = 1  AND `category_id` = 19 ORDER BY `list_order` ASC LIMIT 6 [ RunTime:0.000481s ]
[2026-06-17T18:17:46+08:00][sql] SELECT `id`,`title`,`thumbnail`,`industry` FROM `cmf_product` WHERE  `is_recommended` = 1  AND `category_id` = 23 ORDER BY `list_order` ASC LIMIT 6 [ RunTime:0.000311s ]
[2026-06-17T18:17:46+08:00][sql] SELECT `id`,`title`,`thumbnail`,`industry` FROM `cmf_product` WHERE  `is_recommended` = 1  AND `category_id` = 25 ORDER BY `list_order` ASC LIMIT 6 [ RunTime:0.000362s ]
[2026-06-17T18:17:46+08:00][sql] SELECT `id`,`title`,`thumbnail`,`industry` FROM `cmf_product` WHERE  `is_recommended` = 1  AND `category_id` = 30 ORDER BY `list_order` ASC LIMIT 6 [ RunTime:0.000913s ]
[2026-06-17T18:17:46+08:00][sql] SHOW FULL COLUMNS FROM `cmf_portal_post` [ RunTime:0.001380s ]
[2026-06-17T18:17:46+08:00][sql] SELECT `p`.`id`,`p`.`post_title`,`p`.`post_excerpt`,`p`.`thumbnail`,`p`.`create_time`,`c`.`category_id` FROM `cmf_portal_post` `p` INNER JOIN `cmf_portal_category_post` `c` ON `p`.`id`=`c`.`post_id` WHERE (  `p`.`post_type` = '8' ) AND `p`.`delete_time` = '0' ORDER BY `c`.`list_order` ASC,`p`.`create_time` DESC [ RunTime:0.001374s ]
[2026-06-17T18:17:46+08:00][sql] SELECT `id`,`post_title`,`post_excerpt`,`more` FROM `cmf_portal_post` WHERE (  `post_type` = 3 ) AND `cmf_portal_post`.`delete_time` = '0' ORDER BY `create_time` DESC [ RunTime:0.000384s ]
[2026-06-17T18:17:46+08:00][sql] SHOW FULL COLUMNS FROM `cmf_theme_file` [ RunTime:0.000984s ]
[2026-06-17T18:17:46+08:00][sql] SELECT `more`,`file`,`id` FROM `cmf_theme_file` WHERE  `theme` = 'simpleboot3_mobile'  AND (  `is_public` = 1 OR `file` = 'portal/index' ) ORDER BY `is_public` DESC [ RunTime:0.000331s ]
[2026-06-17T18:17:46+08:00][sql] SELECT `option_value` FROM `cmf_option` WHERE  `option_name` = 'storage' LIMIT 1 [ RunTime:0.000555s ]
[2026-06-17T18:18:02+08:00][sql] CONNECT:[ UseTime:0.001534s ] mysql:host=127.0.0.1;port=3306;dbname=newncl;charset=utf8mb4
[2026-06-17T18:18:02+08:00][sql] SHOW FULL COLUMNS FROM `cmf_option` [ RunTime:0.003071s ]
[2026-06-17T18:18:02+08:00][sql] SELECT `option_value` FROM `cmf_option` WHERE  `option_name` = 'cdn_settings' LIMIT 1 [ RunTime:0.000408s ]
[2026-06-17T18:18:02+08:00][sql] SELECT `option_value` FROM `cmf_option` WHERE  `option_name` = 'cdn_settings' LIMIT 1 [ RunTime:0.000300s ]
[2026-06-17T18:18:02+08:00][sql] SHOW FULL COLUMNS FROM `cmf_product_category` [ RunTime:0.001197s ]
[2026-06-17T18:18:02+08:00][sql] SELECT * FROM `cmf_product_category` WHERE  `parent_id` = 0 ORDER BY `list_order` ASC,`create_time` DESC [ RunTime:0.000418s ]
[2026-06-17T18:18:02+08:00][sql] SELECT * FROM `cmf_product_category` WHERE  `parent_id` IN (28,19,23,25,30,22,27) [ RunTime:0.000330s ]
[2026-06-17T18:18:02+08:00][sql] SHOW FULL COLUMNS FROM `cmf_portal_category` [ RunTime:0.001194s ]
[2026-06-17T18:18:02+08:00][sql] SELECT * FROM `cmf_portal_category` WHERE (  `type` = 8 ) AND `cmf_portal_category`.`delete_time` = '0' ORDER BY `list_order` ASC [ RunTime:0.000398s ]
[2026-06-17T18:18:02+08:00][sql] SHOW FULL COLUMNS FROM `cmf_slide_item` [ RunTime:0.002682s ]
[2026-06-17T18:18:02+08:00][sql] SELECT `title`,`description`,`image`,`url`,`target`,`content` FROM `cmf_slide_item` WHERE  `slide_id` = 1 ORDER BY `list_order` ASC [ RunTime:0.000642s ]
[2026-06-17T18:18:02+08:00][sql] SHOW FULL COLUMNS FROM `cmf_slide` [ RunTime:0.001330s ]
[2026-06-17T18:18:02+08:00][sql] SELECT * FROM `cmf_slide` WHERE  `name` LIKE '%choose%' OR `name` LIKE '%选择%' LIMIT 1 [ RunTime:0.002231s ]
[2026-06-17T18:18:02+08:00][sql] SELECT `title`,`description`,`image`,`url`,`target`,`content` FROM `cmf_slide_item` WHERE  `slide_id` = 14  AND `status` = 1 ORDER BY `list_order` ASC [ RunTime:0.000476s ]
[2026-06-17T18:18:02+08:00][sql] SELECT * FROM `cmf_product_category` WHERE  `parent_id` = 0  AND `recommend` = 1 ORDER BY `list_order` ASC,`create_time` DESC [ RunTime:0.000396s ]
[2026-06-17T18:18:02+08:00][sql] SHOW FULL COLUMNS FROM `cmf_product` [ RunTime:0.001448s ]
[2026-06-17T18:18:02+08:00][sql] SELECT `id`,`title`,`thumbnail`,`industry` FROM `cmf_product` WHERE  `is_recommended` = 1  AND `category_id` = 28 ORDER BY `list_order` ASC LIMIT 6 [ RunTime:0.000607s ]
[2026-06-17T18:18:02+08:00][sql] SELECT `id`,`title`,`thumbnail`,`industry` FROM `cmf_product` WHERE  `is_recommended` = 1  AND `category_id` = 19 ORDER BY `list_order` ASC LIMIT 6 [ RunTime:0.000430s ]
[2026-06-17T18:18:02+08:00][sql] SELECT `id`,`title`,`thumbnail`,`industry` FROM `cmf_product` WHERE  `is_recommended` = 1  AND `category_id` = 23 ORDER BY `list_order` ASC LIMIT 6 [ RunTime:0.000313s ]
[2026-06-17T18:18:02+08:00][sql] SELECT `id`,`title`,`thumbnail`,`industry` FROM `cmf_product` WHERE  `is_recommended` = 1  AND `category_id` = 25 ORDER BY `list_order` ASC LIMIT 6 [ RunTime:0.000347s ]
[2026-06-17T18:18:02+08:00][sql] SELECT `id`,`title`,`thumbnail`,`industry` FROM `cmf_product` WHERE  `is_recommended` = 1  AND `category_id` = 30 ORDER BY `list_order` ASC LIMIT 6 [ RunTime:0.000329s ]
[2026-06-17T18:18:02+08:00][sql] SHOW FULL COLUMNS FROM `cmf_portal_post` [ RunTime:0.002992s ]
[2026-06-17T18:18:02+08:00][sql] SELECT `p`.`id`,`p`.`post_title`,`p`.`post_excerpt`,`p`.`thumbnail`,`p`.`create_time`,`c`.`category_id` FROM `cmf_portal_post` `p` INNER JOIN `cmf_portal_category_post` `c` ON `p`.`id`=`c`.`post_id` WHERE (  `p`.`post_type` = '8' ) AND `p`.`delete_time` = '0' ORDER BY `c`.`list_order` ASC,`p`.`create_time` DESC [ RunTime:0.002251s ]
[2026-06-17T18:18:02+08:00][sql] SELECT `id`,`post_title`,`post_excerpt`,`more` FROM `cmf_portal_post` WHERE (  `post_type` = 3 ) AND `cmf_portal_post`.`delete_time` = '0' ORDER BY `create_time` DESC [ RunTime:0.000582s ]
[2026-06-17T18:18:02+08:00][sql] SHOW FULL COLUMNS FROM `cmf_theme_file` [ RunTime:0.001431s ]
[2026-06-17T18:18:02+08:00][sql] SELECT `more`,`file`,`id` FROM `cmf_theme_file` WHERE  `theme` = 'simpleboot3'  AND (  `is_public` = 1 OR `file` = 'portal/index' ) ORDER BY `is_public` DESC [ RunTime:0.000530s ]
[2026-06-17T18:18:02+08:00][sql] SELECT `option_value` FROM `cmf_option` WHERE  `option_name` = 'storage' LIMIT 1 [ RunTime:0.000706s ]
[2026-06-17T18:18:09+08:00][sql] CONNECT:[ UseTime:0.002169s ] mysql:host=127.0.0.1;port=3306;dbname=newncl;charset=utf8mb4
[2026-06-17T18:18:09+08:00][sql] SHOW FULL COLUMNS FROM `cmf_option` [ RunTime:0.002838s ]
[2026-06-17T18:18:09+08:00][sql] SELECT `option_value` FROM `cmf_option` WHERE  `option_name` = 'cdn_settings' LIMIT 1 [ RunTime:0.000789s ]
[2026-06-17T18:18:09+08:00][sql] SELECT `option_value` FROM `cmf_option` WHERE  `option_name` = 'cdn_settings' LIMIT 1 [ RunTime:0.001381s ]
[2026-06-17T18:18:09+08:00][sql] SHOW FULL COLUMNS FROM `cmf_product_category` [ RunTime:0.002667s ]
[2026-06-17T18:18:09+08:00][sql] SELECT * FROM `cmf_product_category` WHERE  `parent_id` = 0 ORDER BY `list_order` ASC,`create_time` DESC [ RunTime:0.001173s ]
[2026-06-17T18:18:09+08:00][sql] SELECT * FROM `cmf_product_category` WHERE  `parent_id` IN (28,19,23,25,30,22,27) [ RunTime:0.000919s ]
[2026-06-17T18:18:09+08:00][sql] SHOW FULL COLUMNS FROM `cmf_portal_category` [ RunTime:0.003032s ]
[2026-06-17T18:18:09+08:00][sql] SELECT * FROM `cmf_portal_category` WHERE (  `type` = 8 ) AND `cmf_portal_category`.`delete_time` = '0' ORDER BY `list_order` ASC [ RunTime:0.001247s ]
[2026-06-17T18:18:09+08:00][sql] SHOW FULL COLUMNS FROM `cmf_slide_item` [ RunTime:0.002635s ]
[2026-06-17T18:18:09+08:00][sql] SELECT `title`,`description`,`image`,`url`,`target`,`content` FROM `cmf_slide_item` WHERE  `slide_id` = 1 ORDER BY `list_order` ASC [ RunTime:0.000879s ]
[2026-06-17T18:18:09+08:00][sql] SHOW FULL COLUMNS FROM `cmf_slide` [ RunTime:0.002044s ]
[2026-06-17T18:18:09+08:00][sql] SELECT * FROM `cmf_slide` WHERE  `name` LIKE '%choose%' OR `name` LIKE '%选择%' LIMIT 1 [ RunTime:0.000628s ]
[2026-06-17T18:18:09+08:00][sql] SELECT `title`,`description`,`image`,`url`,`target`,`content` FROM `cmf_slide_item` WHERE  `slide_id` = 14  AND `status` = 1 ORDER BY `list_order` ASC [ RunTime:0.000677s ]
[2026-06-17T18:18:09+08:00][sql] SELECT * FROM `cmf_product_category` WHERE  `parent_id` = 0  AND `recommend` = 1 ORDER BY `list_order` ASC,`create_time` DESC [ RunTime:0.000807s ]
[2026-06-17T18:18:09+08:00][sql] SHOW FULL COLUMNS FROM `cmf_product` [ RunTime:0.002661s ]
[2026-06-17T18:18:09+08:00][sql] SELECT `id`,`title`,`thumbnail`,`industry` FROM `cmf_product` WHERE  `is_recommended` = 1  AND `category_id` = 28 ORDER BY `list_order` ASC LIMIT 6 [ RunTime:0.001495s ]
[2026-06-17T18:18:09+08:00][sql] SELECT `id`,`title`,`thumbnail`,`industry` FROM `cmf_product` WHERE  `is_recommended` = 1  AND `category_id` = 19 ORDER BY `list_order` ASC LIMIT 6 [ RunTime:0.000979s ]
[2026-06-17T18:18:09+08:00][sql] SELECT `id`,`title`,`thumbnail`,`industry` FROM `cmf_product` WHERE  `is_recommended` = 1  AND `category_id` = 23 ORDER BY `list_order` ASC LIMIT 6 [ RunTime:0.000564s ]
[2026-06-17T18:18:09+08:00][sql] SELECT `id`,`title`,`thumbnail`,`industry` FROM `cmf_product` WHERE  `is_recommended` = 1  AND `category_id` = 25 ORDER BY `list_order` ASC LIMIT 6 [ RunTime:0.000833s ]
[2026-06-17T18:18:09+08:00][sql] SELECT `id`,`title`,`thumbnail`,`industry` FROM `cmf_product` WHERE  `is_recommended` = 1  AND `category_id` = 30 ORDER BY `list_order` ASC LIMIT 6 [ RunTime:0.000521s ]
[2026-06-17T18:18:09+08:00][sql] SHOW FULL COLUMNS FROM `cmf_portal_post` [ RunTime:0.003093s ]
[2026-06-17T18:18:09+08:00][sql] SELECT `p`.`id`,`p`.`post_title`,`p`.`post_excerpt`,`p`.`thumbnail`,`p`.`create_time`,`c`.`category_id` FROM `cmf_portal_post` `p` INNER JOIN `cmf_portal_category_post` `c` ON `p`.`id`=`c`.`post_id` WHERE (  `p`.`post_type` = '8' ) AND `p`.`delete_time` = '0' ORDER BY `c`.`list_order` ASC,`p`.`create_time` DESC [ RunTime:0.001681s ]
[2026-06-17T18:18:09+08:00][sql] SELECT `id`,`post_title`,`post_excerpt`,`more` FROM `cmf_portal_post` WHERE (  `post_type` = 3 ) AND `cmf_portal_post`.`delete_time` = '0' ORDER BY `create_time` DESC [ RunTime:0.000999s ]
[2026-06-17T18:18:09+08:00][sql] SHOW FULL COLUMNS FROM `cmf_theme_file` [ RunTime:0.002470s ]
[2026-06-17T18:18:09+08:00][sql] SELECT `more`,`file`,`id` FROM `cmf_theme_file` WHERE  `theme` = 'simpleboot3_mobile'  AND (  `is_public` = 1 OR `file` = 'portal/index' ) ORDER BY `is_public` DESC [ RunTime:0.000707s ]
[2026-06-17T18:18:09+08:00][sql] SELECT `option_value` FROM `cmf_option` WHERE  `option_name` = 'storage' LIMIT 1 [ RunTime:0.000816s ]
[2026-06-17T18:18:16+08:00][sql] CONNECT:[ UseTime:0.002125s ] mysql:host=127.0.0.1;port=3306;dbname=newncl;charset=utf8mb4
[2026-06-17T18:18:16+08:00][sql] SHOW FULL COLUMNS FROM `cmf_option` [ RunTime:0.003083s ]
[2026-06-17T18:18:16+08:00][sql] SELECT `option_value` FROM `cmf_option` WHERE  `option_name` = 'cdn_settings' LIMIT 1 [ RunTime:0.000439s ]
[2026-06-17T18:18:16+08:00][sql] SELECT `option_value` FROM `cmf_option` WHERE  `option_name` = 'cdn_settings' LIMIT 1 [ RunTime:0.000366s ]
[2026-06-17T18:18:16+08:00][sql] SHOW FULL COLUMNS FROM `cmf_product_category` [ RunTime:0.001259s ]
[2026-06-17T18:18:16+08:00][sql] SELECT * FROM `cmf_product_category` WHERE  `parent_id` = 0 ORDER BY `list_order` ASC,`create_time` DESC [ RunTime:0.000530s ]
[2026-06-17T18:18:16+08:00][sql] SELECT * FROM `cmf_product_category` WHERE  `parent_id` IN (28,19,23,25,30,22,27) [ RunTime:0.000418s ]
[2026-06-17T18:18:16+08:00][sql] SHOW FULL COLUMNS FROM `cmf_portal_category` [ RunTime:0.001838s ]
[2026-06-17T18:18:16+08:00][sql] SELECT * FROM `cmf_portal_category` WHERE (  `type` = 8 ) AND `cmf_portal_category`.`delete_time` = '0' ORDER BY `list_order` ASC [ RunTime:0.000620s ]
[2026-06-17T18:18:16+08:00][sql] SHOW FULL COLUMNS FROM `cmf_slide_item` [ RunTime:0.002324s ]
[2026-06-17T18:18:16+08:00][sql] SELECT `title`,`description`,`image`,`url`,`target`,`content` FROM `cmf_slide_item` WHERE  `slide_id` = 1 ORDER BY `list_order` ASC [ RunTime:0.000729s ]
[2026-06-17T18:18:16+08:00][sql] SHOW FULL COLUMNS FROM `cmf_slide` [ RunTime:0.001416s ]
[2026-06-17T18:18:16+08:00][sql] SELECT * FROM `cmf_slide` WHERE  `name` LIKE '%choose%' OR `name` LIKE '%选择%' LIMIT 1 [ RunTime:0.002175s ]
[2026-06-17T18:18:16+08:00][sql] SELECT `title`,`description`,`image`,`url`,`target`,`content` FROM `cmf_slide_item` WHERE  `slide_id` = 14  AND `status` = 1 ORDER BY `list_order` ASC [ RunTime:0.000539s ]
[2026-06-17T18:18:16+08:00][sql] SELECT * FROM `cmf_product_category` WHERE  `parent_id` = 0  AND `recommend` = 1 ORDER BY `list_order` ASC,`create_time` DESC [ RunTime:0.000462s ]
[2026-06-17T18:18:16+08:00][sql] SHOW FULL COLUMNS FROM `cmf_product` [ RunTime:0.001791s ]
[2026-06-17T18:18:16+08:00][sql] SELECT `id`,`title`,`thumbnail`,`industry` FROM `cmf_product` WHERE  `is_recommended` = 1  AND `category_id` = 28 ORDER BY `list_order` ASC LIMIT 6 [ RunTime:0.001253s ]
[2026-06-17T18:18:16+08:00][sql] SELECT `id`,`title`,`thumbnail`,`industry` FROM `cmf_product` WHERE  `is_recommended` = 1  AND `category_id` = 19 ORDER BY `list_order` ASC LIMIT 6 [ RunTime:0.000885s ]
[2026-06-17T18:18:16+08:00][sql] SELECT `id`,`title`,`thumbnail`,`industry` FROM `cmf_product` WHERE  `is_recommended` = 1  AND `category_id` = 23 ORDER BY `list_order` ASC LIMIT 6 [ RunTime:0.000800s ]
[2026-06-17T18:18:16+08:00][sql] SELECT `id`,`title`,`thumbnail`,`industry` FROM `cmf_product` WHERE  `is_recommended` = 1  AND `category_id` = 25 ORDER BY `list_order` ASC LIMIT 6 [ RunTime:0.000760s ]
[2026-06-17T18:18:16+08:00][sql] SELECT `id`,`title`,`thumbnail`,`industry` FROM `cmf_product` WHERE  `is_recommended` = 1  AND `category_id` = 30 ORDER BY `list_order` ASC LIMIT 6 [ RunTime:0.000352s ]
[2026-06-17T18:18:16+08:00][sql] SHOW FULL COLUMNS FROM `cmf_portal_post` [ RunTime:0.001656s ]
[2026-06-17T18:18:16+08:00][sql] SELECT `p`.`id`,`p`.`post_title`,`p`.`post_excerpt`,`p`.`thumbnail`,`p`.`create_time`,`c`.`category_id` FROM `cmf_portal_post` `p` INNER JOIN `cmf_portal_category_post` `c` ON `p`.`id`=`c`.`post_id` WHERE (  `p`.`post_type` = '8' ) AND `p`.`delete_time` = '0' ORDER BY `c`.`list_order` ASC,`p`.`create_time` DESC [ RunTime:0.001441s ]
[2026-06-17T18:18:16+08:00][sql] SELECT `id`,`post_title`,`post_excerpt`,`more` FROM `cmf_portal_post` WHERE (  `post_type` = 3 ) AND `cmf_portal_post`.`delete_time` = '0' ORDER BY `create_time` DESC [ RunTime:0.000429s ]
[2026-06-17T18:18:16+08:00][sql] SHOW FULL COLUMNS FROM `cmf_theme_file` [ RunTime:0.001290s ]
[2026-06-17T18:18:16+08:00][sql] SELECT `more`,`file`,`id` FROM `cmf_theme_file` WHERE  `theme` = 'simpleboot3_mobile'  AND (  `is_public` = 1 OR `file` = 'portal/index' ) ORDER BY `is_public` DESC [ RunTime:0.000393s ]
[2026-06-17T18:18:16+08:00][sql] SELECT `option_value` FROM `cmf_option` WHERE  `option_name` = 'storage' LIMIT 1 [ RunTime:0.000688s ]
[2026-06-17T18:21:59+08:00][sql] CONNECT:[ UseTime:0.000999s ] mysql:host=127.0.0.1;port=3306;dbname=newncl;charset=utf8mb4
[2026-06-17T18:21:59+08:00][sql] SHOW FULL COLUMNS FROM `cmf_option` [ RunTime:0.003312s ]
[2026-06-17T18:21:59+08:00][sql] SELECT `option_value` FROM `cmf_option` WHERE  `option_name` = 'cdn_settings' LIMIT 1 [ RunTime:0.000559s ]
[2026-06-17T18:21:59+08:00][sql] SELECT `option_value` FROM `cmf_option` WHERE  `option_name` = 'cdn_settings' LIMIT 1 [ RunTime:0.000518s ]
[2026-06-17T18:21:59+08:00][sql] SHOW FULL COLUMNS FROM `cmf_product_category` [ RunTime:0.001347s ]
[2026-06-17T18:21:59+08:00][sql] SELECT * FROM `cmf_product_category` WHERE  `parent_id` = 0 ORDER BY `list_order` ASC,`create_time` DESC [ RunTime:0.000472s ]
[2026-06-17T18:21:59+08:00][sql] SELECT * FROM `cmf_product_category` WHERE  `parent_id` IN (28,19,23,25,30,22,27) [ RunTime:0.000302s ]
[2026-06-17T18:21:59+08:00][sql] SHOW FULL COLUMNS FROM `cmf_portal_category` [ RunTime:0.002592s ]
[2026-06-17T18:21:59+08:00][sql] SELECT * FROM `cmf_portal_category` WHERE (  `type` = 8 ) AND `cmf_portal_category`.`delete_time` = '0' ORDER BY `list_order` ASC [ RunTime:0.001611s ]
[2026-06-17T18:21:59+08:00][sql] SHOW FULL COLUMNS FROM `cmf_slide_item` [ RunTime:0.001239s ]
[2026-06-17T18:21:59+08:00][sql] SELECT `title`,`description`,`image`,`url`,`target`,`content` FROM `cmf_slide_item` WHERE  `slide_id` = 1 ORDER BY `list_order` ASC [ RunTime:0.000433s ]
[2026-06-17T18:21:59+08:00][sql] SHOW FULL COLUMNS FROM `cmf_slide` [ RunTime:0.000938s ]
[2026-06-17T18:21:59+08:00][sql] SELECT * FROM `cmf_slide` WHERE  `name` LIKE '%choose%' OR `name` LIKE '%选择%' LIMIT 1 [ RunTime:0.000386s ]
[2026-06-17T18:21:59+08:00][sql] SELECT `title`,`description`,`image`,`url`,`target`,`content` FROM `cmf_slide_item` WHERE  `slide_id` = 14  AND `status` = 1 ORDER BY `list_order` ASC [ RunTime:0.000418s ]
[2026-06-17T18:21:59+08:00][sql] SELECT * FROM `cmf_product_category` WHERE  `parent_id` = 0  AND `recommend` = 1 ORDER BY `list_order` ASC,`create_time` DESC [ RunTime:0.000399s ]
[2026-06-17T18:21:59+08:00][sql] SHOW FULL COLUMNS FROM `cmf_product` [ RunTime:0.001242s ]
[2026-06-17T18:21:59+08:00][sql] SELECT `id`,`title`,`thumbnail`,`industry` FROM `cmf_product` WHERE  `is_recommended` = 1  AND `category_id` = 28 ORDER BY `list_order` ASC LIMIT 6 [ RunTime:0.001091s ]
[2026-06-17T18:21:59+08:00][sql] SELECT `id`,`title`,`thumbnail`,`industry` FROM `cmf_product` WHERE  `is_recommended` = 1  AND `category_id` = 19 ORDER BY `list_order` ASC LIMIT 6 [ RunTime:0.000455s ]
[2026-06-17T18:21:59+08:00][sql] SELECT `id`,`title`,`thumbnail`,`industry` FROM `cmf_product` WHERE  `is_recommended` = 1  AND `category_id` = 23 ORDER BY `list_order` ASC LIMIT 6 [ RunTime:0.000363s ]
[2026-06-17T18:21:59+08:00][sql] SELECT `id`,`title`,`thumbnail`,`industry` FROM `cmf_product` WHERE  `is_recommended` = 1  AND `category_id` = 25 ORDER BY `list_order` ASC LIMIT 6 [ RunTime:0.000718s ]
[2026-06-17T18:21:59+08:00][sql] SELECT `id`,`title`,`thumbnail`,`industry` FROM `cmf_product` WHERE  `is_recommended` = 1  AND `category_id` = 30 ORDER BY `list_order` ASC LIMIT 6 [ RunTime:0.000352s ]
[2026-06-17T18:21:59+08:00][sql] SHOW FULL COLUMNS FROM `cmf_portal_post` [ RunTime:0.001426s ]
[2026-06-17T18:21:59+08:00][sql] SELECT `p`.`id`,`p`.`post_title`,`p`.`post_excerpt`,`p`.`thumbnail`,`p`.`create_time`,`c`.`category_id` FROM `cmf_portal_post` `p` INNER JOIN `cmf_portal_category_post` `c` ON `p`.`id`=`c`.`post_id` WHERE (  `p`.`post_type` = '8' ) AND `p`.`delete_time` = '0' ORDER BY `c`.`list_order` ASC,`p`.`create_time` DESC [ RunTime:0.000626s ]
[2026-06-17T18:21:59+08:00][sql] SELECT `id`,`post_title`,`post_excerpt`,`more` FROM `cmf_portal_post` WHERE (  `post_type` = 3 ) AND `cmf_portal_post`.`delete_time` = '0' ORDER BY `create_time` DESC [ RunTime:0.000330s ]
[2026-06-17T18:21:59+08:00][sql] SHOW FULL COLUMNS FROM `cmf_theme_file` [ RunTime:0.000998s ]
[2026-06-17T18:21:59+08:00][sql] SELECT `more`,`file`,`id` FROM `cmf_theme_file` WHERE  `theme` = 'simpleboot3_mobile'  AND (  `is_public` = 1 OR `file` = 'portal/index' ) ORDER BY `is_public` DESC [ RunTime:0.000348s ]
[2026-06-17T18:21:59+08:00][sql] SELECT `option_value` FROM `cmf_option` WHERE  `option_name` = 'storage' LIMIT 1 [ RunTime:0.000801s ]
[2026-06-17T18:22:07+08:00][sql] CONNECT:[ UseTime:0.001975s ] mysql:host=127.0.0.1;port=3306;dbname=newncl;charset=utf8mb4
[2026-06-17T18:22:07+08:00][sql] SHOW FULL COLUMNS FROM `cmf_option` [ RunTime:0.002966s ]
[2026-06-17T18:22:07+08:00][sql] SELECT `option_value` FROM `cmf_option` WHERE  `option_name` = 'cdn_settings' LIMIT 1 [ RunTime:0.000394s ]
[2026-06-17T18:22:07+08:00][sql] SELECT `option_value` FROM `cmf_option` WHERE  `option_name` = 'cdn_settings' LIMIT 1 [ RunTime:0.000911s ]
[2026-06-17T18:22:07+08:00][sql] SHOW FULL COLUMNS FROM `cmf_product_category` [ RunTime:0.001243s ]
[2026-06-17T18:22:07+08:00][sql] SELECT * FROM `cmf_product_category` WHERE  `parent_id` = 0 ORDER BY `list_order` ASC,`create_time` DESC [ RunTime:0.000949s ]
[2026-06-17T18:22:07+08:00][sql] SELECT * FROM `cmf_product_category` WHERE  `parent_id` IN (28,19,23,25,30,22,27) [ RunTime:0.000363s ]
[2026-06-17T18:22:07+08:00][sql] SHOW FULL COLUMNS FROM `cmf_portal_category` [ RunTime:0.001450s ]
[2026-06-17T18:22:07+08:00][sql] SELECT * FROM `cmf_portal_category` WHERE (  `type` = 8 ) AND `cmf_portal_category`.`delete_time` = '0' ORDER BY `list_order` ASC [ RunTime:0.000375s ]
[2026-06-17T18:22:07+08:00][sql] SELECT * FROM `cmf_product_category` WHERE  `id` = 19 LIMIT 1 [ RunTime:0.000365s ]
[2026-06-17T18:22:07+08:00][sql] SHOW FULL COLUMNS FROM `cmf_product` [ RunTime:0.001408s ]
[2026-06-17T18:22:07+08:00][sql] SELECT COUNT(*) AS think_count FROM `cmf_product` WHERE  `category_id` = 28 LIMIT 1 [ RunTime:0.000443s ]
[2026-06-17T18:22:07+08:00][sql] SELECT COUNT(*) AS think_count FROM `cmf_product` WHERE  `category_id` = 19 LIMIT 1 [ RunTime:0.000370s ]
[2026-06-17T18:22:07+08:00][sql] SELECT COUNT(*) AS think_count FROM `cmf_product` WHERE  `category_id` = 23 LIMIT 1 [ RunTime:0.000334s ]
[2026-06-17T18:22:07+08:00][sql] SELECT COUNT(*) AS think_count FROM `cmf_product` WHERE  `category_id` = 25 LIMIT 1 [ RunTime:0.000325s ]
[2026-06-17T18:22:07+08:00][sql] SELECT COUNT(*) AS think_count FROM `cmf_product` WHERE  `category_id` = 30 LIMIT 1 [ RunTime:0.000289s ]
[2026-06-17T18:22:07+08:00][sql] SELECT COUNT(*) AS think_count FROM `cmf_product` WHERE  `category_id` = 22 LIMIT 1 [ RunTime:0.000348s ]
[2026-06-17T18:22:07+08:00][sql] SELECT COUNT(*) AS think_count FROM `cmf_product` WHERE  `category_id` = 27 LIMIT 1 [ RunTime:0.000367s ]
[2026-06-17T18:22:07+08:00][sql] SELECT COUNT(*) AS think_count FROM `cmf_product` WHERE  `category_id` = 19 LIMIT 1 [ RunTime:0.000349s ]
[2026-06-17T18:22:07+08:00][sql] SELECT `id`,`category_id`,`title`,`thumbnail`,`industry`,`overview` FROM `cmf_product` WHERE  `category_id` = 19 ORDER BY `list_order` ASC,`create_time` DESC LIMIT 0,12 [ RunTime:0.000815s ]
[2026-06-17T18:22:07+08:00][sql] SHOW FULL COLUMNS FROM `cmf_slide_item` [ RunTime:0.002112s ]
[2026-06-17T18:22:07+08:00][sql] SELECT `title`,`description`,`image` FROM `cmf_slide_item` WHERE  `slide_id` = 7  AND `status` = 1 ORDER BY `list_order` ASC,`id` DESC LIMIT 1 [ RunTime:0.000496s ]
[2026-06-17T18:22:07+08:00][sql] SELECT `option_value` FROM `cmf_option` WHERE  `option_name` = 'storage' LIMIT 1 [ RunTime:0.000285s ]
[2026-06-17T18:22:07+08:00][sql] SHOW FULL COLUMNS FROM `cmf_portal_post` [ RunTime:0.001568s ]
[2026-06-17T18:22:07+08:00][sql] SELECT `id`,`post_title`,`post_excerpt`,`more` FROM `cmf_portal_post` WHERE (  `post_type` = 3 ) AND `cmf_portal_post`.`delete_time` = '0' ORDER BY `create_time` DESC [ RunTime:0.000639s ]
[2026-06-17T18:22:07+08:00][sql] SHOW FULL COLUMNS FROM `cmf_theme_file` [ RunTime:0.003058s ]
[2026-06-17T18:22:07+08:00][sql] SELECT `more`,`file`,`id` FROM `cmf_theme_file` WHERE  `theme` = 'simpleboot3_mobile'  AND (  `is_public` = 1 OR `file` = 'portal/product' ) ORDER BY `is_public` DESC [ RunTime:0.000722s ]
[2026-06-17T18:22:14+08:00][sql] CONNECT:[ UseTime:0.001484s ] mysql:host=127.0.0.1;port=3306;dbname=newncl;charset=utf8mb4
[2026-06-17T18:22:14+08:00][sql] SHOW FULL COLUMNS FROM `cmf_option` [ RunTime:0.001588s ]
[2026-06-17T18:22:14+08:00][sql] SELECT `option_value` FROM `cmf_option` WHERE  `option_name` = 'cdn_settings' LIMIT 1 [ RunTime:0.000330s ]
[2026-06-17T18:22:14+08:00][sql] SELECT `option_value` FROM `cmf_option` WHERE  `option_name` = 'cdn_settings' LIMIT 1 [ RunTime:0.001121s ]
[2026-06-17T18:22:14+08:00][sql] SHOW FULL COLUMNS FROM `cmf_product_category` [ RunTime:0.001261s ]
[2026-06-17T18:22:14+08:00][sql] SELECT * FROM `cmf_product_category` WHERE  `parent_id` = 0 ORDER BY `list_order` ASC,`create_time` DESC [ RunTime:0.000359s ]
[2026-06-17T18:22:14+08:00][sql] SELECT * FROM `cmf_product_category` WHERE  `parent_id` IN (28,19,23,25,30,22,27) [ RunTime:0.000479s ]
[2026-06-17T18:22:14+08:00][sql] SHOW FULL COLUMNS FROM `cmf_portal_category` [ RunTime:0.001373s ]
[2026-06-17T18:22:14+08:00][sql] SELECT * FROM `cmf_portal_category` WHERE (  `type` = 8 ) AND `cmf_portal_category`.`delete_time` = '0' ORDER BY `list_order` ASC [ RunTime:0.000320s ]
[2026-06-17T18:22:14+08:00][sql] SHOW FULL COLUMNS FROM `cmf_slide_item` [ RunTime:0.001365s ]
[2026-06-17T18:22:14+08:00][sql] SELECT `title`,`description`,`image`,`url`,`target`,`content` FROM `cmf_slide_item` WHERE  `slide_id` = 1 ORDER BY `list_order` ASC [ RunTime:0.000370s ]
[2026-06-17T18:22:14+08:00][sql] SHOW FULL COLUMNS FROM `cmf_slide` [ RunTime:0.001679s ]
[2026-06-17T18:22:14+08:00][sql] SELECT * FROM `cmf_slide` WHERE  `name` LIKE '%choose%' OR `name` LIKE '%选择%' LIMIT 1 [ RunTime:0.002434s ]
[2026-06-17T18:22:14+08:00][sql] SELECT `title`,`description`,`image`,`url`,`target`,`content` FROM `cmf_slide_item` WHERE  `slide_id` = 14  AND `status` = 1 ORDER BY `list_order` ASC [ RunTime:0.000341s ]
[2026-06-17T18:22:14+08:00][sql] SELECT * FROM `cmf_product_category` WHERE  `parent_id` = 0  AND `recommend` = 1 ORDER BY `list_order` ASC,`create_time` DESC [ RunTime:0.000312s ]
[2026-06-17T18:22:14+08:00][sql] SHOW FULL COLUMNS FROM `cmf_product` [ RunTime:0.001365s ]
[2026-06-17T18:22:14+08:00][sql] SELECT `id`,`title`,`thumbnail`,`industry` FROM `cmf_product` WHERE  `is_recommended` = 1  AND `category_id` = 28 ORDER BY `list_order` ASC LIMIT 6 [ RunTime:0.000666s ]
[2026-06-17T18:22:14+08:00][sql] SELECT `id`,`title`,`thumbnail`,`industry` FROM `cmf_product` WHERE  `is_recommended` = 1  AND `category_id` = 19 ORDER BY `list_order` ASC LIMIT 6 [ RunTime:0.000557s ]
[2026-06-17T18:22:14+08:00][sql] SELECT `id`,`title`,`thumbnail`,`industry` FROM `cmf_product` WHERE  `is_recommended` = 1  AND `category_id` = 23 ORDER BY `list_order` ASC LIMIT 6 [ RunTime:0.000525s ]
[2026-06-17T18:22:14+08:00][sql] SELECT `id`,`title`,`thumbnail`,`industry` FROM `cmf_product` WHERE  `is_recommended` = 1  AND `category_id` = 25 ORDER BY `list_order` ASC LIMIT 6 [ RunTime:0.001429s ]
[2026-06-17T18:22:14+08:00][sql] SELECT `id`,`title`,`thumbnail`,`industry` FROM `cmf_product` WHERE  `is_recommended` = 1  AND `category_id` = 30 ORDER BY `list_order` ASC LIMIT 6 [ RunTime:0.000357s ]
[2026-06-17T18:22:14+08:00][sql] SHOW FULL COLUMNS FROM `cmf_portal_post` [ RunTime:0.001428s ]
[2026-06-17T18:22:14+08:00][sql] SELECT `p`.`id`,`p`.`post_title`,`p`.`post_excerpt`,`p`.`thumbnail`,`p`.`create_time`,`c`.`category_id` FROM `cmf_portal_post` `p` INNER JOIN `cmf_portal_category_post` `c` ON `p`.`id`=`c`.`post_id` WHERE (  `p`.`post_type` = '8' ) AND `p`.`delete_time` = '0' ORDER BY `c`.`list_order` ASC,`p`.`create_time` DESC [ RunTime:0.001053s ]
[2026-06-17T18:22:14+08:00][sql] SELECT `id`,`post_title`,`post_excerpt`,`more` FROM `cmf_portal_post` WHERE (  `post_type` = 3 ) AND `cmf_portal_post`.`delete_time` = '0' ORDER BY `create_time` DESC [ RunTime:0.000386s ]
[2026-06-17T18:22:14+08:00][sql] SHOW FULL COLUMNS FROM `cmf_theme_file` [ RunTime:0.001104s ]
[2026-06-17T18:22:14+08:00][sql] SELECT `more`,`file`,`id` FROM `cmf_theme_file` WHERE  `theme` = 'simpleboot3_mobile'  AND (  `is_public` = 1 OR `file` = 'portal/index' ) ORDER BY `is_public` DESC [ RunTime:0.000313s ]
[2026-06-17T18:22:14+08:00][sql] SELECT `option_value` FROM `cmf_option` WHERE  `option_name` = 'storage' LIMIT 1 [ RunTime:0.000447s ]
[2026-06-17T18:28:22+08:00][sql] CONNECT:[ UseTime:0.002014s ] mysql:host=127.0.0.1;port=3306;dbname=newncl;charset=utf8mb4
[2026-06-17T18:28:22+08:00][sql] SHOW FULL COLUMNS FROM `cmf_option` [ RunTime:0.002948s ]
[2026-06-17T18:28:22+08:00][sql] SELECT `option_value` FROM `cmf_option` WHERE  `option_name` = 'cdn_settings' LIMIT 1 [ RunTime:0.000569s ]
[2026-06-17T18:28:22+08:00][sql] SELECT `option_value` FROM `cmf_option` WHERE  `option_name` = 'cdn_settings' LIMIT 1 [ RunTime:0.000702s ]
[2026-06-17T18:28:22+08:00][sql] SHOW FULL COLUMNS FROM `cmf_product_category` [ RunTime:0.001255s ]
[2026-06-17T18:28:22+08:00][sql] SELECT * FROM `cmf_product_category` WHERE  `parent_id` = 0 ORDER BY `list_order` ASC,`create_time` DESC [ RunTime:0.000446s ]
[2026-06-17T18:28:22+08:00][sql] SELECT * FROM `cmf_product_category` WHERE  `parent_id` IN (28,19,23,25,30,22,27) [ RunTime:0.000519s ]
[2026-06-17T18:28:22+08:00][sql] SHOW FULL COLUMNS FROM `cmf_portal_category` [ RunTime:0.001806s ]
[2026-06-17T18:28:22+08:00][sql] SELECT * FROM `cmf_portal_category` WHERE (  `type` = 8 ) AND `cmf_portal_category`.`delete_time` = '0' ORDER BY `list_order` ASC [ RunTime:0.000426s ]
[2026-06-17T18:28:22+08:00][sql] SHOW FULL COLUMNS FROM `cmf_slide_item` [ RunTime:0.001230s ]
[2026-06-17T18:28:22+08:00][sql] SELECT `title`,`description`,`image`,`url`,`target`,`content` FROM `cmf_slide_item` WHERE  `slide_id` = 1 ORDER BY `list_order` ASC [ RunTime:0.000361s ]
[2026-06-17T18:28:22+08:00][sql] SHOW FULL COLUMNS FROM `cmf_slide` [ RunTime:0.001116s ]
[2026-06-17T18:28:22+08:00][sql] SELECT * FROM `cmf_slide` WHERE  `name` LIKE '%choose%' OR `name` LIKE '%选择%' LIMIT 1 [ RunTime:0.000366s ]
[2026-06-17T18:28:22+08:00][sql] SELECT `title`,`description`,`image`,`url`,`target`,`content` FROM `cmf_slide_item` WHERE  `slide_id` = 14  AND `status` = 1 ORDER BY `list_order` ASC [ RunTime:0.000383s ]
[2026-06-17T18:28:22+08:00][sql] SELECT * FROM `cmf_product_category` WHERE  `parent_id` = 0  AND `recommend` = 1 ORDER BY `list_order` ASC,`create_time` DESC [ RunTime:0.000330s ]
[2026-06-17T18:28:22+08:00][sql] SHOW FULL COLUMNS FROM `cmf_product` [ RunTime:0.001404s ]
[2026-06-17T18:28:22+08:00][sql] SELECT `id`,`title`,`thumbnail`,`industry` FROM `cmf_product` WHERE  `is_recommended` = 1  AND `category_id` = 28 ORDER BY `list_order` ASC LIMIT 6 [ RunTime:0.000669s ]
[2026-06-17T18:28:22+08:00][sql] SELECT `id`,`title`,`thumbnail`,`industry` FROM `cmf_product` WHERE  `is_recommended` = 1  AND `category_id` = 19 ORDER BY `list_order` ASC LIMIT 6 [ RunTime:0.000459s ]
[2026-06-17T18:28:22+08:00][sql] SELECT `id`,`title`,`thumbnail`,`industry` FROM `cmf_product` WHERE  `is_recommended` = 1  AND `category_id` = 23 ORDER BY `list_order` ASC LIMIT 6 [ RunTime:0.000408s ]
[2026-06-17T18:28:22+08:00][sql] SELECT `id`,`title`,`thumbnail`,`industry` FROM `cmf_product` WHERE  `is_recommended` = 1  AND `category_id` = 25 ORDER BY `list_order` ASC LIMIT 6 [ RunTime:0.000535s ]
[2026-06-17T18:28:22+08:00][sql] SELECT `id`,`title`,`thumbnail`,`industry` FROM `cmf_product` WHERE  `is_recommended` = 1  AND `category_id` = 30 ORDER BY `list_order` ASC LIMIT 6 [ RunTime:0.000334s ]
[2026-06-17T18:28:22+08:00][sql] SHOW FULL COLUMNS FROM `cmf_portal_post` [ RunTime:0.001312s ]
[2026-06-17T18:28:22+08:00][sql] SELECT `p`.`id`,`p`.`post_title`,`p`.`post_excerpt`,`p`.`thumbnail`,`p`.`create_time`,`c`.`category_id` FROM `cmf_portal_post` `p` INNER JOIN `cmf_portal_category_post` `c` ON `p`.`id`=`c`.`post_id` WHERE (  `p`.`post_type` = '8' ) AND `p`.`delete_time` = '0' ORDER BY `c`.`list_order` ASC,`p`.`create_time` DESC [ RunTime:0.001554s ]
[2026-06-17T18:28:22+08:00][sql] SELECT `id`,`post_title`,`post_excerpt`,`more` FROM `cmf_portal_post` WHERE (  `post_type` = 3 ) AND `cmf_portal_post`.`delete_time` = '0' ORDER BY `create_time` DESC [ RunTime:0.000410s ]
[2026-06-17T18:28:22+08:00][sql] SHOW FULL COLUMNS FROM `cmf_theme_file` [ RunTime:0.000961s ]
[2026-06-17T18:28:22+08:00][sql] SELECT `more`,`file`,`id` FROM `cmf_theme_file` WHERE  `theme` = 'simpleboot3_mobile'  AND (  `is_public` = 1 OR `file` = 'portal/index' ) ORDER BY `is_public` DESC [ RunTime:0.000372s ]
[2026-06-17T18:28:22+08:00][sql] SELECT `option_value` FROM `cmf_option` WHERE  `option_name` = 'storage' LIMIT 1 [ RunTime:0.000528s ]
[2026-06-17T18:28:26+08:00][sql] CONNECT:[ UseTime:0.002496s ] mysql:host=127.0.0.1;port=3306;dbname=newncl;charset=utf8mb4
[2026-06-17T18:28:26+08:00][sql] SHOW FULL COLUMNS FROM `cmf_option` [ RunTime:0.002097s ]
[2026-06-17T18:28:26+08:00][sql] SELECT `option_value` FROM `cmf_option` WHERE  `option_name` = 'cdn_settings' LIMIT 1 [ RunTime:0.000498s ]
[2026-06-17T18:28:26+08:00][sql] SELECT `option_value` FROM `cmf_option` WHERE  `option_name` = 'cdn_settings' LIMIT 1 [ RunTime:0.000559s ]
[2026-06-17T18:28:26+08:00][sql] SHOW FULL COLUMNS FROM `cmf_product_category` [ RunTime:0.001360s ]
[2026-06-17T18:28:26+08:00][sql] SELECT * FROM `cmf_product_category` WHERE  `parent_id` = 0 ORDER BY `list_order` ASC,`create_time` DESC [ RunTime:0.000444s ]
[2026-06-17T18:28:26+08:00][sql] SELECT * FROM `cmf_product_category` WHERE  `parent_id` IN (28,19,23,25,30,22,27) [ RunTime:0.000327s ]
[2026-06-17T18:28:26+08:00][sql] SHOW FULL COLUMNS FROM `cmf_portal_category` [ RunTime:0.001126s ]
[2026-06-17T18:28:26+08:00][sql] SELECT * FROM `cmf_portal_category` WHERE (  `type` = 8 ) AND `cmf_portal_category`.`delete_time` = '0' ORDER BY `list_order` ASC [ RunTime:0.000343s ]
[2026-06-17T18:28:26+08:00][sql] SHOW FULL COLUMNS FROM `cmf_slide_item` [ RunTime:0.001426s ]
[2026-06-17T18:28:26+08:00][sql] SELECT `title`,`description`,`image`,`url`,`target`,`content` FROM `cmf_slide_item` WHERE  `slide_id` = 1 ORDER BY `list_order` ASC [ RunTime:0.000418s ]
[2026-06-17T18:28:26+08:00][sql] SHOW FULL COLUMNS FROM `cmf_slide` [ RunTime:0.001831s ]
[2026-06-17T18:28:26+08:00][sql] SELECT * FROM `cmf_slide` WHERE  `name` LIKE '%choose%' OR `name` LIKE '%选择%' LIMIT 1 [ RunTime:0.000394s ]
[2026-06-17T18:28:26+08:00][sql] SELECT `title`,`description`,`image`,`url`,`target`,`content` FROM `cmf_slide_item` WHERE  `slide_id` = 14  AND `status` = 1 ORDER BY `list_order` ASC [ RunTime:0.000560s ]
[2026-06-17T18:28:26+08:00][sql] SELECT * FROM `cmf_product_category` WHERE  `parent_id` = 0  AND `recommend` = 1 ORDER BY `list_order` ASC,`create_time` DESC [ RunTime:0.000398s ]
[2026-06-17T18:28:26+08:00][sql] SHOW FULL COLUMNS FROM `cmf_product` [ RunTime:0.001912s ]
[2026-06-17T18:28:26+08:00][sql] SELECT `id`,`title`,`thumbnail`,`industry` FROM `cmf_product` WHERE  `is_recommended` = 1  AND `category_id` = 28 ORDER BY `list_order` ASC LIMIT 6 [ RunTime:0.000632s ]
[2026-06-17T18:28:26+08:00][sql] SELECT `id`,`title`,`thumbnail`,`industry` FROM `cmf_product` WHERE  `is_recommended` = 1  AND `category_id` = 19 ORDER BY `list_order` ASC LIMIT 6 [ RunTime:0.000476s ]
[2026-06-17T18:28:26+08:00][sql] SELECT `id`,`title`,`thumbnail`,`industry` FROM `cmf_product` WHERE  `is_recommended` = 1  AND `category_id` = 23 ORDER BY `list_order` ASC LIMIT 6 [ RunTime:0.000384s ]
[2026-06-17T18:28:26+08:00][sql] SELECT `id`,`title`,`thumbnail`,`industry` FROM `cmf_product` WHERE  `is_recommended` = 1  AND `category_id` = 25 ORDER BY `list_order` ASC LIMIT 6 [ RunTime:0.000420s ]
[2026-06-17T18:28:26+08:00][sql] SELECT `id`,`title`,`thumbnail`,`industry` FROM `cmf_product` WHERE  `is_recommended` = 1  AND `category_id` = 30 ORDER BY `list_order` ASC LIMIT 6 [ RunTime:0.000315s ]
[2026-06-17T18:28:26+08:00][sql] SHOW FULL COLUMNS FROM `cmf_portal_post` [ RunTime:0.001455s ]
[2026-06-17T18:28:26+08:00][sql] SELECT `p`.`id`,`p`.`post_title`,`p`.`post_excerpt`,`p`.`thumbnail`,`p`.`create_time`,`c`.`category_id` FROM `cmf_portal_post` `p` INNER JOIN `cmf_portal_category_post` `c` ON `p`.`id`=`c`.`post_id` WHERE (  `p`.`post_type` = '8' ) AND `p`.`delete_time` = '0' ORDER BY `c`.`list_order` ASC,`p`.`create_time` DESC [ RunTime:0.001397s ]
[2026-06-17T18:28:26+08:00][sql] SELECT `id`,`post_title`,`post_excerpt`,`more` FROM `cmf_portal_post` WHERE (  `post_type` = 3 ) AND `cmf_portal_post`.`delete_time` = '0' ORDER BY `create_time` DESC [ RunTime:0.000393s ]
[2026-06-17T18:28:26+08:00][sql] SHOW FULL COLUMNS FROM `cmf_theme_file` [ RunTime:0.002325s ]
[2026-06-17T18:28:26+08:00][sql] SELECT `more`,`file`,`id` FROM `cmf_theme_file` WHERE  `theme` = 'simpleboot3_mobile'  AND (  `is_public` = 1 OR `file` = 'portal/index' ) ORDER BY `is_public` DESC [ RunTime:0.000580s ]
[2026-06-17T18:28:26+08:00][sql] SELECT `option_value` FROM `cmf_option` WHERE  `option_name` = 'storage' LIMIT 1 [ RunTime:0.000636s ]
[2026-06-17T18:28:36+08:00][sql] CONNECT:[ UseTime:0.000866s ] mysql:host=127.0.0.1;port=3306;dbname=newncl;charset=utf8mb4
[2026-06-17T18:28:36+08:00][sql] SHOW FULL COLUMNS FROM `cmf_option` [ RunTime:0.002904s ]
[2026-06-17T18:28:36+08:00][sql] SELECT `option_value` FROM `cmf_option` WHERE  `option_name` = 'cdn_settings' LIMIT 1 [ RunTime:0.000396s ]
[2026-06-17T18:28:36+08:00][sql] SELECT `option_value` FROM `cmf_option` WHERE  `option_name` = 'cdn_settings' LIMIT 1 [ RunTime:0.000963s ]
[2026-06-17T18:28:36+08:00][sql] SHOW FULL COLUMNS FROM `cmf_product_category` [ RunTime:0.001230s ]
[2026-06-17T18:28:36+08:00][sql] SELECT * FROM `cmf_product_category` WHERE  `parent_id` = 0 ORDER BY `list_order` ASC,`create_time` DESC [ RunTime:0.000339s ]
[2026-06-17T18:28:36+08:00][sql] SELECT * FROM `cmf_product_category` WHERE  `parent_id` IN (28,19,23,25,30,22,27) [ RunTime:0.000346s ]
[2026-06-17T18:28:36+08:00][sql] SHOW FULL COLUMNS FROM `cmf_portal_category` [ RunTime:0.002361s ]
[2026-06-17T18:28:36+08:00][sql] SELECT * FROM `cmf_portal_category` WHERE (  `type` = 8 ) AND `cmf_portal_category`.`delete_time` = '0' ORDER BY `list_order` ASC [ RunTime:0.000965s ]
[2026-06-17T18:28:36+08:00][sql] SHOW FULL COLUMNS FROM `cmf_slide_item` [ RunTime:0.001419s ]
[2026-06-17T18:28:36+08:00][sql] SELECT `title`,`description`,`image`,`url`,`target`,`content` FROM `cmf_slide_item` WHERE  `slide_id` = 1 ORDER BY `list_order` ASC [ RunTime:0.000424s ]
[2026-06-17T18:28:36+08:00][sql] SHOW FULL COLUMNS FROM `cmf_slide` [ RunTime:0.001057s ]
[2026-06-17T18:28:36+08:00][sql] SELECT * FROM `cmf_slide` WHERE  `name` LIKE '%choose%' OR `name` LIKE '%选择%' LIMIT 1 [ RunTime:0.000936s ]
[2026-06-17T18:28:36+08:00][sql] SELECT `title`,`description`,`image`,`url`,`target`,`content` FROM `cmf_slide_item` WHERE  `slide_id` = 14  AND `status` = 1 ORDER BY `list_order` ASC [ RunTime:0.000388s ]
[2026-06-17T18:28:36+08:00][sql] SELECT * FROM `cmf_product_category` WHERE  `parent_id` = 0  AND `recommend` = 1 ORDER BY `list_order` ASC,`create_time` DESC [ RunTime:0.000320s ]
[2026-06-17T18:28:36+08:00][sql] SHOW FULL COLUMNS FROM `cmf_product` [ RunTime:0.001332s ]
[2026-06-17T18:28:36+08:00][sql] SELECT `id`,`title`,`thumbnail`,`industry` FROM `cmf_product` WHERE  `is_recommended` = 1  AND `category_id` = 28 ORDER BY `list_order` ASC LIMIT 6 [ RunTime:0.000424s ]
[2026-06-17T18:28:36+08:00][sql] SELECT `id`,`title`,`thumbnail`,`industry` FROM `cmf_product` WHERE  `is_recommended` = 1  AND `category_id` = 19 ORDER BY `list_order` ASC LIMIT 6 [ RunTime:0.000356s ]
[2026-06-17T18:28:36+08:00][sql] SELECT `id`,`title`,`thumbnail`,`industry` FROM `cmf_product` WHERE  `is_recommended` = 1  AND `category_id` = 23 ORDER BY `list_order` ASC LIMIT 6 [ RunTime:0.000300s ]
[2026-06-17T18:28:36+08:00][sql] SELECT `id`,`title`,`thumbnail`,`industry` FROM `cmf_product` WHERE  `is_recommended` = 1  AND `category_id` = 25 ORDER BY `list_order` ASC LIMIT 6 [ RunTime:0.000437s ]
[2026-06-17T18:28:36+08:00][sql] SELECT `id`,`title`,`thumbnail`,`industry` FROM `cmf_product` WHERE  `is_recommended` = 1  AND `category_id` = 30 ORDER BY `list_order` ASC LIMIT 6 [ RunTime:0.000376s ]
[2026-06-17T18:28:36+08:00][sql] SHOW FULL COLUMNS FROM `cmf_portal_post` [ RunTime:0.001732s ]
[2026-06-17T18:28:36+08:00][sql] SELECT `p`.`id`,`p`.`post_title`,`p`.`post_excerpt`,`p`.`thumbnail`,`p`.`create_time`,`c`.`category_id` FROM `cmf_portal_post` `p` INNER JOIN `cmf_portal_category_post` `c` ON `p`.`id`=`c`.`post_id` WHERE (  `p`.`post_type` = '8' ) AND `p`.`delete_time` = '0' ORDER BY `c`.`list_order` ASC,`p`.`create_time` DESC [ RunTime:0.000739s ]
[2026-06-17T18:28:36+08:00][sql] SELECT `id`,`post_title`,`post_excerpt`,`more` FROM `cmf_portal_post` WHERE (  `post_type` = 3 ) AND `cmf_portal_post`.`delete_time` = '0' ORDER BY `create_time` DESC [ RunTime:0.000414s ]
[2026-06-17T18:28:36+08:00][sql] SHOW FULL COLUMNS FROM `cmf_theme_file` [ RunTime:0.001145s ]
[2026-06-17T18:28:36+08:00][sql] SELECT `more`,`file`,`id` FROM `cmf_theme_file` WHERE  `theme` = 'simpleboot3'  AND (  `is_public` = 1 OR `file` = 'portal/index' ) ORDER BY `is_public` DESC [ RunTime:0.000401s ]
[2026-06-17T18:28:36+08:00][sql] SELECT `option_value` FROM `cmf_option` WHERE  `option_name` = 'storage' LIMIT 1 [ RunTime:0.000435s ]
[2026-06-17T18:28:45+08:00][sql] CONNECT:[ UseTime:0.000874s ] mysql:host=127.0.0.1;port=3306;dbname=newncl;charset=utf8mb4
[2026-06-17T18:28:45+08:00][sql] SHOW FULL COLUMNS FROM `cmf_option` [ RunTime:0.001572s ]
[2026-06-17T18:28:45+08:00][sql] SELECT `option_value` FROM `cmf_option` WHERE  `option_name` = 'cdn_settings' LIMIT 1 [ RunTime:0.000290s ]
[2026-06-17T18:28:45+08:00][sql] SELECT `option_value` FROM `cmf_option` WHERE  `option_name` = 'cdn_settings' LIMIT 1 [ RunTime:0.000277s ]
[2026-06-17T18:28:45+08:00][sql] SHOW FULL COLUMNS FROM `cmf_product_category` [ RunTime:0.001139s ]
[2026-06-17T18:28:45+08:00][sql] SELECT * FROM `cmf_product_category` WHERE  `parent_id` = 0 ORDER BY `list_order` ASC,`create_time` DESC [ RunTime:0.000304s ]
[2026-06-17T18:28:45+08:00][sql] SELECT * FROM `cmf_product_category` WHERE  `parent_id` IN (28,19,23,25,30,22,27) [ RunTime:0.000403s ]
[2026-06-17T18:28:45+08:00][sql] SHOW FULL COLUMNS FROM `cmf_portal_category` [ RunTime:0.001725s ]
[2026-06-17T18:28:45+08:00][sql] SELECT * FROM `cmf_portal_category` WHERE (  `type` = 8 ) AND `cmf_portal_category`.`delete_time` = '0' ORDER BY `list_order` ASC [ RunTime:0.000385s ]
[2026-06-17T18:28:45+08:00][sql] SHOW FULL COLUMNS FROM `cmf_slide_item` [ RunTime:0.001008s ]
[2026-06-17T18:28:45+08:00][sql] SELECT `title`,`description`,`image`,`url`,`target`,`content` FROM `cmf_slide_item` WHERE  `slide_id` = 1 ORDER BY `list_order` ASC [ RunTime:0.000264s ]
[2026-06-17T18:28:45+08:00][sql] SHOW FULL COLUMNS FROM `cmf_slide` [ RunTime:0.000862s ]
[2026-06-17T18:28:45+08:00][sql] SELECT * FROM `cmf_slide` WHERE  `name` LIKE '%choose%' OR `name` LIKE '%选择%' LIMIT 1 [ RunTime:0.000326s ]
[2026-06-17T18:28:45+08:00][sql] SELECT `title`,`description`,`image`,`url`,`target`,`content` FROM `cmf_slide_item` WHERE  `slide_id` = 14  AND `status` = 1 ORDER BY `list_order` ASC [ RunTime:0.000295s ]
[2026-06-17T18:28:45+08:00][sql] SELECT * FROM `cmf_product_category` WHERE  `parent_id` = 0  AND `recommend` = 1 ORDER BY `list_order` ASC,`create_time` DESC [ RunTime:0.000274s ]
[2026-06-17T18:28:45+08:00][sql] SHOW FULL COLUMNS FROM `cmf_product` [ RunTime:0.001145s ]
[2026-06-17T18:28:45+08:00][sql] SELECT `id`,`title`,`thumbnail`,`industry` FROM `cmf_product` WHERE  `is_recommended` = 1  AND `category_id` = 28 ORDER BY `list_order` ASC LIMIT 6 [ RunTime:0.000395s ]
[2026-06-17T18:28:45+08:00][sql] SELECT `id`,`title`,`thumbnail`,`industry` FROM `cmf_product` WHERE  `is_recommended` = 1  AND `category_id` = 19 ORDER BY `list_order` ASC LIMIT 6 [ RunTime:0.000280s ]
[2026-06-17T18:28:45+08:00][sql] SELECT `id`,`title`,`thumbnail`,`industry` FROM `cmf_product` WHERE  `is_recommended` = 1  AND `category_id` = 23 ORDER BY `list_order` ASC LIMIT 6 [ RunTime:0.000287s ]
[2026-06-17T18:28:45+08:00][sql] SELECT `id`,`title`,`thumbnail`,`industry` FROM `cmf_product` WHERE  `is_recommended` = 1  AND `category_id` = 25 ORDER BY `list_order` ASC LIMIT 6 [ RunTime:0.000380s ]
[2026-06-17T18:28:45+08:00][sql] SELECT `id`,`title`,`thumbnail`,`industry` FROM `cmf_product` WHERE  `is_recommended` = 1  AND `category_id` = 30 ORDER BY `list_order` ASC LIMIT 6 [ RunTime:0.000256s ]
[2026-06-17T18:28:45+08:00][sql] SHOW FULL COLUMNS FROM `cmf_portal_post` [ RunTime:0.001319s ]
[2026-06-17T18:28:45+08:00][sql] SELECT `p`.`id`,`p`.`post_title`,`p`.`post_excerpt`,`p`.`thumbnail`,`p`.`create_time`,`c`.`category_id` FROM `cmf_portal_post` `p` INNER JOIN `cmf_portal_category_post` `c` ON `p`.`id`=`c`.`post_id` WHERE (  `p`.`post_type` = '8' ) AND `p`.`delete_time` = '0' ORDER BY `c`.`list_order` ASC,`p`.`create_time` DESC [ RunTime:0.000918s ]
[2026-06-17T18:28:45+08:00][sql] SELECT `id`,`post_title`,`post_excerpt`,`more` FROM `cmf_portal_post` WHERE (  `post_type` = 3 ) AND `cmf_portal_post`.`delete_time` = '0' ORDER BY `create_time` DESC [ RunTime:0.000321s ]
[2026-06-17T18:28:45+08:00][sql] SHOW FULL COLUMNS FROM `cmf_theme_file` [ RunTime:0.001506s ]
[2026-06-17T18:28:45+08:00][sql] SELECT `more`,`file`,`id` FROM `cmf_theme_file` WHERE  `theme` = 'simpleboot3_mobile'  AND (  `is_public` = 1 OR `file` = 'portal/index' ) ORDER BY `is_public` DESC [ RunTime:0.000607s ]
[2026-06-17T18:28:45+08:00][sql] SELECT `option_value` FROM `cmf_option` WHERE  `option_name` = 'storage' LIMIT 1 [ RunTime:0.000528s ]
[2026-06-17T18:32:12+08:00][sql] CONNECT:[ UseTime:0.000948s ] mysql:host=127.0.0.1;port=3306;dbname=newncl;charset=utf8mb4
[2026-06-17T18:32:12+08:00][sql] SHOW FULL COLUMNS FROM `cmf_option` [ RunTime:0.002091s ]
[2026-06-17T18:32:12+08:00][sql] SELECT `option_value` FROM `cmf_option` WHERE  `option_name` = 'cdn_settings' LIMIT 1 [ RunTime:0.000964s ]
[2026-06-17T18:32:12+08:00][sql] SELECT `option_value` FROM `cmf_option` WHERE  `option_name` = 'cdn_settings' LIMIT 1 [ RunTime:0.000307s ]
[2026-06-17T18:32:12+08:00][sql] SHOW FULL COLUMNS FROM `cmf_product_category` [ RunTime:0.001278s ]
[2026-06-17T18:32:12+08:00][sql] SELECT * FROM `cmf_product_category` WHERE  `parent_id` = 0 ORDER BY `list_order` ASC,`create_time` DESC [ RunTime:0.000349s ]
[2026-06-17T18:32:12+08:00][sql] SELECT * FROM `cmf_product_category` WHERE  `parent_id` IN (28,19,23,25,30,22,27) [ RunTime:0.000320s ]
[2026-06-17T18:32:12+08:00][sql] SHOW FULL COLUMNS FROM `cmf_portal_category` [ RunTime:0.001065s ]
[2026-06-17T18:32:12+08:00][sql] SELECT * FROM `cmf_portal_category` WHERE (  `type` = 8 ) AND `cmf_portal_category`.`delete_time` = '0' ORDER BY `list_order` ASC [ RunTime:0.000436s ]
[2026-06-17T18:32:12+08:00][sql] SHOW FULL COLUMNS FROM `cmf_slide_item` [ RunTime:0.001505s ]
[2026-06-17T18:32:12+08:00][sql] SELECT `title`,`description`,`image`,`url`,`target`,`content` FROM `cmf_slide_item` WHERE  `slide_id` = 1 ORDER BY `list_order` ASC [ RunTime:0.000434s ]
[2026-06-17T18:32:12+08:00][sql] SHOW FULL COLUMNS FROM `cmf_slide` [ RunTime:0.001086s ]
[2026-06-17T18:32:12+08:00][sql] SELECT * FROM `cmf_slide` WHERE  `name` LIKE '%choose%' OR `name` LIKE '%选择%' LIMIT 1 [ RunTime:0.000354s ]
[2026-06-17T18:32:12+08:00][sql] SELECT `title`,`description`,`image`,`url`,`target`,`content` FROM `cmf_slide_item` WHERE  `slide_id` = 14  AND `status` = 1 ORDER BY `list_order` ASC [ RunTime:0.000355s ]
[2026-06-17T18:32:12+08:00][sql] SELECT * FROM `cmf_product_category` WHERE  `parent_id` = 0  AND `recommend` = 1 ORDER BY `list_order` ASC,`create_time` DESC [ RunTime:0.000374s ]
[2026-06-17T18:32:12+08:00][sql] SHOW FULL COLUMNS FROM `cmf_product` [ RunTime:0.001326s ]
[2026-06-17T18:32:12+08:00][sql] SELECT `id`,`title`,`thumbnail`,`industry` FROM `cmf_product` WHERE  `is_recommended` = 1  AND `category_id` = 28 ORDER BY `list_order` ASC LIMIT 6 [ RunTime:0.000440s ]
[2026-06-17T18:32:12+08:00][sql] SELECT `id`,`title`,`thumbnail`,`industry` FROM `cmf_product` WHERE  `is_recommended` = 1  AND `category_id` = 19 ORDER BY `list_order` ASC LIMIT 6 [ RunTime:0.000395s ]
[2026-06-17T18:32:12+08:00][sql] SELECT `id`,`title`,`thumbnail`,`industry` FROM `cmf_product` WHERE  `is_recommended` = 1  AND `category_id` = 23 ORDER BY `list_order` ASC LIMIT 6 [ RunTime:0.000303s ]
[2026-06-17T18:32:12+08:00][sql] SELECT `id`,`title`,`thumbnail`,`industry` FROM `cmf_product` WHERE  `is_recommended` = 1  AND `category_id` = 25 ORDER BY `list_order` ASC LIMIT 6 [ RunTime:0.000365s ]
[2026-06-17T18:32:12+08:00][sql] SELECT `id`,`title`,`thumbnail`,`industry` FROM `cmf_product` WHERE  `is_recommended` = 1  AND `category_id` = 30 ORDER BY `list_order` ASC LIMIT 6 [ RunTime:0.000304s ]
[2026-06-17T18:32:12+08:00][sql] SHOW FULL COLUMNS FROM `cmf_portal_post` [ RunTime:0.001221s ]
[2026-06-17T18:32:12+08:00][sql] SELECT `p`.`id`,`p`.`post_title`,`p`.`post_excerpt`,`p`.`thumbnail`,`p`.`create_time`,`c`.`category_id` FROM `cmf_portal_post` `p` INNER JOIN `cmf_portal_category_post` `c` ON `p`.`id`=`c`.`post_id` WHERE (  `p`.`post_type` = '8' ) AND `p`.`delete_time` = '0' ORDER BY `c`.`list_order` ASC,`p`.`create_time` DESC [ RunTime:0.001078s ]
[2026-06-17T18:32:12+08:00][sql] SELECT `id`,`post_title`,`post_excerpt`,`more` FROM `cmf_portal_post` WHERE (  `post_type` = 3 ) AND `cmf_portal_post`.`delete_time` = '0' ORDER BY `create_time` DESC [ RunTime:0.000492s ]
[2026-06-17T18:32:12+08:00][sql] SHOW FULL COLUMNS FROM `cmf_theme_file` [ RunTime:0.001309s ]
[2026-06-17T18:32:12+08:00][sql] SELECT `more`,`file`,`id` FROM `cmf_theme_file` WHERE  `theme` = 'simpleboot3_mobile'  AND (  `is_public` = 1 OR `file` = 'portal/index' ) ORDER BY `is_public` DESC [ RunTime:0.000329s ]
[2026-06-17T18:32:12+08:00][sql] SELECT `option_value` FROM `cmf_option` WHERE  `option_name` = 'storage' LIMIT 1 [ RunTime:0.000849s ]
[2026-06-17T18:33:59+08:00][sql] CONNECT:[ UseTime:0.024369s ] mysql:host=127.0.0.1;port=3306;dbname=newncl;charset=utf8mb4
[2026-06-17T18:33:59+08:00][sql] SHOW FULL COLUMNS FROM `cmf_option` [ RunTime:0.001475s ]
[2026-06-17T18:33:59+08:00][sql] SELECT `option_value` FROM `cmf_option` WHERE  `option_name` = 'cdn_settings' LIMIT 1 [ RunTime:0.000973s ]
[2026-06-17T18:33:59+08:00][sql] SELECT `option_value` FROM `cmf_option` WHERE  `option_name` = 'cdn_settings' LIMIT 1 [ RunTime:0.000340s ]
[2026-06-17T18:33:59+08:00][sql] SHOW FULL COLUMNS FROM `cmf_product_category` [ RunTime:0.001012s ]
[2026-06-17T18:33:59+08:00][sql] SELECT * FROM `cmf_product_category` WHERE  `parent_id` = 0 ORDER BY `list_order` ASC,`create_time` DESC [ RunTime:0.000329s ]
[2026-06-17T18:33:59+08:00][sql] SELECT * FROM `cmf_product_category` WHERE  `parent_id` IN (28,19,23,25,30,22,27) [ RunTime:0.000352s ]
[2026-06-17T18:33:59+08:00][sql] SHOW FULL COLUMNS FROM `cmf_portal_category` [ RunTime:0.001779s ]
[2026-06-17T18:33:59+08:00][sql] SELECT * FROM `cmf_portal_category` WHERE (  `type` = 8 ) AND `cmf_portal_category`.`delete_time` = '0' ORDER BY `list_order` ASC [ RunTime:0.000464s ]
[2026-06-17T18:33:59+08:00][sql] SHOW FULL COLUMNS FROM `cmf_product` [ RunTime:0.001560s ]
[2026-06-17T18:33:59+08:00][sql] SELECT COUNT(*) AS think_count FROM `cmf_product` WHERE  `category_id` = 28 LIMIT 1 [ RunTime:0.000318s ]
[2026-06-17T18:33:59+08:00][sql] SELECT COUNT(*) AS think_count FROM `cmf_product` WHERE  `category_id` = 19 LIMIT 1 [ RunTime:0.000263s ]
[2026-06-17T18:33:59+08:00][sql] SELECT COUNT(*) AS think_count FROM `cmf_product` WHERE  `category_id` = 23 LIMIT 1 [ RunTime:0.000256s ]
[2026-06-17T18:33:59+08:00][sql] SELECT COUNT(*) AS think_count FROM `cmf_product` WHERE  `category_id` = 25 LIMIT 1 [ RunTime:0.000247s ]
[2026-06-17T18:33:59+08:00][sql] SELECT COUNT(*) AS think_count FROM `cmf_product` WHERE  `category_id` = 30 LIMIT 1 [ RunTime:0.000214s ]
[2026-06-17T18:33:59+08:00][sql] SELECT COUNT(*) AS think_count FROM `cmf_product` WHERE  `category_id` = 22 LIMIT 1 [ RunTime:0.000249s ]
[2026-06-17T18:33:59+08:00][sql] SELECT COUNT(*) AS think_count FROM `cmf_product` WHERE  `category_id` = 27 LIMIT 1 [ RunTime:0.000207s ]
[2026-06-17T18:33:59+08:00][sql] SELECT COUNT(*) AS think_count FROM `cmf_product` LIMIT 1 [ RunTime:0.000191s ]
[2026-06-17T18:33:59+08:00][sql] SELECT `id`,`category_id`,`title`,`thumbnail`,`industry`,`overview` FROM `cmf_product` ORDER BY `list_order` ASC,`create_time` DESC LIMIT 0,12 [ RunTime:0.000522s ]
[2026-06-17T18:33:59+08:00][sql] SHOW FULL COLUMNS FROM `cmf_slide_item` [ RunTime:0.001248s ]
[2026-06-17T18:33:59+08:00][sql] SELECT `title`,`description`,`image` FROM `cmf_slide_item` WHERE  `slide_id` = 7  AND `status` = 1 ORDER BY `list_order` ASC,`id` DESC LIMIT 1 [ RunTime:0.000429s ]
[2026-06-17T18:33:59+08:00][sql] SELECT `option_value` FROM `cmf_option` WHERE  `option_name` = 'storage' LIMIT 1 [ RunTime:0.000403s ]
[2026-06-17T18:33:59+08:00][sql] SHOW FULL COLUMNS FROM `cmf_portal_post` [ RunTime:0.002704s ]
[2026-06-17T18:33:59+08:00][sql] SELECT `id`,`post_title`,`post_excerpt`,`more` FROM `cmf_portal_post` WHERE (  `post_type` = 3 ) AND `cmf_portal_post`.`delete_time` = '0' ORDER BY `create_time` DESC [ RunTime:0.000974s ]
[2026-06-17T18:33:59+08:00][sql] SHOW FULL COLUMNS FROM `cmf_theme_file` [ RunTime:0.001097s ]
[2026-06-17T18:33:59+08:00][sql] SELECT `more`,`file`,`id` FROM `cmf_theme_file` WHERE  `theme` = 'simpleboot3_mobile'  AND (  `is_public` = 1 OR `file` = 'portal/product' ) ORDER BY `is_public` DESC [ RunTime:0.000386s ]
[2026-06-17T18:34:09+08:00][sql] CONNECT:[ UseTime:0.001081s ] mysql:host=127.0.0.1;port=3306;dbname=newncl;charset=utf8mb4
[2026-06-17T18:34:09+08:00][sql] SHOW FULL COLUMNS FROM `cmf_option` [ RunTime:0.002963s ]
[2026-06-17T18:34:09+08:00][sql] SELECT `option_value` FROM `cmf_option` WHERE  `option_name` = 'cdn_settings' LIMIT 1 [ RunTime:0.000704s ]
[2026-06-17T18:34:09+08:00][sql] SELECT `option_value` FROM `cmf_option` WHERE  `option_name` = 'cdn_settings' LIMIT 1 [ RunTime:0.000832s ]
[2026-06-17T18:34:09+08:00][sql] SHOW FULL COLUMNS FROM `cmf_product_category` [ RunTime:0.001658s ]
[2026-06-17T18:34:09+08:00][sql] SELECT * FROM `cmf_product_category` WHERE  `parent_id` = 0 ORDER BY `list_order` ASC,`create_time` DESC [ RunTime:0.000469s ]
[2026-06-17T18:34:09+08:00][sql] SELECT * FROM `cmf_product_category` WHERE  `parent_id` IN (28,19,23,25,30,22,27) [ RunTime:0.000681s ]
[2026-06-17T18:34:09+08:00][sql] SHOW FULL COLUMNS FROM `cmf_portal_category` [ RunTime:0.002845s ]
[2026-06-17T18:34:09+08:00][sql] SELECT * FROM `cmf_portal_category` WHERE (  `type` = 8 ) AND `cmf_portal_category`.`delete_time` = '0' ORDER BY `list_order` ASC [ RunTime:0.001112s ]
[2026-06-17T18:34:09+08:00][sql] SHOW FULL COLUMNS FROM `cmf_slide_item` [ RunTime:0.001754s ]
[2026-06-17T18:34:09+08:00][sql] SELECT `title`,`description`,`image`,`url`,`target`,`content` FROM `cmf_slide_item` WHERE  `slide_id` = 1 ORDER BY `list_order` ASC [ RunTime:0.000443s ]
[2026-06-17T18:34:09+08:00][sql] SHOW FULL COLUMNS FROM `cmf_slide` [ RunTime:0.002131s ]
[2026-06-17T18:34:09+08:00][sql] SELECT * FROM `cmf_slide` WHERE  `name` LIKE '%choose%' OR `name` LIKE '%选择%' LIMIT 1 [ RunTime:0.000329s ]
[2026-06-17T18:34:09+08:00][sql] SELECT `title`,`description`,`image`,`url`,`target`,`content` FROM `cmf_slide_item` WHERE  `slide_id` = 14  AND `status` = 1 ORDER BY `list_order` ASC [ RunTime:0.000691s ]
[2026-06-17T18:34:09+08:00][sql] SELECT * FROM `cmf_product_category` WHERE  `parent_id` = 0  AND `recommend` = 1 ORDER BY `list_order` ASC,`create_time` DESC [ RunTime:0.000562s ]
[2026-06-17T18:34:09+08:00][sql] SHOW FULL COLUMNS FROM `cmf_product` [ RunTime:0.001796s ]
[2026-06-17T18:34:09+08:00][sql] SELECT `id`,`title`,`thumbnail`,`industry` FROM `cmf_product` WHERE  `is_recommended` = 1  AND `category_id` = 28 ORDER BY `list_order` ASC LIMIT 6 [ RunTime:0.000660s ]
[2026-06-17T18:34:09+08:00][sql] SELECT `id`,`title`,`thumbnail`,`industry` FROM `cmf_product` WHERE  `is_recommended` = 1  AND `category_id` = 19 ORDER BY `list_order` ASC LIMIT 6 [ RunTime:0.000503s ]
[2026-06-17T18:34:09+08:00][sql] SELECT `id`,`title`,`thumbnail`,`industry` FROM `cmf_product` WHERE  `is_recommended` = 1  AND `category_id` = 23 ORDER BY `list_order` ASC LIMIT 6 [ RunTime:0.000712s ]
[2026-06-17T18:34:09+08:00][sql] SELECT `id`,`title`,`thumbnail`,`industry` FROM `cmf_product` WHERE  `is_recommended` = 1  AND `category_id` = 25 ORDER BY `list_order` ASC LIMIT 6 [ RunTime:0.000708s ]
[2026-06-17T18:34:09+08:00][sql] SELECT `id`,`title`,`thumbnail`,`industry` FROM `cmf_product` WHERE  `is_recommended` = 1  AND `category_id` = 30 ORDER BY `list_order` ASC LIMIT 6 [ RunTime:0.000289s ]
[2026-06-17T18:34:09+08:00][sql] SHOW FULL COLUMNS FROM `cmf_portal_post` [ RunTime:0.001487s ]
[2026-06-17T18:34:09+08:00][sql] SELECT `p`.`id`,`p`.`post_title`,`p`.`post_excerpt`,`p`.`thumbnail`,`p`.`create_time`,`c`.`category_id` FROM `cmf_portal_post` `p` INNER JOIN `cmf_portal_category_post` `c` ON `p`.`id`=`c`.`post_id` WHERE (  `p`.`post_type` = '8' ) AND `p`.`delete_time` = '0' ORDER BY `c`.`list_order` ASC,`p`.`create_time` DESC [ RunTime:0.000563s ]
[2026-06-17T18:34:09+08:00][sql] SELECT `id`,`post_title`,`post_excerpt`,`more` FROM `cmf_portal_post` WHERE (  `post_type` = 3 ) AND `cmf_portal_post`.`delete_time` = '0' ORDER BY `create_time` DESC [ RunTime:0.000394s ]
[2026-06-17T18:34:09+08:00][sql] SHOW FULL COLUMNS FROM `cmf_theme_file` [ RunTime:0.001193s ]
[2026-06-17T18:34:09+08:00][sql] SELECT `more`,`file`,`id` FROM `cmf_theme_file` WHERE  `theme` = 'simpleboot3_mobile'  AND (  `is_public` = 1 OR `file` = 'portal/index' ) ORDER BY `is_public` DESC [ RunTime:0.000282s ]
[2026-06-17T18:34:09+08:00][sql] SELECT `option_value` FROM `cmf_option` WHERE  `option_name` = 'storage' LIMIT 1 [ RunTime:0.000574s ]
[2026-06-17T18:34:48+08:00][sql] CONNECT:[ UseTime:0.002220s ] mysql:host=127.0.0.1;port=3306;dbname=newncl;charset=utf8mb4
[2026-06-17T18:34:48+08:00][sql] SHOW FULL COLUMNS FROM `cmf_option` [ RunTime:0.001731s ]
[2026-06-17T18:34:48+08:00][sql] SELECT `option_value` FROM `cmf_option` WHERE  `option_name` = 'cdn_settings' LIMIT 1 [ RunTime:0.000320s ]
[2026-06-17T18:34:48+08:00][sql] SELECT `option_value` FROM `cmf_option` WHERE  `option_name` = 'cdn_settings' LIMIT 1 [ RunTime:0.000974s ]
[2026-06-17T18:34:48+08:00][sql] SHOW FULL COLUMNS FROM `cmf_product_category` [ RunTime:0.001281s ]
[2026-06-17T18:34:48+08:00][sql] SELECT * FROM `cmf_product_category` WHERE  `parent_id` = 0 ORDER BY `list_order` ASC,`create_time` DESC [ RunTime:0.000363s ]
[2026-06-17T18:34:48+08:00][sql] SELECT * FROM `cmf_product_category` WHERE  `parent_id` IN (28,19,23,25,30,22,27) [ RunTime:0.000359s ]
[2026-06-17T18:34:48+08:00][sql] SHOW FULL COLUMNS FROM `cmf_portal_category` [ RunTime:0.001943s ]
[2026-06-17T18:34:48+08:00][sql] SELECT * FROM `cmf_portal_category` WHERE (  `type` = 8 ) AND `cmf_portal_category`.`delete_time` = '0' ORDER BY `list_order` ASC [ RunTime:0.000402s ]
[2026-06-17T18:34:48+08:00][sql] SHOW FULL COLUMNS FROM `cmf_slide_item` [ RunTime:0.001446s ]
[2026-06-17T18:34:48+08:00][sql] SELECT `title`,`description`,`image` FROM `cmf_slide_item` WHERE  `slide_id` = 9  AND `status` = 1 ORDER BY `list_order` ASC,`id` DESC LIMIT 1 [ RunTime:0.000354s ]
[2026-06-17T18:34:48+08:00][sql] SHOW FULL COLUMNS FROM `cmf_theme_file` [ RunTime:0.001384s ]
[2026-06-17T18:34:48+08:00][sql] SELECT `more`,`file`,`id` FROM `cmf_theme_file` WHERE  `theme` = 'simpleboot3_mobile'  AND (  `is_public` = 1 OR `file` = 'portal/about' ) ORDER BY `is_public` DESC [ RunTime:0.000302s ]
[2026-06-17T18:34:48+08:00][sql] SELECT `option_value` FROM `cmf_option` WHERE  `option_name` = 'storage' LIMIT 1 [ RunTime:0.000853s ]
[2026-06-17T18:39:37+08:00][sql] CONNECT:[ UseTime:0.023817s ] mysql:host=127.0.0.1;port=3306;dbname=newncl;charset=utf8mb4
[2026-06-17T18:39:37+08:00][sql] SHOW FULL COLUMNS FROM `cmf_option` [ RunTime:0.002170s ]
[2026-06-17T18:39:37+08:00][sql] SELECT `option_value` FROM `cmf_option` WHERE  `option_name` = 'cdn_settings' LIMIT 1 [ RunTime:0.000275s ]
[2026-06-17T18:39:37+08:00][sql] SELECT `option_value` FROM `cmf_option` WHERE  `option_name` = 'cdn_settings' LIMIT 1 [ RunTime:0.000515s ]
[2026-06-17T18:39:37+08:00][sql] SHOW FULL COLUMNS FROM `cmf_product_category` [ RunTime:0.001600s ]
[2026-06-17T18:39:37+08:00][sql] SELECT * FROM `cmf_product_category` WHERE  `parent_id` = 0 ORDER BY `list_order` ASC,`create_time` DESC [ RunTime:0.000496s ]
[2026-06-17T18:39:37+08:00][sql] SELECT * FROM `cmf_product_category` WHERE  `parent_id` IN (28,19,23,25,30,22,27) [ RunTime:0.000646s ]
[2026-06-17T18:39:37+08:00][sql] SHOW FULL COLUMNS FROM `cmf_portal_category` [ RunTime:0.002030s ]
[2026-06-17T18:39:37+08:00][sql] SELECT * FROM `cmf_portal_category` WHERE (  `type` = 8 ) AND `cmf_portal_category`.`delete_time` = '0' ORDER BY `list_order` ASC [ RunTime:0.000560s ]
[2026-06-17T18:39:37+08:00][sql] SHOW FULL COLUMNS FROM `cmf_slide_item` [ RunTime:0.001615s ]
[2026-06-17T18:39:37+08:00][sql] SELECT `title`,`description`,`image` FROM `cmf_slide_item` WHERE  `slide_id` = 9  AND `status` = 1 ORDER BY `list_order` ASC,`id` DESC LIMIT 1 [ RunTime:0.000498s ]
[2026-06-17T18:39:37+08:00][sql] SHOW FULL COLUMNS FROM `cmf_theme_file` [ RunTime:0.001457s ]
[2026-06-17T18:39:37+08:00][sql] SELECT `more`,`file`,`id` FROM `cmf_theme_file` WHERE  `theme` = 'simpleboot3_mobile'  AND (  `is_public` = 1 OR `file` = 'portal/about' ) ORDER BY `is_public` DESC [ RunTime:0.000386s ]
[2026-06-17T18:39:37+08:00][sql] SELECT `option_value` FROM `cmf_option` WHERE  `option_name` = 'storage' LIMIT 1 [ RunTime:0.000645s ]
[2026-06-17T18:39:39+08:00][sql] CONNECT:[ UseTime:0.000983s ] mysql:host=127.0.0.1;port=3306;dbname=newncl;charset=utf8mb4
[2026-06-17T18:39:39+08:00][sql] SHOW FULL COLUMNS FROM `cmf_option` [ RunTime:0.002102s ]
[2026-06-17T18:39:39+08:00][sql] SELECT `option_value` FROM `cmf_option` WHERE  `option_name` = 'cdn_settings' LIMIT 1 [ RunTime:0.000350s ]
[2026-06-17T18:39:39+08:00][sql] SELECT `option_value` FROM `cmf_option` WHERE  `option_name` = 'cdn_settings' LIMIT 1 [ RunTime:0.000517s ]
[2026-06-17T18:39:39+08:00][sql] SHOW FULL COLUMNS FROM `cmf_product_category` [ RunTime:0.002284s ]
[2026-06-17T18:39:39+08:00][sql] SELECT * FROM `cmf_product_category` WHERE  `parent_id` = 0 ORDER BY `list_order` ASC,`create_time` DESC [ RunTime:0.000615s ]
[2026-06-17T18:39:39+08:00][sql] SELECT * FROM `cmf_product_category` WHERE  `parent_id` IN (28,19,23,25,30,22,27) [ RunTime:0.000411s ]
[2026-06-17T18:39:39+08:00][sql] SHOW FULL COLUMNS FROM `cmf_portal_category` [ RunTime:0.001637s ]
[2026-06-17T18:39:39+08:00][sql] SELECT * FROM `cmf_portal_category` WHERE (  `type` = 8 ) AND `cmf_portal_category`.`delete_time` = '0' ORDER BY `list_order` ASC [ RunTime:0.000436s ]
[2026-06-17T18:39:39+08:00][sql] SHOW FULL COLUMNS FROM `cmf_slide_item` [ RunTime:0.001159s ]
[2026-06-17T18:39:39+08:00][sql] SELECT `title`,`description`,`image` FROM `cmf_slide_item` WHERE  `slide_id` = 9  AND `status` = 1 ORDER BY `list_order` ASC,`id` DESC LIMIT 1 [ RunTime:0.000415s ]
[2026-06-17T18:39:39+08:00][sql] SHOW FULL COLUMNS FROM `cmf_theme_file` [ RunTime:0.001580s ]
[2026-06-17T18:39:39+08:00][sql] SELECT `more`,`file`,`id` FROM `cmf_theme_file` WHERE  `theme` = 'simpleboot3_mobile'  AND (  `is_public` = 1 OR `file` = 'portal/about' ) ORDER BY `is_public` DESC [ RunTime:0.001166s ]
[2026-06-17T18:39:39+08:00][sql] SELECT `option_value` FROM `cmf_option` WHERE  `option_name` = 'storage' LIMIT 1 [ RunTime:0.000613s ]
[2026-06-17T18:40:10+08:00][sql] CONNECT:[ UseTime:0.000915s ] mysql:host=127.0.0.1;port=3306;dbname=newncl;charset=utf8mb4
[2026-06-17T18:40:10+08:00][sql] SHOW FULL COLUMNS FROM `cmf_option` [ RunTime:0.002885s ]
[2026-06-17T18:40:10+08:00][sql] SELECT `option_value` FROM `cmf_option` WHERE  `option_name` = 'cdn_settings' LIMIT 1 [ RunTime:0.000418s ]
[2026-06-17T18:40:10+08:00][sql] SELECT `option_value` FROM `cmf_option` WHERE  `option_name` = 'cdn_settings' LIMIT 1 [ RunTime:0.000392s ]
[2026-06-17T18:40:10+08:00][sql] SHOW FULL COLUMNS FROM `cmf_product_category` [ RunTime:0.001159s ]
[2026-06-17T18:40:10+08:00][sql] SELECT * FROM `cmf_product_category` WHERE  `parent_id` = 0 ORDER BY `list_order` ASC,`create_time` DESC [ RunTime:0.000350s ]
[2026-06-17T18:40:10+08:00][sql] SELECT * FROM `cmf_product_category` WHERE  `parent_id` IN (28,19,23,25,30,22,27) [ RunTime:0.000303s ]
[2026-06-17T18:40:10+08:00][sql] SHOW FULL COLUMNS FROM `cmf_portal_category` [ RunTime:0.001030s ]
[2026-06-17T18:40:10+08:00][sql] SELECT * FROM `cmf_portal_category` WHERE (  `type` = 8 ) AND `cmf_portal_category`.`delete_time` = '0' ORDER BY `list_order` ASC [ RunTime:0.000372s ]
[2026-06-17T18:40:10+08:00][sql] SHOW FULL COLUMNS FROM `cmf_slide_item` [ RunTime:0.001690s ]
[2026-06-17T18:40:10+08:00][sql] SELECT `title`,`description`,`image` FROM `cmf_slide_item` WHERE  `slide_id` = 11  AND `status` = 1 ORDER BY `list_order` ASC,`id` DESC LIMIT 1 [ RunTime:0.000898s ]
[2026-06-17T18:40:10+08:00][sql] SHOW FULL COLUMNS FROM `cmf_portal_post` [ RunTime:0.001298s ]
[2026-06-17T18:40:10+08:00][sql] SELECT `id`,`post_title`,`more` FROM `cmf_portal_post` WHERE (  `post_type` = 4 ) AND `cmf_portal_post`.`delete_time` = '0' [ RunTime:0.000379s ]
[2026-06-17T18:40:10+08:00][sql] SHOW FULL COLUMNS FROM `cmf_theme_file` [ RunTime:0.000998s ]
[2026-06-17T18:40:10+08:00][sql] SELECT `more`,`file`,`id` FROM `cmf_theme_file` WHERE  `theme` = 'simpleboot3_mobile'  AND (  `is_public` = 1 OR `file` = 'portal/service' ) ORDER BY `is_public` DESC [ RunTime:0.000354s ]
[2026-06-17T18:40:10+08:00][sql] SELECT `option_value` FROM `cmf_option` WHERE  `option_name` = 'storage' LIMIT 1 [ RunTime:0.000442s ]
[2026-06-17T18:42:47+08:00][sql] CONNECT:[ UseTime:0.012747s ] mysql:host=127.0.0.1;port=3306;dbname=newncl;charset=utf8mb4
[2026-06-17T18:42:47+08:00][sql] SHOW FULL COLUMNS FROM `cmf_option` [ RunTime:0.002203s ]
[2026-06-17T18:42:47+08:00][sql] SELECT `option_value` FROM `cmf_option` WHERE  `option_name` = 'cdn_settings' LIMIT 1 [ RunTime:0.000224s ]
[2026-06-17T18:42:47+08:00][sql] SELECT `option_value` FROM `cmf_option` WHERE  `option_name` = 'cdn_settings' LIMIT 1 [ RunTime:0.000998s ]
[2026-06-17T18:42:47+08:00][sql] SHOW FULL COLUMNS FROM `cmf_product_category` [ RunTime:0.000980s ]
[2026-06-17T18:42:47+08:00][sql] SELECT * FROM `cmf_product_category` WHERE  `parent_id` = 0 ORDER BY `list_order` ASC,`create_time` DESC [ RunTime:0.000273s ]
[2026-06-17T18:42:47+08:00][sql] SELECT * FROM `cmf_product_category` WHERE  `parent_id` IN (28,19,23,25,30,22,27) [ RunTime:0.000269s ]
[2026-06-17T18:42:47+08:00][sql] SHOW FULL COLUMNS FROM `cmf_portal_category` [ RunTime:0.001431s ]
[2026-06-17T18:42:47+08:00][sql] SELECT * FROM `cmf_portal_category` WHERE (  `type` = 8 ) AND `cmf_portal_category`.`delete_time` = '0' ORDER BY `list_order` ASC [ RunTime:0.000331s ]
[2026-06-17T18:42:47+08:00][sql] SHOW FULL COLUMNS FROM `cmf_slide_item` [ RunTime:0.002008s ]
[2026-06-17T18:42:47+08:00][sql] SELECT `title`,`description`,`image` FROM `cmf_slide_item` WHERE  `slide_id` = 11  AND `status` = 1 ORDER BY `list_order` ASC,`id` DESC LIMIT 1 [ RunTime:0.000498s ]
[2026-06-17T18:42:47+08:00][sql] SHOW FULL COLUMNS FROM `cmf_portal_post` [ RunTime:0.001648s ]
[2026-06-17T18:42:47+08:00][sql] SELECT `id`,`post_title`,`more` FROM `cmf_portal_post` WHERE (  `post_type` = 4 ) AND `cmf_portal_post`.`delete_time` = '0' [ RunTime:0.000318s ]
[2026-06-17T18:42:47+08:00][sql] SHOW FULL COLUMNS FROM `cmf_theme_file` [ RunTime:0.000861s ]
[2026-06-17T18:42:47+08:00][sql] SELECT `more`,`file`,`id` FROM `cmf_theme_file` WHERE  `theme` = 'simpleboot3_mobile'  AND (  `is_public` = 1 OR `file` = 'portal/service' ) ORDER BY `is_public` DESC [ RunTime:0.000248s ]
[2026-06-17T18:42:47+08:00][sql] SELECT `option_value` FROM `cmf_option` WHERE  `option_name` = 'storage' LIMIT 1 [ RunTime:0.000672s ]
[2026-06-17T18:43:03+08:00][sql] CONNECT:[ UseTime:0.001273s ] mysql:host=127.0.0.1;port=3306;dbname=newncl;charset=utf8mb4
[2026-06-17T18:43:03+08:00][sql] SHOW FULL COLUMNS FROM `cmf_option` [ RunTime:0.003209s ]
[2026-06-17T18:43:03+08:00][sql] SELECT `option_value` FROM `cmf_option` WHERE  `option_name` = 'cdn_settings' LIMIT 1 [ RunTime:0.000454s ]
[2026-06-17T18:43:03+08:00][sql] SELECT `option_value` FROM `cmf_option` WHERE  `option_name` = 'cdn_settings' LIMIT 1 [ RunTime:0.000570s ]
[2026-06-17T18:43:03+08:00][sql] SHOW FULL COLUMNS FROM `cmf_product_category` [ RunTime:0.001910s ]
[2026-06-17T18:43:03+08:00][sql] SELECT * FROM `cmf_product_category` WHERE  `parent_id` = 0 ORDER BY `list_order` ASC,`create_time` DESC [ RunTime:0.000359s ]
[2026-06-17T18:43:03+08:00][sql] SELECT * FROM `cmf_product_category` WHERE  `parent_id` IN (28,19,23,25,30,22,27) [ RunTime:0.000395s ]
[2026-06-17T18:43:03+08:00][sql] SHOW FULL COLUMNS FROM `cmf_portal_category` [ RunTime:0.001817s ]
[2026-06-17T18:43:03+08:00][sql] SELECT * FROM `cmf_portal_category` WHERE (  `type` = 8 ) AND `cmf_portal_category`.`delete_time` = '0' ORDER BY `list_order` ASC [ RunTime:0.000723s ]
[2026-06-17T18:43:03+08:00][sql] SHOW FULL COLUMNS FROM `cmf_slide_item` [ RunTime:0.002684s ]
[2026-06-17T18:43:03+08:00][sql] SELECT `title`,`description`,`image` FROM `cmf_slide_item` WHERE  `slide_id` = 10  AND `status` = 1 ORDER BY `list_order` ASC,`id` DESC LIMIT 1 [ RunTime:0.000711s ]
[2026-06-17T18:43:03+08:00][sql] SELECT `option_value` FROM `cmf_option` WHERE  `option_name` = 'quote_site' LIMIT 1 [ RunTime:0.000579s ]
[2026-06-17T18:43:03+08:00][sql] SHOW FULL COLUMNS FROM `cmf_theme_file` [ RunTime:0.002211s ]
[2026-06-17T18:43:03+08:00][sql] SELECT `more`,`file`,`id` FROM `cmf_theme_file` WHERE  `theme` = 'simpleboot3_mobile'  AND (  `is_public` = 1 OR `file` = 'portal/quote' ) ORDER BY `is_public` DESC [ RunTime:0.000591s ]
[2026-06-17T18:43:03+08:00][sql] SELECT `option_value` FROM `cmf_option` WHERE  `option_name` = 'storage' LIMIT 1 [ RunTime:0.000711s ]
[2026-06-17T18:47:20+08:00][sql] CONNECT:[ UseTime:0.017236s ] mysql:host=127.0.0.1;port=3306;dbname=newncl;charset=utf8mb4
[2026-06-17T18:47:20+08:00][sql] SHOW FULL COLUMNS FROM `cmf_option` [ RunTime:0.001794s ]
[2026-06-17T18:47:20+08:00][sql] SELECT `option_value` FROM `cmf_option` WHERE  `option_name` = 'cdn_settings' LIMIT 1 [ RunTime:0.000352s ]
[2026-06-17T18:47:20+08:00][sql] SELECT `option_value` FROM `cmf_option` WHERE  `option_name` = 'cdn_settings' LIMIT 1 [ RunTime:0.000804s ]
[2026-06-17T18:47:20+08:00][sql] SHOW FULL COLUMNS FROM `cmf_product_category` [ RunTime:0.001265s ]
[2026-06-17T18:47:20+08:00][sql] SELECT * FROM `cmf_product_category` WHERE  `parent_id` = 0 ORDER BY `list_order` ASC,`create_time` DESC [ RunTime:0.000381s ]
[2026-06-17T18:47:20+08:00][sql] SELECT * FROM `cmf_product_category` WHERE  `parent_id` IN (28,19,23,25,30,22,27) [ RunTime:0.000322s ]
[2026-06-17T18:47:20+08:00][sql] SHOW FULL COLUMNS FROM `cmf_portal_category` [ RunTime:0.001282s ]
[2026-06-17T18:47:20+08:00][sql] SELECT * FROM `cmf_portal_category` WHERE (  `type` = 8 ) AND `cmf_portal_category`.`delete_time` = '0' ORDER BY `list_order` ASC [ RunTime:0.000371s ]
[2026-06-17T18:47:20+08:00][sql] SHOW FULL COLUMNS FROM `cmf_slide_item` [ RunTime:0.001135s ]
[2026-06-17T18:47:20+08:00][sql] SELECT `title`,`description`,`image` FROM `cmf_slide_item` WHERE  `slide_id` = 6  AND `status` = 1 ORDER BY `list_order` ASC,`id` DESC LIMIT 1 [ RunTime:0.000369s ]
[2026-06-17T18:47:20+08:00][sql] SHOW FULL COLUMNS FROM `cmf_portal_post` [ RunTime:0.001174s ]
[2026-06-17T18:47:20+08:00][sql] SELECT `id`,`post_title`,`more` FROM `cmf_portal_post` WHERE (  `post_type` = 4 ) AND `cmf_portal_post`.`delete_time` = '0' [ RunTime:0.000359s ]
[2026-06-17T18:47:20+08:00][sql] SHOW FULL COLUMNS FROM `cmf_theme_file` [ RunTime:0.001587s ]
[2026-06-17T18:47:20+08:00][sql] SELECT `more`,`file`,`id` FROM `cmf_theme_file` WHERE  `theme` = 'simpleboot3'  AND (  `is_public` = 1 OR `file` = 'portal/service' ) ORDER BY `is_public` DESC [ RunTime:0.000403s ]
[2026-06-17T18:47:20+08:00][sql] SELECT `option_value` FROM `cmf_option` WHERE  `option_name` = 'storage' LIMIT 1 [ RunTime:0.000458s ]
[2026-06-17T18:48:08+08:00][sql] CONNECT:[ UseTime:0.000848s ] mysql:host=127.0.0.1;port=3306;dbname=newncl;charset=utf8mb4
[2026-06-17T18:48:08+08:00][sql] SHOW FULL COLUMNS FROM `cmf_option` [ RunTime:0.002020s ]
[2026-06-17T18:48:08+08:00][sql] SELECT `option_value` FROM `cmf_option` WHERE  `option_name` = 'cdn_settings' LIMIT 1 [ RunTime:0.000254s ]
[2026-06-17T18:48:08+08:00][sql] SELECT `option_value` FROM `cmf_option` WHERE  `option_name` = 'cdn_settings' LIMIT 1 [ RunTime:0.000249s ]
[2026-06-17T18:48:08+08:00][sql] SHOW FULL COLUMNS FROM `cmf_product_category` [ RunTime:0.001073s ]
[2026-06-17T18:48:08+08:00][sql] SELECT * FROM `cmf_product_category` WHERE  `parent_id` = 0 ORDER BY `list_order` ASC,`create_time` DESC [ RunTime:0.000289s ]
[2026-06-17T18:48:08+08:00][sql] SELECT * FROM `cmf_product_category` WHERE  `parent_id` IN (28,19,23,25,30,22,27) [ RunTime:0.000296s ]
[2026-06-17T18:48:08+08:00][sql] SHOW FULL COLUMNS FROM `cmf_portal_category` [ RunTime:0.001829s ]
[2026-06-17T18:48:08+08:00][sql] SELECT * FROM `cmf_portal_category` WHERE (  `type` = 8 ) AND `cmf_portal_category`.`delete_time` = '0' ORDER BY `list_order` ASC [ RunTime:0.000551s ]
[2026-06-17T18:48:08+08:00][sql] SHOW FULL COLUMNS FROM `cmf_slide_item` [ RunTime:0.000989s ]
[2026-06-17T18:48:08+08:00][sql] SELECT `title`,`description`,`image` FROM `cmf_slide_item` WHERE  `slide_id` = 3  AND `status` = 1 ORDER BY `list_order` ASC,`id` DESC LIMIT 1 [ RunTime:0.000323s ]
[2026-06-17T18:48:08+08:00][sql] SHOW FULL COLUMNS FROM `cmf_portal_post` [ RunTime:0.000891s ]
[2026-06-17T18:48:08+08:00][sql] SELECT COUNT(*) AS think_count FROM `cmf_portal_post` WHERE (  `post_type` = 3 ) AND `cmf_portal_post`.`delete_time` = '0' LIMIT 1 [ RunTime:0.000670s ]
[2026-06-17T18:48:08+08:00][sql] SELECT `id`,`more`,`post_title`,`post_excerpt` FROM `cmf_portal_post` WHERE (  `post_type` = 3 ) AND `cmf_portal_post`.`delete_time` = '0' ORDER BY `create_time` DESC LIMIT 0,6 [ RunTime:0.000347s ]
[2026-06-17T18:48:08+08:00][sql] SHOW FULL COLUMNS FROM `cmf_theme_file` [ RunTime:0.001610s ]
[2026-06-17T18:48:08+08:00][sql] SELECT `more`,`file`,`id` FROM `cmf_theme_file` WHERE  `theme` = 'simpleboot3'  AND (  `is_public` = 1 OR `file` = 'portal/industries' ) ORDER BY `is_public` DESC [ RunTime:0.000356s ]
[2026-06-17T18:48:08+08:00][sql] SELECT `option_value` FROM `cmf_option` WHERE  `option_name` = 'storage' LIMIT 1 [ RunTime:0.000447s ]
[2026-06-17T18:48:11+08:00][sql] CONNECT:[ UseTime:0.001041s ] mysql:host=127.0.0.1;port=3306;dbname=newncl;charset=utf8mb4
[2026-06-17T18:48:11+08:00][sql] SHOW FULL COLUMNS FROM `cmf_option` [ RunTime:0.002046s ]
[2026-06-17T18:48:11+08:00][sql] SELECT `option_value` FROM `cmf_option` WHERE  `option_name` = 'cdn_settings' LIMIT 1 [ RunTime:0.000575s ]
[2026-06-17T18:48:11+08:00][sql] SELECT `option_value` FROM `cmf_option` WHERE  `option_name` = 'cdn_settings' LIMIT 1 [ RunTime:0.001072s ]
[2026-06-17T18:48:11+08:00][sql] SHOW FULL COLUMNS FROM `cmf_product_category` [ RunTime:0.001248s ]
[2026-06-17T18:48:11+08:00][sql] SELECT * FROM `cmf_product_category` WHERE  `parent_id` = 0 ORDER BY `list_order` ASC,`create_time` DESC [ RunTime:0.000366s ]
[2026-06-17T18:48:11+08:00][sql] SELECT * FROM `cmf_product_category` WHERE  `parent_id` IN (28,19,23,25,30,22,27) [ RunTime:0.000318s ]
[2026-06-17T18:48:11+08:00][sql] SHOW FULL COLUMNS FROM `cmf_portal_category` [ RunTime:0.001173s ]
[2026-06-17T18:48:11+08:00][sql] SELECT * FROM `cmf_portal_category` WHERE (  `type` = 8 ) AND `cmf_portal_category`.`delete_time` = '0' ORDER BY `list_order` ASC [ RunTime:0.000314s ]
[2026-06-17T18:48:11+08:00][sql] SHOW FULL COLUMNS FROM `cmf_slide_item` [ RunTime:0.001320s ]
[2026-06-17T18:48:11+08:00][sql] SELECT `title`,`description`,`image` FROM `cmf_slide_item` WHERE  `slide_id` = 12  AND `status` = 1 ORDER BY `list_order` ASC,`id` DESC LIMIT 1 [ RunTime:0.000397s ]
[2026-06-17T18:48:11+08:00][sql] SELECT * FROM `cmf_portal_category` WHERE (  `id` = 0  AND `status` = 1 ) AND `cmf_portal_category`.`delete_time` = '0' LIMIT 1 [ RunTime:0.000379s ]
[2026-06-17T18:48:11+08:00][sql] SHOW FULL COLUMNS FROM `cmf_portal_post` [ RunTime:0.001164s ]
[2026-06-17T18:48:11+08:00][sql] SELECT COUNT(*) AS think_count FROM `cmf_portal_post` `p` LEFT JOIN `cmf_portal_category_post` `c` ON `p`.`id`=`c`.`post_id` WHERE (  `post_type` = 8 ) AND `p`.`delete_time` = '0' LIMIT 1 [ RunTime:0.001809s ]
[2026-06-17T18:48:11+08:00][sql] SELECT `p`.`id`,`p`.`post_title`,`p`.`thumbnail`,`p`.`more`,c.category_id as cid,`p`.`post_excerpt`,`p`.`create_time` FROM `cmf_portal_post` `p` LEFT JOIN `cmf_portal_category_post` `c` ON `p`.`id`=`c`.`post_id` WHERE (  `post_type` = 8 ) AND `p`.`delete_time` = '0' ORDER BY `c`.`list_order` ASC,`p`.`create_time` DESC LIMIT 0,6 [ RunTime:0.000630s ]
[2026-06-17T18:48:11+08:00][sql] SHOW FULL COLUMNS FROM `cmf_theme_file` [ RunTime:0.001476s ]
[2026-06-17T18:48:11+08:00][sql] SELECT `more`,`file`,`id` FROM `cmf_theme_file` WHERE  `theme` = 'simpleboot3'  AND (  `is_public` = 1 OR `file` = 'portal/news' ) ORDER BY `is_public` DESC [ RunTime:0.001131s ]
[2026-06-17T18:48:11+08:00][sql] SELECT `option_value` FROM `cmf_option` WHERE  `option_name` = 'storage' LIMIT 1 [ RunTime:0.000696s ]
[2026-06-17T18:48:16+08:00][sql] CONNECT:[ UseTime:0.001278s ] mysql:host=127.0.0.1;port=3306;dbname=newncl;charset=utf8mb4
[2026-06-17T18:48:16+08:00][sql] SHOW FULL COLUMNS FROM `cmf_option` [ RunTime:0.002722s ]
[2026-06-17T18:48:16+08:00][sql] SELECT `option_value` FROM `cmf_option` WHERE  `option_name` = 'cdn_settings' LIMIT 1 [ RunTime:0.000440s ]
[2026-06-17T18:48:16+08:00][sql] SELECT `option_value` FROM `cmf_option` WHERE  `option_name` = 'cdn_settings' LIMIT 1 [ RunTime:0.000424s ]
[2026-06-17T18:48:16+08:00][sql] SHOW FULL COLUMNS FROM `cmf_product_category` [ RunTime:0.001341s ]
[2026-06-17T18:48:16+08:00][sql] SELECT * FROM `cmf_product_category` WHERE  `parent_id` = 0 ORDER BY `list_order` ASC,`create_time` DESC [ RunTime:0.001002s ]
[2026-06-17T18:48:16+08:00][sql] SELECT * FROM `cmf_product_category` WHERE  `parent_id` IN (28,19,23,25,30,22,27) [ RunTime:0.000457s ]
[2026-06-17T18:48:16+08:00][sql] SHOW FULL COLUMNS FROM `cmf_portal_category` [ RunTime:0.002115s ]
[2026-06-17T18:48:16+08:00][sql] SELECT * FROM `cmf_portal_category` WHERE (  `type` = 8 ) AND `cmf_portal_category`.`delete_time` = '0' ORDER BY `list_order` ASC [ RunTime:0.000510s ]
[2026-06-17T18:48:16+08:00][sql] SELECT * FROM `cmf_portal_category` WHERE (  `id` = 2  AND `status` = 1 ) AND `cmf_portal_category`.`delete_time` = '0' LIMIT 1 [ RunTime:0.001081s ]
[2026-06-17T18:48:16+08:00][sql] SHOW FULL COLUMNS FROM `cmf_portal_post` [ RunTime:0.001346s ]
[2026-06-17T18:48:16+08:00][sql] SELECT `post`.* FROM `cmf_portal_post` `post` INNER JOIN `cmf_portal_category_post` `relation` ON `post`.`id`=`relation`.`post_id` WHERE (  `post`.`post_type` = '8'  AND `post`.`delete_time` = '0'  AND `relation`.`category_id` = '2'  AND `relation`.`post_id` = '26' ) AND `post`.`delete_time` = '0' LIMIT 1 [ RunTime:0.003123s ]
[2026-06-17T18:48:16+08:00][sql] SHOW FULL COLUMNS FROM `cmf_slide_item` [ RunTime:0.001277s ]
[2026-06-17T18:48:16+08:00][sql] SELECT `title`,`description`,`image` FROM `cmf_slide_item` WHERE  `slide_id` = 12  AND `status` = 1 ORDER BY `list_order` ASC,`id` DESC LIMIT 1 [ RunTime:0.000408s ]
[2026-06-17T18:48:16+08:00][sql] UPDATE `cmf_portal_post`  SET `post_hits` = `post_hits` + 1  WHERE (  `id` = 26 ) AND `cmf_portal_post`.`delete_time` = '0' [ RunTime:0.068087s ]
[2026-06-17T18:48:16+08:00][sql] SELECT `post`.* FROM `cmf_portal_post` `post` INNER JOIN `cmf_portal_category_post` `relation` ON `post`.`id`=`relation`.`post_id` WHERE (  `post`.`post_type` = '8'  AND `post`.`delete_time` = '0'  AND `relation`.`category_id` = '2'  AND `relation`.`post_id` = '26'  AND `relation`.`post_id` = '26' ) AND `post`.`delete_time` = '0' LIMIT 1 [ RunTime:0.002243s ]
[2026-06-17T18:48:16+08:00][sql] SELECT `post`.* FROM `cmf_portal_post` `post` INNER JOIN `cmf_portal_category_post` `relation` ON `post`.`id`=`relation`.`post_id` WHERE (  `post`.`post_type` = '8'  AND `post`.`delete_time` = '0'  AND `relation`.`category_id` = '2'  AND `relation`.`post_id` = '26'  AND `relation`.`post_id` < '26' ) AND `post`.`delete_time` = '0' ORDER BY `id` DESC LIMIT 1 [ RunTime:0.000832s ]
[2026-06-17T18:48:16+08:00][sql] SELECT `post`.* FROM `cmf_portal_post` `post` INNER JOIN `cmf_portal_category_post` `relation` ON `post`.`id`=`relation`.`post_id` WHERE (  `post`.`post_type` = '8'  AND `post`.`delete_time` = '0'  AND `relation`.`category_id` = '2'  AND `relation`.`post_id` = '26'  AND `relation`.`post_id` > '26' ) AND `post`.`delete_time` = '0' ORDER BY `id` DESC LIMIT 1 [ RunTime:0.000413s ]
[2026-06-17T18:48:16+08:00][sql] SHOW FULL COLUMNS FROM `cmf_theme_file` [ RunTime:0.001328s ]
[2026-06-17T18:48:16+08:00][sql] SELECT `more`,`file`,`id` FROM `cmf_theme_file` WHERE  `theme` = 'simpleboot3'  AND (  `is_public` = 1 OR `file` = 'portal/news-info' ) ORDER BY `is_public` DESC [ RunTime:0.000885s ]
[2026-06-17T18:48:16+08:00][sql] SELECT `option_value` FROM `cmf_option` WHERE  `option_name` = 'storage' LIMIT 1 [ RunTime:0.000741s ]
[2026-06-17T18:51:34+08:00][sql] CONNECT:[ UseTime:0.001581s ] mysql:host=127.0.0.1;port=3306;dbname=newncl;charset=utf8mb4
[2026-06-17T18:51:34+08:00][sql] SHOW FULL COLUMNS FROM `cmf_option` [ RunTime:0.001568s ]
[2026-06-17T18:51:34+08:00][sql] SELECT `option_value` FROM `cmf_option` WHERE  `option_name` = 'cdn_settings' LIMIT 1 [ RunTime:0.000278s ]
[2026-06-17T18:51:34+08:00][sql] SELECT `option_value` FROM `cmf_option` WHERE  `option_name` = 'cdn_settings' LIMIT 1 [ RunTime:0.000520s ]
[2026-06-17T18:51:34+08:00][sql] SHOW FULL COLUMNS FROM `cmf_product_category` [ RunTime:0.001393s ]
[2026-06-17T18:51:34+08:00][sql] SELECT * FROM `cmf_product_category` WHERE  `parent_id` = 0 ORDER BY `list_order` ASC,`create_time` DESC [ RunTime:0.000382s ]
[2026-06-17T18:51:34+08:00][sql] SELECT * FROM `cmf_product_category` WHERE  `parent_id` IN (28,19,23,25,30,22,27) [ RunTime:0.000315s ]
[2026-06-17T18:51:34+08:00][sql] SHOW FULL COLUMNS FROM `cmf_portal_category` [ RunTime:0.002249s ]
[2026-06-17T18:51:34+08:00][sql] SELECT * FROM `cmf_portal_category` WHERE (  `type` = 8 ) AND `cmf_portal_category`.`delete_time` = '0' ORDER BY `list_order` ASC [ RunTime:0.000636s ]
[2026-06-17T18:51:34+08:00][sql] SHOW FULL COLUMNS FROM `cmf_slide_item` [ RunTime:0.001684s ]
[2026-06-17T18:51:34+08:00][sql] SELECT `title`,`description`,`image` FROM `cmf_slide_item` WHERE  `slide_id` = 10  AND `status` = 1 ORDER BY `list_order` ASC,`id` DESC LIMIT 1 [ RunTime:0.000484s ]
[2026-06-17T18:51:34+08:00][sql] SHOW FULL COLUMNS FROM `cmf_theme_file` [ RunTime:0.002403s ]
[2026-06-17T18:51:34+08:00][sql] SELECT `more`,`file`,`id` FROM `cmf_theme_file` WHERE  `theme` = 'simpleboot3_mobile'  AND (  `is_public` = 1 OR `file` = 'portal/quote' ) ORDER BY `is_public` DESC [ RunTime:0.000451s ]
[2026-06-17T18:51:34+08:00][sql] SELECT `option_value` FROM `cmf_option` WHERE  `option_name` = 'storage' LIMIT 1 [ RunTime:0.000488s ]
[2026-06-17T18:51:39+08:00][sql] CONNECT:[ UseTime:0.000820s ] mysql:host=127.0.0.1;port=3306;dbname=newncl;charset=utf8mb4
[2026-06-17T18:51:39+08:00][sql] SHOW FULL COLUMNS FROM `cmf_option` [ RunTime:0.002422s ]
[2026-06-17T18:51:39+08:00][sql] SELECT `option_value` FROM `cmf_option` WHERE  `option_name` = 'cdn_settings' LIMIT 1 [ RunTime:0.000929s ]
[2026-06-17T18:51:39+08:00][sql] SELECT `option_value` FROM `cmf_option` WHERE  `option_name` = 'cdn_settings' LIMIT 1 [ RunTime:0.000604s ]
[2026-06-17T18:51:39+08:00][sql] SHOW FULL COLUMNS FROM `cmf_product_category` [ RunTime:0.002087s ]
[2026-06-17T18:51:39+08:00][sql] SELECT * FROM `cmf_product_category` WHERE  `parent_id` = 0 ORDER BY `list_order` ASC,`create_time` DESC [ RunTime:0.000563s ]
[2026-06-17T18:51:39+08:00][sql] SELECT * FROM `cmf_product_category` WHERE  `parent_id` IN (28,19,23,25,30,22,27) [ RunTime:0.000374s ]
[2026-06-17T18:51:39+08:00][sql] SHOW FULL COLUMNS FROM `cmf_portal_category` [ RunTime:0.001557s ]
[2026-06-17T18:51:39+08:00][sql] SELECT * FROM `cmf_portal_category` WHERE (  `type` = 8 ) AND `cmf_portal_category`.`delete_time` = '0' ORDER BY `list_order` ASC [ RunTime:0.000453s ]
[2026-06-17T18:51:39+08:00][sql] SHOW FULL COLUMNS FROM `cmf_slide_item` [ RunTime:0.001180s ]
[2026-06-17T18:51:39+08:00][sql] SELECT `title`,`description`,`image` FROM `cmf_slide_item` WHERE  `slide_id` = 11  AND `status` = 1 ORDER BY `list_order` ASC,`id` DESC LIMIT 1 [ RunTime:0.000406s ]
[2026-06-17T18:51:39+08:00][sql] SHOW FULL COLUMNS FROM `cmf_portal_post` [ RunTime:0.001231s ]
[2026-06-17T18:51:39+08:00][sql] SELECT `id`,`post_title`,`more` FROM `cmf_portal_post` WHERE (  `post_type` = 4 ) AND `cmf_portal_post`.`delete_time` = '0' [ RunTime:0.000352s ]
[2026-06-17T18:51:39+08:00][sql] SHOW FULL COLUMNS FROM `cmf_theme_file` [ RunTime:0.001087s ]
[2026-06-17T18:51:39+08:00][sql] SELECT `more`,`file`,`id` FROM `cmf_theme_file` WHERE  `theme` = 'simpleboot3_mobile'  AND (  `is_public` = 1 OR `file` = 'portal/service' ) ORDER BY `is_public` DESC [ RunTime:0.000332s ]
[2026-06-17T18:51:39+08:00][sql] SELECT `option_value` FROM `cmf_option` WHERE  `option_name` = 'storage' LIMIT 1 [ RunTime:0.000582s ]
[2026-06-17T18:51:53+08:00][sql] CONNECT:[ UseTime:0.000984s ] mysql:host=127.0.0.1;port=3306;dbname=newncl;charset=utf8mb4
[2026-06-17T18:51:53+08:00][sql] SHOW FULL COLUMNS FROM `cmf_option` [ RunTime:0.001522s ]
[2026-06-17T18:51:53+08:00][sql] SELECT `option_value` FROM `cmf_option` WHERE  `option_name` = 'cdn_settings' LIMIT 1 [ RunTime:0.000431s ]
[2026-06-17T18:51:53+08:00][sql] SELECT `option_value` FROM `cmf_option` WHERE  `option_name` = 'cdn_settings' LIMIT 1 [ RunTime:0.000484s ]
[2026-06-17T18:51:53+08:00][sql] SHOW FULL COLUMNS FROM `cmf_product_category` [ RunTime:0.001881s ]
[2026-06-17T18:51:53+08:00][sql] SELECT * FROM `cmf_product_category` WHERE  `parent_id` = 0 ORDER BY `list_order` ASC,`create_time` DESC [ RunTime:0.000380s ]
[2026-06-17T18:51:53+08:00][sql] SELECT * FROM `cmf_product_category` WHERE  `parent_id` IN (28,19,23,25,30,22,27) [ RunTime:0.000337s ]
[2026-06-17T18:51:53+08:00][sql] SHOW FULL COLUMNS FROM `cmf_portal_category` [ RunTime:0.001304s ]
[2026-06-17T18:51:53+08:00][sql] SELECT * FROM `cmf_portal_category` WHERE (  `type` = 8 ) AND `cmf_portal_category`.`delete_time` = '0' ORDER BY `list_order` ASC [ RunTime:0.000366s ]
[2026-06-17T18:51:53+08:00][sql] SHOW FULL COLUMNS FROM `cmf_slide_item` [ RunTime:0.001042s ]
[2026-06-17T18:51:53+08:00][sql] SELECT `title`,`description`,`image` FROM `cmf_slide_item` WHERE  `slide_id` = 10  AND `status` = 1 ORDER BY `list_order` ASC,`id` DESC LIMIT 1 [ RunTime:0.000391s ]
[2026-06-17T18:51:53+08:00][sql] SHOW FULL COLUMNS FROM `cmf_theme_file` [ RunTime:0.000938s ]
[2026-06-17T18:51:53+08:00][sql] SELECT `more`,`file`,`id` FROM `cmf_theme_file` WHERE  `theme` = 'simpleboot3_mobile'  AND (  `is_public` = 1 OR `file` = 'portal/quote' ) ORDER BY `is_public` DESC [ RunTime:0.000330s ]
[2026-06-17T18:51:53+08:00][sql] SELECT `option_value` FROM `cmf_option` WHERE  `option_name` = 'storage' LIMIT 1 [ RunTime:0.000524s ]
[2026-06-17T18:51:57+08:00][sql] CONNECT:[ UseTime:0.016958s ] mysql:host=127.0.0.1;port=3306;dbname=newncl;charset=utf8mb4
[2026-06-17T18:51:57+08:00][sql] SHOW FULL COLUMNS FROM `cmf_option` [ RunTime:0.003083s ]
[2026-06-17T18:51:57+08:00][sql] SELECT `option_value` FROM `cmf_option` WHERE  `option_name` = 'cdn_settings' LIMIT 1 [ RunTime:0.000586s ]
[2026-06-17T18:51:57+08:00][sql] SELECT `option_value` FROM `cmf_option` WHERE  `option_name` = 'cdn_settings' LIMIT 1 [ RunTime:0.000687s ]
[2026-06-17T18:51:57+08:00][sql] SHOW FULL COLUMNS FROM `cmf_product_category` [ RunTime:0.002888s ]
[2026-06-17T18:51:57+08:00][sql] SELECT * FROM `cmf_product_category` WHERE  `parent_id` = 0 ORDER BY `list_order` ASC,`create_time` DESC [ RunTime:0.001069s ]
[2026-06-17T18:51:57+08:00][sql] SELECT * FROM `cmf_product_category` WHERE  `parent_id` IN (28,19,23,25,30,22,27) [ RunTime:0.000945s ]
[2026-06-17T18:51:57+08:00][sql] SHOW FULL COLUMNS FROM `cmf_portal_category` [ RunTime:0.001702s ]
[2026-06-17T18:51:57+08:00][sql] SELECT * FROM `cmf_portal_category` WHERE (  `type` = 8 ) AND `cmf_portal_category`.`delete_time` = '0' ORDER BY `list_order` ASC [ RunTime:0.000525s ]
[2026-06-17T18:51:57+08:00][sql] SHOW FULL COLUMNS FROM `cmf_slide_item` [ RunTime:0.001370s ]
[2026-06-17T18:51:57+08:00][sql] SELECT `title`,`description`,`image` FROM `cmf_slide_item` WHERE  `slide_id` = 5  AND `status` = 1 ORDER BY `list_order` ASC,`id` DESC LIMIT 1 [ RunTime:0.000506s ]
[2026-06-17T18:51:57+08:00][sql] SHOW FULL COLUMNS FROM `cmf_theme_file` [ RunTime:0.001199s ]
[2026-06-17T18:51:57+08:00][sql] SELECT `more`,`file`,`id` FROM `cmf_theme_file` WHERE  `theme` = 'simpleboot3'  AND (  `is_public` = 1 OR `file` = 'portal/quote' ) ORDER BY `is_public` DESC [ RunTime:0.000450s ]
[2026-06-17T18:51:57+08:00][sql] SELECT `option_value` FROM `cmf_option` WHERE  `option_name` = 'storage' LIMIT 1 [ RunTime:0.001165s ]
[2026-06-17T18:56:20+08:00][sql] CONNECT:[ UseTime:0.001639s ] mysql:host=127.0.0.1;port=3306;dbname=newncl;charset=utf8mb4
[2026-06-17T18:56:20+08:00][sql] SHOW FULL COLUMNS FROM `cmf_option` [ RunTime:0.003786s ]
[2026-06-17T18:56:20+08:00][sql] SELECT `option_value` FROM `cmf_option` WHERE  `option_name` = 'cdn_settings' LIMIT 1 [ RunTime:0.000426s ]
[2026-06-17T18:56:20+08:00][sql] SELECT `option_value` FROM `cmf_option` WHERE  `option_name` = 'cdn_settings' LIMIT 1 [ RunTime:0.000644s ]
[2026-06-17T18:56:20+08:00][sql] SHOW FULL COLUMNS FROM `cmf_product_category` [ RunTime:0.002609s ]
[2026-06-17T18:56:20+08:00][sql] SELECT * FROM `cmf_product_category` WHERE  `parent_id` = 0 ORDER BY `list_order` ASC,`create_time` DESC [ RunTime:0.000409s ]
[2026-06-17T18:56:20+08:00][sql] SELECT * FROM `cmf_product_category` WHERE  `parent_id` IN (28,19,23,25,30,22,27) [ RunTime:0.000891s ]
[2026-06-17T18:56:20+08:00][sql] SHOW FULL COLUMNS FROM `cmf_portal_category` [ RunTime:0.001448s ]
[2026-06-17T18:56:20+08:00][sql] SELECT * FROM `cmf_portal_category` WHERE (  `type` = 8 ) AND `cmf_portal_category`.`delete_time` = '0' ORDER BY `list_order` ASC [ RunTime:0.000368s ]
[2026-06-17T18:56:20+08:00][sql] SHOW FULL COLUMNS FROM `cmf_slide_item` [ RunTime:0.001122s ]
[2026-06-17T18:56:20+08:00][sql] SELECT `title`,`description`,`image` FROM `cmf_slide_item` WHERE  `slide_id` = 10  AND `status` = 1 ORDER BY `list_order` ASC,`id` DESC LIMIT 1 [ RunTime:0.000424s ]
[2026-06-17T18:56:20+08:00][sql] SHOW FULL COLUMNS FROM `cmf_theme_file` [ RunTime:0.001103s ]
[2026-06-17T18:56:20+08:00][sql] SELECT `more`,`file`,`id` FROM `cmf_theme_file` WHERE  `theme` = 'simpleboot3_mobile'  AND (  `is_public` = 1 OR `file` = 'portal/quote' ) ORDER BY `is_public` DESC [ RunTime:0.000307s ]
[2026-06-17T18:56:20+08:00][sql] SELECT `option_value` FROM `cmf_option` WHERE  `option_name` = 'storage' LIMIT 1 [ RunTime:0.000454s ]
[2026-06-17T18:56:49+08:00][sql] CONNECT:[ UseTime:0.001028s ] mysql:host=127.0.0.1;port=3306;dbname=newncl;charset=utf8mb4
[2026-06-17T18:56:49+08:00][sql] SHOW FULL COLUMNS FROM `cmf_option` [ RunTime:0.001463s ]
[2026-06-17T18:56:49+08:00][sql] SELECT `option_value` FROM `cmf_option` WHERE  `option_name` = 'cdn_settings' LIMIT 1 [ RunTime:0.000301s ]
[2026-06-17T18:56:49+08:00][sql] SELECT `option_value` FROM `cmf_option` WHERE  `option_name` = 'cdn_settings' LIMIT 1 [ RunTime:0.000382s ]
[2026-06-17T18:56:49+08:00][sql] SHOW FULL COLUMNS FROM `cmf_product_category` [ RunTime:0.001216s ]
[2026-06-17T18:56:49+08:00][sql] SELECT * FROM `cmf_product_category` WHERE  `parent_id` = 0 ORDER BY `list_order` ASC,`create_time` DESC [ RunTime:0.000351s ]
[2026-06-17T18:56:49+08:00][sql] SELECT * FROM `cmf_product_category` WHERE  `parent_id` IN (28,19,23,25,30,22,27) [ RunTime:0.000404s ]
[2026-06-17T18:56:49+08:00][sql] SHOW FULL COLUMNS FROM `cmf_portal_category` [ RunTime:0.001332s ]
[2026-06-17T18:56:49+08:00][sql] SELECT * FROM `cmf_portal_category` WHERE (  `type` = 8 ) AND `cmf_portal_category`.`delete_time` = '0' ORDER BY `list_order` ASC [ RunTime:0.000958s ]
[2026-06-17T18:56:49+08:00][sql] SHOW FULL COLUMNS FROM `cmf_slide_item` [ RunTime:0.001386s ]
[2026-06-17T18:56:49+08:00][sql] SELECT `title`,`description`,`image` FROM `cmf_slide_item` WHERE  `slide_id` = 10  AND `status` = 1 ORDER BY `list_order` ASC,`id` DESC LIMIT 1 [ RunTime:0.000689s ]
[2026-06-17T18:56:49+08:00][sql] SHOW FULL COLUMNS FROM `cmf_theme_file` [ RunTime:0.001682s ]
[2026-06-17T18:56:49+08:00][sql] SELECT `more`,`file`,`id` FROM `cmf_theme_file` WHERE  `theme` = 'simpleboot3_mobile'  AND (  `is_public` = 1 OR `file` = 'portal/quote' ) ORDER BY `is_public` DESC [ RunTime:0.000432s ]
[2026-06-17T18:56:49+08:00][sql] SELECT `option_value` FROM `cmf_option` WHERE  `option_name` = 'storage' LIMIT 1 [ RunTime:0.000784s ]
