[2026-06-22T08:49:06+08:00][sql] CONNECT:[ UseTime:0.004589s ] mysql:host=127.0.0.1;port=3306;dbname=newncl;charset=utf8mb4
[2026-06-22T08:49:06+08:00][sql] SHOW FULL COLUMNS FROM `cmf_plugin` [ RunTime:0.030557s ]
[2026-06-22T08:49:06+08:00][sql] SELECT `config` FROM `cmf_plugin` WHERE  `name` = 'SwitchTheme' LIMIT 1 [ RunTime:0.008046s ]
[2026-06-22T08:49:06+08:00][sql] SHOW FULL COLUMNS FROM `cmf_option` [ RunTime:0.003524s ]
[2026-06-22T08:49:06+08:00][sql] SELECT `option_value` FROM `cmf_option` WHERE  `option_name` = 'cdn_settings' LIMIT 1 [ RunTime:0.002321s ]
[2026-06-22T08:49:06+08:00][sql] SELECT `option_value` FROM `cmf_option` WHERE  `option_name` = 'cdn_settings' LIMIT 1 [ RunTime:0.000685s ]
[2026-06-22T08:49:06+08:00][sql] SHOW FULL COLUMNS FROM `cmf_product_category` [ RunTime:0.003686s ]
[2026-06-22T08:49:06+08:00][sql] SELECT * FROM `cmf_product_category` WHERE  `parent_id` = 0 ORDER BY `list_order` ASC,`create_time` DESC [ RunTime:0.002523s ]
[2026-06-22T08:49:06+08:00][sql] SELECT * FROM `cmf_product_category` WHERE  `parent_id` IN (28,19,23,25,30,22,27) [ RunTime:0.000460s ]
[2026-06-22T08:49:06+08:00][sql] SHOW FULL COLUMNS FROM `cmf_portal_category` [ RunTime:0.002643s ]
[2026-06-22T08:49:06+08:00][sql] SELECT * FROM `cmf_portal_category` WHERE (  `type` = 8 ) AND `cmf_portal_category`.`delete_time` = '0' ORDER BY `list_order` ASC [ RunTime:0.002298s ]
[2026-06-22T08:49:06+08:00][sql] SHOW FULL COLUMNS FROM `cmf_slide_item` [ RunTime:0.003757s ]
[2026-06-22T08:49:06+08:00][sql] SELECT `title`,`description`,`image`,`url`,`target`,`content` FROM `cmf_slide_item` WHERE  `slide_id` = 1 ORDER BY `list_order` ASC [ RunTime:0.004150s ]
[2026-06-22T08:49:06+08:00][sql] SHOW FULL COLUMNS FROM `cmf_slide` [ RunTime:0.002181s ]
[2026-06-22T08:49:06+08:00][sql] SELECT * FROM `cmf_slide` WHERE  `name` LIKE '%choose%' OR `name` LIKE '%选择%' LIMIT 1 [ RunTime:0.004002s ]
[2026-06-22T08:49:06+08:00][sql] SELECT `title`,`description`,`image`,`url`,`target`,`content` FROM `cmf_slide_item` WHERE  `slide_id` = 14  AND `status` = 1 ORDER BY `list_order` ASC [ RunTime:0.000893s ]
[2026-06-22T08:49:06+08:00][sql] SELECT * FROM `cmf_product_category` WHERE  `parent_id` = 0  AND `recommend` = 1 ORDER BY `list_order` ASC,`create_time` DESC [ RunTime:0.001838s ]
[2026-06-22T08:49:06+08:00][sql] SHOW FULL COLUMNS FROM `cmf_product` [ RunTime:0.004230s ]
[2026-06-22T08:49:06+08:00][sql] SELECT `id`,`title`,`thumbnail`,`industry` FROM `cmf_product` WHERE  `is_recommended` = 1  AND `category_id` = 28 ORDER BY `list_order` ASC LIMIT 6 [ RunTime:0.011832s ]
[2026-06-22T08:49:06+08:00][sql] SELECT `id`,`title`,`thumbnail`,`industry` FROM `cmf_product` WHERE  `is_recommended` = 1  AND `category_id` = 19 ORDER BY `list_order` ASC LIMIT 6 [ RunTime:0.069833s ]
[2026-06-22T08:49:06+08:00][sql] SELECT `id`,`title`,`thumbnail`,`industry` FROM `cmf_product` WHERE  `is_recommended` = 1  AND `category_id` = 23 ORDER BY `list_order` ASC LIMIT 6 [ RunTime:0.002124s ]
[2026-06-22T08:49:06+08:00][sql] SELECT `id`,`title`,`thumbnail`,`industry` FROM `cmf_product` WHERE  `is_recommended` = 1  AND `category_id` = 25 ORDER BY `list_order` ASC LIMIT 6 [ RunTime:0.005538s ]
[2026-06-22T08:49:06+08:00][sql] SELECT `id`,`title`,`thumbnail`,`industry` FROM `cmf_product` WHERE  `is_recommended` = 1  AND `category_id` = 30 ORDER BY `list_order` ASC LIMIT 6 [ RunTime:0.004608s ]
[2026-06-22T08:49:06+08:00][sql] SHOW FULL COLUMNS FROM `cmf_portal_post` [ RunTime:0.002776s ]
[2026-06-22T08:49:06+08:00][sql] SELECT `p`.`id`,`p`.`post_title`,`p`.`post_excerpt`,`p`.`thumbnail`,`p`.`create_time`,`c`.`category_id` FROM `cmf_portal_post` `p` INNER JOIN `cmf_portal_category_post` `c` ON `p`.`id`=`c`.`post_id` WHERE (  `p`.`post_type` = '8' ) AND `p`.`delete_time` = '0' ORDER BY `c`.`list_order` ASC,`p`.`create_time` DESC [ RunTime:0.007957s ]
[2026-06-22T08:49:06+08:00][sql] SELECT `id`,`post_title`,`post_excerpt`,`more` FROM `cmf_portal_post` WHERE (  `post_type` = 3 ) AND `cmf_portal_post`.`delete_time` = '0' ORDER BY `create_time` DESC [ RunTime:0.000736s ]
[2026-06-22T08:49:06+08:00][sql] SHOW FULL COLUMNS FROM `cmf_theme_file` [ RunTime:0.002694s ]
[2026-06-22T08:49:06+08:00][sql] SELECT `more`,`file`,`id` FROM `cmf_theme_file` WHERE  `theme` = 'simpleboot3'  AND (  `is_public` = 1 OR `file` = 'portal/index' ) ORDER BY `is_public` DESC [ RunTime:0.002919s ]
[2026-06-22T08:49:06+08:00][sql] SELECT `option_value` FROM `cmf_option` WHERE  `option_name` = 'storage' LIMIT 1 [ RunTime:0.001051s ]
[2026-06-22T08:53:42+08:00][sql] CONNECT:[ UseTime:0.000877s ] mysql:host=127.0.0.1;port=3306;dbname=newncl;charset=utf8mb4
[2026-06-22T08:53:42+08:00][sql] SHOW FULL COLUMNS FROM `cmf_option` [ RunTime:0.003245s ]
[2026-06-22T08:53:42+08:00][sql] SELECT `option_value` FROM `cmf_option` WHERE  `option_name` = 'cdn_settings' LIMIT 1 [ RunTime:0.000476s ]
[2026-06-22T08:53:42+08:00][sql] SELECT `option_value` FROM `cmf_option` WHERE  `option_name` = 'cdn_settings' LIMIT 1 [ RunTime:0.000291s ]
[2026-06-22T08:53:42+08:00][sql] SHOW FULL COLUMNS FROM `cmf_product_category` [ RunTime:0.000937s ]
[2026-06-22T08:53:42+08:00][sql] SELECT * FROM `cmf_product_category` WHERE  `parent_id` = 0 ORDER BY `list_order` ASC,`create_time` DESC [ RunTime:0.000502s ]
[2026-06-22T08:53:42+08:00][sql] SELECT * FROM `cmf_product_category` WHERE  `parent_id` IN (28,19,23,25,30,22,27) [ RunTime:0.000327s ]
[2026-06-22T08:53:42+08:00][sql] SHOW FULL COLUMNS FROM `cmf_portal_category` [ RunTime:0.000995s ]
[2026-06-22T08:53:42+08:00][sql] SELECT * FROM `cmf_portal_category` WHERE (  `type` = 8 ) AND `cmf_portal_category`.`delete_time` = '0' ORDER BY `list_order` ASC [ RunTime:0.000501s ]
[2026-06-22T08:53:42+08:00][sql] SHOW FULL COLUMNS FROM `cmf_product` [ RunTime:0.002325s ]
[2026-06-22T08:53:42+08:00][sql] SELECT * FROM `cmf_product` WHERE  `id` = 209 LIMIT 1 [ RunTime:0.001017s ]
[2026-06-22T08:53:42+08:00][sql] SELECT * FROM `cmf_product_category` WHERE  `id` = 28 LIMIT 1 [ RunTime:0.000229s ]
[2026-06-22T08:53:42+08:00][sql] SELECT `id`,`title`,`industry`,`thumbnail` FROM `cmf_product` WHERE  `id` <> 209  AND `is_recommended` = 1  AND `category_id` = 28 ORDER BY RAND() LIMIT 8 [ RunTime:0.003751s ]
[2026-06-22T08:53:42+08:00][sql] SHOW FULL COLUMNS FROM `cmf_slide_item` [ RunTime:0.000995s ]
[2026-06-22T08:53:42+08:00][sql] SELECT `title`,`description`,`image` FROM `cmf_slide_item` WHERE  `slide_id` = 2  AND `status` = 1 ORDER BY `list_order` ASC,`id` DESC LIMIT 1 [ RunTime:0.000563s ]
[2026-06-22T08:53:42+08:00][sql] SHOW FULL COLUMNS FROM `cmf_theme_file` [ RunTime:0.000876s ]
[2026-06-22T08:53:42+08:00][sql] SELECT `more`,`file`,`id` FROM `cmf_theme_file` WHERE  `theme` = 'simpleboot3'  AND (  `is_public` = 1 OR `file` = 'portal/product-info' ) ORDER BY `is_public` DESC [ RunTime:0.000400s ]
[2026-06-22T08:53:42+08:00][sql] SELECT `option_value` FROM `cmf_option` WHERE  `option_name` = 'storage' LIMIT 1 [ RunTime:0.000410s ]
[2026-06-22T08:53:49+08:00][sql] CONNECT:[ UseTime:0.001290s ] mysql:host=127.0.0.1;port=3306;dbname=newncl;charset=utf8mb4
[2026-06-22T08:53:49+08:00][sql] SHOW FULL COLUMNS FROM `cmf_option` [ RunTime:0.004196s ]
[2026-06-22T08:53:49+08:00][sql] SELECT `option_value` FROM `cmf_option` WHERE  `option_name` = 'cdn_settings' LIMIT 1 [ RunTime:0.000440s ]
[2026-06-22T08:53:49+08:00][sql] SELECT `option_value` FROM `cmf_option` WHERE  `option_name` = 'cdn_settings' LIMIT 1 [ RunTime:0.000235s ]
[2026-06-22T08:53:49+08:00][sql] SHOW FULL COLUMNS FROM `cmf_product_category` [ RunTime:0.000959s ]
[2026-06-22T08:53:49+08:00][sql] SELECT * FROM `cmf_product_category` WHERE  `parent_id` = 0 ORDER BY `list_order` ASC,`create_time` DESC [ RunTime:0.000380s ]
[2026-06-22T08:53:49+08:00][sql] SELECT * FROM `cmf_product_category` WHERE  `parent_id` IN (28,19,23,25,30,22,27) [ RunTime:0.000283s ]
[2026-06-22T08:53:49+08:00][sql] SHOW FULL COLUMNS FROM `cmf_portal_category` [ RunTime:0.001053s ]
[2026-06-22T08:53:49+08:00][sql] SELECT * FROM `cmf_portal_category` WHERE (  `type` = 8 ) AND `cmf_portal_category`.`delete_time` = '0' ORDER BY `list_order` ASC [ RunTime:0.000405s ]
[2026-06-22T08:53:49+08:00][sql] SELECT * FROM `cmf_portal_category` WHERE (  `id` = 0  AND `status` = 1 ) AND `cmf_portal_category`.`delete_time` = '0' LIMIT 1 [ RunTime:0.000316s ]
[2026-06-22T08:53:49+08:00][sql] SHOW FULL COLUMNS FROM `cmf_slide_item` [ RunTime:0.000950s ]
[2026-06-22T08:53:49+08:00][sql] SELECT `title`,`description`,`image` FROM `cmf_slide_item` WHERE  `slide_id` = 3  AND `status` = 1 ORDER BY `list_order` ASC,`id` DESC LIMIT 1 [ RunTime:0.000450s ]
[2026-06-22T08:53:49+08:00][sql] SHOW FULL COLUMNS FROM `cmf_portal_post` [ RunTime:0.001094s ]
[2026-06-22T08:53:49+08:00][sql] UPDATE `cmf_portal_post`  SET `post_hits` = `post_hits` + 1  WHERE (  `id` = 27 ) AND `cmf_portal_post`.`delete_time` = '0' [ RunTime:0.012583s ]
[2026-06-22T08:53:49+08:00][sql] SELECT * FROM `cmf_portal_post` WHERE (  `post_type` = 3  AND `delete_time` = 0  AND `id` = 27 ) AND `cmf_portal_post`.`delete_time` = '0' LIMIT 1 [ RunTime:0.000915s ]
[2026-06-22T08:53:49+08:00][sql] SELECT * FROM `cmf_portal_post` WHERE (  `post_type` = 3  AND `delete_time` = 0  AND `id` < 27 ) AND `cmf_portal_post`.`delete_time` = '0' ORDER BY `id` DESC LIMIT 1 [ RunTime:0.003507s ]
[2026-06-22T08:53:49+08:00][sql] SELECT * FROM `cmf_portal_post` WHERE (  `post_type` = 3  AND `delete_time` = 0  AND `id` > 27 ) AND `cmf_portal_post`.`delete_time` = '0' ORDER BY `id` ASC LIMIT 1 [ RunTime:0.000750s ]
[2026-06-22T08:53:49+08:00][sql] SHOW FULL COLUMNS FROM `cmf_theme_file` [ RunTime:0.001516s ]
[2026-06-22T08:53:49+08:00][sql] SELECT `more`,`file`,`id` FROM `cmf_theme_file` WHERE  `theme` = 'simpleboot3'  AND (  `is_public` = 1 OR `file` = 'portal/industries-info' ) ORDER BY `is_public` DESC [ RunTime:0.000545s ]
[2026-06-22T08:53:49+08:00][sql] SELECT `option_value` FROM `cmf_option` WHERE  `option_name` = 'storage' LIMIT 1 [ RunTime:0.000408s ]
[2026-06-22T08:58:25+08:00][sql] CONNECT:[ UseTime:0.001309s ] mysql:host=127.0.0.1;port=3306;dbname=newncl;charset=utf8mb4
[2026-06-22T08:58:25+08:00][sql] SHOW FULL COLUMNS FROM `cmf_option` [ RunTime:0.003319s ]
[2026-06-22T08:58:25+08:00][sql] SELECT `option_value` FROM `cmf_option` WHERE  `option_name` = 'cdn_settings' LIMIT 1 [ RunTime:0.000874s ]
[2026-06-22T08:58:25+08:00][sql] SELECT `option_value` FROM `cmf_option` WHERE  `option_name` = 'cdn_settings' LIMIT 1 [ RunTime:0.000911s ]
[2026-06-22T08:58:25+08:00][sql] SHOW FULL COLUMNS FROM `cmf_product_category` [ RunTime:0.001505s ]
[2026-06-22T08:58:25+08:00][sql] SELECT * FROM `cmf_product_category` WHERE  `parent_id` = 0 ORDER BY `list_order` ASC,`create_time` DESC [ RunTime:0.000769s ]
[2026-06-22T08:58:25+08:00][sql] SELECT * FROM `cmf_product_category` WHERE  `parent_id` IN (28,19,23,25,30,22,27) [ RunTime:0.000574s ]
[2026-06-22T08:58:25+08:00][sql] SHOW FULL COLUMNS FROM `cmf_portal_category` [ RunTime:0.001840s ]
[2026-06-22T08:58:25+08:00][sql] SELECT * FROM `cmf_portal_category` WHERE (  `type` = 8 ) AND `cmf_portal_category`.`delete_time` = '0' ORDER BY `list_order` ASC [ RunTime:0.000546s ]
[2026-06-22T08:58:25+08:00][sql] SHOW FULL COLUMNS FROM `cmf_product` [ RunTime:0.002555s ]
[2026-06-22T08:58:25+08:00][sql] SELECT COUNT(*) AS think_count FROM `cmf_product` WHERE  `category_id` = 28 LIMIT 1 [ RunTime:0.003967s ]
[2026-06-22T08:58:25+08:00][sql] SELECT COUNT(*) AS think_count FROM `cmf_product` WHERE  `category_id` = 19 LIMIT 1 [ RunTime:0.000421s ]
[2026-06-22T08:58:25+08:00][sql] SELECT COUNT(*) AS think_count FROM `cmf_product` WHERE  `category_id` = 23 LIMIT 1 [ RunTime:0.000252s ]
[2026-06-22T08:58:25+08:00][sql] SELECT COUNT(*) AS think_count FROM `cmf_product` WHERE  `category_id` = 25 LIMIT 1 [ RunTime:0.000245s ]
[2026-06-22T08:58:25+08:00][sql] SELECT COUNT(*) AS think_count FROM `cmf_product` WHERE  `category_id` = 30 LIMIT 1 [ RunTime:0.000303s ]
[2026-06-22T08:58:25+08:00][sql] SELECT COUNT(*) AS think_count FROM `cmf_product` WHERE  `category_id` = 22 LIMIT 1 [ RunTime:0.000225s ]
[2026-06-22T08:58:25+08:00][sql] SELECT COUNT(*) AS think_count FROM `cmf_product` WHERE  `category_id` = 27 LIMIT 1 [ RunTime:0.000228s ]
[2026-06-22T08:58:25+08:00][sql] SELECT COUNT(*) AS think_count FROM `cmf_product` LIMIT 1 [ RunTime:0.000236s ]
[2026-06-22T08:58:25+08:00][sql] SELECT `id`,`category_id`,`title`,`thumbnail`,`industry`,`overview` FROM `cmf_product` ORDER BY `list_order` ASC,`create_time` DESC LIMIT 0,12 [ RunTime:0.007957s ]
[2026-06-22T08:58:25+08:00][sql] SHOW FULL COLUMNS FROM `cmf_slide_item` [ RunTime:0.001387s ]
[2026-06-22T08:58:25+08:00][sql] SELECT `title`,`description`,`image` FROM `cmf_slide_item` WHERE  `slide_id` = 2  AND `status` = 1 ORDER BY `list_order` ASC,`id` DESC LIMIT 1 [ RunTime:0.000569s ]
[2026-06-22T08:58:25+08:00][sql] SELECT `option_value` FROM `cmf_option` WHERE  `option_name` = 'storage' LIMIT 1 [ RunTime:0.000273s ]
[2026-06-22T08:58:25+08:00][sql] SHOW FULL COLUMNS FROM `cmf_portal_post` [ RunTime:0.001431s ]
[2026-06-22T08:58:25+08:00][sql] SELECT `id`,`post_title`,`post_excerpt`,`more` FROM `cmf_portal_post` WHERE (  `post_type` = 3 ) AND `cmf_portal_post`.`delete_time` = '0' ORDER BY `create_time` DESC [ RunTime:0.000514s ]
[2026-06-22T08:58:25+08:00][sql] SHOW FULL COLUMNS FROM `cmf_theme_file` [ RunTime:0.002196s ]
[2026-06-22T08:58:25+08:00][sql] SELECT `more`,`file`,`id` FROM `cmf_theme_file` WHERE  `theme` = 'simpleboot3'  AND (  `is_public` = 1 OR `file` = 'portal/product' ) ORDER BY `is_public` DESC [ RunTime:0.000765s ]
[2026-06-22T08:58:31+08:00][sql] CONNECT:[ UseTime:0.000728s ] mysql:host=127.0.0.1;port=3306;dbname=newncl;charset=utf8mb4
[2026-06-22T08:58:31+08:00][sql] SHOW FULL COLUMNS FROM `cmf_option` [ RunTime:0.001706s ]
[2026-06-22T08:58:31+08:00][sql] SELECT `option_value` FROM `cmf_option` WHERE  `option_name` = 'cdn_settings' LIMIT 1 [ RunTime:0.000299s ]
[2026-06-22T08:58:31+08:00][sql] SELECT `option_value` FROM `cmf_option` WHERE  `option_name` = 'cdn_settings' LIMIT 1 [ RunTime:0.000283s ]
[2026-06-22T08:58:31+08:00][sql] SHOW FULL COLUMNS FROM `cmf_product_category` [ RunTime:0.001087s ]
[2026-06-22T08:58:31+08:00][sql] SELECT * FROM `cmf_product_category` WHERE  `parent_id` = 0 ORDER BY `list_order` ASC,`create_time` DESC [ RunTime:0.000405s ]
[2026-06-22T08:58:31+08:00][sql] SELECT * FROM `cmf_product_category` WHERE  `parent_id` IN (28,19,23,25,30,22,27) [ RunTime:0.000639s ]
[2026-06-22T08:58:31+08:00][sql] SHOW FULL COLUMNS FROM `cmf_portal_category` [ RunTime:0.000998s ]
[2026-06-22T08:58:31+08:00][sql] SELECT * FROM `cmf_portal_category` WHERE (  `type` = 8 ) AND `cmf_portal_category`.`delete_time` = '0' ORDER BY `list_order` ASC [ RunTime:0.000393s ]
[2026-06-22T08:58:31+08:00][sql] SHOW FULL COLUMNS FROM `cmf_product` [ RunTime:0.000948s ]
[2026-06-22T08:58:31+08:00][sql] SELECT COUNT(*) AS think_count FROM `cmf_product` WHERE  `category_id` = 28 LIMIT 1 [ RunTime:0.000675s ]
[2026-06-22T08:58:31+08:00][sql] SELECT COUNT(*) AS think_count FROM `cmf_product` WHERE  `category_id` = 19 LIMIT 1 [ RunTime:0.000297s ]
[2026-06-22T08:58:31+08:00][sql] SELECT COUNT(*) AS think_count FROM `cmf_product` WHERE  `category_id` = 23 LIMIT 1 [ RunTime:0.000183s ]
[2026-06-22T08:58:31+08:00][sql] SELECT COUNT(*) AS think_count FROM `cmf_product` WHERE  `category_id` = 25 LIMIT 1 [ RunTime:0.000164s ]
[2026-06-22T08:58:31+08:00][sql] SELECT COUNT(*) AS think_count FROM `cmf_product` WHERE  `category_id` = 30 LIMIT 1 [ RunTime:0.000191s ]
[2026-06-22T08:58:31+08:00][sql] SELECT COUNT(*) AS think_count FROM `cmf_product` WHERE  `category_id` = 22 LIMIT 1 [ RunTime:0.000174s ]
[2026-06-22T08:58:31+08:00][sql] SELECT COUNT(*) AS think_count FROM `cmf_product` WHERE  `category_id` = 27 LIMIT 1 [ RunTime:0.000159s ]
[2026-06-22T08:58:31+08:00][sql] SELECT COUNT(*) AS think_count FROM `cmf_product` LIMIT 1 [ RunTime:0.000207s ]
[2026-06-22T08:58:31+08:00][sql] SELECT `id`,`category_id`,`title`,`thumbnail`,`industry`,`overview` FROM `cmf_product` ORDER BY `list_order` ASC,`create_time` DESC LIMIT 0,12 [ RunTime:0.000377s ]
[2026-06-22T08:58:31+08:00][sql] SHOW FULL COLUMNS FROM `cmf_slide_item` [ RunTime:0.000967s ]
[2026-06-22T08:58:31+08:00][sql] SELECT `title`,`description`,`image` FROM `cmf_slide_item` WHERE  `slide_id` = 2  AND `status` = 1 ORDER BY `list_order` ASC,`id` DESC LIMIT 1 [ RunTime:0.000392s ]
[2026-06-22T08:58:31+08:00][sql] SELECT `option_value` FROM `cmf_option` WHERE  `option_name` = 'storage' LIMIT 1 [ RunTime:0.000204s ]
[2026-06-22T08:58:31+08:00][sql] SHOW FULL COLUMNS FROM `cmf_portal_post` [ RunTime:0.000908s ]
[2026-06-22T08:58:31+08:00][sql] SELECT `id`,`post_title`,`post_excerpt`,`more` FROM `cmf_portal_post` WHERE (  `post_type` = 3 ) AND `cmf_portal_post`.`delete_time` = '0' ORDER BY `create_time` DESC [ RunTime:0.000384s ]
[2026-06-22T08:58:31+08:00][sql] SHOW FULL COLUMNS FROM `cmf_theme_file` [ RunTime:0.001392s ]
[2026-06-22T08:58:31+08:00][sql] SELECT `more`,`file`,`id` FROM `cmf_theme_file` WHERE  `theme` = 'simpleboot3'  AND (  `is_public` = 1 OR `file` = 'portal/product' ) ORDER BY `is_public` DESC [ RunTime:0.000391s ]
[2026-06-22T09:19:52+08:00][sql] CONNECT:[ UseTime:0.001011s ] mysql:host=127.0.0.1;port=3306;dbname=newncl;charset=utf8mb4
[2026-06-22T09:19:52+08:00][sql] SHOW FULL COLUMNS FROM `cmf_option` [ RunTime:0.002740s ]
[2026-06-22T09:19:52+08:00][sql] SELECT `option_value` FROM `cmf_option` WHERE  `option_name` = 'cdn_settings' LIMIT 1 [ RunTime:0.000593s ]
[2026-06-22T09:19:52+08:00][sql] SELECT `option_value` FROM `cmf_option` WHERE  `option_name` = 'cdn_settings' LIMIT 1 [ RunTime:0.000262s ]
[2026-06-22T09:19:52+08:00][sql] SHOW FULL COLUMNS FROM `cmf_product_category` [ RunTime:0.002326s ]
[2026-06-22T09:19:52+08:00][sql] SELECT * FROM `cmf_product_category` WHERE  `parent_id` = 0 ORDER BY `list_order` ASC,`create_time` DESC [ RunTime:0.000782s ]
[2026-06-22T09:19:52+08:00][sql] SELECT * FROM `cmf_product_category` WHERE  `parent_id` IN (28,19,23,25,30,22,27) [ RunTime:0.000308s ]
[2026-06-22T09:19:52+08:00][sql] SHOW FULL COLUMNS FROM `cmf_portal_category` [ RunTime:0.001483s ]
[2026-06-22T09:19:52+08:00][sql] SELECT * FROM `cmf_portal_category` WHERE (  `type` = 8 ) AND `cmf_portal_category`.`delete_time` = '0' ORDER BY `list_order` ASC [ RunTime:0.000400s ]
[2026-06-22T09:19:52+08:00][sql] SHOW FULL COLUMNS FROM `cmf_product` [ RunTime:0.000925s ]
[2026-06-22T09:19:52+08:00][sql] SELECT COUNT(*) AS think_count FROM `cmf_product` WHERE  `category_id` = 28 LIMIT 1 [ RunTime:0.000346s ]
[2026-06-22T09:19:52+08:00][sql] SELECT COUNT(*) AS think_count FROM `cmf_product` WHERE  `category_id` = 19 LIMIT 1 [ RunTime:0.000213s ]
[2026-06-22T09:19:52+08:00][sql] SELECT COUNT(*) AS think_count FROM `cmf_product` WHERE  `category_id` = 23 LIMIT 1 [ RunTime:0.000182s ]
[2026-06-22T09:19:52+08:00][sql] SELECT COUNT(*) AS think_count FROM `cmf_product` WHERE  `category_id` = 25 LIMIT 1 [ RunTime:0.000170s ]
[2026-06-22T09:19:52+08:00][sql] SELECT COUNT(*) AS think_count FROM `cmf_product` WHERE  `category_id` = 30 LIMIT 1 [ RunTime:0.000171s ]
[2026-06-22T09:19:52+08:00][sql] SELECT COUNT(*) AS think_count FROM `cmf_product` WHERE  `category_id` = 22 LIMIT 1 [ RunTime:0.000175s ]
[2026-06-22T09:19:52+08:00][sql] SELECT COUNT(*) AS think_count FROM `cmf_product` WHERE  `category_id` = 27 LIMIT 1 [ RunTime:0.000169s ]
[2026-06-22T09:19:52+08:00][sql] SELECT COUNT(*) AS think_count FROM `cmf_product` LIMIT 1 [ RunTime:0.000179s ]
[2026-06-22T09:19:52+08:00][sql] SELECT `id`,`category_id`,`title`,`thumbnail`,`industry`,`overview` FROM `cmf_product` ORDER BY `list_order` ASC,`create_time` DESC LIMIT 0,12 [ RunTime:0.000390s ]
[2026-06-22T09:19:52+08:00][sql] SHOW FULL COLUMNS FROM `cmf_slide_item` [ RunTime:0.000776s ]
[2026-06-22T09:19:52+08:00][sql] SELECT `title`,`description`,`image` FROM `cmf_slide_item` WHERE  `slide_id` = 2  AND `status` = 1 ORDER BY `list_order` ASC,`id` DESC LIMIT 1 [ RunTime:0.000349s ]
[2026-06-22T09:19:52+08:00][sql] SELECT `option_value` FROM `cmf_option` WHERE  `option_name` = 'storage' LIMIT 1 [ RunTime:0.000389s ]
[2026-06-22T09:19:52+08:00][sql] SHOW FULL COLUMNS FROM `cmf_portal_post` [ RunTime:0.001173s ]
[2026-06-22T09:19:52+08:00][sql] SELECT `id`,`post_title`,`post_excerpt`,`more` FROM `cmf_portal_post` WHERE (  `post_type` = 3 ) AND `cmf_portal_post`.`delete_time` = '0' ORDER BY `create_time` DESC [ RunTime:0.000416s ]
[2026-06-22T09:19:52+08:00][sql] SHOW FULL COLUMNS FROM `cmf_theme_file` [ RunTime:0.000802s ]
[2026-06-22T09:19:52+08:00][sql] SELECT `more`,`file`,`id` FROM `cmf_theme_file` WHERE  `theme` = 'simpleboot3'  AND (  `is_public` = 1 OR `file` = 'portal/product' ) ORDER BY `is_public` DESC [ RunTime:0.000343s ]
[2026-06-22T09:20:06+08:00][sql] CONNECT:[ UseTime:0.000709s ] mysql:host=127.0.0.1;port=3306;dbname=newncl;charset=utf8mb4
[2026-06-22T09:20:06+08:00][sql] SHOW FULL COLUMNS FROM `cmf_option` [ RunTime:0.001377s ]
[2026-06-22T09:20:06+08:00][sql] SELECT `option_value` FROM `cmf_option` WHERE  `option_name` = 'cdn_settings' LIMIT 1 [ RunTime:0.000354s ]
[2026-06-22T09:20:06+08:00][sql] SELECT `option_value` FROM `cmf_option` WHERE  `option_name` = 'cdn_settings' LIMIT 1 [ RunTime:0.000233s ]
[2026-06-22T09:20:06+08:00][sql] SHOW FULL COLUMNS FROM `cmf_product_category` [ RunTime:0.001509s ]
[2026-06-22T09:20:06+08:00][sql] SELECT * FROM `cmf_product_category` WHERE  `parent_id` = 0 ORDER BY `list_order` ASC,`create_time` DESC [ RunTime:0.001201s ]
[2026-06-22T09:20:06+08:00][sql] SELECT * FROM `cmf_product_category` WHERE  `parent_id` IN (28,19,23,25,30,22,27) [ RunTime:0.001056s ]
[2026-06-22T09:20:06+08:00][sql] SHOW FULL COLUMNS FROM `cmf_portal_category` [ RunTime:0.001806s ]
[2026-06-22T09:20:06+08:00][sql] SELECT * FROM `cmf_portal_category` WHERE (  `type` = 8 ) AND `cmf_portal_category`.`delete_time` = '0' ORDER BY `list_order` ASC [ RunTime:0.000420s ]
[2026-06-22T09:20:06+08:00][sql] SHOW FULL COLUMNS FROM `cmf_product` [ RunTime:0.002497s ]
[2026-06-22T09:20:06+08:00][sql] SELECT COUNT(*) AS think_count FROM `cmf_product` WHERE  `category_id` = 28 LIMIT 1 [ RunTime:0.001286s ]
[2026-06-22T09:20:06+08:00][sql] SELECT COUNT(*) AS think_count FROM `cmf_product` WHERE  `category_id` = 19 LIMIT 1 [ RunTime:0.000769s ]
[2026-06-22T09:20:06+08:00][sql] SELECT COUNT(*) AS think_count FROM `cmf_product` WHERE  `category_id` = 23 LIMIT 1 [ RunTime:0.000550s ]
[2026-06-22T09:20:06+08:00][sql] SELECT COUNT(*) AS think_count FROM `cmf_product` WHERE  `category_id` = 25 LIMIT 1 [ RunTime:0.000290s ]
[2026-06-22T09:20:06+08:00][sql] SELECT COUNT(*) AS think_count FROM `cmf_product` WHERE  `category_id` = 30 LIMIT 1 [ RunTime:0.000240s ]
[2026-06-22T09:20:06+08:00][sql] SELECT COUNT(*) AS think_count FROM `cmf_product` WHERE  `category_id` = 22 LIMIT 1 [ RunTime:0.000360s ]
[2026-06-22T09:20:06+08:00][sql] SELECT COUNT(*) AS think_count FROM `cmf_product` WHERE  `category_id` = 27 LIMIT 1 [ RunTime:0.000365s ]
[2026-06-22T09:20:06+08:00][sql] SELECT COUNT(*) AS think_count FROM `cmf_product` LIMIT 1 [ RunTime:0.000326s ]
[2026-06-22T09:20:06+08:00][sql] SELECT `id`,`category_id`,`title`,`thumbnail`,`industry`,`overview` FROM `cmf_product` ORDER BY `list_order` ASC,`create_time` DESC LIMIT 0,12 [ RunTime:0.000531s ]
[2026-06-22T09:20:06+08:00][sql] SHOW FULL COLUMNS FROM `cmf_slide_item` [ RunTime:0.001342s ]
[2026-06-22T09:20:06+08:00][sql] SELECT `title`,`description`,`image` FROM `cmf_slide_item` WHERE  `slide_id` = 2  AND `status` = 1 ORDER BY `list_order` ASC,`id` DESC LIMIT 1 [ RunTime:0.000473s ]
[2026-06-22T09:20:06+08:00][sql] SELECT `option_value` FROM `cmf_option` WHERE  `option_name` = 'storage' LIMIT 1 [ RunTime:0.000219s ]
[2026-06-22T09:20:06+08:00][sql] SHOW FULL COLUMNS FROM `cmf_portal_post` [ RunTime:0.001176s ]
[2026-06-22T09:20:06+08:00][sql] SELECT `id`,`post_title`,`post_excerpt`,`more` FROM `cmf_portal_post` WHERE (  `post_type` = 3 ) AND `cmf_portal_post`.`delete_time` = '0' ORDER BY `create_time` DESC [ RunTime:0.000527s ]
[2026-06-22T09:20:06+08:00][sql] SHOW FULL COLUMNS FROM `cmf_theme_file` [ RunTime:0.001048s ]
[2026-06-22T09:20:06+08:00][sql] SELECT `more`,`file`,`id` FROM `cmf_theme_file` WHERE  `theme` = 'simpleboot3'  AND (  `is_public` = 1 OR `file` = 'portal/product' ) ORDER BY `is_public` DESC [ RunTime:0.000353s ]
[2026-06-22T09:21:02+08:00][sql] CONNECT:[ UseTime:0.001022s ] mysql:host=127.0.0.1;port=3306;dbname=newncl;charset=utf8mb4
[2026-06-22T09:21:02+08:00][sql] SHOW FULL COLUMNS FROM `cmf_option` [ RunTime:0.003106s ]
[2026-06-22T09:21:02+08:00][sql] SELECT `option_value` FROM `cmf_option` WHERE  `option_name` = 'cdn_settings' LIMIT 1 [ RunTime:0.000797s ]
[2026-06-22T09:21:02+08:00][sql] SELECT `option_value` FROM `cmf_option` WHERE  `option_name` = 'cdn_settings' LIMIT 1 [ RunTime:0.000661s ]
[2026-06-22T09:21:02+08:00][sql] SHOW FULL COLUMNS FROM `cmf_product_category` [ RunTime:0.001377s ]
[2026-06-22T09:21:02+08:00][sql] SELECT * FROM `cmf_product_category` WHERE  `parent_id` = 0 ORDER BY `list_order` ASC,`create_time` DESC [ RunTime:0.000600s ]
[2026-06-22T09:21:02+08:00][sql] SELECT * FROM `cmf_product_category` WHERE  `parent_id` IN (28,19,23,25,30,22,27) [ RunTime:0.000467s ]
[2026-06-22T09:21:02+08:00][sql] SHOW FULL COLUMNS FROM `cmf_portal_category` [ RunTime:0.001723s ]
[2026-06-22T09:21:02+08:00][sql] SELECT * FROM `cmf_portal_category` WHERE (  `type` = 8 ) AND `cmf_portal_category`.`delete_time` = '0' ORDER BY `list_order` ASC [ RunTime:0.000558s ]
[2026-06-22T09:21:02+08:00][sql] SHOW FULL COLUMNS FROM `cmf_product` [ RunTime:0.001580s ]
[2026-06-22T09:21:02+08:00][sql] SELECT COUNT(*) AS think_count FROM `cmf_product` WHERE  `category_id` = 28 LIMIT 1 [ RunTime:0.000468s ]
[2026-06-22T09:21:02+08:00][sql] SELECT COUNT(*) AS think_count FROM `cmf_product` WHERE  `category_id` = 19 LIMIT 1 [ RunTime:0.000479s ]
[2026-06-22T09:21:02+08:00][sql] SELECT COUNT(*) AS think_count FROM `cmf_product` WHERE  `category_id` = 23 LIMIT 1 [ RunTime:0.000382s ]
[2026-06-22T09:21:02+08:00][sql] SELECT COUNT(*) AS think_count FROM `cmf_product` WHERE  `category_id` = 25 LIMIT 1 [ RunTime:0.000281s ]
[2026-06-22T09:21:02+08:00][sql] SELECT COUNT(*) AS think_count FROM `cmf_product` WHERE  `category_id` = 30 LIMIT 1 [ RunTime:0.000310s ]
[2026-06-22T09:21:02+08:00][sql] SELECT COUNT(*) AS think_count FROM `cmf_product` WHERE  `category_id` = 22 LIMIT 1 [ RunTime:0.000238s ]
[2026-06-22T09:21:02+08:00][sql] SELECT COUNT(*) AS think_count FROM `cmf_product` WHERE  `category_id` = 27 LIMIT 1 [ RunTime:0.000270s ]
[2026-06-22T09:21:02+08:00][sql] SELECT COUNT(*) AS think_count FROM `cmf_product` LIMIT 1 [ RunTime:0.000243s ]
[2026-06-22T09:21:02+08:00][sql] SELECT `id`,`category_id`,`title`,`thumbnail`,`industry`,`overview` FROM `cmf_product` ORDER BY `list_order` ASC,`create_time` DESC LIMIT 0,12 [ RunTime:0.000813s ]
[2026-06-22T09:21:02+08:00][sql] SHOW FULL COLUMNS FROM `cmf_slide_item` [ RunTime:0.001101s ]
[2026-06-22T09:21:02+08:00][sql] SELECT `title`,`description`,`image` FROM `cmf_slide_item` WHERE  `slide_id` = 7  AND `status` = 1 ORDER BY `list_order` ASC,`id` DESC LIMIT 1 [ RunTime:0.000468s ]
[2026-06-22T09:21:02+08:00][sql] SELECT `option_value` FROM `cmf_option` WHERE  `option_name` = 'storage' LIMIT 1 [ RunTime:0.000240s ]
[2026-06-22T09:21:02+08:00][sql] SHOW FULL COLUMNS FROM `cmf_portal_post` [ RunTime:0.001190s ]
[2026-06-22T09:21:02+08:00][sql] SELECT `id`,`post_title`,`post_excerpt`,`more` FROM `cmf_portal_post` WHERE (  `post_type` = 3 ) AND `cmf_portal_post`.`delete_time` = '0' ORDER BY `create_time` DESC [ RunTime:0.000532s ]
[2026-06-22T09:21:02+08:00][sql] SHOW FULL COLUMNS FROM `cmf_theme_file` [ RunTime:0.001218s ]
[2026-06-22T09:21:02+08:00][sql] SELECT `more`,`file`,`id` FROM `cmf_theme_file` WHERE  `theme` = 'simpleboot3_mobile'  AND (  `is_public` = 1 OR `file` = 'portal/product' ) ORDER BY `is_public` DESC [ RunTime:0.000443s ]
[2026-06-22T09:21:05+08:00][sql] CONNECT:[ UseTime:0.000921s ] mysql:host=127.0.0.1;port=3306;dbname=newncl;charset=utf8mb4
[2026-06-22T09:21:05+08:00][sql] SHOW FULL COLUMNS FROM `cmf_option` [ RunTime:0.002588s ]
[2026-06-22T09:21:05+08:00][sql] SELECT `option_value` FROM `cmf_option` WHERE  `option_name` = 'cdn_settings' LIMIT 1 [ RunTime:0.000543s ]
[2026-06-22T09:21:05+08:00][sql] SELECT `option_value` FROM `cmf_option` WHERE  `option_name` = 'cdn_settings' LIMIT 1 [ RunTime:0.000430s ]
[2026-06-22T09:21:05+08:00][sql] SHOW FULL COLUMNS FROM `cmf_product_category` [ RunTime:0.001776s ]
[2026-06-22T09:21:05+08:00][sql] SELECT * FROM `cmf_product_category` WHERE  `parent_id` = 0 ORDER BY `list_order` ASC,`create_time` DESC [ RunTime:0.000536s ]
[2026-06-22T09:21:05+08:00][sql] SELECT * FROM `cmf_product_category` WHERE  `parent_id` IN (28,19,23,25,30,22,27) [ RunTime:0.000326s ]
[2026-06-22T09:21:05+08:00][sql] SHOW FULL COLUMNS FROM `cmf_portal_category` [ RunTime:0.002031s ]
[2026-06-22T09:21:05+08:00][sql] SELECT * FROM `cmf_portal_category` WHERE (  `type` = 8 ) AND `cmf_portal_category`.`delete_time` = '0' ORDER BY `list_order` ASC [ RunTime:0.000756s ]
[2026-06-22T09:21:05+08:00][sql] SHOW FULL COLUMNS FROM `cmf_product` [ RunTime:0.001555s ]
[2026-06-22T09:21:05+08:00][sql] SELECT * FROM `cmf_product` WHERE  `id` = 214 LIMIT 1 [ RunTime:0.000822s ]
[2026-06-22T09:21:05+08:00][sql] SELECT * FROM `cmf_product_category` WHERE  `id` = 28 LIMIT 1 [ RunTime:0.000256s ]
[2026-06-22T09:21:05+08:00][sql] SELECT `id`,`title`,`industry`,`thumbnail` FROM `cmf_product` WHERE  `id` <> 214  AND `is_recommended` = 1  AND `category_id` = 28 ORDER BY RAND() LIMIT 8 [ RunTime:0.000769s ]
[2026-06-22T09:21:05+08:00][sql] SHOW FULL COLUMNS FROM `cmf_slide_item` [ RunTime:0.001251s ]
[2026-06-22T09:21:05+08:00][sql] SELECT `title`,`description`,`image` FROM `cmf_slide_item` WHERE  `slide_id` = 7  AND `status` = 1 ORDER BY `list_order` ASC,`id` DESC LIMIT 1 [ RunTime:0.000508s ]
[2026-06-22T09:21:05+08:00][sql] SHOW FULL COLUMNS FROM `cmf_theme_file` [ RunTime:0.001110s ]
[2026-06-22T09:21:05+08:00][sql] SELECT `more`,`file`,`id` FROM `cmf_theme_file` WHERE  `theme` = 'simpleboot3_mobile'  AND (  `is_public` = 1 OR `file` = 'portal/product-info' ) ORDER BY `is_public` DESC [ RunTime:0.000404s ]
[2026-06-22T09:21:05+08:00][sql] SELECT `option_value` FROM `cmf_option` WHERE  `option_name` = 'storage' LIMIT 1 [ RunTime:0.000541s ]
[2026-06-22T09:22:52+08:00][sql] CONNECT:[ UseTime:0.001326s ] mysql:host=127.0.0.1;port=3306;dbname=newncl;charset=utf8mb4
[2026-06-22T09:22:52+08:00][sql] SHOW FULL COLUMNS FROM `cmf_option` [ RunTime:0.001793s ]
[2026-06-22T09:22:52+08:00][sql] SELECT `option_value` FROM `cmf_option` WHERE  `option_name` = 'cdn_settings' LIMIT 1 [ RunTime:0.000383s ]
[2026-06-22T09:22:52+08:00][sql] SELECT `option_value` FROM `cmf_option` WHERE  `option_name` = 'cdn_settings' LIMIT 1 [ RunTime:0.000261s ]
[2026-06-22T09:22:52+08:00][sql] SHOW FULL COLUMNS FROM `cmf_product_category` [ RunTime:0.001027s ]
[2026-06-22T09:22:52+08:00][sql] SELECT * FROM `cmf_product_category` WHERE  `parent_id` = 0 ORDER BY `list_order` ASC,`create_time` DESC [ RunTime:0.000461s ]
[2026-06-22T09:22:52+08:00][sql] SELECT * FROM `cmf_product_category` WHERE  `parent_id` IN (28,19,23,25,30,22,27) [ RunTime:0.000315s ]
[2026-06-22T09:22:52+08:00][sql] SHOW FULL COLUMNS FROM `cmf_portal_category` [ RunTime:0.001267s ]
[2026-06-22T09:22:52+08:00][sql] SELECT * FROM `cmf_portal_category` WHERE (  `type` = 8 ) AND `cmf_portal_category`.`delete_time` = '0' ORDER BY `list_order` ASC [ RunTime:0.000578s ]
[2026-06-22T09:22:52+08:00][sql] SHOW FULL COLUMNS FROM `cmf_product` [ RunTime:0.001428s ]
[2026-06-22T09:22:52+08:00][sql] SELECT * FROM `cmf_product` WHERE  `id` = 214 LIMIT 1 [ RunTime:0.000519s ]
[2026-06-22T09:22:52+08:00][sql] SELECT * FROM `cmf_product_category` WHERE  `id` = 28 LIMIT 1 [ RunTime:0.000253s ]
[2026-06-22T09:22:52+08:00][sql] SELECT `id`,`title`,`industry`,`thumbnail` FROM `cmf_product` WHERE  `id` <> 214  AND `is_recommended` = 1  AND `category_id` = 28 ORDER BY RAND() LIMIT 8 [ RunTime:0.000504s ]
[2026-06-22T09:22:52+08:00][sql] SHOW FULL COLUMNS FROM `cmf_slide_item` [ RunTime:0.000991s ]
[2026-06-22T09:22:52+08:00][sql] SELECT `title`,`description`,`image` FROM `cmf_slide_item` WHERE  `slide_id` = 7  AND `status` = 1 ORDER BY `list_order` ASC,`id` DESC LIMIT 1 [ RunTime:0.000452s ]
[2026-06-22T09:22:52+08:00][sql] SHOW FULL COLUMNS FROM `cmf_theme_file` [ RunTime:0.001008s ]
[2026-06-22T09:22:52+08:00][sql] SELECT `more`,`file`,`id` FROM `cmf_theme_file` WHERE  `theme` = 'simpleboot3_mobile'  AND (  `is_public` = 1 OR `file` = 'portal/product-info' ) ORDER BY `is_public` DESC [ RunTime:0.000390s ]
[2026-06-22T09:22:52+08:00][sql] SELECT `option_value` FROM `cmf_option` WHERE  `option_name` = 'storage' LIMIT 1 [ RunTime:0.000655s ]
[2026-06-22T09:22:55+08:00][sql] CONNECT:[ UseTime:0.000973s ] mysql:host=127.0.0.1;port=3306;dbname=newncl;charset=utf8mb4
[2026-06-22T09:22:55+08:00][sql] SHOW FULL COLUMNS FROM `cmf_option` [ RunTime:0.001698s ]
[2026-06-22T09:22:55+08:00][sql] SELECT `option_value` FROM `cmf_option` WHERE  `option_name` = 'cdn_settings' LIMIT 1 [ RunTime:0.000376s ]
[2026-06-22T09:22:55+08:00][sql] SELECT `option_value` FROM `cmf_option` WHERE  `option_name` = 'cdn_settings' LIMIT 1 [ RunTime:0.000898s ]
[2026-06-22T09:22:55+08:00][sql] SHOW FULL COLUMNS FROM `cmf_product_category` [ RunTime:0.001355s ]
[2026-06-22T09:22:55+08:00][sql] SELECT * FROM `cmf_product_category` WHERE  `parent_id` = 0 ORDER BY `list_order` ASC,`create_time` DESC [ RunTime:0.000827s ]
[2026-06-22T09:22:55+08:00][sql] SELECT * FROM `cmf_product_category` WHERE  `parent_id` IN (28,19,23,25,30,22,27) [ RunTime:0.000463s ]
[2026-06-22T09:22:55+08:00][sql] SHOW FULL COLUMNS FROM `cmf_portal_category` [ RunTime:0.001322s ]
[2026-06-22T09:22:55+08:00][sql] SELECT * FROM `cmf_portal_category` WHERE (  `type` = 8 ) AND `cmf_portal_category`.`delete_time` = '0' ORDER BY `list_order` ASC [ RunTime:0.000494s ]
[2026-06-22T09:22:55+08:00][sql] SHOW FULL COLUMNS FROM `cmf_product` [ RunTime:0.001404s ]
[2026-06-22T09:22:55+08:00][sql] SELECT * FROM `cmf_product` WHERE  `id` = 214 LIMIT 1 [ RunTime:0.000579s ]
[2026-06-22T09:22:55+08:00][sql] SELECT * FROM `cmf_product_category` WHERE  `id` = 28 LIMIT 1 [ RunTime:0.000349s ]
[2026-06-22T09:22:55+08:00][sql] SELECT `id`,`title`,`industry`,`thumbnail` FROM `cmf_product` WHERE  `id` <> 214  AND `is_recommended` = 1  AND `category_id` = 28 ORDER BY RAND() LIMIT 8 [ RunTime:0.000629s ]
[2026-06-22T09:22:55+08:00][sql] SHOW FULL COLUMNS FROM `cmf_slide_item` [ RunTime:0.001150s ]
[2026-06-22T09:22:55+08:00][sql] SELECT `title`,`description`,`image` FROM `cmf_slide_item` WHERE  `slide_id` = 2  AND `status` = 1 ORDER BY `list_order` ASC,`id` DESC LIMIT 1 [ RunTime:0.000539s ]
[2026-06-22T09:22:55+08:00][sql] SHOW FULL COLUMNS FROM `cmf_theme_file` [ RunTime:0.001031s ]
[2026-06-22T09:22:55+08:00][sql] SELECT `more`,`file`,`id` FROM `cmf_theme_file` WHERE  `theme` = 'simpleboot3'  AND (  `is_public` = 1 OR `file` = 'portal/product-info' ) ORDER BY `is_public` DESC [ RunTime:0.000446s ]
[2026-06-22T09:22:55+08:00][sql] SELECT `option_value` FROM `cmf_option` WHERE  `option_name` = 'storage' LIMIT 1 [ RunTime:0.000397s ]
[2026-06-22T09:24:29+08:00][sql] CONNECT:[ UseTime:0.000828s ] mysql:host=127.0.0.1;port=3306;dbname=newncl;charset=utf8mb4
[2026-06-22T09:24:29+08:00][sql] SHOW FULL COLUMNS FROM `cmf_option` [ RunTime:0.002555s ]
[2026-06-22T09:24:29+08:00][sql] SELECT `option_value` FROM `cmf_option` WHERE  `option_name` = 'cdn_settings' LIMIT 1 [ RunTime:0.000442s ]
[2026-06-22T09:24:29+08:00][sql] SELECT `option_value` FROM `cmf_option` WHERE  `option_name` = 'cdn_settings' LIMIT 1 [ RunTime:0.000349s ]
[2026-06-22T09:24:29+08:00][sql] SHOW FULL COLUMNS FROM `cmf_product_category` [ RunTime:0.001202s ]
[2026-06-22T09:24:29+08:00][sql] SELECT * FROM `cmf_product_category` WHERE  `parent_id` = 0 ORDER BY `list_order` ASC,`create_time` DESC [ RunTime:0.000428s ]
[2026-06-22T09:24:29+08:00][sql] SELECT * FROM `cmf_product_category` WHERE  `parent_id` IN (28,19,23,25,30,22,27) [ RunTime:0.000269s ]
[2026-06-22T09:24:29+08:00][sql] SHOW FULL COLUMNS FROM `cmf_portal_category` [ RunTime:0.001168s ]
[2026-06-22T09:24:29+08:00][sql] SELECT * FROM `cmf_portal_category` WHERE (  `type` = 8 ) AND `cmf_portal_category`.`delete_time` = '0' ORDER BY `list_order` ASC [ RunTime:0.000422s ]
[2026-06-22T09:24:29+08:00][sql] SHOW FULL COLUMNS FROM `cmf_slide_item` [ RunTime:0.001451s ]
[2026-06-22T09:24:29+08:00][sql] SELECT `title`,`description`,`image`,`url`,`target`,`content` FROM `cmf_slide_item` WHERE  `slide_id` = 1 ORDER BY `list_order` ASC [ RunTime:0.000436s ]
[2026-06-22T09:24:29+08:00][sql] SHOW FULL COLUMNS FROM `cmf_slide` [ RunTime:0.000788s ]
[2026-06-22T09:24:29+08:00][sql] SELECT * FROM `cmf_slide` WHERE  `name` LIKE '%choose%' OR `name` LIKE '%选择%' LIMIT 1 [ RunTime:0.000459s ]
[2026-06-22T09:24:29+08:00][sql] SELECT `title`,`description`,`image`,`url`,`target`,`content` FROM `cmf_slide_item` WHERE  `slide_id` = 14  AND `status` = 1 ORDER BY `list_order` ASC [ RunTime:0.000239s ]
[2026-06-22T09:24:29+08:00][sql] SELECT * FROM `cmf_product_category` WHERE  `parent_id` = 0  AND `recommend` = 1 ORDER BY `list_order` ASC,`create_time` DESC [ RunTime:0.000285s ]
[2026-06-22T09:24:29+08:00][sql] SHOW FULL COLUMNS FROM `cmf_product` [ RunTime:0.000923s ]
[2026-06-22T09:24:29+08:00][sql] SELECT `id`,`title`,`thumbnail`,`industry` FROM `cmf_product` WHERE  `is_recommended` = 1  AND `category_id` = 28 ORDER BY `list_order` ASC LIMIT 6 [ RunTime:0.000452s ]
[2026-06-22T09:24:29+08:00][sql] SELECT `id`,`title`,`thumbnail`,`industry` FROM `cmf_product` WHERE  `is_recommended` = 1  AND `category_id` = 19 ORDER BY `list_order` ASC LIMIT 6 [ RunTime:0.000308s ]
[2026-06-22T09:24:29+08:00][sql] SELECT `id`,`title`,`thumbnail`,`industry` FROM `cmf_product` WHERE  `is_recommended` = 1  AND `category_id` = 23 ORDER BY `list_order` ASC LIMIT 6 [ RunTime:0.000223s ]
[2026-06-22T09:24:29+08:00][sql] SELECT `id`,`title`,`thumbnail`,`industry` FROM `cmf_product` WHERE  `is_recommended` = 1  AND `category_id` = 25 ORDER BY `list_order` ASC LIMIT 6 [ RunTime:0.000264s ]
[2026-06-22T09:24:29+08:00][sql] SELECT `id`,`title`,`thumbnail`,`industry` FROM `cmf_product` WHERE  `is_recommended` = 1  AND `category_id` = 30 ORDER BY `list_order` ASC LIMIT 6 [ RunTime:0.000229s ]
[2026-06-22T09:24:29+08:00][sql] SHOW FULL COLUMNS FROM `cmf_portal_post` [ RunTime:0.001970s ]
[2026-06-22T09:24:29+08:00][sql] SELECT `p`.`id`,`p`.`post_title`,`p`.`post_excerpt`,`p`.`thumbnail`,`p`.`create_time`,`c`.`category_id` FROM `cmf_portal_post` `p` INNER JOIN `cmf_portal_category_post` `c` ON `p`.`id`=`c`.`post_id` WHERE (  `p`.`post_type` = '8' ) AND `p`.`delete_time` = '0' ORDER BY `c`.`list_order` ASC,`p`.`create_time` DESC [ RunTime:0.001004s ]
[2026-06-22T09:24:29+08:00][sql] SELECT `id`,`post_title`,`post_excerpt`,`more` FROM `cmf_portal_post` WHERE (  `post_type` = 3 ) AND `cmf_portal_post`.`delete_time` = '0' ORDER BY `create_time` DESC [ RunTime:0.000424s ]
[2026-06-22T09:24:29+08:00][sql] SHOW FULL COLUMNS FROM `cmf_theme_file` [ RunTime:0.000866s ]
[2026-06-22T09:24:29+08:00][sql] SELECT `more`,`file`,`id` FROM `cmf_theme_file` WHERE  `theme` = 'simpleboot3'  AND (  `is_public` = 1 OR `file` = 'portal/index' ) ORDER BY `is_public` DESC [ RunTime:0.000388s ]
[2026-06-22T09:24:29+08:00][sql] SELECT `option_value` FROM `cmf_option` WHERE  `option_name` = 'storage' LIMIT 1 [ RunTime:0.000451s ]
[2026-06-22T09:25:01+08:00][sql] CONNECT:[ UseTime:0.013584s ] mysql:host=127.0.0.1;port=3306;dbname=newncl;charset=utf8mb4
[2026-06-22T09:25:01+08:00][sql] SHOW FULL COLUMNS FROM `cmf_option` [ RunTime:0.002048s ]
[2026-06-22T09:25:01+08:00][sql] SELECT `option_value` FROM `cmf_option` WHERE  `option_name` = 'cdn_settings' LIMIT 1 [ RunTime:0.000389s ]
[2026-06-22T09:25:01+08:00][sql] SELECT `option_value` FROM `cmf_option` WHERE  `option_name` = 'cdn_settings' LIMIT 1 [ RunTime:0.000517s ]
[2026-06-22T09:25:01+08:00][sql] SHOW FULL COLUMNS FROM `cmf_product_category` [ RunTime:0.001397s ]
[2026-06-22T09:25:01+08:00][sql] SELECT * FROM `cmf_product_category` WHERE  `parent_id` = 0 ORDER BY `list_order` ASC,`create_time` DESC [ RunTime:0.000528s ]
[2026-06-22T09:25:01+08:00][sql] SELECT * FROM `cmf_product_category` WHERE  `parent_id` IN (28,19,23,25,30,22,27) [ RunTime:0.000318s ]
[2026-06-22T09:25:01+08:00][sql] SHOW FULL COLUMNS FROM `cmf_portal_category` [ RunTime:0.001173s ]
[2026-06-22T09:25:01+08:00][sql] SELECT * FROM `cmf_portal_category` WHERE (  `type` = 8 ) AND `cmf_portal_category`.`delete_time` = '0' ORDER BY `list_order` ASC [ RunTime:0.000441s ]
[2026-06-22T09:25:01+08:00][sql] SHOW FULL COLUMNS FROM `cmf_slide_item` [ RunTime:0.001016s ]
[2026-06-22T09:25:01+08:00][sql] SELECT `title`,`description`,`image`,`url`,`target`,`content` FROM `cmf_slide_item` WHERE  `slide_id` = 1 ORDER BY `list_order` ASC [ RunTime:0.000434s ]
[2026-06-22T09:25:01+08:00][sql] SHOW FULL COLUMNS FROM `cmf_slide` [ RunTime:0.000903s ]
[2026-06-22T09:25:01+08:00][sql] SELECT * FROM `cmf_slide` WHERE  `name` LIKE '%choose%' OR `name` LIKE '%选择%' LIMIT 1 [ RunTime:0.000375s ]
[2026-06-22T09:25:01+08:00][sql] SELECT `title`,`description`,`image`,`url`,`target`,`content` FROM `cmf_slide_item` WHERE  `slide_id` = 14  AND `status` = 1 ORDER BY `list_order` ASC [ RunTime:0.000336s ]
[2026-06-22T09:25:01+08:00][sql] SELECT * FROM `cmf_product_category` WHERE  `parent_id` = 0  AND `recommend` = 1 ORDER BY `list_order` ASC,`create_time` DESC [ RunTime:0.000334s ]
[2026-06-22T09:25:01+08:00][sql] SHOW FULL COLUMNS FROM `cmf_product` [ RunTime:0.001248s ]
[2026-06-22T09:25:01+08:00][sql] SELECT `id`,`title`,`thumbnail`,`industry` FROM `cmf_product` WHERE  `is_recommended` = 1  AND `category_id` = 28 ORDER BY `list_order` ASC LIMIT 6 [ RunTime:0.000645s ]
[2026-06-22T09:25:01+08:00][sql] SELECT `id`,`title`,`thumbnail`,`industry` FROM `cmf_product` WHERE  `is_recommended` = 1  AND `category_id` = 19 ORDER BY `list_order` ASC LIMIT 6 [ RunTime:0.000441s ]
[2026-06-22T09:25:01+08:00][sql] SELECT `id`,`title`,`thumbnail`,`industry` FROM `cmf_product` WHERE  `is_recommended` = 1  AND `category_id` = 23 ORDER BY `list_order` ASC LIMIT 6 [ RunTime:0.000254s ]
[2026-06-22T09:25:01+08:00][sql] SELECT `id`,`title`,`thumbnail`,`industry` FROM `cmf_product` WHERE  `is_recommended` = 1  AND `category_id` = 25 ORDER BY `list_order` ASC LIMIT 6 [ RunTime:0.000522s ]
[2026-06-22T09:25:01+08:00][sql] SELECT `id`,`title`,`thumbnail`,`industry` FROM `cmf_product` WHERE  `is_recommended` = 1  AND `category_id` = 30 ORDER BY `list_order` ASC LIMIT 6 [ RunTime:0.000323s ]
[2026-06-22T09:25:01+08:00][sql] SHOW FULL COLUMNS FROM `cmf_portal_post` [ RunTime:0.001224s ]
[2026-06-22T09:25:01+08:00][sql] SELECT `p`.`id`,`p`.`post_title`,`p`.`post_excerpt`,`p`.`thumbnail`,`p`.`create_time`,`c`.`category_id` FROM `cmf_portal_post` `p` INNER JOIN `cmf_portal_category_post` `c` ON `p`.`id`=`c`.`post_id` WHERE (  `p`.`post_type` = '8' ) AND `p`.`delete_time` = '0' ORDER BY `c`.`list_order` ASC,`p`.`create_time` DESC [ RunTime:0.000609s ]
[2026-06-22T09:25:01+08:00][sql] SELECT `id`,`post_title`,`post_excerpt`,`more` FROM `cmf_portal_post` WHERE (  `post_type` = 3 ) AND `cmf_portal_post`.`delete_time` = '0' ORDER BY `create_time` DESC [ RunTime:0.000338s ]
[2026-06-22T09:25:01+08:00][sql] SHOW FULL COLUMNS FROM `cmf_theme_file` [ RunTime:0.000986s ]
[2026-06-22T09:25:01+08:00][sql] SELECT `more`,`file`,`id` FROM `cmf_theme_file` WHERE  `theme` = 'simpleboot3'  AND (  `is_public` = 1 OR `file` = 'portal/index' ) ORDER BY `is_public` DESC [ RunTime:0.000444s ]
[2026-06-22T09:25:01+08:00][sql] SELECT `option_value` FROM `cmf_option` WHERE  `option_name` = 'storage' LIMIT 1 [ RunTime:0.000467s ]
[2026-06-22T09:25:04+08:00][sql] CONNECT:[ UseTime:0.000833s ] mysql:host=127.0.0.1;port=3306;dbname=newncl;charset=utf8mb4
[2026-06-22T09:25:04+08:00][sql] SHOW FULL COLUMNS FROM `cmf_option` [ RunTime:0.001682s ]
[2026-06-22T09:25:04+08:00][sql] SELECT `option_value` FROM `cmf_option` WHERE  `option_name` = 'cdn_settings' LIMIT 1 [ RunTime:0.000352s ]
[2026-06-22T09:25:04+08:00][sql] SELECT `option_value` FROM `cmf_option` WHERE  `option_name` = 'cdn_settings' LIMIT 1 [ RunTime:0.000253s ]
[2026-06-22T09:25:04+08:00][sql] SHOW FULL COLUMNS FROM `cmf_product_category` [ RunTime:0.001067s ]
[2026-06-22T09:25:04+08:00][sql] SELECT * FROM `cmf_product_category` WHERE  `parent_id` = 0 ORDER BY `list_order` ASC,`create_time` DESC [ RunTime:0.000450s ]
[2026-06-22T09:25:04+08:00][sql] SELECT * FROM `cmf_product_category` WHERE  `parent_id` IN (28,19,23,25,30,22,27) [ RunTime:0.000306s ]
[2026-06-22T09:25:04+08:00][sql] SHOW FULL COLUMNS FROM `cmf_portal_category` [ RunTime:0.002060s ]
[2026-06-22T09:25:04+08:00][sql] SELECT * FROM `cmf_portal_category` WHERE (  `type` = 8 ) AND `cmf_portal_category`.`delete_time` = '0' ORDER BY `list_order` ASC [ RunTime:0.000595s ]
[2026-06-22T09:25:04+08:00][sql] SHOW FULL COLUMNS FROM `cmf_slide_item` [ RunTime:0.001323s ]
[2026-06-22T09:25:04+08:00][sql] SELECT `title`,`description`,`image`,`url`,`target`,`content` FROM `cmf_slide_item` WHERE  `slide_id` = 1 ORDER BY `list_order` ASC [ RunTime:0.000473s ]
[2026-06-22T09:25:04+08:00][sql] SHOW FULL COLUMNS FROM `cmf_slide` [ RunTime:0.000954s ]
[2026-06-22T09:25:04+08:00][sql] SELECT * FROM `cmf_slide` WHERE  `name` LIKE '%choose%' OR `name` LIKE '%选择%' LIMIT 1 [ RunTime:0.000368s ]
[2026-06-22T09:25:04+08:00][sql] SELECT `title`,`description`,`image`,`url`,`target`,`content` FROM `cmf_slide_item` WHERE  `slide_id` = 14  AND `status` = 1 ORDER BY `list_order` ASC [ RunTime:0.000337s ]
[2026-06-22T09:25:04+08:00][sql] SELECT * FROM `cmf_product_category` WHERE  `parent_id` = 0  AND `recommend` = 1 ORDER BY `list_order` ASC,`create_time` DESC [ RunTime:0.000323s ]
[2026-06-22T09:25:04+08:00][sql] SHOW FULL COLUMNS FROM `cmf_product` [ RunTime:0.001265s ]
[2026-06-22T09:25:04+08:00][sql] SELECT `id`,`title`,`thumbnail`,`industry` FROM `cmf_product` WHERE  `is_recommended` = 1  AND `category_id` = 28 ORDER BY `list_order` ASC LIMIT 6 [ RunTime:0.000802s ]
[2026-06-22T09:25:04+08:00][sql] SELECT `id`,`title`,`thumbnail`,`industry` FROM `cmf_product` WHERE  `is_recommended` = 1  AND `category_id` = 19 ORDER BY `list_order` ASC LIMIT 6 [ RunTime:0.000368s ]
[2026-06-22T09:25:04+08:00][sql] SELECT `id`,`title`,`thumbnail`,`industry` FROM `cmf_product` WHERE  `is_recommended` = 1  AND `category_id` = 23 ORDER BY `list_order` ASC LIMIT 6 [ RunTime:0.000281s ]
[2026-06-22T09:25:04+08:00][sql] SELECT `id`,`title`,`thumbnail`,`industry` FROM `cmf_product` WHERE  `is_recommended` = 1  AND `category_id` = 25 ORDER BY `list_order` ASC LIMIT 6 [ RunTime:0.000350s ]
[2026-06-22T09:25:04+08:00][sql] SELECT `id`,`title`,`thumbnail`,`industry` FROM `cmf_product` WHERE  `is_recommended` = 1  AND `category_id` = 30 ORDER BY `list_order` ASC LIMIT 6 [ RunTime:0.000282s ]
[2026-06-22T09:25:04+08:00][sql] SHOW FULL COLUMNS FROM `cmf_portal_post` [ RunTime:0.001866s ]
[2026-06-22T09:25:04+08:00][sql] SELECT `p`.`id`,`p`.`post_title`,`p`.`post_excerpt`,`p`.`thumbnail`,`p`.`create_time`,`c`.`category_id` FROM `cmf_portal_post` `p` INNER JOIN `cmf_portal_category_post` `c` ON `p`.`id`=`c`.`post_id` WHERE (  `p`.`post_type` = '8' ) AND `p`.`delete_time` = '0' ORDER BY `c`.`list_order` ASC,`p`.`create_time` DESC [ RunTime:0.001368s ]
[2026-06-22T09:25:04+08:00][sql] SELECT `id`,`post_title`,`post_excerpt`,`more` FROM `cmf_portal_post` WHERE (  `post_type` = 3 ) AND `cmf_portal_post`.`delete_time` = '0' ORDER BY `create_time` DESC [ RunTime:0.000529s ]
[2026-06-22T09:25:04+08:00][sql] SHOW FULL COLUMNS FROM `cmf_theme_file` [ RunTime:0.001241s ]
[2026-06-22T09:25:04+08:00][sql] SELECT `more`,`file`,`id` FROM `cmf_theme_file` WHERE  `theme` = 'simpleboot3'  AND (  `is_public` = 1 OR `file` = 'portal/index' ) ORDER BY `is_public` DESC [ RunTime:0.000494s ]
[2026-06-22T09:25:04+08:00][sql] SELECT `option_value` FROM `cmf_option` WHERE  `option_name` = 'storage' LIMIT 1 [ RunTime:0.000508s ]
[2026-06-22T09:25:16+08:00][sql] CONNECT:[ UseTime:0.000832s ] mysql:host=127.0.0.1;port=3306;dbname=newncl;charset=utf8mb4
[2026-06-22T09:25:16+08:00][sql] SHOW FULL COLUMNS FROM `cmf_option` [ RunTime:0.001866s ]
[2026-06-22T09:25:16+08:00][sql] SELECT `option_value` FROM `cmf_option` WHERE  `option_name` = 'cdn_settings' LIMIT 1 [ RunTime:0.000333s ]
[2026-06-22T09:25:16+08:00][sql] SELECT `option_value` FROM `cmf_option` WHERE  `option_name` = 'cdn_settings' LIMIT 1 [ RunTime:0.000333s ]
[2026-06-22T09:25:16+08:00][sql] SHOW FULL COLUMNS FROM `cmf_product_category` [ RunTime:0.001107s ]
[2026-06-22T09:25:16+08:00][sql] SELECT * FROM `cmf_product_category` WHERE  `parent_id` = 0 ORDER BY `list_order` ASC,`create_time` DESC [ RunTime:0.000436s ]
[2026-06-22T09:25:16+08:00][sql] SELECT * FROM `cmf_product_category` WHERE  `parent_id` IN (28,19,23,25,30,22,27) [ RunTime:0.000256s ]
[2026-06-22T09:25:16+08:00][sql] SHOW FULL COLUMNS FROM `cmf_portal_category` [ RunTime:0.000831s ]
[2026-06-22T09:25:16+08:00][sql] SELECT * FROM `cmf_portal_category` WHERE (  `type` = 8 ) AND `cmf_portal_category`.`delete_time` = '0' ORDER BY `list_order` ASC [ RunTime:0.000369s ]
[2026-06-22T09:25:16+08:00][sql] SHOW FULL COLUMNS FROM `cmf_slide_item` [ RunTime:0.001306s ]
[2026-06-22T09:25:16+08:00][sql] SELECT `title`,`description`,`image`,`url`,`target`,`content` FROM `cmf_slide_item` WHERE  `slide_id` = 1 ORDER BY `list_order` ASC [ RunTime:0.000552s ]
[2026-06-22T09:25:16+08:00][sql] SHOW FULL COLUMNS FROM `cmf_slide` [ RunTime:0.001073s ]
[2026-06-22T09:25:16+08:00][sql] SELECT * FROM `cmf_slide` WHERE  `name` LIKE '%choose%' OR `name` LIKE '%选择%' LIMIT 1 [ RunTime:0.000388s ]
[2026-06-22T09:25:16+08:00][sql] SELECT `title`,`description`,`image`,`url`,`target`,`content` FROM `cmf_slide_item` WHERE  `slide_id` = 14  AND `status` = 1 ORDER BY `list_order` ASC [ RunTime:0.000524s ]
[2026-06-22T09:25:16+08:00][sql] SELECT * FROM `cmf_product_category` WHERE  `parent_id` = 0  AND `recommend` = 1 ORDER BY `list_order` ASC,`create_time` DESC [ RunTime:0.000278s ]
[2026-06-22T09:25:16+08:00][sql] SHOW FULL COLUMNS FROM `cmf_product` [ RunTime:0.000942s ]
[2026-06-22T09:25:16+08:00][sql] SELECT `id`,`title`,`thumbnail`,`industry` FROM `cmf_product` WHERE  `is_recommended` = 1  AND `category_id` = 28 ORDER BY `list_order` ASC LIMIT 6 [ RunTime:0.000482s ]
[2026-06-22T09:25:16+08:00][sql] SELECT `id`,`title`,`thumbnail`,`industry` FROM `cmf_product` WHERE  `is_recommended` = 1  AND `category_id` = 19 ORDER BY `list_order` ASC LIMIT 6 [ RunTime:0.000283s ]
[2026-06-22T09:25:16+08:00][sql] SELECT `id`,`title`,`thumbnail`,`industry` FROM `cmf_product` WHERE  `is_recommended` = 1  AND `category_id` = 23 ORDER BY `list_order` ASC LIMIT 6 [ RunTime:0.000223s ]
[2026-06-22T09:25:16+08:00][sql] SELECT `id`,`title`,`thumbnail`,`industry` FROM `cmf_product` WHERE  `is_recommended` = 1  AND `category_id` = 25 ORDER BY `list_order` ASC LIMIT 6 [ RunTime:0.000260s ]
[2026-06-22T09:25:16+08:00][sql] SELECT `id`,`title`,`thumbnail`,`industry` FROM `cmf_product` WHERE  `is_recommended` = 1  AND `category_id` = 30 ORDER BY `list_order` ASC LIMIT 6 [ RunTime:0.000222s ]
[2026-06-22T09:25:16+08:00][sql] SHOW FULL COLUMNS FROM `cmf_portal_post` [ RunTime:0.001260s ]
[2026-06-22T09:25:16+08:00][sql] SELECT `p`.`id`,`p`.`post_title`,`p`.`post_excerpt`,`p`.`thumbnail`,`p`.`create_time`,`c`.`category_id` FROM `cmf_portal_post` `p` INNER JOIN `cmf_portal_category_post` `c` ON `p`.`id`=`c`.`post_id` WHERE (  `p`.`post_type` = '8' ) AND `p`.`delete_time` = '0' ORDER BY `c`.`list_order` ASC,`p`.`create_time` DESC [ RunTime:0.000567s ]
[2026-06-22T09:25:16+08:00][sql] SELECT `id`,`post_title`,`post_excerpt`,`more` FROM `cmf_portal_post` WHERE (  `post_type` = 3 ) AND `cmf_portal_post`.`delete_time` = '0' ORDER BY `create_time` DESC [ RunTime:0.000281s ]
[2026-06-22T09:25:16+08:00][sql] SHOW FULL COLUMNS FROM `cmf_theme_file` [ RunTime:0.000760s ]
[2026-06-22T09:25:16+08:00][sql] SELECT `more`,`file`,`id` FROM `cmf_theme_file` WHERE  `theme` = 'simpleboot3'  AND (  `is_public` = 1 OR `file` = 'portal/index' ) ORDER BY `is_public` DESC [ RunTime:0.000359s ]
[2026-06-22T09:25:16+08:00][sql] SELECT `option_value` FROM `cmf_option` WHERE  `option_name` = 'storage' LIMIT 1 [ RunTime:0.000370s ]
[2026-06-22T09:27:37+08:00][sql] CONNECT:[ UseTime:0.001071s ] mysql:host=127.0.0.1;port=3306;dbname=newncl;charset=utf8mb4
[2026-06-22T09:27:37+08:00][sql] SHOW FULL COLUMNS FROM `cmf_option` [ RunTime:0.002069s ]
[2026-06-22T09:27:37+08:00][sql] SELECT `option_value` FROM `cmf_option` WHERE  `option_name` = 'cdn_settings' LIMIT 1 [ RunTime:0.000338s ]
[2026-06-22T09:27:37+08:00][sql] SELECT `option_value` FROM `cmf_option` WHERE  `option_name` = 'cdn_settings' LIMIT 1 [ RunTime:0.000297s ]
[2026-06-22T09:27:37+08:00][sql] SHOW FULL COLUMNS FROM `cmf_product_category` [ RunTime:0.001084s ]
[2026-06-22T09:27:37+08:00][sql] SELECT * FROM `cmf_product_category` WHERE  `parent_id` = 0 ORDER BY `list_order` ASC,`create_time` DESC [ RunTime:0.000483s ]
[2026-06-22T09:27:37+08:00][sql] SELECT * FROM `cmf_product_category` WHERE  `parent_id` IN (28,19,23,25,30,22,27) [ RunTime:0.000288s ]
[2026-06-22T09:27:37+08:00][sql] SHOW FULL COLUMNS FROM `cmf_portal_category` [ RunTime:0.000897s ]
[2026-06-22T09:27:37+08:00][sql] SELECT * FROM `cmf_portal_category` WHERE (  `type` = 8 ) AND `cmf_portal_category`.`delete_time` = '0' ORDER BY `list_order` ASC [ RunTime:0.000357s ]
[2026-06-22T09:27:37+08:00][sql] SHOW FULL COLUMNS FROM `cmf_slide_item` [ RunTime:0.001177s ]
[2026-06-22T09:27:37+08:00][sql] SELECT `title`,`description`,`image`,`url`,`target`,`content` FROM `cmf_slide_item` WHERE  `slide_id` = 1 ORDER BY `list_order` ASC [ RunTime:0.000515s ]
[2026-06-22T09:27:37+08:00][sql] SHOW FULL COLUMNS FROM `cmf_slide` [ RunTime:0.000971s ]
[2026-06-22T09:27:37+08:00][sql] SELECT * FROM `cmf_slide` WHERE  `name` LIKE '%choose%' OR `name` LIKE '%选择%' LIMIT 1 [ RunTime:0.000335s ]
[2026-06-22T09:27:37+08:00][sql] SELECT `title`,`description`,`image`,`url`,`target`,`content` FROM `cmf_slide_item` WHERE  `slide_id` = 14  AND `status` = 1 ORDER BY `list_order` ASC [ RunTime:0.000279s ]
[2026-06-22T09:27:37+08:00][sql] SELECT * FROM `cmf_product_category` WHERE  `parent_id` = 0  AND `recommend` = 1 ORDER BY `list_order` ASC,`create_time` DESC [ RunTime:0.000276s ]
[2026-06-22T09:27:37+08:00][sql] SHOW FULL COLUMNS FROM `cmf_product` [ RunTime:0.000907s ]
[2026-06-22T09:27:37+08:00][sql] SELECT `id`,`title`,`thumbnail`,`industry` FROM `cmf_product` WHERE  `is_recommended` = 1  AND `category_id` = 28 ORDER BY `list_order` ASC LIMIT 6 [ RunTime:0.000404s ]
[2026-06-22T09:27:37+08:00][sql] SELECT `id`,`title`,`thumbnail`,`industry` FROM `cmf_product` WHERE  `is_recommended` = 1  AND `category_id` = 19 ORDER BY `list_order` ASC LIMIT 6 [ RunTime:0.000278s ]
[2026-06-22T09:27:37+08:00][sql] SELECT `id`,`title`,`thumbnail`,`industry` FROM `cmf_product` WHERE  `is_recommended` = 1  AND `category_id` = 23 ORDER BY `list_order` ASC LIMIT 6 [ RunTime:0.000227s ]
[2026-06-22T09:27:37+08:00][sql] SELECT `id`,`title`,`thumbnail`,`industry` FROM `cmf_product` WHERE  `is_recommended` = 1  AND `category_id` = 25 ORDER BY `list_order` ASC LIMIT 6 [ RunTime:0.000274s ]
[2026-06-22T09:27:37+08:00][sql] SELECT `id`,`title`,`thumbnail`,`industry` FROM `cmf_product` WHERE  `is_recommended` = 1  AND `category_id` = 30 ORDER BY `list_order` ASC LIMIT 6 [ RunTime:0.000226s ]
[2026-06-22T09:27:37+08:00][sql] SHOW FULL COLUMNS FROM `cmf_portal_post` [ RunTime:0.000914s ]
[2026-06-22T09:27:37+08:00][sql] SELECT `p`.`id`,`p`.`post_title`,`p`.`post_excerpt`,`p`.`thumbnail`,`p`.`create_time`,`c`.`category_id` FROM `cmf_portal_post` `p` INNER JOIN `cmf_portal_category_post` `c` ON `p`.`id`=`c`.`post_id` WHERE (  `p`.`post_type` = '8' ) AND `p`.`delete_time` = '0' ORDER BY `c`.`list_order` ASC,`p`.`create_time` DESC [ RunTime:0.000549s ]
[2026-06-22T09:27:37+08:00][sql] SELECT `id`,`post_title`,`post_excerpt`,`more` FROM `cmf_portal_post` WHERE (  `post_type` = 3 ) AND `cmf_portal_post`.`delete_time` = '0' ORDER BY `create_time` DESC [ RunTime:0.000294s ]
[2026-06-22T09:27:37+08:00][sql] SHOW FULL COLUMNS FROM `cmf_theme_file` [ RunTime:0.000781s ]
[2026-06-22T09:27:37+08:00][sql] SELECT `more`,`file`,`id` FROM `cmf_theme_file` WHERE  `theme` = 'simpleboot3'  AND (  `is_public` = 1 OR `file` = 'portal/index' ) ORDER BY `is_public` DESC [ RunTime:0.000433s ]
[2026-06-22T09:27:37+08:00][sql] SELECT `option_value` FROM `cmf_option` WHERE  `option_name` = 'storage' LIMIT 1 [ RunTime:0.000368s ]
[2026-06-22T09:30:33+08:00][sql] CONNECT:[ UseTime:0.000887s ] mysql:host=127.0.0.1;port=3306;dbname=newncl;charset=utf8mb4
[2026-06-22T09:30:33+08:00][sql] SHOW FULL COLUMNS FROM `cmf_option` [ RunTime:0.001615s ]
[2026-06-22T09:30:33+08:00][sql] SELECT `option_value` FROM `cmf_option` WHERE  `option_name` = 'cdn_settings' LIMIT 1 [ RunTime:0.000270s ]
[2026-06-22T09:30:33+08:00][sql] SELECT `option_value` FROM `cmf_option` WHERE  `option_name` = 'cdn_settings' LIMIT 1 [ RunTime:0.000223s ]
[2026-06-22T09:30:33+08:00][sql] SHOW FULL COLUMNS FROM `cmf_product_category` [ RunTime:0.000866s ]
[2026-06-22T09:30:33+08:00][sql] SELECT * FROM `cmf_product_category` WHERE  `parent_id` = 0 ORDER BY `list_order` ASC,`create_time` DESC [ RunTime:0.000480s ]
[2026-06-22T09:30:33+08:00][sql] SELECT * FROM `cmf_product_category` WHERE  `parent_id` IN (28,19,23,25,30,22,27) [ RunTime:0.000274s ]
[2026-06-22T09:30:33+08:00][sql] SHOW FULL COLUMNS FROM `cmf_portal_category` [ RunTime:0.000808s ]
[2026-06-22T09:30:33+08:00][sql] SELECT * FROM `cmf_portal_category` WHERE (  `type` = 8 ) AND `cmf_portal_category`.`delete_time` = '0' ORDER BY `list_order` ASC [ RunTime:0.000413s ]
[2026-06-22T09:30:33+08:00][sql] SHOW FULL COLUMNS FROM `cmf_slide_item` [ RunTime:0.000920s ]
[2026-06-22T09:30:33+08:00][sql] SELECT `title`,`description`,`image`,`url`,`target`,`content` FROM `cmf_slide_item` WHERE  `slide_id` = 1 ORDER BY `list_order` ASC [ RunTime:0.000404s ]
[2026-06-22T09:30:33+08:00][sql] SHOW FULL COLUMNS FROM `cmf_slide` [ RunTime:0.000991s ]
[2026-06-22T09:30:33+08:00][sql] SELECT * FROM `cmf_slide` WHERE  `name` LIKE '%choose%' OR `name` LIKE '%选择%' LIMIT 1 [ RunTime:0.000592s ]
[2026-06-22T09:30:33+08:00][sql] SELECT `title`,`description`,`image`,`url`,`target`,`content` FROM `cmf_slide_item` WHERE  `slide_id` = 14  AND `status` = 1 ORDER BY `list_order` ASC [ RunTime:0.000291s ]
[2026-06-22T09:30:33+08:00][sql] SELECT * FROM `cmf_product_category` WHERE  `parent_id` = 0  AND `recommend` = 1 ORDER BY `list_order` ASC,`create_time` DESC [ RunTime:0.000381s ]
[2026-06-22T09:30:33+08:00][sql] SHOW FULL COLUMNS FROM `cmf_product` [ RunTime:0.001121s ]
[2026-06-22T09:30:33+08:00][sql] SELECT `id`,`title`,`thumbnail`,`industry` FROM `cmf_product` WHERE  `is_recommended` = 1  AND `category_id` = 28 ORDER BY `list_order` ASC LIMIT 6 [ RunTime:0.000653s ]
[2026-06-22T09:30:33+08:00][sql] SELECT `id`,`title`,`thumbnail`,`industry` FROM `cmf_product` WHERE  `is_recommended` = 1  AND `category_id` = 19 ORDER BY `list_order` ASC LIMIT 6 [ RunTime:0.000317s ]
[2026-06-22T09:30:33+08:00][sql] SELECT `id`,`title`,`thumbnail`,`industry` FROM `cmf_product` WHERE  `is_recommended` = 1  AND `category_id` = 23 ORDER BY `list_order` ASC LIMIT 6 [ RunTime:0.000229s ]
[2026-06-22T09:30:33+08:00][sql] SELECT `id`,`title`,`thumbnail`,`industry` FROM `cmf_product` WHERE  `is_recommended` = 1  AND `category_id` = 25 ORDER BY `list_order` ASC LIMIT 6 [ RunTime:0.000280s ]
[2026-06-22T09:30:33+08:00][sql] SELECT `id`,`title`,`thumbnail`,`industry` FROM `cmf_product` WHERE  `is_recommended` = 1  AND `category_id` = 30 ORDER BY `list_order` ASC LIMIT 6 [ RunTime:0.000232s ]
[2026-06-22T09:30:33+08:00][sql] SHOW FULL COLUMNS FROM `cmf_portal_post` [ RunTime:0.000925s ]
[2026-06-22T09:30:33+08:00][sql] SELECT `p`.`id`,`p`.`post_title`,`p`.`post_excerpt`,`p`.`thumbnail`,`p`.`create_time`,`c`.`category_id` FROM `cmf_portal_post` `p` INNER JOIN `cmf_portal_category_post` `c` ON `p`.`id`=`c`.`post_id` WHERE (  `p`.`post_type` = '8' ) AND `p`.`delete_time` = '0' ORDER BY `c`.`list_order` ASC,`p`.`create_time` DESC [ RunTime:0.000673s ]
[2026-06-22T09:30:33+08:00][sql] SELECT `id`,`post_title`,`post_excerpt`,`more` FROM `cmf_portal_post` WHERE (  `post_type` = 3 ) AND `cmf_portal_post`.`delete_time` = '0' ORDER BY `create_time` DESC [ RunTime:0.000301s ]
[2026-06-22T09:30:33+08:00][sql] SHOW FULL COLUMNS FROM `cmf_theme_file` [ RunTime:0.000803s ]
[2026-06-22T09:30:33+08:00][sql] SELECT `more`,`file`,`id` FROM `cmf_theme_file` WHERE  `theme` = 'simpleboot3'  AND (  `is_public` = 1 OR `file` = 'portal/index' ) ORDER BY `is_public` DESC [ RunTime:0.000346s ]
[2026-06-22T09:30:33+08:00][sql] SELECT `option_value` FROM `cmf_option` WHERE  `option_name` = 'storage' LIMIT 1 [ RunTime:0.000780s ]
[2026-06-22T09:33:39+08:00][sql] CONNECT:[ UseTime:0.001016s ] mysql:host=127.0.0.1;port=3306;dbname=newncl;charset=utf8mb4
[2026-06-22T09:33:39+08:00][sql] SHOW FULL COLUMNS FROM `cmf_option` [ RunTime:0.002515s ]
[2026-06-22T09:33:39+08:00][sql] SELECT `option_value` FROM `cmf_option` WHERE  `option_name` = 'cdn_settings' LIMIT 1 [ RunTime:0.000350s ]
[2026-06-22T09:33:39+08:00][sql] SELECT `option_value` FROM `cmf_option` WHERE  `option_name` = 'cdn_settings' LIMIT 1 [ RunTime:0.000258s ]
[2026-06-22T09:33:39+08:00][sql] SHOW FULL COLUMNS FROM `cmf_product_category` [ RunTime:0.001064s ]
[2026-06-22T09:33:39+08:00][sql] SELECT * FROM `cmf_product_category` WHERE  `parent_id` = 0 ORDER BY `list_order` ASC,`create_time` DESC [ RunTime:0.000384s ]
[2026-06-22T09:33:39+08:00][sql] SELECT * FROM `cmf_product_category` WHERE  `parent_id` IN (28,19,23,25,30,22,27) [ RunTime:0.000438s ]
[2026-06-22T09:33:39+08:00][sql] SHOW FULL COLUMNS FROM `cmf_portal_category` [ RunTime:0.001125s ]
[2026-06-22T09:33:39+08:00][sql] SELECT * FROM `cmf_portal_category` WHERE (  `type` = 8 ) AND `cmf_portal_category`.`delete_time` = '0' ORDER BY `list_order` ASC [ RunTime:0.000447s ]
[2026-06-22T09:33:39+08:00][sql] SHOW FULL COLUMNS FROM `cmf_slide_item` [ RunTime:0.001073s ]
[2026-06-22T09:33:39+08:00][sql] SELECT `title`,`description`,`image`,`url`,`target`,`content` FROM `cmf_slide_item` WHERE  `slide_id` = 1 ORDER BY `list_order` ASC [ RunTime:0.000391s ]
[2026-06-22T09:33:39+08:00][sql] SHOW FULL COLUMNS FROM `cmf_slide` [ RunTime:0.000916s ]
[2026-06-22T09:33:39+08:00][sql] SELECT * FROM `cmf_slide` WHERE  `name` LIKE '%choose%' OR `name` LIKE '%选择%' LIMIT 1 [ RunTime:0.000386s ]
[2026-06-22T09:33:39+08:00][sql] SELECT `title`,`description`,`image`,`url`,`target`,`content` FROM `cmf_slide_item` WHERE  `slide_id` = 14  AND `status` = 1 ORDER BY `list_order` ASC [ RunTime:0.000345s ]
[2026-06-22T09:33:39+08:00][sql] SELECT * FROM `cmf_product_category` WHERE  `parent_id` = 0  AND `recommend` = 1 ORDER BY `list_order` ASC,`create_time` DESC [ RunTime:0.000301s ]
[2026-06-22T09:33:39+08:00][sql] SHOW FULL COLUMNS FROM `cmf_product` [ RunTime:0.001169s ]
[2026-06-22T09:33:39+08:00][sql] SELECT `id`,`title`,`thumbnail`,`industry` FROM `cmf_product` WHERE  `is_recommended` = 1  AND `category_id` = 28 ORDER BY `list_order` ASC LIMIT 6 [ RunTime:0.000389s ]
[2026-06-22T09:33:39+08:00][sql] SELECT `id`,`title`,`thumbnail`,`industry` FROM `cmf_product` WHERE  `is_recommended` = 1  AND `category_id` = 19 ORDER BY `list_order` ASC LIMIT 6 [ RunTime:0.000340s ]
[2026-06-22T09:33:39+08:00][sql] SELECT `id`,`title`,`thumbnail`,`industry` FROM `cmf_product` WHERE  `is_recommended` = 1  AND `category_id` = 23 ORDER BY `list_order` ASC LIMIT 6 [ RunTime:0.000254s ]
[2026-06-22T09:33:39+08:00][sql] SELECT `id`,`title`,`thumbnail`,`industry` FROM `cmf_product` WHERE  `is_recommended` = 1  AND `category_id` = 25 ORDER BY `list_order` ASC LIMIT 6 [ RunTime:0.000326s ]
[2026-06-22T09:33:39+08:00][sql] SELECT `id`,`title`,`thumbnail`,`industry` FROM `cmf_product` WHERE  `is_recommended` = 1  AND `category_id` = 30 ORDER BY `list_order` ASC LIMIT 6 [ RunTime:0.000279s ]
[2026-06-22T09:33:39+08:00][sql] SHOW FULL COLUMNS FROM `cmf_portal_post` [ RunTime:0.001350s ]
[2026-06-22T09:33:39+08:00][sql] SELECT `p`.`id`,`p`.`post_title`,`p`.`post_excerpt`,`p`.`thumbnail`,`p`.`create_time`,`c`.`category_id` FROM `cmf_portal_post` `p` INNER JOIN `cmf_portal_category_post` `c` ON `p`.`id`=`c`.`post_id` WHERE (  `p`.`post_type` = '8' ) AND `p`.`delete_time` = '0' ORDER BY `c`.`list_order` ASC,`p`.`create_time` DESC [ RunTime:0.001208s ]
[2026-06-22T09:33:39+08:00][sql] SELECT `id`,`post_title`,`post_excerpt`,`more` FROM `cmf_portal_post` WHERE (  `post_type` = 3 ) AND `cmf_portal_post`.`delete_time` = '0' ORDER BY `create_time` DESC [ RunTime:0.000495s ]
[2026-06-22T09:33:39+08:00][sql] SHOW FULL COLUMNS FROM `cmf_theme_file` [ RunTime:0.001081s ]
[2026-06-22T09:33:39+08:00][sql] SELECT `more`,`file`,`id` FROM `cmf_theme_file` WHERE  `theme` = 'simpleboot3'  AND (  `is_public` = 1 OR `file` = 'portal/index' ) ORDER BY `is_public` DESC [ RunTime:0.000460s ]
[2026-06-22T09:33:39+08:00][sql] SELECT `option_value` FROM `cmf_option` WHERE  `option_name` = 'storage' LIMIT 1 [ RunTime:0.000671s ]
[2026-06-22T09:33:50+08:00][sql] CONNECT:[ UseTime:0.000846s ] mysql:host=127.0.0.1;port=3306;dbname=newncl;charset=utf8mb4
[2026-06-22T09:33:50+08:00][sql] SHOW FULL COLUMNS FROM `cmf_option` [ RunTime:0.002720s ]
[2026-06-22T09:33:50+08:00][sql] SELECT `option_value` FROM `cmf_option` WHERE  `option_name` = 'cdn_settings' LIMIT 1 [ RunTime:0.000810s ]
[2026-06-22T09:33:50+08:00][sql] SELECT `option_value` FROM `cmf_option` WHERE  `option_name` = 'cdn_settings' LIMIT 1 [ RunTime:0.000423s ]
[2026-06-22T09:33:50+08:00][sql] SHOW FULL COLUMNS FROM `cmf_product_category` [ RunTime:0.001027s ]
[2026-06-22T09:33:50+08:00][sql] SELECT * FROM `cmf_product_category` WHERE  `parent_id` = 0 ORDER BY `list_order` ASC,`create_time` DESC [ RunTime:0.000334s ]
[2026-06-22T09:33:50+08:00][sql] SELECT * FROM `cmf_product_category` WHERE  `parent_id` IN (28,19,23,25,30,22,27) [ RunTime:0.000282s ]
[2026-06-22T09:33:50+08:00][sql] SHOW FULL COLUMNS FROM `cmf_portal_category` [ RunTime:0.000906s ]
[2026-06-22T09:33:50+08:00][sql] SELECT * FROM `cmf_portal_category` WHERE (  `type` = 8 ) AND `cmf_portal_category`.`delete_time` = '0' ORDER BY `list_order` ASC [ RunTime:0.000422s ]
[2026-06-22T09:33:50+08:00][sql] SHOW FULL COLUMNS FROM `cmf_slide_item` [ RunTime:0.001434s ]
[2026-06-22T09:33:50+08:00][sql] SELECT `title`,`description`,`image`,`url`,`target`,`content` FROM `cmf_slide_item` WHERE  `slide_id` = 1 ORDER BY `list_order` ASC [ RunTime:0.000451s ]
[2026-06-22T09:33:50+08:00][sql] SHOW FULL COLUMNS FROM `cmf_slide` [ RunTime:0.000860s ]
[2026-06-22T09:33:50+08:00][sql] SELECT * FROM `cmf_slide` WHERE  `name` LIKE '%choose%' OR `name` LIKE '%选择%' LIMIT 1 [ RunTime:0.000399s ]
[2026-06-22T09:33:50+08:00][sql] SELECT `title`,`description`,`image`,`url`,`target`,`content` FROM `cmf_slide_item` WHERE  `slide_id` = 14  AND `status` = 1 ORDER BY `list_order` ASC [ RunTime:0.000455s ]
[2026-06-22T09:33:50+08:00][sql] SELECT * FROM `cmf_product_category` WHERE  `parent_id` = 0  AND `recommend` = 1 ORDER BY `list_order` ASC,`create_time` DESC [ RunTime:0.000296s ]
[2026-06-22T09:33:50+08:00][sql] SHOW FULL COLUMNS FROM `cmf_product` [ RunTime:0.001108s ]
[2026-06-22T09:33:50+08:00][sql] SELECT `id`,`title`,`thumbnail`,`industry` FROM `cmf_product` WHERE  `is_recommended` = 1  AND `category_id` = 28 ORDER BY `list_order` ASC LIMIT 6 [ RunTime:0.000431s ]
[2026-06-22T09:33:50+08:00][sql] SELECT `id`,`title`,`thumbnail`,`industry` FROM `cmf_product` WHERE  `is_recommended` = 1  AND `category_id` = 19 ORDER BY `list_order` ASC LIMIT 6 [ RunTime:0.000321s ]
[2026-06-22T09:33:50+08:00][sql] SELECT `id`,`title`,`thumbnail`,`industry` FROM `cmf_product` WHERE  `is_recommended` = 1  AND `category_id` = 23 ORDER BY `list_order` ASC LIMIT 6 [ RunTime:0.000206s ]
[2026-06-22T09:33:50+08:00][sql] SELECT `id`,`title`,`thumbnail`,`industry` FROM `cmf_product` WHERE  `is_recommended` = 1  AND `category_id` = 25 ORDER BY `list_order` ASC LIMIT 6 [ RunTime:0.000241s ]
[2026-06-22T09:33:50+08:00][sql] SELECT `id`,`title`,`thumbnail`,`industry` FROM `cmf_product` WHERE  `is_recommended` = 1  AND `category_id` = 30 ORDER BY `list_order` ASC LIMIT 6 [ RunTime:0.000199s ]
[2026-06-22T09:33:50+08:00][sql] SHOW FULL COLUMNS FROM `cmf_portal_post` [ RunTime:0.001043s ]
[2026-06-22T09:33:50+08:00][sql] SELECT `p`.`id`,`p`.`post_title`,`p`.`post_excerpt`,`p`.`thumbnail`,`p`.`create_time`,`c`.`category_id` FROM `cmf_portal_post` `p` INNER JOIN `cmf_portal_category_post` `c` ON `p`.`id`=`c`.`post_id` WHERE (  `p`.`post_type` = '8' ) AND `p`.`delete_time` = '0' ORDER BY `c`.`list_order` ASC,`p`.`create_time` DESC [ RunTime:0.000522s ]
[2026-06-22T09:33:50+08:00][sql] SELECT `id`,`post_title`,`post_excerpt`,`more` FROM `cmf_portal_post` WHERE (  `post_type` = 3 ) AND `cmf_portal_post`.`delete_time` = '0' ORDER BY `create_time` DESC [ RunTime:0.000320s ]
[2026-06-22T09:33:50+08:00][sql] SHOW FULL COLUMNS FROM `cmf_theme_file` [ RunTime:0.001018s ]
[2026-06-22T09:33:50+08:00][sql] SELECT `more`,`file`,`id` FROM `cmf_theme_file` WHERE  `theme` = 'simpleboot3'  AND (  `is_public` = 1 OR `file` = 'portal/index' ) ORDER BY `is_public` DESC [ RunTime:0.000356s ]
[2026-06-22T09:33:50+08:00][sql] SELECT `option_value` FROM `cmf_option` WHERE  `option_name` = 'storage' LIMIT 1 [ RunTime:0.000511s ]
[2026-06-22T09:35:44+08:00][sql] CONNECT:[ UseTime:0.000883s ] mysql:host=127.0.0.1;port=3306;dbname=newncl;charset=utf8mb4
[2026-06-22T09:35:44+08:00][sql] SHOW FULL COLUMNS FROM `cmf_option` [ RunTime:0.001637s ]
[2026-06-22T09:35:44+08:00][sql] SELECT `option_value` FROM `cmf_option` WHERE  `option_name` = 'cdn_settings' LIMIT 1 [ RunTime:0.000333s ]
[2026-06-22T09:35:44+08:00][sql] SELECT `option_value` FROM `cmf_option` WHERE  `option_name` = 'cdn_settings' LIMIT 1 [ RunTime:0.000287s ]
[2026-06-22T09:35:44+08:00][sql] SHOW FULL COLUMNS FROM `cmf_product_category` [ RunTime:0.001312s ]
[2026-06-22T09:35:44+08:00][sql] SELECT * FROM `cmf_product_category` WHERE  `parent_id` = 0 ORDER BY `list_order` ASC,`create_time` DESC [ RunTime:0.000690s ]
[2026-06-22T09:35:44+08:00][sql] SELECT * FROM `cmf_product_category` WHERE  `parent_id` IN (28,19,23,25,30,22,27) [ RunTime:0.000428s ]
[2026-06-22T09:35:44+08:00][sql] SHOW FULL COLUMNS FROM `cmf_portal_category` [ RunTime:0.001343s ]
[2026-06-22T09:35:44+08:00][sql] SELECT * FROM `cmf_portal_category` WHERE (  `type` = 8 ) AND `cmf_portal_category`.`delete_time` = '0' ORDER BY `list_order` ASC [ RunTime:0.000412s ]
[2026-06-22T09:35:44+08:00][sql] SHOW FULL COLUMNS FROM `cmf_slide_item` [ RunTime:0.001087s ]
[2026-06-22T09:35:44+08:00][sql] SELECT `title`,`description`,`image`,`url`,`target`,`content` FROM `cmf_slide_item` WHERE  `slide_id` = 1 ORDER BY `list_order` ASC [ RunTime:0.000368s ]
[2026-06-22T09:35:44+08:00][sql] SHOW FULL COLUMNS FROM `cmf_slide` [ RunTime:0.000910s ]
[2026-06-22T09:35:44+08:00][sql] SELECT * FROM `cmf_slide` WHERE  `name` LIKE '%choose%' OR `name` LIKE '%选择%' LIMIT 1 [ RunTime:0.000414s ]
[2026-06-22T09:35:44+08:00][sql] SELECT `title`,`description`,`image`,`url`,`target`,`content` FROM `cmf_slide_item` WHERE  `slide_id` = 14  AND `status` = 1 ORDER BY `list_order` ASC [ RunTime:0.000348s ]
[2026-06-22T09:35:44+08:00][sql] SELECT * FROM `cmf_product_category` WHERE  `parent_id` = 0  AND `recommend` = 1 ORDER BY `list_order` ASC,`create_time` DESC [ RunTime:0.000327s ]
[2026-06-22T09:35:44+08:00][sql] SHOW FULL COLUMNS FROM `cmf_product` [ RunTime:0.001273s ]
[2026-06-22T09:35:44+08:00][sql] SELECT `id`,`title`,`thumbnail`,`industry` FROM `cmf_product` WHERE  `is_recommended` = 1  AND `category_id` = 28 ORDER BY `list_order` ASC LIMIT 6 [ RunTime:0.000414s ]
[2026-06-22T09:35:44+08:00][sql] SELECT `id`,`title`,`thumbnail`,`industry` FROM `cmf_product` WHERE  `is_recommended` = 1  AND `category_id` = 19 ORDER BY `list_order` ASC LIMIT 6 [ RunTime:0.000495s ]
[2026-06-22T09:35:44+08:00][sql] SELECT `id`,`title`,`thumbnail`,`industry` FROM `cmf_product` WHERE  `is_recommended` = 1  AND `category_id` = 23 ORDER BY `list_order` ASC LIMIT 6 [ RunTime:0.000303s ]
[2026-06-22T09:35:44+08:00][sql] SELECT `id`,`title`,`thumbnail`,`industry` FROM `cmf_product` WHERE  `is_recommended` = 1  AND `category_id` = 25 ORDER BY `list_order` ASC LIMIT 6 [ RunTime:0.000501s ]
[2026-06-22T09:35:44+08:00][sql] SELECT `id`,`title`,`thumbnail`,`industry` FROM `cmf_product` WHERE  `is_recommended` = 1  AND `category_id` = 30 ORDER BY `list_order` ASC LIMIT 6 [ RunTime:0.000371s ]
[2026-06-22T09:35:44+08:00][sql] SHOW FULL COLUMNS FROM `cmf_portal_post` [ RunTime:0.001345s ]
[2026-06-22T09:35:44+08:00][sql] SELECT `p`.`id`,`p`.`post_title`,`p`.`post_excerpt`,`p`.`thumbnail`,`p`.`create_time`,`c`.`category_id` FROM `cmf_portal_post` `p` INNER JOIN `cmf_portal_category_post` `c` ON `p`.`id`=`c`.`post_id` WHERE (  `p`.`post_type` = '8' ) AND `p`.`delete_time` = '0' ORDER BY `c`.`list_order` ASC,`p`.`create_time` DESC [ RunTime:0.000932s ]
[2026-06-22T09:35:44+08:00][sql] SELECT `id`,`post_title`,`post_excerpt`,`more` FROM `cmf_portal_post` WHERE (  `post_type` = 3 ) AND `cmf_portal_post`.`delete_time` = '0' ORDER BY `create_time` DESC [ RunTime:0.000376s ]
[2026-06-22T09:35:44+08:00][sql] SHOW FULL COLUMNS FROM `cmf_theme_file` [ RunTime:0.001142s ]
[2026-06-22T09:35:44+08:00][sql] SELECT `more`,`file`,`id` FROM `cmf_theme_file` WHERE  `theme` = 'simpleboot3_mobile'  AND (  `is_public` = 1 OR `file` = 'portal/index' ) ORDER BY `is_public` DESC [ RunTime:0.000402s ]
[2026-06-22T09:35:44+08:00][sql] SELECT `option_value` FROM `cmf_option` WHERE  `option_name` = 'storage' LIMIT 1 [ RunTime:0.000266s ]
[2026-06-22T09:35:56+08:00][sql] CONNECT:[ UseTime:0.000838s ] mysql:host=127.0.0.1;port=3306;dbname=newncl;charset=utf8mb4
[2026-06-22T09:35:56+08:00][sql] SHOW FULL COLUMNS FROM `cmf_option` [ RunTime:0.001567s ]
[2026-06-22T09:35:56+08:00][sql] SELECT `option_value` FROM `cmf_option` WHERE  `option_name` = 'cdn_settings' LIMIT 1 [ RunTime:0.000329s ]
[2026-06-22T09:35:56+08:00][sql] SELECT `option_value` FROM `cmf_option` WHERE  `option_name` = 'cdn_settings' LIMIT 1 [ RunTime:0.000286s ]
[2026-06-22T09:35:56+08:00][sql] SHOW FULL COLUMNS FROM `cmf_product_category` [ RunTime:0.001043s ]
[2026-06-22T09:35:56+08:00][sql] SELECT * FROM `cmf_product_category` WHERE  `parent_id` = 0 ORDER BY `list_order` ASC,`create_time` DESC [ RunTime:0.000460s ]
[2026-06-22T09:35:56+08:00][sql] SELECT * FROM `cmf_product_category` WHERE  `parent_id` IN (28,19,23,25,30,22,27) [ RunTime:0.000528s ]
[2026-06-22T09:35:56+08:00][sql] SHOW FULL COLUMNS FROM `cmf_portal_category` [ RunTime:0.001436s ]
[2026-06-22T09:35:56+08:00][sql] SELECT * FROM `cmf_portal_category` WHERE (  `type` = 8 ) AND `cmf_portal_category`.`delete_time` = '0' ORDER BY `list_order` ASC [ RunTime:0.000442s ]
[2026-06-22T09:35:56+08:00][sql] SHOW FULL COLUMNS FROM `cmf_slide_item` [ RunTime:0.001074s ]
[2026-06-22T09:35:56+08:00][sql] SELECT `title`,`description`,`image`,`url`,`target`,`content` FROM `cmf_slide_item` WHERE  `slide_id` = 1 ORDER BY `list_order` ASC [ RunTime:0.000360s ]
[2026-06-22T09:35:56+08:00][sql] SHOW FULL COLUMNS FROM `cmf_slide` [ RunTime:0.000902s ]
[2026-06-22T09:35:56+08:00][sql] SELECT * FROM `cmf_slide` WHERE  `name` LIKE '%choose%' OR `name` LIKE '%选择%' LIMIT 1 [ RunTime:0.000422s ]
[2026-06-22T09:35:56+08:00][sql] SELECT `title`,`description`,`image`,`url`,`target`,`content` FROM `cmf_slide_item` WHERE  `slide_id` = 14  AND `status` = 1 ORDER BY `list_order` ASC [ RunTime:0.000352s ]
[2026-06-22T09:35:56+08:00][sql] SELECT * FROM `cmf_product_category` WHERE  `parent_id` = 0  AND `recommend` = 1 ORDER BY `list_order` ASC,`create_time` DESC [ RunTime:0.000308s ]
[2026-06-22T09:35:56+08:00][sql] SHOW FULL COLUMNS FROM `cmf_product` [ RunTime:0.001200s ]
[2026-06-22T09:35:56+08:00][sql] SELECT `id`,`title`,`thumbnail`,`industry` FROM `cmf_product` WHERE  `is_recommended` = 1  AND `category_id` = 28 ORDER BY `list_order` ASC LIMIT 6 [ RunTime:0.000427s ]
[2026-06-22T09:35:56+08:00][sql] SELECT `id`,`title`,`thumbnail`,`industry` FROM `cmf_product` WHERE  `is_recommended` = 1  AND `category_id` = 19 ORDER BY `list_order` ASC LIMIT 6 [ RunTime:0.000305s ]
[2026-06-22T09:35:56+08:00][sql] SELECT `id`,`title`,`thumbnail`,`industry` FROM `cmf_product` WHERE  `is_recommended` = 1  AND `category_id` = 23 ORDER BY `list_order` ASC LIMIT 6 [ RunTime:0.000291s ]
[2026-06-22T09:35:56+08:00][sql] SELECT `id`,`title`,`thumbnail`,`industry` FROM `cmf_product` WHERE  `is_recommended` = 1  AND `category_id` = 25 ORDER BY `list_order` ASC LIMIT 6 [ RunTime:0.000363s ]
[2026-06-22T09:35:56+08:00][sql] SELECT `id`,`title`,`thumbnail`,`industry` FROM `cmf_product` WHERE  `is_recommended` = 1  AND `category_id` = 30 ORDER BY `list_order` ASC LIMIT 6 [ RunTime:0.000284s ]
[2026-06-22T09:35:56+08:00][sql] SHOW FULL COLUMNS FROM `cmf_portal_post` [ RunTime:0.001992s ]
[2026-06-22T09:35:56+08:00][sql] SELECT `p`.`id`,`p`.`post_title`,`p`.`post_excerpt`,`p`.`thumbnail`,`p`.`create_time`,`c`.`category_id` FROM `cmf_portal_post` `p` INNER JOIN `cmf_portal_category_post` `c` ON `p`.`id`=`c`.`post_id` WHERE (  `p`.`post_type` = '8' ) AND `p`.`delete_time` = '0' ORDER BY `c`.`list_order` ASC,`p`.`create_time` DESC [ RunTime:0.001208s ]
[2026-06-22T09:35:56+08:00][sql] SELECT `id`,`post_title`,`post_excerpt`,`more` FROM `cmf_portal_post` WHERE (  `post_type` = 3 ) AND `cmf_portal_post`.`delete_time` = '0' ORDER BY `create_time` DESC [ RunTime:0.000494s ]
[2026-06-22T09:35:56+08:00][sql] SHOW FULL COLUMNS FROM `cmf_theme_file` [ RunTime:0.001687s ]
[2026-06-22T09:35:56+08:00][sql] SELECT `more`,`file`,`id` FROM `cmf_theme_file` WHERE  `theme` = 'simpleboot3_mobile'  AND (  `is_public` = 1 OR `file` = 'portal/index' ) ORDER BY `is_public` DESC [ RunTime:0.000519s ]
[2026-06-22T09:35:56+08:00][sql] SELECT `option_value` FROM `cmf_option` WHERE  `option_name` = 'storage' LIMIT 1 [ RunTime:0.000399s ]
[2026-06-22T09:35:59+08:00][sql] CONNECT:[ UseTime:0.001340s ] mysql:host=127.0.0.1;port=3306;dbname=newncl;charset=utf8mb4
[2026-06-22T09:35:59+08:00][sql] SHOW FULL COLUMNS FROM `cmf_option` [ RunTime:0.001801s ]
[2026-06-22T09:35:59+08:00][sql] SELECT `option_value` FROM `cmf_option` WHERE  `option_name` = 'cdn_settings' LIMIT 1 [ RunTime:0.000306s ]
[2026-06-22T09:35:59+08:00][sql] SELECT `option_value` FROM `cmf_option` WHERE  `option_name` = 'cdn_settings' LIMIT 1 [ RunTime:0.000246s ]
[2026-06-22T09:35:59+08:00][sql] SHOW FULL COLUMNS FROM `cmf_product_category` [ RunTime:0.002058s ]
[2026-06-22T09:35:59+08:00][sql] SELECT * FROM `cmf_product_category` WHERE  `parent_id` = 0 ORDER BY `list_order` ASC,`create_time` DESC [ RunTime:0.000545s ]
[2026-06-22T09:35:59+08:00][sql] SELECT * FROM `cmf_product_category` WHERE  `parent_id` IN (28,19,23,25,30,22,27) [ RunTime:0.000433s ]
[2026-06-22T09:35:59+08:00][sql] SHOW FULL COLUMNS FROM `cmf_portal_category` [ RunTime:0.001184s ]
[2026-06-22T09:35:59+08:00][sql] SELECT * FROM `cmf_portal_category` WHERE (  `type` = 8 ) AND `cmf_portal_category`.`delete_time` = '0' ORDER BY `list_order` ASC [ RunTime:0.000346s ]
[2026-06-22T09:35:59+08:00][sql] SHOW FULL COLUMNS FROM `cmf_slide_item` [ RunTime:0.000808s ]
[2026-06-22T09:35:59+08:00][sql] SELECT `title`,`description`,`image`,`url`,`target`,`content` FROM `cmf_slide_item` WHERE  `slide_id` = 1 ORDER BY `list_order` ASC [ RunTime:0.000400s ]
[2026-06-22T09:35:59+08:00][sql] SHOW FULL COLUMNS FROM `cmf_slide` [ RunTime:0.000789s ]
[2026-06-22T09:35:59+08:00][sql] SELECT * FROM `cmf_slide` WHERE  `name` LIKE '%choose%' OR `name` LIKE '%选择%' LIMIT 1 [ RunTime:0.000353s ]
[2026-06-22T09:35:59+08:00][sql] SELECT `title`,`description`,`image`,`url`,`target`,`content` FROM `cmf_slide_item` WHERE  `slide_id` = 14  AND `status` = 1 ORDER BY `list_order` ASC [ RunTime:0.000279s ]
[2026-06-22T09:35:59+08:00][sql] SELECT * FROM `cmf_product_category` WHERE  `parent_id` = 0  AND `recommend` = 1 ORDER BY `list_order` ASC,`create_time` DESC [ RunTime:0.000260s ]
[2026-06-22T09:35:59+08:00][sql] SHOW FULL COLUMNS FROM `cmf_product` [ RunTime:0.000901s ]
[2026-06-22T09:35:59+08:00][sql] SELECT `id`,`title`,`thumbnail`,`industry` FROM `cmf_product` WHERE  `is_recommended` = 1  AND `category_id` = 28 ORDER BY `list_order` ASC LIMIT 6 [ RunTime:0.000369s ]
[2026-06-22T09:35:59+08:00][sql] SELECT `id`,`title`,`thumbnail`,`industry` FROM `cmf_product` WHERE  `is_recommended` = 1  AND `category_id` = 19 ORDER BY `list_order` ASC LIMIT 6 [ RunTime:0.000280s ]
[2026-06-22T09:35:59+08:00][sql] SELECT `id`,`title`,`thumbnail`,`industry` FROM `cmf_product` WHERE  `is_recommended` = 1  AND `category_id` = 23 ORDER BY `list_order` ASC LIMIT 6 [ RunTime:0.000337s ]
[2026-06-22T09:35:59+08:00][sql] SELECT `id`,`title`,`thumbnail`,`industry` FROM `cmf_product` WHERE  `is_recommended` = 1  AND `category_id` = 25 ORDER BY `list_order` ASC LIMIT 6 [ RunTime:0.000387s ]
[2026-06-22T09:35:59+08:00][sql] SELECT `id`,`title`,`thumbnail`,`industry` FROM `cmf_product` WHERE  `is_recommended` = 1  AND `category_id` = 30 ORDER BY `list_order` ASC LIMIT 6 [ RunTime:0.000452s ]
[2026-06-22T09:35:59+08:00][sql] SHOW FULL COLUMNS FROM `cmf_portal_post` [ RunTime:0.001039s ]
[2026-06-22T09:35:59+08:00][sql] SELECT `p`.`id`,`p`.`post_title`,`p`.`post_excerpt`,`p`.`thumbnail`,`p`.`create_time`,`c`.`category_id` FROM `cmf_portal_post` `p` INNER JOIN `cmf_portal_category_post` `c` ON `p`.`id`=`c`.`post_id` WHERE (  `p`.`post_type` = '8' ) AND `p`.`delete_time` = '0' ORDER BY `c`.`list_order` ASC,`p`.`create_time` DESC [ RunTime:0.000586s ]
[2026-06-22T09:35:59+08:00][sql] SELECT `id`,`post_title`,`post_excerpt`,`more` FROM `cmf_portal_post` WHERE (  `post_type` = 3 ) AND `cmf_portal_post`.`delete_time` = '0' ORDER BY `create_time` DESC [ RunTime:0.000293s ]
[2026-06-22T09:35:59+08:00][sql] SHOW FULL COLUMNS FROM `cmf_theme_file` [ RunTime:0.000775s ]
[2026-06-22T09:35:59+08:00][sql] SELECT `more`,`file`,`id` FROM `cmf_theme_file` WHERE  `theme` = 'simpleboot3'  AND (  `is_public` = 1 OR `file` = 'portal/index' ) ORDER BY `is_public` DESC [ RunTime:0.000282s ]
[2026-06-22T09:35:59+08:00][sql] SELECT `option_value` FROM `cmf_option` WHERE  `option_name` = 'storage' LIMIT 1 [ RunTime:0.000446s ]
[2026-06-22T09:40:21+08:00][sql] CONNECT:[ UseTime:0.025268s ] mysql:host=127.0.0.1;port=3306;dbname=newncl;charset=utf8mb4
[2026-06-22T09:40:21+08:00][sql] SHOW FULL COLUMNS FROM `cmf_option` [ RunTime:0.002080s ]
[2026-06-22T09:40:21+08:00][sql] SELECT `option_value` FROM `cmf_option` WHERE  `option_name` = 'cdn_settings' LIMIT 1 [ RunTime:0.000768s ]
[2026-06-22T09:40:21+08:00][sql] SELECT `option_value` FROM `cmf_option` WHERE  `option_name` = 'cdn_settings' LIMIT 1 [ RunTime:0.000457s ]
[2026-06-22T09:40:21+08:00][sql] SHOW FULL COLUMNS FROM `cmf_product_category` [ RunTime:0.001319s ]
[2026-06-22T09:40:21+08:00][sql] SELECT * FROM `cmf_product_category` WHERE  `parent_id` = 0 ORDER BY `list_order` ASC,`create_time` DESC [ RunTime:0.000366s ]
[2026-06-22T09:40:21+08:00][sql] SELECT * FROM `cmf_product_category` WHERE  `parent_id` IN (28,19,23,25,30,22,27) [ RunTime:0.000313s ]
[2026-06-22T09:40:21+08:00][sql] SHOW FULL COLUMNS FROM `cmf_portal_category` [ RunTime:0.001112s ]
[2026-06-22T09:40:21+08:00][sql] SELECT * FROM `cmf_portal_category` WHERE (  `type` = 8 ) AND `cmf_portal_category`.`delete_time` = '0' ORDER BY `list_order` ASC [ RunTime:0.000311s ]
[2026-06-22T09:40:21+08:00][sql] SHOW FULL COLUMNS FROM `cmf_slide_item` [ RunTime:0.000997s ]
[2026-06-22T09:40:21+08:00][sql] SELECT `title`,`description`,`image`,`url`,`target`,`content` FROM `cmf_slide_item` WHERE  `slide_id` = 1 ORDER BY `list_order` ASC [ RunTime:0.000313s ]
[2026-06-22T09:40:21+08:00][sql] SHOW FULL COLUMNS FROM `cmf_slide` [ RunTime:0.001746s ]
[2026-06-22T09:40:21+08:00][sql] SELECT * FROM `cmf_slide` WHERE  `name` LIKE '%choose%' OR `name` LIKE '%选择%' LIMIT 1 [ RunTime:0.000520s ]
[2026-06-22T09:40:21+08:00][sql] SELECT `title`,`description`,`image`,`url`,`target`,`content` FROM `cmf_slide_item` WHERE  `slide_id` = 14  AND `status` = 1 ORDER BY `list_order` ASC [ RunTime:0.000372s ]
[2026-06-22T09:40:21+08:00][sql] SELECT * FROM `cmf_product_category` WHERE  `parent_id` = 0  AND `recommend` = 1 ORDER BY `list_order` ASC,`create_time` DESC [ RunTime:0.000328s ]
[2026-06-22T09:40:21+08:00][sql] SHOW FULL COLUMNS FROM `cmf_product` [ RunTime:0.001226s ]
[2026-06-22T09:40:21+08:00][sql] SELECT `id`,`title`,`thumbnail`,`industry` FROM `cmf_product` WHERE  `is_recommended` = 1  AND `category_id` = 28 ORDER BY `list_order` ASC LIMIT 6 [ RunTime:0.000433s ]
[2026-06-22T09:40:21+08:00][sql] SELECT `id`,`title`,`thumbnail`,`industry` FROM `cmf_product` WHERE  `is_recommended` = 1  AND `category_id` = 19 ORDER BY `list_order` ASC LIMIT 6 [ RunTime:0.000374s ]
[2026-06-22T09:40:21+08:00][sql] SELECT `id`,`title`,`thumbnail`,`industry` FROM `cmf_product` WHERE  `is_recommended` = 1  AND `category_id` = 23 ORDER BY `list_order` ASC LIMIT 6 [ RunTime:0.000259s ]
[2026-06-22T09:40:21+08:00][sql] SELECT `id`,`title`,`thumbnail`,`industry` FROM `cmf_product` WHERE  `is_recommended` = 1  AND `category_id` = 25 ORDER BY `list_order` ASC LIMIT 6 [ RunTime:0.000298s ]
[2026-06-22T09:40:21+08:00][sql] SELECT `id`,`title`,`thumbnail`,`industry` FROM `cmf_product` WHERE  `is_recommended` = 1  AND `category_id` = 30 ORDER BY `list_order` ASC LIMIT 6 [ RunTime:0.000294s ]
[2026-06-22T09:40:21+08:00][sql] SHOW FULL COLUMNS FROM `cmf_portal_post` [ RunTime:0.001395s ]
[2026-06-22T09:40:21+08:00][sql] SELECT `p`.`id`,`p`.`post_title`,`p`.`post_excerpt`,`p`.`thumbnail`,`p`.`create_time`,`c`.`category_id` FROM `cmf_portal_post` `p` INNER JOIN `cmf_portal_category_post` `c` ON `p`.`id`=`c`.`post_id` WHERE (  `p`.`post_type` = '8' ) AND `p`.`delete_time` = '0' ORDER BY `c`.`list_order` ASC,`p`.`create_time` DESC [ RunTime:0.000886s ]
[2026-06-22T09:40:21+08:00][sql] SELECT `id`,`post_title`,`post_excerpt`,`more` FROM `cmf_portal_post` WHERE (  `post_type` = 3 ) AND `cmf_portal_post`.`delete_time` = '0' ORDER BY `create_time` DESC [ RunTime:0.000419s ]
[2026-06-22T09:40:21+08:00][sql] SHOW FULL COLUMNS FROM `cmf_theme_file` [ RunTime:0.001494s ]
[2026-06-22T09:40:21+08:00][sql] SELECT `more`,`file`,`id` FROM `cmf_theme_file` WHERE  `theme` = 'simpleboot3'  AND (  `is_public` = 1 OR `file` = 'portal/index' ) ORDER BY `is_public` DESC [ RunTime:0.000730s ]
[2026-06-22T09:40:21+08:00][sql] SELECT `option_value` FROM `cmf_option` WHERE  `option_name` = 'storage' LIMIT 1 [ RunTime:0.000451s ]
[2026-06-22T09:40:23+08:00][sql] CONNECT:[ UseTime:0.001037s ] mysql:host=127.0.0.1;port=3306;dbname=newncl;charset=utf8mb4
[2026-06-22T09:40:23+08:00][sql] SHOW FULL COLUMNS FROM `cmf_option` [ RunTime:0.002561s ]
[2026-06-22T09:40:23+08:00][sql] SELECT `option_value` FROM `cmf_option` WHERE  `option_name` = 'cdn_settings' LIMIT 1 [ RunTime:0.000492s ]
[2026-06-22T09:40:23+08:00][sql] SELECT `option_value` FROM `cmf_option` WHERE  `option_name` = 'cdn_settings' LIMIT 1 [ RunTime:0.000436s ]
[2026-06-22T09:40:23+08:00][sql] SHOW FULL COLUMNS FROM `cmf_product_category` [ RunTime:0.001230s ]
[2026-06-22T09:40:23+08:00][sql] SELECT * FROM `cmf_product_category` WHERE  `parent_id` = 0 ORDER BY `list_order` ASC,`create_time` DESC [ RunTime:0.000497s ]
[2026-06-22T09:40:23+08:00][sql] SELECT * FROM `cmf_product_category` WHERE  `parent_id` IN (28,19,23,25,30,22,27) [ RunTime:0.000378s ]
[2026-06-22T09:40:23+08:00][sql] SHOW FULL COLUMNS FROM `cmf_portal_category` [ RunTime:0.001279s ]
[2026-06-22T09:40:23+08:00][sql] SELECT * FROM `cmf_portal_category` WHERE (  `type` = 8 ) AND `cmf_portal_category`.`delete_time` = '0' ORDER BY `list_order` ASC [ RunTime:0.000661s ]
[2026-06-22T09:40:23+08:00][sql] SHOW FULL COLUMNS FROM `cmf_slide_item` [ RunTime:0.001497s ]
[2026-06-22T09:40:23+08:00][sql] SELECT `title`,`description`,`image`,`url`,`target`,`content` FROM `cmf_slide_item` WHERE  `slide_id` = 1 ORDER BY `list_order` ASC [ RunTime:0.000367s ]
[2026-06-22T09:40:23+08:00][sql] SHOW FULL COLUMNS FROM `cmf_slide` [ RunTime:0.000893s ]
[2026-06-22T09:40:23+08:00][sql] SELECT * FROM `cmf_slide` WHERE  `name` LIKE '%choose%' OR `name` LIKE '%选择%' LIMIT 1 [ RunTime:0.000413s ]
[2026-06-22T09:40:23+08:00][sql] SELECT `title`,`description`,`image`,`url`,`target`,`content` FROM `cmf_slide_item` WHERE  `slide_id` = 14  AND `status` = 1 ORDER BY `list_order` ASC [ RunTime:0.000356s ]
[2026-06-22T09:40:23+08:00][sql] SELECT * FROM `cmf_product_category` WHERE  `parent_id` = 0  AND `recommend` = 1 ORDER BY `list_order` ASC,`create_time` DESC [ RunTime:0.000359s ]
[2026-06-22T09:40:23+08:00][sql] SHOW FULL COLUMNS FROM `cmf_product` [ RunTime:0.001170s ]
[2026-06-22T09:40:23+08:00][sql] SELECT `id`,`title`,`thumbnail`,`industry` FROM `cmf_product` WHERE  `is_recommended` = 1  AND `category_id` = 28 ORDER BY `list_order` ASC LIMIT 6 [ RunTime:0.000441s ]
[2026-06-22T09:40:23+08:00][sql] SELECT `id`,`title`,`thumbnail`,`industry` FROM `cmf_product` WHERE  `is_recommended` = 1  AND `category_id` = 19 ORDER BY `list_order` ASC LIMIT 6 [ RunTime:0.000377s ]
[2026-06-22T09:40:23+08:00][sql] SELECT `id`,`title`,`thumbnail`,`industry` FROM `cmf_product` WHERE  `is_recommended` = 1  AND `category_id` = 23 ORDER BY `list_order` ASC LIMIT 6 [ RunTime:0.000291s ]
[2026-06-22T09:40:23+08:00][sql] SELECT `id`,`title`,`thumbnail`,`industry` FROM `cmf_product` WHERE  `is_recommended` = 1  AND `category_id` = 25 ORDER BY `list_order` ASC LIMIT 6 [ RunTime:0.000320s ]
[2026-06-22T09:40:23+08:00][sql] SELECT `id`,`title`,`thumbnail`,`industry` FROM `cmf_product` WHERE  `is_recommended` = 1  AND `category_id` = 30 ORDER BY `list_order` ASC LIMIT 6 [ RunTime:0.000303s ]
[2026-06-22T09:40:23+08:00][sql] SHOW FULL COLUMNS FROM `cmf_portal_post` [ RunTime:0.001112s ]
[2026-06-22T09:40:23+08:00][sql] SELECT `p`.`id`,`p`.`post_title`,`p`.`post_excerpt`,`p`.`thumbnail`,`p`.`create_time`,`c`.`category_id` FROM `cmf_portal_post` `p` INNER JOIN `cmf_portal_category_post` `c` ON `p`.`id`=`c`.`post_id` WHERE (  `p`.`post_type` = '8' ) AND `p`.`delete_time` = '0' ORDER BY `c`.`list_order` ASC,`p`.`create_time` DESC [ RunTime:0.000675s ]
[2026-06-22T09:40:23+08:00][sql] SELECT `id`,`post_title`,`post_excerpt`,`more` FROM `cmf_portal_post` WHERE (  `post_type` = 3 ) AND `cmf_portal_post`.`delete_time` = '0' ORDER BY `create_time` DESC [ RunTime:0.000358s ]
[2026-06-22T09:40:23+08:00][sql] SHOW FULL COLUMNS FROM `cmf_theme_file` [ RunTime:0.001153s ]
[2026-06-22T09:40:23+08:00][sql] SELECT `more`,`file`,`id` FROM `cmf_theme_file` WHERE  `theme` = 'simpleboot3'  AND (  `is_public` = 1 OR `file` = 'portal/index' ) ORDER BY `is_public` DESC [ RunTime:0.000408s ]
[2026-06-22T09:40:23+08:00][sql] SELECT `option_value` FROM `cmf_option` WHERE  `option_name` = 'storage' LIMIT 1 [ RunTime:0.000376s ]
[2026-06-22T09:40:33+08:00][sql] CONNECT:[ UseTime:0.000778s ] mysql:host=127.0.0.1;port=3306;dbname=newncl;charset=utf8mb4
[2026-06-22T09:40:33+08:00][sql] SHOW FULL COLUMNS FROM `cmf_option` [ RunTime:0.001639s ]
[2026-06-22T09:40:33+08:00][sql] SELECT `option_value` FROM `cmf_option` WHERE  `option_name` = 'cdn_settings' LIMIT 1 [ RunTime:0.000361s ]
[2026-06-22T09:40:33+08:00][sql] SELECT `option_value` FROM `cmf_option` WHERE  `option_name` = 'cdn_settings' LIMIT 1 [ RunTime:0.000365s ]
[2026-06-22T09:40:33+08:00][sql] SHOW FULL COLUMNS FROM `cmf_product_category` [ RunTime:0.001168s ]
[2026-06-22T09:40:33+08:00][sql] SELECT * FROM `cmf_product_category` WHERE  `parent_id` = 0 ORDER BY `list_order` ASC,`create_time` DESC [ RunTime:0.000354s ]
[2026-06-22T09:40:33+08:00][sql] SELECT * FROM `cmf_product_category` WHERE  `parent_id` IN (28,19,23,25,30,22,27) [ RunTime:0.000331s ]
[2026-06-22T09:40:33+08:00][sql] SHOW FULL COLUMNS FROM `cmf_portal_category` [ RunTime:0.001142s ]
[2026-06-22T09:40:33+08:00][sql] SELECT * FROM `cmf_portal_category` WHERE (  `type` = 8 ) AND `cmf_portal_category`.`delete_time` = '0' ORDER BY `list_order` ASC [ RunTime:0.000330s ]
[2026-06-22T09:40:33+08:00][sql] SHOW FULL COLUMNS FROM `cmf_slide_item` [ RunTime:0.001275s ]
[2026-06-22T09:40:33+08:00][sql] SELECT `title`,`description`,`image`,`url`,`target`,`content` FROM `cmf_slide_item` WHERE  `slide_id` = 1 ORDER BY `list_order` ASC [ RunTime:0.000586s ]
[2026-06-22T09:40:33+08:00][sql] SHOW FULL COLUMNS FROM `cmf_slide` [ RunTime:0.001069s ]
[2026-06-22T09:40:33+08:00][sql] SELECT * FROM `cmf_slide` WHERE  `name` LIKE '%choose%' OR `name` LIKE '%选择%' LIMIT 1 [ RunTime:0.000512s ]
[2026-06-22T09:40:33+08:00][sql] SELECT `title`,`description`,`image`,`url`,`target`,`content` FROM `cmf_slide_item` WHERE  `slide_id` = 14  AND `status` = 1 ORDER BY `list_order` ASC [ RunTime:0.000342s ]
[2026-06-22T09:40:33+08:00][sql] SELECT * FROM `cmf_product_category` WHERE  `parent_id` = 0  AND `recommend` = 1 ORDER BY `list_order` ASC,`create_time` DESC [ RunTime:0.000313s ]
[2026-06-22T09:40:33+08:00][sql] SHOW FULL COLUMNS FROM `cmf_product` [ RunTime:0.001240s ]
[2026-06-22T09:40:33+08:00][sql] SELECT `id`,`title`,`thumbnail`,`industry` FROM `cmf_product` WHERE  `is_recommended` = 1  AND `category_id` = 28 ORDER BY `list_order` ASC LIMIT 6 [ RunTime:0.000415s ]
[2026-06-22T09:40:33+08:00][sql] SELECT `id`,`title`,`thumbnail`,`industry` FROM `cmf_product` WHERE  `is_recommended` = 1  AND `category_id` = 19 ORDER BY `list_order` ASC LIMIT 6 [ RunTime:0.000377s ]
[2026-06-22T09:40:33+08:00][sql] SELECT `id`,`title`,`thumbnail`,`industry` FROM `cmf_product` WHERE  `is_recommended` = 1  AND `category_id` = 23 ORDER BY `list_order` ASC LIMIT 6 [ RunTime:0.000260s ]
[2026-06-22T09:40:33+08:00][sql] SELECT `id`,`title`,`thumbnail`,`industry` FROM `cmf_product` WHERE  `is_recommended` = 1  AND `category_id` = 25 ORDER BY `list_order` ASC LIMIT 6 [ RunTime:0.000285s ]
[2026-06-22T09:40:33+08:00][sql] SELECT `id`,`title`,`thumbnail`,`industry` FROM `cmf_product` WHERE  `is_recommended` = 1  AND `category_id` = 30 ORDER BY `list_order` ASC LIMIT 6 [ RunTime:0.000268s ]
[2026-06-22T09:40:33+08:00][sql] SHOW FULL COLUMNS FROM `cmf_portal_post` [ RunTime:0.001174s ]
[2026-06-22T09:40:33+08:00][sql] SELECT `p`.`id`,`p`.`post_title`,`p`.`post_excerpt`,`p`.`thumbnail`,`p`.`create_time`,`c`.`category_id` FROM `cmf_portal_post` `p` INNER JOIN `cmf_portal_category_post` `c` ON `p`.`id`=`c`.`post_id` WHERE (  `p`.`post_type` = '8' ) AND `p`.`delete_time` = '0' ORDER BY `c`.`list_order` ASC,`p`.`create_time` DESC [ RunTime:0.000927s ]
[2026-06-22T09:40:33+08:00][sql] SELECT `id`,`post_title`,`post_excerpt`,`more` FROM `cmf_portal_post` WHERE (  `post_type` = 3 ) AND `cmf_portal_post`.`delete_time` = '0' ORDER BY `create_time` DESC [ RunTime:0.000381s ]
[2026-06-22T09:40:33+08:00][sql] SHOW FULL COLUMNS FROM `cmf_theme_file` [ RunTime:0.001045s ]
[2026-06-22T09:40:33+08:00][sql] SELECT `more`,`file`,`id` FROM `cmf_theme_file` WHERE  `theme` = 'simpleboot3'  AND (  `is_public` = 1 OR `file` = 'portal/index' ) ORDER BY `is_public` DESC [ RunTime:0.000402s ]
[2026-06-22T09:40:33+08:00][sql] SELECT `option_value` FROM `cmf_option` WHERE  `option_name` = 'storage' LIMIT 1 [ RunTime:0.000400s ]
[2026-06-22T09:40:42+08:00][sql] CONNECT:[ UseTime:0.000903s ] mysql:host=127.0.0.1;port=3306;dbname=newncl;charset=utf8mb4
[2026-06-22T09:40:42+08:00][sql] SHOW FULL COLUMNS FROM `cmf_option` [ RunTime:0.001980s ]
[2026-06-22T09:40:42+08:00][sql] SELECT `option_value` FROM `cmf_option` WHERE  `option_name` = 'cdn_settings' LIMIT 1 [ RunTime:0.000316s ]
[2026-06-22T09:40:42+08:00][sql] SELECT `option_value` FROM `cmf_option` WHERE  `option_name` = 'cdn_settings' LIMIT 1 [ RunTime:0.000271s ]
[2026-06-22T09:40:42+08:00][sql] SHOW FULL COLUMNS FROM `cmf_product_category` [ RunTime:0.001300s ]
[2026-06-22T09:40:42+08:00][sql] SELECT * FROM `cmf_product_category` WHERE  `parent_id` = 0 ORDER BY `list_order` ASC,`create_time` DESC [ RunTime:0.000379s ]
[2026-06-22T09:40:42+08:00][sql] SELECT * FROM `cmf_product_category` WHERE  `parent_id` IN (28,19,23,25,30,22,27) [ RunTime:0.000299s ]
[2026-06-22T09:40:42+08:00][sql] SHOW FULL COLUMNS FROM `cmf_portal_category` [ RunTime:0.001341s ]
[2026-06-22T09:40:42+08:00][sql] SELECT * FROM `cmf_portal_category` WHERE (  `type` = 8 ) AND `cmf_portal_category`.`delete_time` = '0' ORDER BY `list_order` ASC [ RunTime:0.000324s ]
[2026-06-22T09:40:42+08:00][sql] SHOW FULL COLUMNS FROM `cmf_slide_item` [ RunTime:0.002088s ]
[2026-06-22T09:40:42+08:00][sql] SELECT `title`,`description`,`image`,`url`,`target`,`content` FROM `cmf_slide_item` WHERE  `slide_id` = 1 ORDER BY `list_order` ASC [ RunTime:0.000480s ]
[2026-06-22T09:40:42+08:00][sql] SHOW FULL COLUMNS FROM `cmf_slide` [ RunTime:0.001022s ]
[2026-06-22T09:40:42+08:00][sql] SELECT * FROM `cmf_slide` WHERE  `name` LIKE '%choose%' OR `name` LIKE '%选择%' LIMIT 1 [ RunTime:0.000386s ]
[2026-06-22T09:40:42+08:00][sql] SELECT `title`,`description`,`image`,`url`,`target`,`content` FROM `cmf_slide_item` WHERE  `slide_id` = 14  AND `status` = 1 ORDER BY `list_order` ASC [ RunTime:0.000348s ]
[2026-06-22T09:40:42+08:00][sql] SELECT * FROM `cmf_product_category` WHERE  `parent_id` = 0  AND `recommend` = 1 ORDER BY `list_order` ASC,`create_time` DESC [ RunTime:0.000329s ]
[2026-06-22T09:40:42+08:00][sql] SHOW FULL COLUMNS FROM `cmf_product` [ RunTime:0.001181s ]
[2026-06-22T09:40:42+08:00][sql] SELECT `id`,`title`,`thumbnail`,`industry` FROM `cmf_product` WHERE  `is_recommended` = 1  AND `category_id` = 28 ORDER BY `list_order` ASC LIMIT 6 [ RunTime:0.000389s ]
[2026-06-22T09:40:42+08:00][sql] SELECT `id`,`title`,`thumbnail`,`industry` FROM `cmf_product` WHERE  `is_recommended` = 1  AND `category_id` = 19 ORDER BY `list_order` ASC LIMIT 6 [ RunTime:0.000348s ]
[2026-06-22T09:40:42+08:00][sql] SELECT `id`,`title`,`thumbnail`,`industry` FROM `cmf_product` WHERE  `is_recommended` = 1  AND `category_id` = 23 ORDER BY `list_order` ASC LIMIT 6 [ RunTime:0.000277s ]
[2026-06-22T09:40:42+08:00][sql] SELECT `id`,`title`,`thumbnail`,`industry` FROM `cmf_product` WHERE  `is_recommended` = 1  AND `category_id` = 25 ORDER BY `list_order` ASC LIMIT 6 [ RunTime:0.000307s ]
[2026-06-22T09:40:42+08:00][sql] SELECT `id`,`title`,`thumbnail`,`industry` FROM `cmf_product` WHERE  `is_recommended` = 1  AND `category_id` = 30 ORDER BY `list_order` ASC LIMIT 6 [ RunTime:0.000287s ]
[2026-06-22T09:40:42+08:00][sql] SHOW FULL COLUMNS FROM `cmf_portal_post` [ RunTime:0.001101s ]
[2026-06-22T09:40:42+08:00][sql] SELECT `p`.`id`,`p`.`post_title`,`p`.`post_excerpt`,`p`.`thumbnail`,`p`.`create_time`,`c`.`category_id` FROM `cmf_portal_post` `p` INNER JOIN `cmf_portal_category_post` `c` ON `p`.`id`=`c`.`post_id` WHERE (  `p`.`post_type` = '8' ) AND `p`.`delete_time` = '0' ORDER BY `c`.`list_order` ASC,`p`.`create_time` DESC [ RunTime:0.000743s ]
[2026-06-22T09:40:42+08:00][sql] SELECT `id`,`post_title`,`post_excerpt`,`more` FROM `cmf_portal_post` WHERE (  `post_type` = 3 ) AND `cmf_portal_post`.`delete_time` = '0' ORDER BY `create_time` DESC [ RunTime:0.000369s ]
[2026-06-22T09:40:42+08:00][sql] SHOW FULL COLUMNS FROM `cmf_theme_file` [ RunTime:0.003009s ]
[2026-06-22T09:40:42+08:00][sql] SELECT `more`,`file`,`id` FROM `cmf_theme_file` WHERE  `theme` = 'simpleboot3_mobile'  AND (  `is_public` = 1 OR `file` = 'portal/index' ) ORDER BY `is_public` DESC [ RunTime:0.000397s ]
[2026-06-22T09:40:42+08:00][sql] SELECT `option_value` FROM `cmf_option` WHERE  `option_name` = 'storage' LIMIT 1 [ RunTime:0.000372s ]
[2026-06-22T09:40:56+08:00][sql] CONNECT:[ UseTime:0.001003s ] mysql:host=127.0.0.1;port=3306;dbname=newncl;charset=utf8mb4
[2026-06-22T09:40:56+08:00][sql] SHOW FULL COLUMNS FROM `cmf_option` [ RunTime:0.002266s ]
[2026-06-22T09:40:56+08:00][sql] SELECT `option_value` FROM `cmf_option` WHERE  `option_name` = 'cdn_settings' LIMIT 1 [ RunTime:0.000856s ]
[2026-06-22T09:40:56+08:00][sql] SELECT `option_value` FROM `cmf_option` WHERE  `option_name` = 'cdn_settings' LIMIT 1 [ RunTime:0.000395s ]
[2026-06-22T09:40:56+08:00][sql] SHOW FULL COLUMNS FROM `cmf_product_category` [ RunTime:0.001223s ]
[2026-06-22T09:40:56+08:00][sql] SELECT * FROM `cmf_product_category` WHERE  `parent_id` = 0 ORDER BY `list_order` ASC,`create_time` DESC [ RunTime:0.000335s ]
[2026-06-22T09:40:56+08:00][sql] SELECT * FROM `cmf_product_category` WHERE  `parent_id` IN (28,19,23,25,30,22,27) [ RunTime:0.000376s ]
[2026-06-22T09:40:56+08:00][sql] SHOW FULL COLUMNS FROM `cmf_portal_category` [ RunTime:0.001968s ]
[2026-06-22T09:40:56+08:00][sql] SELECT * FROM `cmf_portal_category` WHERE (  `type` = 8 ) AND `cmf_portal_category`.`delete_time` = '0' ORDER BY `list_order` ASC [ RunTime:0.000808s ]
[2026-06-22T09:40:56+08:00][sql] SHOW FULL COLUMNS FROM `cmf_slide_item` [ RunTime:0.001296s ]
[2026-06-22T09:40:56+08:00][sql] SELECT `title`,`description`,`image`,`url`,`target`,`content` FROM `cmf_slide_item` WHERE  `slide_id` = 1 ORDER BY `list_order` ASC [ RunTime:0.000346s ]
[2026-06-22T09:40:56+08:00][sql] SHOW FULL COLUMNS FROM `cmf_slide` [ RunTime:0.000909s ]
[2026-06-22T09:40:56+08:00][sql] SELECT * FROM `cmf_slide` WHERE  `name` LIKE '%choose%' OR `name` LIKE '%选择%' LIMIT 1 [ RunTime:0.000373s ]
[2026-06-22T09:40:56+08:00][sql] SELECT `title`,`description`,`image`,`url`,`target`,`content` FROM `cmf_slide_item` WHERE  `slide_id` = 14  AND `status` = 1 ORDER BY `list_order` ASC [ RunTime:0.000337s ]
[2026-06-22T09:40:56+08:00][sql] SELECT * FROM `cmf_product_category` WHERE  `parent_id` = 0  AND `recommend` = 1 ORDER BY `list_order` ASC,`create_time` DESC [ RunTime:0.000337s ]
[2026-06-22T09:40:56+08:00][sql] SHOW FULL COLUMNS FROM `cmf_product` [ RunTime:0.001224s ]
[2026-06-22T09:40:56+08:00][sql] SELECT `id`,`title`,`thumbnail`,`industry` FROM `cmf_product` WHERE  `is_recommended` = 1  AND `category_id` = 28 ORDER BY `list_order` ASC LIMIT 6 [ RunTime:0.000406s ]
[2026-06-22T09:40:56+08:00][sql] SELECT `id`,`title`,`thumbnail`,`industry` FROM `cmf_product` WHERE  `is_recommended` = 1  AND `category_id` = 19 ORDER BY `list_order` ASC LIMIT 6 [ RunTime:0.000364s ]
[2026-06-22T09:40:56+08:00][sql] SELECT `id`,`title`,`thumbnail`,`industry` FROM `cmf_product` WHERE  `is_recommended` = 1  AND `category_id` = 23 ORDER BY `list_order` ASC LIMIT 6 [ RunTime:0.000281s ]
[2026-06-22T09:40:56+08:00][sql] SELECT `id`,`title`,`thumbnail`,`industry` FROM `cmf_product` WHERE  `is_recommended` = 1  AND `category_id` = 25 ORDER BY `list_order` ASC LIMIT 6 [ RunTime:0.000315s ]
[2026-06-22T09:40:56+08:00][sql] SELECT `id`,`title`,`thumbnail`,`industry` FROM `cmf_product` WHERE  `is_recommended` = 1  AND `category_id` = 30 ORDER BY `list_order` ASC LIMIT 6 [ RunTime:0.000281s ]
[2026-06-22T09:40:56+08:00][sql] SHOW FULL COLUMNS FROM `cmf_portal_post` [ RunTime:0.001486s ]
[2026-06-22T09:40:56+08:00][sql] SELECT `p`.`id`,`p`.`post_title`,`p`.`post_excerpt`,`p`.`thumbnail`,`p`.`create_time`,`c`.`category_id` FROM `cmf_portal_post` `p` INNER JOIN `cmf_portal_category_post` `c` ON `p`.`id`=`c`.`post_id` WHERE (  `p`.`post_type` = '8' ) AND `p`.`delete_time` = '0' ORDER BY `c`.`list_order` ASC,`p`.`create_time` DESC [ RunTime:0.001857s ]
[2026-06-22T09:40:56+08:00][sql] SELECT `id`,`post_title`,`post_excerpt`,`more` FROM `cmf_portal_post` WHERE (  `post_type` = 3 ) AND `cmf_portal_post`.`delete_time` = '0' ORDER BY `create_time` DESC [ RunTime:0.001551s ]
[2026-06-22T09:40:56+08:00][sql] SHOW FULL COLUMNS FROM `cmf_theme_file` [ RunTime:0.001238s ]
[2026-06-22T09:40:56+08:00][sql] SELECT `more`,`file`,`id` FROM `cmf_theme_file` WHERE  `theme` = 'simpleboot3'  AND (  `is_public` = 1 OR `file` = 'portal/index' ) ORDER BY `is_public` DESC [ RunTime:0.000339s ]
[2026-06-22T09:40:56+08:00][sql] SELECT `option_value` FROM `cmf_option` WHERE  `option_name` = 'storage' LIMIT 1 [ RunTime:0.000325s ]
[2026-06-22T09:46:06+08:00][sql] CONNECT:[ UseTime:0.001172s ] mysql:host=127.0.0.1;port=3306;dbname=newncl;charset=utf8mb4
[2026-06-22T09:46:06+08:00][sql] SHOW FULL COLUMNS FROM `cmf_option` [ RunTime:0.001764s ]
[2026-06-22T09:46:06+08:00][sql] SELECT `option_value` FROM `cmf_option` WHERE  `option_name` = 'cdn_settings' LIMIT 1 [ RunTime:0.000311s ]
[2026-06-22T09:46:06+08:00][sql] SELECT `option_value` FROM `cmf_option` WHERE  `option_name` = 'cdn_settings' LIMIT 1 [ RunTime:0.000504s ]
[2026-06-22T09:46:06+08:00][sql] SHOW FULL COLUMNS FROM `cmf_product_category` [ RunTime:0.001330s ]
[2026-06-22T09:46:06+08:00][sql] SELECT * FROM `cmf_product_category` WHERE  `parent_id` = 0 ORDER BY `list_order` ASC,`create_time` DESC [ RunTime:0.000412s ]
[2026-06-22T09:46:06+08:00][sql] SELECT * FROM `cmf_product_category` WHERE  `parent_id` IN (28,19,23,25,30,22,27) [ RunTime:0.000390s ]
[2026-06-22T09:46:06+08:00][sql] SHOW FULL COLUMNS FROM `cmf_portal_category` [ RunTime:0.001231s ]
[2026-06-22T09:46:06+08:00][sql] SELECT * FROM `cmf_portal_category` WHERE (  `type` = 8 ) AND `cmf_portal_category`.`delete_time` = '0' ORDER BY `list_order` ASC [ RunTime:0.000354s ]
[2026-06-22T09:46:06+08:00][sql] SELECT * FROM `cmf_product_category` WHERE  `id` = 28 LIMIT 1 [ RunTime:0.000481s ]
[2026-06-22T09:46:06+08:00][sql] SHOW FULL COLUMNS FROM `cmf_product` [ RunTime:0.001680s ]
[2026-06-22T09:46:06+08:00][sql] SELECT COUNT(*) AS think_count FROM `cmf_product` WHERE  `category_id` = 28 LIMIT 1 [ RunTime:0.000397s ]
[2026-06-22T09:46:06+08:00][sql] SELECT COUNT(*) AS think_count FROM `cmf_product` WHERE  `category_id` = 19 LIMIT 1 [ RunTime:0.000280s ]
[2026-06-22T09:46:06+08:00][sql] SELECT COUNT(*) AS think_count FROM `cmf_product` WHERE  `category_id` = 23 LIMIT 1 [ RunTime:0.000230s ]
[2026-06-22T09:46:06+08:00][sql] SELECT COUNT(*) AS think_count FROM `cmf_product` WHERE  `category_id` = 25 LIMIT 1 [ RunTime:0.000246s ]
[2026-06-22T09:46:06+08:00][sql] SELECT COUNT(*) AS think_count FROM `cmf_product` WHERE  `category_id` = 30 LIMIT 1 [ RunTime:0.000240s ]
[2026-06-22T09:46:06+08:00][sql] SELECT COUNT(*) AS think_count FROM `cmf_product` WHERE  `category_id` = 22 LIMIT 1 [ RunTime:0.000244s ]
[2026-06-22T09:46:06+08:00][sql] SELECT COUNT(*) AS think_count FROM `cmf_product` WHERE  `category_id` = 27 LIMIT 1 [ RunTime:0.000200s ]
[2026-06-22T09:46:06+08:00][sql] SELECT COUNT(*) AS think_count FROM `cmf_product` WHERE  `category_id` = 28 LIMIT 1 [ RunTime:0.000236s ]
[2026-06-22T09:46:06+08:00][sql] SELECT `id`,`category_id`,`title`,`thumbnail`,`industry`,`overview` FROM `cmf_product` WHERE  `category_id` = 28 ORDER BY `list_order` ASC,`create_time` DESC LIMIT 0,12 [ RunTime:0.000487s ]
[2026-06-22T09:46:06+08:00][sql] SHOW FULL COLUMNS FROM `cmf_slide_item` [ RunTime:0.001095s ]
[2026-06-22T09:46:06+08:00][sql] SELECT `title`,`description`,`image` FROM `cmf_slide_item` WHERE  `slide_id` = 2  AND `status` = 1 ORDER BY `list_order` ASC,`id` DESC LIMIT 1 [ RunTime:0.000384s ]
[2026-06-22T09:46:06+08:00][sql] SELECT `option_value` FROM `cmf_option` WHERE  `option_name` = 'storage' LIMIT 1 [ RunTime:0.000250s ]
[2026-06-22T09:46:06+08:00][sql] SHOW FULL COLUMNS FROM `cmf_portal_post` [ RunTime:0.001187s ]
[2026-06-22T09:46:06+08:00][sql] SELECT `id`,`post_title`,`post_excerpt`,`more` FROM `cmf_portal_post` WHERE (  `post_type` = 3 ) AND `cmf_portal_post`.`delete_time` = '0' ORDER BY `create_time` DESC [ RunTime:0.000376s ]
[2026-06-22T09:46:06+08:00][sql] SHOW FULL COLUMNS FROM `cmf_theme_file` [ RunTime:0.001071s ]
[2026-06-22T09:46:06+08:00][sql] SELECT `more`,`file`,`id` FROM `cmf_theme_file` WHERE  `theme` = 'simpleboot3'  AND (  `is_public` = 1 OR `file` = 'portal/product' ) ORDER BY `is_public` DESC [ RunTime:0.000420s ]
[2026-06-22T09:47:37+08:00][sql] CONNECT:[ UseTime:0.000737s ] mysql:host=127.0.0.1;port=3306;dbname=newncl;charset=utf8mb4
[2026-06-22T09:47:37+08:00][sql] SHOW FULL COLUMNS FROM `cmf_option` [ RunTime:0.001281s ]
[2026-06-22T09:47:37+08:00][sql] SELECT `option_value` FROM `cmf_option` WHERE  `option_name` = 'cdn_settings' LIMIT 1 [ RunTime:0.000279s ]
[2026-06-22T09:47:37+08:00][sql] SELECT `option_value` FROM `cmf_option` WHERE  `option_name` = 'cdn_settings' LIMIT 1 [ RunTime:0.000275s ]
[2026-06-22T09:47:37+08:00][sql] SHOW FULL COLUMNS FROM `cmf_product_category` [ RunTime:0.001384s ]
[2026-06-22T09:47:37+08:00][sql] SELECT * FROM `cmf_product_category` WHERE  `parent_id` = 0 ORDER BY `list_order` ASC,`create_time` DESC [ RunTime:0.000686s ]
[2026-06-22T09:47:37+08:00][sql] SELECT * FROM `cmf_product_category` WHERE  `parent_id` IN (28,19,23,25,30,22,27) [ RunTime:0.000343s ]
[2026-06-22T09:47:37+08:00][sql] SHOW FULL COLUMNS FROM `cmf_portal_category` [ RunTime:0.001294s ]
[2026-06-22T09:47:37+08:00][sql] SELECT * FROM `cmf_portal_category` WHERE (  `type` = 8 ) AND `cmf_portal_category`.`delete_time` = '0' ORDER BY `list_order` ASC [ RunTime:0.000337s ]
[2026-06-22T09:47:37+08:00][sql] SELECT * FROM `cmf_product_category` WHERE  `id` = 28 LIMIT 1 [ RunTime:0.000285s ]
[2026-06-22T09:47:37+08:00][sql] SHOW FULL COLUMNS FROM `cmf_product` [ RunTime:0.001242s ]
[2026-06-22T09:47:37+08:00][sql] SELECT COUNT(*) AS think_count FROM `cmf_product` WHERE  `category_id` = 28 LIMIT 1 [ RunTime:0.000318s ]
[2026-06-22T09:47:37+08:00][sql] SELECT COUNT(*) AS think_count FROM `cmf_product` WHERE  `category_id` = 19 LIMIT 1 [ RunTime:0.000255s ]
[2026-06-22T09:47:37+08:00][sql] SELECT COUNT(*) AS think_count FROM `cmf_product` WHERE  `category_id` = 23 LIMIT 1 [ RunTime:0.000243s ]
[2026-06-22T09:47:37+08:00][sql] SELECT COUNT(*) AS think_count FROM `cmf_product` WHERE  `category_id` = 25 LIMIT 1 [ RunTime:0.000241s ]
[2026-06-22T09:47:37+08:00][sql] SELECT COUNT(*) AS think_count FROM `cmf_product` WHERE  `category_id` = 30 LIMIT 1 [ RunTime:0.000247s ]
[2026-06-22T09:47:37+08:00][sql] SELECT COUNT(*) AS think_count FROM `cmf_product` WHERE  `category_id` = 22 LIMIT 1 [ RunTime:0.000234s ]
[2026-06-22T09:47:37+08:00][sql] SELECT COUNT(*) AS think_count FROM `cmf_product` WHERE  `category_id` = 27 LIMIT 1 [ RunTime:0.000216s ]
[2026-06-22T09:47:37+08:00][sql] SELECT COUNT(*) AS think_count FROM `cmf_product` WHERE  `category_id` = 28 LIMIT 1 [ RunTime:0.000250s ]
[2026-06-22T09:47:37+08:00][sql] SELECT `id`,`category_id`,`title`,`thumbnail`,`industry`,`overview` FROM `cmf_product` WHERE  `category_id` = 28 ORDER BY `list_order` ASC,`create_time` DESC LIMIT 0,12 [ RunTime:0.000452s ]
[2026-06-22T09:47:37+08:00][sql] SHOW FULL COLUMNS FROM `cmf_slide_item` [ RunTime:0.001317s ]
[2026-06-22T09:47:37+08:00][sql] SELECT `title`,`description`,`image` FROM `cmf_slide_item` WHERE  `slide_id` = 2  AND `status` = 1 ORDER BY `list_order` ASC,`id` DESC LIMIT 1 [ RunTime:0.000570s ]
[2026-06-22T09:47:37+08:00][sql] SELECT `option_value` FROM `cmf_option` WHERE  `option_name` = 'storage' LIMIT 1 [ RunTime:0.000307s ]
[2026-06-22T09:47:37+08:00][sql] SHOW FULL COLUMNS FROM `cmf_portal_post` [ RunTime:0.001286s ]
[2026-06-22T09:47:37+08:00][sql] SELECT `id`,`post_title`,`post_excerpt`,`more` FROM `cmf_portal_post` WHERE (  `post_type` = 3 ) AND `cmf_portal_post`.`delete_time` = '0' ORDER BY `create_time` DESC [ RunTime:0.000390s ]
[2026-06-22T09:47:37+08:00][sql] SHOW FULL COLUMNS FROM `cmf_theme_file` [ RunTime:0.001086s ]
[2026-06-22T09:47:37+08:00][sql] SELECT `more`,`file`,`id` FROM `cmf_theme_file` WHERE  `theme` = 'simpleboot3'  AND (  `is_public` = 1 OR `file` = 'portal/product' ) ORDER BY `is_public` DESC [ RunTime:0.000301s ]
[2026-06-22T09:47:38+08:00][sql] CONNECT:[ UseTime:0.000928s ] mysql:host=127.0.0.1;port=3306;dbname=newncl;charset=utf8mb4
[2026-06-22T09:47:38+08:00][sql] SHOW FULL COLUMNS FROM `cmf_option` [ RunTime:0.001348s ]
[2026-06-22T09:47:38+08:00][sql] SELECT `option_value` FROM `cmf_option` WHERE  `option_name` = 'cdn_settings' LIMIT 1 [ RunTime:0.000306s ]
[2026-06-22T09:47:38+08:00][sql] SELECT `option_value` FROM `cmf_option` WHERE  `option_name` = 'cdn_settings' LIMIT 1 [ RunTime:0.000411s ]
[2026-06-22T09:47:38+08:00][sql] SHOW FULL COLUMNS FROM `cmf_product_category` [ RunTime:0.001192s ]
[2026-06-22T09:47:38+08:00][sql] SELECT * FROM `cmf_product_category` WHERE  `parent_id` = 0 ORDER BY `list_order` ASC,`create_time` DESC [ RunTime:0.000343s ]
[2026-06-22T09:47:38+08:00][sql] SELECT * FROM `cmf_product_category` WHERE  `parent_id` IN (28,19,23,25,30,22,27) [ RunTime:0.000501s ]
[2026-06-22T09:47:38+08:00][sql] SHOW FULL COLUMNS FROM `cmf_portal_category` [ RunTime:0.002544s ]
[2026-06-22T09:47:38+08:00][sql] SELECT * FROM `cmf_portal_category` WHERE (  `type` = 8 ) AND `cmf_portal_category`.`delete_time` = '0' ORDER BY `list_order` ASC [ RunTime:0.000652s ]
[2026-06-22T09:47:38+08:00][sql] SELECT * FROM `cmf_product_category` WHERE  `id` = 28 LIMIT 1 [ RunTime:0.000355s ]
[2026-06-22T09:47:38+08:00][sql] SHOW FULL COLUMNS FROM `cmf_product` [ RunTime:0.001111s ]
[2026-06-22T09:47:38+08:00][sql] SELECT COUNT(*) AS think_count FROM `cmf_product` WHERE  `category_id` = 28 LIMIT 1 [ RunTime:0.000244s ]
[2026-06-22T09:47:38+08:00][sql] SELECT COUNT(*) AS think_count FROM `cmf_product` WHERE  `category_id` = 19 LIMIT 1 [ RunTime:0.000220s ]
[2026-06-22T09:47:38+08:00][sql] SELECT COUNT(*) AS think_count FROM `cmf_product` WHERE  `category_id` = 23 LIMIT 1 [ RunTime:0.000227s ]
[2026-06-22T09:47:38+08:00][sql] SELECT COUNT(*) AS think_count FROM `cmf_product` WHERE  `category_id` = 25 LIMIT 1 [ RunTime:0.000198s ]
[2026-06-22T09:47:38+08:00][sql] SELECT COUNT(*) AS think_count FROM `cmf_product` WHERE  `category_id` = 30 LIMIT 1 [ RunTime:0.000197s ]
[2026-06-22T09:47:38+08:00][sql] SELECT COUNT(*) AS think_count FROM `cmf_product` WHERE  `category_id` = 22 LIMIT 1 [ RunTime:0.000182s ]
[2026-06-22T09:47:38+08:00][sql] SELECT COUNT(*) AS think_count FROM `cmf_product` WHERE  `category_id` = 27 LIMIT 1 [ RunTime:0.000176s ]
[2026-06-22T09:47:38+08:00][sql] SELECT COUNT(*) AS think_count FROM `cmf_product` WHERE  `category_id` = 28 LIMIT 1 [ RunTime:0.000242s ]
[2026-06-22T09:47:38+08:00][sql] SELECT `id`,`category_id`,`title`,`thumbnail`,`industry`,`overview` FROM `cmf_product` WHERE  `category_id` = 28 ORDER BY `list_order` ASC,`create_time` DESC LIMIT 0,12 [ RunTime:0.000427s ]
[2026-06-22T09:47:38+08:00][sql] SHOW FULL COLUMNS FROM `cmf_slide_item` [ RunTime:0.001318s ]
[2026-06-22T09:47:38+08:00][sql] SELECT `title`,`description`,`image` FROM `cmf_slide_item` WHERE  `slide_id` = 2  AND `status` = 1 ORDER BY `list_order` ASC,`id` DESC LIMIT 1 [ RunTime:0.000524s ]
[2026-06-22T09:47:38+08:00][sql] SELECT `option_value` FROM `cmf_option` WHERE  `option_name` = 'storage' LIMIT 1 [ RunTime:0.000297s ]
[2026-06-22T09:47:38+08:00][sql] SHOW FULL COLUMNS FROM `cmf_portal_post` [ RunTime:0.002475s ]
[2026-06-22T09:47:38+08:00][sql] SELECT `id`,`post_title`,`post_excerpt`,`more` FROM `cmf_portal_post` WHERE (  `post_type` = 3 ) AND `cmf_portal_post`.`delete_time` = '0' ORDER BY `create_time` DESC [ RunTime:0.000490s ]
[2026-06-22T09:47:38+08:00][sql] SHOW FULL COLUMNS FROM `cmf_theme_file` [ RunTime:0.001248s ]
[2026-06-22T09:47:38+08:00][sql] SELECT `more`,`file`,`id` FROM `cmf_theme_file` WHERE  `theme` = 'simpleboot3'  AND (  `is_public` = 1 OR `file` = 'portal/product' ) ORDER BY `is_public` DESC [ RunTime:0.000374s ]
[2026-06-22T09:47:54+08:00][sql] CONNECT:[ UseTime:0.000831s ] mysql:host=127.0.0.1;port=3306;dbname=newncl;charset=utf8mb4
[2026-06-22T09:47:54+08:00][sql] SHOW FULL COLUMNS FROM `cmf_option` [ RunTime:0.001337s ]
[2026-06-22T09:47:54+08:00][sql] SELECT `option_value` FROM `cmf_option` WHERE  `option_name` = 'cdn_settings' LIMIT 1 [ RunTime:0.000259s ]
[2026-06-22T09:47:54+08:00][sql] SELECT `option_value` FROM `cmf_option` WHERE  `option_name` = 'cdn_settings' LIMIT 1 [ RunTime:0.000383s ]
[2026-06-22T09:47:54+08:00][sql] SHOW FULL COLUMNS FROM `cmf_product_category` [ RunTime:0.001322s ]
[2026-06-22T09:47:54+08:00][sql] SELECT * FROM `cmf_product_category` WHERE  `parent_id` = 0 ORDER BY `list_order` ASC,`create_time` DESC [ RunTime:0.000350s ]
[2026-06-22T09:47:54+08:00][sql] SELECT * FROM `cmf_product_category` WHERE  `parent_id` IN (28,19,23,25,30,22,27) [ RunTime:0.000327s ]
[2026-06-22T09:47:54+08:00][sql] SHOW FULL COLUMNS FROM `cmf_portal_category` [ RunTime:0.001127s ]
[2026-06-22T09:47:54+08:00][sql] SELECT * FROM `cmf_portal_category` WHERE (  `type` = 8 ) AND `cmf_portal_category`.`delete_time` = '0' ORDER BY `list_order` ASC [ RunTime:0.000346s ]
[2026-06-22T09:47:54+08:00][sql] SELECT * FROM `cmf_product_category` WHERE  `id` = 28 LIMIT 1 [ RunTime:0.000275s ]
[2026-06-22T09:47:54+08:00][sql] SHOW FULL COLUMNS FROM `cmf_product` [ RunTime:0.001252s ]
[2026-06-22T09:47:54+08:00][sql] SELECT COUNT(*) AS think_count FROM `cmf_product` WHERE  `category_id` = 28 LIMIT 1 [ RunTime:0.000301s ]
[2026-06-22T09:47:54+08:00][sql] SELECT COUNT(*) AS think_count FROM `cmf_product` WHERE  `category_id` = 19 LIMIT 1 [ RunTime:0.000264s ]
[2026-06-22T09:47:54+08:00][sql] SELECT COUNT(*) AS think_count FROM `cmf_product` WHERE  `category_id` = 23 LIMIT 1 [ RunTime:0.000232s ]
[2026-06-22T09:47:54+08:00][sql] SELECT COUNT(*) AS think_count FROM `cmf_product` WHERE  `category_id` = 25 LIMIT 1 [ RunTime:0.000245s ]
[2026-06-22T09:47:54+08:00][sql] SELECT COUNT(*) AS think_count FROM `cmf_product` WHERE  `category_id` = 30 LIMIT 1 [ RunTime:0.000227s ]
[2026-06-22T09:47:54+08:00][sql] SELECT COUNT(*) AS think_count FROM `cmf_product` WHERE  `category_id` = 22 LIMIT 1 [ RunTime:0.000244s ]
[2026-06-22T09:47:54+08:00][sql] SELECT COUNT(*) AS think_count FROM `cmf_product` WHERE  `category_id` = 27 LIMIT 1 [ RunTime:0.000207s ]
[2026-06-22T09:47:54+08:00][sql] SELECT COUNT(*) AS think_count FROM `cmf_product` WHERE  `category_id` = 28 LIMIT 1 [ RunTime:0.000274s ]
[2026-06-22T09:47:54+08:00][sql] SELECT `id`,`category_id`,`title`,`thumbnail`,`industry`,`overview` FROM `cmf_product` WHERE  `category_id` = 28 ORDER BY `list_order` ASC,`create_time` DESC LIMIT 0,12 [ RunTime:0.000433s ]
[2026-06-22T09:47:54+08:00][sql] SHOW FULL COLUMNS FROM `cmf_slide_item` [ RunTime:0.000989s ]
[2026-06-22T09:47:54+08:00][sql] SELECT `title`,`description`,`image` FROM `cmf_slide_item` WHERE  `slide_id` = 2  AND `status` = 1 ORDER BY `list_order` ASC,`id` DESC LIMIT 1 [ RunTime:0.000374s ]
[2026-06-22T09:47:54+08:00][sql] SELECT `option_value` FROM `cmf_option` WHERE  `option_name` = 'storage' LIMIT 1 [ RunTime:0.000372s ]
[2026-06-22T09:47:54+08:00][sql] SHOW FULL COLUMNS FROM `cmf_portal_post` [ RunTime:0.001304s ]
[2026-06-22T09:47:54+08:00][sql] SELECT `id`,`post_title`,`post_excerpt`,`more` FROM `cmf_portal_post` WHERE (  `post_type` = 3 ) AND `cmf_portal_post`.`delete_time` = '0' ORDER BY `create_time` DESC [ RunTime:0.000365s ]
[2026-06-22T09:47:54+08:00][sql] SHOW FULL COLUMNS FROM `cmf_theme_file` [ RunTime:0.000970s ]
[2026-06-22T09:47:54+08:00][sql] SELECT `more`,`file`,`id` FROM `cmf_theme_file` WHERE  `theme` = 'simpleboot3'  AND (  `is_public` = 1 OR `file` = 'portal/product' ) ORDER BY `is_public` DESC [ RunTime:0.000311s ]
[2026-06-22T09:49:36+08:00][sql] CONNECT:[ UseTime:0.001020s ] mysql:host=127.0.0.1;port=3306;dbname=newncl;charset=utf8mb4
[2026-06-22T09:49:36+08:00][sql] SHOW FULL COLUMNS FROM `cmf_option` [ RunTime:0.001356s ]
[2026-06-22T09:49:36+08:00][sql] SELECT `option_value` FROM `cmf_option` WHERE  `option_name` = 'cdn_settings' LIMIT 1 [ RunTime:0.000336s ]
[2026-06-22T09:49:36+08:00][sql] SELECT `option_value` FROM `cmf_option` WHERE  `option_name` = 'cdn_settings' LIMIT 1 [ RunTime:0.000629s ]
[2026-06-22T09:49:36+08:00][sql] SHOW FULL COLUMNS FROM `cmf_product_category` [ RunTime:0.001229s ]
[2026-06-22T09:49:36+08:00][sql] SELECT * FROM `cmf_product_category` WHERE  `parent_id` = 0 ORDER BY `list_order` ASC,`create_time` DESC [ RunTime:0.000351s ]
[2026-06-22T09:49:36+08:00][sql] SELECT * FROM `cmf_product_category` WHERE  `parent_id` IN (28,19,23,25,30,22,27) [ RunTime:0.000302s ]
[2026-06-22T09:49:36+08:00][sql] SHOW FULL COLUMNS FROM `cmf_portal_category` [ RunTime:0.001006s ]
[2026-06-22T09:49:36+08:00][sql] SELECT * FROM `cmf_portal_category` WHERE (  `type` = 8 ) AND `cmf_portal_category`.`delete_time` = '0' ORDER BY `list_order` ASC [ RunTime:0.000344s ]
[2026-06-22T09:49:36+08:00][sql] SELECT * FROM `cmf_product_category` WHERE  `id` = 28 LIMIT 1 [ RunTime:0.000330s ]
[2026-06-22T09:49:36+08:00][sql] SHOW FULL COLUMNS FROM `cmf_product` [ RunTime:0.001297s ]
[2026-06-22T09:49:36+08:00][sql] SELECT COUNT(*) AS think_count FROM `cmf_product` WHERE  `category_id` = 28 LIMIT 1 [ RunTime:0.000299s ]
[2026-06-22T09:49:36+08:00][sql] SELECT COUNT(*) AS think_count FROM `cmf_product` WHERE  `category_id` = 19 LIMIT 1 [ RunTime:0.000257s ]
[2026-06-22T09:49:36+08:00][sql] SELECT COUNT(*) AS think_count FROM `cmf_product` WHERE  `category_id` = 23 LIMIT 1 [ RunTime:0.000243s ]
[2026-06-22T09:49:36+08:00][sql] SELECT COUNT(*) AS think_count FROM `cmf_product` WHERE  `category_id` = 25 LIMIT 1 [ RunTime:0.000230s ]
[2026-06-22T09:49:36+08:00][sql] SELECT COUNT(*) AS think_count FROM `cmf_product` WHERE  `category_id` = 30 LIMIT 1 [ RunTime:0.000250s ]
[2026-06-22T09:49:36+08:00][sql] SELECT COUNT(*) AS think_count FROM `cmf_product` WHERE  `category_id` = 22 LIMIT 1 [ RunTime:0.000229s ]
[2026-06-22T09:49:36+08:00][sql] SELECT COUNT(*) AS think_count FROM `cmf_product` WHERE  `category_id` = 27 LIMIT 1 [ RunTime:0.000294s ]
[2026-06-22T09:49:36+08:00][sql] SELECT COUNT(*) AS think_count FROM `cmf_product` WHERE  `category_id` = 28 LIMIT 1 [ RunTime:0.000294s ]
[2026-06-22T09:49:36+08:00][sql] SELECT `id`,`category_id`,`title`,`thumbnail`,`industry`,`overview` FROM `cmf_product` WHERE  `category_id` = 28 ORDER BY `list_order` ASC,`create_time` DESC LIMIT 0,12 [ RunTime:0.000452s ]
[2026-06-22T09:49:36+08:00][sql] SHOW FULL COLUMNS FROM `cmf_slide_item` [ RunTime:0.001194s ]
[2026-06-22T09:49:36+08:00][sql] SELECT `title`,`description`,`image` FROM `cmf_slide_item` WHERE  `slide_id` = 2  AND `status` = 1 ORDER BY `list_order` ASC,`id` DESC LIMIT 1 [ RunTime:0.000376s ]
[2026-06-22T09:49:36+08:00][sql] SELECT `option_value` FROM `cmf_option` WHERE  `option_name` = 'storage' LIMIT 1 [ RunTime:0.000228s ]
[2026-06-22T09:49:36+08:00][sql] SHOW FULL COLUMNS FROM `cmf_portal_post` [ RunTime:0.001221s ]
[2026-06-22T09:49:36+08:00][sql] SELECT `id`,`post_title`,`post_excerpt`,`more` FROM `cmf_portal_post` WHERE (  `post_type` = 3 ) AND `cmf_portal_post`.`delete_time` = '0' ORDER BY `create_time` DESC [ RunTime:0.000421s ]
[2026-06-22T09:49:36+08:00][sql] SHOW FULL COLUMNS FROM `cmf_theme_file` [ RunTime:0.000984s ]
[2026-06-22T09:49:36+08:00][sql] SELECT `more`,`file`,`id` FROM `cmf_theme_file` WHERE  `theme` = 'simpleboot3'  AND (  `is_public` = 1 OR `file` = 'portal/product' ) ORDER BY `is_public` DESC [ RunTime:0.000311s ]
[2026-06-22T09:52:01+08:00][sql] CONNECT:[ UseTime:0.015351s ] mysql:host=127.0.0.1;port=3306;dbname=newncl;charset=utf8mb4
[2026-06-22T09:52:01+08:00][sql] SHOW FULL COLUMNS FROM `cmf_option` [ RunTime:0.001138s ]
[2026-06-22T09:52:01+08:00][sql] SELECT `option_value` FROM `cmf_option` WHERE  `option_name` = 'cdn_settings' LIMIT 1 [ RunTime:0.000249s ]
[2026-06-22T09:52:01+08:00][sql] SELECT `option_value` FROM `cmf_option` WHERE  `option_name` = 'cdn_settings' LIMIT 1 [ RunTime:0.000219s ]
[2026-06-22T09:52:01+08:00][sql] SHOW FULL COLUMNS FROM `cmf_product_category` [ RunTime:0.000991s ]
[2026-06-22T09:52:01+08:00][sql] SELECT * FROM `cmf_product_category` WHERE  `parent_id` = 0 ORDER BY `list_order` ASC,`create_time` DESC [ RunTime:0.000482s ]
[2026-06-22T09:52:01+08:00][sql] SELECT * FROM `cmf_product_category` WHERE  `parent_id` IN (28,19,23,25,30,22,27) [ RunTime:0.000387s ]
[2026-06-22T09:52:01+08:00][sql] SHOW FULL COLUMNS FROM `cmf_portal_category` [ RunTime:0.000945s ]
[2026-06-22T09:52:01+08:00][sql] SELECT * FROM `cmf_portal_category` WHERE (  `type` = 8 ) AND `cmf_portal_category`.`delete_time` = '0' ORDER BY `list_order` ASC [ RunTime:0.000290s ]
[2026-06-22T09:52:01+08:00][sql] SHOW FULL COLUMNS FROM `cmf_slide_item` [ RunTime:0.000896s ]
[2026-06-22T09:52:01+08:00][sql] SELECT `title`,`description`,`image`,`url`,`target`,`content` FROM `cmf_slide_item` WHERE  `slide_id` = 1 ORDER BY `list_order` ASC [ RunTime:0.000277s ]
[2026-06-22T09:52:01+08:00][sql] SHOW FULL COLUMNS FROM `cmf_slide` [ RunTime:0.000709s ]
[2026-06-22T09:52:01+08:00][sql] SELECT * FROM `cmf_slide` WHERE  `name` LIKE '%choose%' OR `name` LIKE '%选择%' LIMIT 1 [ RunTime:0.000230s ]
[2026-06-22T09:52:01+08:00][sql] SELECT `title`,`description`,`image`,`url`,`target`,`content` FROM `cmf_slide_item` WHERE  `slide_id` = 14  AND `status` = 1 ORDER BY `list_order` ASC [ RunTime:0.000250s ]
[2026-06-22T09:52:01+08:00][sql] SELECT * FROM `cmf_product_category` WHERE  `parent_id` = 0  AND `recommend` = 1 ORDER BY `list_order` ASC,`create_time` DESC [ RunTime:0.000261s ]
[2026-06-22T09:52:01+08:00][sql] SHOW FULL COLUMNS FROM `cmf_product` [ RunTime:0.000868s ]
[2026-06-22T09:52:01+08:00][sql] SELECT `id`,`title`,`thumbnail`,`industry` FROM `cmf_product` WHERE  `is_recommended` = 1  AND `category_id` = 28 ORDER BY `list_order` ASC LIMIT 6 [ RunTime:0.000337s ]
[2026-06-22T09:52:01+08:00][sql] SELECT `id`,`title`,`thumbnail`,`industry` FROM `cmf_product` WHERE  `is_recommended` = 1  AND `category_id` = 19 ORDER BY `list_order` ASC LIMIT 6 [ RunTime:0.000264s ]
[2026-06-22T09:52:01+08:00][sql] SELECT `id`,`title`,`thumbnail`,`industry` FROM `cmf_product` WHERE  `is_recommended` = 1  AND `category_id` = 23 ORDER BY `list_order` ASC LIMIT 6 [ RunTime:0.000209s ]
[2026-06-22T09:52:01+08:00][sql] SELECT `id`,`title`,`thumbnail`,`industry` FROM `cmf_product` WHERE  `is_recommended` = 1  AND `category_id` = 25 ORDER BY `list_order` ASC LIMIT 6 [ RunTime:0.000236s ]
[2026-06-22T09:52:01+08:00][sql] SELECT `id`,`title`,`thumbnail`,`industry` FROM `cmf_product` WHERE  `is_recommended` = 1  AND `category_id` = 30 ORDER BY `list_order` ASC LIMIT 6 [ RunTime:0.000224s ]
[2026-06-22T09:52:01+08:00][sql] SHOW FULL COLUMNS FROM `cmf_portal_post` [ RunTime:0.000850s ]
[2026-06-22T09:52:01+08:00][sql] SELECT `p`.`id`,`p`.`post_title`,`p`.`post_excerpt`,`p`.`thumbnail`,`p`.`create_time`,`c`.`category_id` FROM `cmf_portal_post` `p` INNER JOIN `cmf_portal_category_post` `c` ON `p`.`id`=`c`.`post_id` WHERE (  `p`.`post_type` = '8' ) AND `p`.`delete_time` = '0' ORDER BY `c`.`list_order` ASC,`p`.`create_time` DESC [ RunTime:0.000389s ]
[2026-06-22T09:52:01+08:00][sql] SELECT `id`,`post_title`,`post_excerpt`,`more` FROM `cmf_portal_post` WHERE (  `post_type` = 3 ) AND `cmf_portal_post`.`delete_time` = '0' ORDER BY `create_time` DESC [ RunTime:0.000294s ]
[2026-06-22T09:52:01+08:00][sql] SHOW FULL COLUMNS FROM `cmf_theme_file` [ RunTime:0.001001s ]
[2026-06-22T09:52:01+08:00][sql] SELECT `more`,`file`,`id` FROM `cmf_theme_file` WHERE  `theme` = 'simpleboot3'  AND (  `is_public` = 1 OR `file` = 'portal/index' ) ORDER BY `is_public` DESC [ RunTime:0.000309s ]
[2026-06-22T09:52:01+08:00][sql] SELECT `option_value` FROM `cmf_option` WHERE  `option_name` = 'storage' LIMIT 1 [ RunTime:0.000441s ]
[2026-06-22T09:53:24+08:00][sql] CONNECT:[ UseTime:0.001190s ] mysql:host=127.0.0.1;port=3306;dbname=newncl;charset=utf8mb4
[2026-06-22T09:53:24+08:00][sql] SHOW FULL COLUMNS FROM `cmf_option` [ RunTime:0.001487s ]
[2026-06-22T09:53:24+08:00][sql] SELECT `option_value` FROM `cmf_option` WHERE  `option_name` = 'cdn_settings' LIMIT 1 [ RunTime:0.000259s ]
[2026-06-22T09:53:24+08:00][sql] SELECT `option_value` FROM `cmf_option` WHERE  `option_name` = 'cdn_settings' LIMIT 1 [ RunTime:0.000288s ]
[2026-06-22T09:53:24+08:00][sql] SHOW FULL COLUMNS FROM `cmf_product_category` [ RunTime:0.001034s ]
[2026-06-22T09:53:24+08:00][sql] SELECT * FROM `cmf_product_category` WHERE  `parent_id` = 0 ORDER BY `list_order` ASC,`create_time` DESC [ RunTime:0.000343s ]
[2026-06-22T09:53:24+08:00][sql] SELECT * FROM `cmf_product_category` WHERE  `parent_id` IN (28,19,23,25,30,22,27) [ RunTime:0.000622s ]
[2026-06-22T09:53:24+08:00][sql] SHOW FULL COLUMNS FROM `cmf_portal_category` [ RunTime:0.001280s ]
[2026-06-22T09:53:24+08:00][sql] SELECT * FROM `cmf_portal_category` WHERE (  `type` = 8 ) AND `cmf_portal_category`.`delete_time` = '0' ORDER BY `list_order` ASC [ RunTime:0.000332s ]
[2026-06-22T09:53:24+08:00][sql] SHOW FULL COLUMNS FROM `cmf_slide_item` [ RunTime:0.001026s ]
[2026-06-22T09:53:24+08:00][sql] SELECT `title`,`description`,`image`,`url`,`target`,`content` FROM `cmf_slide_item` WHERE  `slide_id` = 1 ORDER BY `list_order` ASC [ RunTime:0.000335s ]
[2026-06-22T09:53:24+08:00][sql] SHOW FULL COLUMNS FROM `cmf_slide` [ RunTime:0.000894s ]
[2026-06-22T09:53:24+08:00][sql] SELECT * FROM `cmf_slide` WHERE  `name` LIKE '%choose%' OR `name` LIKE '%选择%' LIMIT 1 [ RunTime:0.000299s ]
[2026-06-22T09:53:24+08:00][sql] SELECT `title`,`description`,`image`,`url`,`target`,`content` FROM `cmf_slide_item` WHERE  `slide_id` = 14  AND `status` = 1 ORDER BY `list_order` ASC [ RunTime:0.000354s ]
[2026-06-22T09:53:24+08:00][sql] SELECT * FROM `cmf_product_category` WHERE  `parent_id` = 0  AND `recommend` = 1 ORDER BY `list_order` ASC,`create_time` DESC [ RunTime:0.000326s ]
[2026-06-22T09:53:24+08:00][sql] SHOW FULL COLUMNS FROM `cmf_product` [ RunTime:0.001174s ]
[2026-06-22T09:53:24+08:00][sql] SELECT `id`,`title`,`thumbnail`,`industry` FROM `cmf_product` WHERE  `is_recommended` = 1  AND `category_id` = 28 ORDER BY `list_order` ASC LIMIT 6 [ RunTime:0.000380s ]
[2026-06-22T09:53:24+08:00][sql] SELECT `id`,`title`,`thumbnail`,`industry` FROM `cmf_product` WHERE  `is_recommended` = 1  AND `category_id` = 19 ORDER BY `list_order` ASC LIMIT 6 [ RunTime:0.000331s ]
[2026-06-22T09:53:24+08:00][sql] SELECT `id`,`title`,`thumbnail`,`industry` FROM `cmf_product` WHERE  `is_recommended` = 1  AND `category_id` = 23 ORDER BY `list_order` ASC LIMIT 6 [ RunTime:0.000286s ]
[2026-06-22T09:53:24+08:00][sql] SELECT `id`,`title`,`thumbnail`,`industry` FROM `cmf_product` WHERE  `is_recommended` = 1  AND `category_id` = 25 ORDER BY `list_order` ASC LIMIT 6 [ RunTime:0.000300s ]
[2026-06-22T09:53:24+08:00][sql] SELECT `id`,`title`,`thumbnail`,`industry` FROM `cmf_product` WHERE  `is_recommended` = 1  AND `category_id` = 30 ORDER BY `list_order` ASC LIMIT 6 [ RunTime:0.000280s ]
[2026-06-22T09:53:24+08:00][sql] SHOW FULL COLUMNS FROM `cmf_portal_post` [ RunTime:0.001656s ]
[2026-06-22T09:53:24+08:00][sql] SELECT `p`.`id`,`p`.`post_title`,`p`.`post_excerpt`,`p`.`thumbnail`,`p`.`create_time`,`c`.`category_id` FROM `cmf_portal_post` `p` INNER JOIN `cmf_portal_category_post` `c` ON `p`.`id`=`c`.`post_id` WHERE (  `p`.`post_type` = '8' ) AND `p`.`delete_time` = '0' ORDER BY `c`.`list_order` ASC,`p`.`create_time` DESC [ RunTime:0.000662s ]
[2026-06-22T09:53:24+08:00][sql] SELECT `id`,`post_title`,`post_excerpt`,`more` FROM `cmf_portal_post` WHERE (  `post_type` = 3 ) AND `cmf_portal_post`.`delete_time` = '0' ORDER BY `create_time` DESC [ RunTime:0.000364s ]
[2026-06-22T09:53:24+08:00][sql] SHOW FULL COLUMNS FROM `cmf_theme_file` [ RunTime:0.001085s ]
[2026-06-22T09:53:24+08:00][sql] SELECT `more`,`file`,`id` FROM `cmf_theme_file` WHERE  `theme` = 'simpleboot3'  AND (  `is_public` = 1 OR `file` = 'portal/index' ) ORDER BY `is_public` DESC [ RunTime:0.000335s ]
[2026-06-22T09:53:24+08:00][sql] SELECT `option_value` FROM `cmf_option` WHERE  `option_name` = 'storage' LIMIT 1 [ RunTime:0.000263s ]
[2026-06-22T09:53:35+08:00][sql] CONNECT:[ UseTime:0.001616s ] mysql:host=127.0.0.1;port=3306;dbname=newncl;charset=utf8mb4
[2026-06-22T09:53:35+08:00][sql] SHOW FULL COLUMNS FROM `cmf_option` [ RunTime:0.001211s ]
[2026-06-22T09:53:35+08:00][sql] SELECT `option_value` FROM `cmf_option` WHERE  `option_name` = 'cdn_settings' LIMIT 1 [ RunTime:0.000288s ]
[2026-06-22T09:53:35+08:00][sql] SELECT `option_value` FROM `cmf_option` WHERE  `option_name` = 'cdn_settings' LIMIT 1 [ RunTime:0.000287s ]
[2026-06-22T09:53:35+08:00][sql] SHOW FULL COLUMNS FROM `cmf_product_category` [ RunTime:0.000997s ]
[2026-06-22T09:53:35+08:00][sql] SELECT * FROM `cmf_product_category` WHERE  `parent_id` = 0 ORDER BY `list_order` ASC,`create_time` DESC [ RunTime:0.000308s ]
[2026-06-22T09:53:35+08:00][sql] SELECT * FROM `cmf_product_category` WHERE  `parent_id` IN (28,19,23,25,30,22,27) [ RunTime:0.000309s ]
[2026-06-22T09:53:35+08:00][sql] SHOW FULL COLUMNS FROM `cmf_portal_category` [ RunTime:0.001096s ]
[2026-06-22T09:53:35+08:00][sql] SELECT * FROM `cmf_portal_category` WHERE (  `type` = 8 ) AND `cmf_portal_category`.`delete_time` = '0' ORDER BY `list_order` ASC [ RunTime:0.000317s ]
[2026-06-22T09:53:35+08:00][sql] SHOW FULL COLUMNS FROM `cmf_slide_item` [ RunTime:0.002803s ]
[2026-06-22T09:53:35+08:00][sql] SELECT `title`,`description`,`image`,`url`,`target`,`content` FROM `cmf_slide_item` WHERE  `slide_id` = 1 ORDER BY `list_order` ASC [ RunTime:0.000497s ]
[2026-06-22T09:53:35+08:00][sql] SHOW FULL COLUMNS FROM `cmf_slide` [ RunTime:0.001113s ]
[2026-06-22T09:53:35+08:00][sql] SELECT * FROM `cmf_slide` WHERE  `name` LIKE '%choose%' OR `name` LIKE '%选择%' LIMIT 1 [ RunTime:0.000341s ]
[2026-06-22T09:53:35+08:00][sql] SELECT `title`,`description`,`image`,`url`,`target`,`content` FROM `cmf_slide_item` WHERE  `slide_id` = 14  AND `status` = 1 ORDER BY `list_order` ASC [ RunTime:0.000384s ]
[2026-06-22T09:53:35+08:00][sql] SELECT * FROM `cmf_product_category` WHERE  `parent_id` = 0  AND `recommend` = 1 ORDER BY `list_order` ASC,`create_time` DESC [ RunTime:0.000332s ]
[2026-06-22T09:53:35+08:00][sql] SHOW FULL COLUMNS FROM `cmf_product` [ RunTime:0.001269s ]
[2026-06-22T09:53:35+08:00][sql] SELECT `id`,`title`,`thumbnail`,`industry` FROM `cmf_product` WHERE  `is_recommended` = 1  AND `category_id` = 28 ORDER BY `list_order` ASC LIMIT 6 [ RunTime:0.000402s ]
[2026-06-22T09:53:35+08:00][sql] SELECT `id`,`title`,`thumbnail`,`industry` FROM `cmf_product` WHERE  `is_recommended` = 1  AND `category_id` = 19 ORDER BY `list_order` ASC LIMIT 6 [ RunTime:0.000350s ]
[2026-06-22T09:53:35+08:00][sql] SELECT `id`,`title`,`thumbnail`,`industry` FROM `cmf_product` WHERE  `is_recommended` = 1  AND `category_id` = 23 ORDER BY `list_order` ASC LIMIT 6 [ RunTime:0.000273s ]
[2026-06-22T09:53:35+08:00][sql] SELECT `id`,`title`,`thumbnail`,`industry` FROM `cmf_product` WHERE  `is_recommended` = 1  AND `category_id` = 25 ORDER BY `list_order` ASC LIMIT 6 [ RunTime:0.000294s ]
[2026-06-22T09:53:35+08:00][sql] SELECT `id`,`title`,`thumbnail`,`industry` FROM `cmf_product` WHERE  `is_recommended` = 1  AND `category_id` = 30 ORDER BY `list_order` ASC LIMIT 6 [ RunTime:0.000291s ]
[2026-06-22T09:53:35+08:00][sql] SHOW FULL COLUMNS FROM `cmf_portal_post` [ RunTime:0.001170s ]
[2026-06-22T09:53:35+08:00][sql] SELECT `p`.`id`,`p`.`post_title`,`p`.`post_excerpt`,`p`.`thumbnail`,`p`.`create_time`,`c`.`category_id` FROM `cmf_portal_post` `p` INNER JOIN `cmf_portal_category_post` `c` ON `p`.`id`=`c`.`post_id` WHERE (  `p`.`post_type` = '8' ) AND `p`.`delete_time` = '0' ORDER BY `c`.`list_order` ASC,`p`.`create_time` DESC [ RunTime:0.000610s ]
[2026-06-22T09:53:35+08:00][sql] SELECT `id`,`post_title`,`post_excerpt`,`more` FROM `cmf_portal_post` WHERE (  `post_type` = 3 ) AND `cmf_portal_post`.`delete_time` = '0' ORDER BY `create_time` DESC [ RunTime:0.000394s ]
[2026-06-22T09:53:35+08:00][sql] SHOW FULL COLUMNS FROM `cmf_theme_file` [ RunTime:0.001470s ]
[2026-06-22T09:53:35+08:00][sql] SELECT `more`,`file`,`id` FROM `cmf_theme_file` WHERE  `theme` = 'simpleboot3'  AND (  `is_public` = 1 OR `file` = 'portal/index' ) ORDER BY `is_public` DESC [ RunTime:0.000433s ]
[2026-06-22T09:53:35+08:00][sql] SELECT `option_value` FROM `cmf_option` WHERE  `option_name` = 'storage' LIMIT 1 [ RunTime:0.000277s ]
[2026-06-22T09:53:48+08:00][sql] CONNECT:[ UseTime:0.000706s ] mysql:host=127.0.0.1;port=3306;dbname=newncl;charset=utf8mb4
[2026-06-22T09:53:48+08:00][sql] SHOW FULL COLUMNS FROM `cmf_option` [ RunTime:0.001290s ]
[2026-06-22T09:53:48+08:00][sql] SELECT `option_value` FROM `cmf_option` WHERE  `option_name` = 'cdn_settings' LIMIT 1 [ RunTime:0.000302s ]
[2026-06-22T09:53:48+08:00][sql] SELECT `option_value` FROM `cmf_option` WHERE  `option_name` = 'cdn_settings' LIMIT 1 [ RunTime:0.000376s ]
[2026-06-22T09:53:48+08:00][sql] SHOW FULL COLUMNS FROM `cmf_product_category` [ RunTime:0.000991s ]
[2026-06-22T09:53:48+08:00][sql] SELECT * FROM `cmf_product_category` WHERE  `parent_id` = 0 ORDER BY `list_order` ASC,`create_time` DESC [ RunTime:0.000277s ]
[2026-06-22T09:53:48+08:00][sql] SELECT * FROM `cmf_product_category` WHERE  `parent_id` IN (28,19,23,25,30,22,27) [ RunTime:0.000285s ]
[2026-06-22T09:53:48+08:00][sql] SHOW FULL COLUMNS FROM `cmf_portal_category` [ RunTime:0.000813s ]
[2026-06-22T09:53:48+08:00][sql] SELECT * FROM `cmf_portal_category` WHERE (  `type` = 8 ) AND `cmf_portal_category`.`delete_time` = '0' ORDER BY `list_order` ASC [ RunTime:0.000267s ]
[2026-06-22T09:53:48+08:00][sql] SHOW FULL COLUMNS FROM `cmf_slide_item` [ RunTime:0.000871s ]
[2026-06-22T09:53:48+08:00][sql] SELECT `title`,`description`,`image`,`url`,`target`,`content` FROM `cmf_slide_item` WHERE  `slide_id` = 1 ORDER BY `list_order` ASC [ RunTime:0.000271s ]
[2026-06-22T09:53:48+08:00][sql] SHOW FULL COLUMNS FROM `cmf_slide` [ RunTime:0.000692s ]
[2026-06-22T09:53:48+08:00][sql] SELECT * FROM `cmf_slide` WHERE  `name` LIKE '%choose%' OR `name` LIKE '%选择%' LIMIT 1 [ RunTime:0.000225s ]
[2026-06-22T09:53:48+08:00][sql] SELECT `title`,`description`,`image`,`url`,`target`,`content` FROM `cmf_slide_item` WHERE  `slide_id` = 14  AND `status` = 1 ORDER BY `list_order` ASC [ RunTime:0.000250s ]
[2026-06-22T09:53:48+08:00][sql] SELECT * FROM `cmf_product_category` WHERE  `parent_id` = 0  AND `recommend` = 1 ORDER BY `list_order` ASC,`create_time` DESC [ RunTime:0.000257s ]
[2026-06-22T09:53:48+08:00][sql] SHOW FULL COLUMNS FROM `cmf_product` [ RunTime:0.000853s ]
[2026-06-22T09:53:48+08:00][sql] SELECT `id`,`title`,`thumbnail`,`industry` FROM `cmf_product` WHERE  `is_recommended` = 1  AND `category_id` = 28 ORDER BY `list_order` ASC LIMIT 6 [ RunTime:0.000296s ]
[2026-06-22T09:53:48+08:00][sql] SELECT `id`,`title`,`thumbnail`,`industry` FROM `cmf_product` WHERE  `is_recommended` = 1  AND `category_id` = 19 ORDER BY `list_order` ASC LIMIT 6 [ RunTime:0.000492s ]
[2026-06-22T09:53:48+08:00][sql] SELECT `id`,`title`,`thumbnail`,`industry` FROM `cmf_product` WHERE  `is_recommended` = 1  AND `category_id` = 23 ORDER BY `list_order` ASC LIMIT 6 [ RunTime:0.000325s ]
[2026-06-22T09:53:48+08:00][sql] SELECT `id`,`title`,`thumbnail`,`industry` FROM `cmf_product` WHERE  `is_recommended` = 1  AND `category_id` = 25 ORDER BY `list_order` ASC LIMIT 6 [ RunTime:0.000317s ]
[2026-06-22T09:53:48+08:00][sql] SELECT `id`,`title`,`thumbnail`,`industry` FROM `cmf_product` WHERE  `is_recommended` = 1  AND `category_id` = 30 ORDER BY `list_order` ASC LIMIT 6 [ RunTime:0.000243s ]
[2026-06-22T09:53:48+08:00][sql] SHOW FULL COLUMNS FROM `cmf_portal_post` [ RunTime:0.000929s ]
[2026-06-22T09:53:48+08:00][sql] SELECT `p`.`id`,`p`.`post_title`,`p`.`post_excerpt`,`p`.`thumbnail`,`p`.`create_time`,`c`.`category_id` FROM `cmf_portal_post` `p` INNER JOIN `cmf_portal_category_post` `c` ON `p`.`id`=`c`.`post_id` WHERE (  `p`.`post_type` = '8' ) AND `p`.`delete_time` = '0' ORDER BY `c`.`list_order` ASC,`p`.`create_time` DESC [ RunTime:0.000428s ]
[2026-06-22T09:53:48+08:00][sql] SELECT `id`,`post_title`,`post_excerpt`,`more` FROM `cmf_portal_post` WHERE (  `post_type` = 3 ) AND `cmf_portal_post`.`delete_time` = '0' ORDER BY `create_time` DESC [ RunTime:0.000714s ]
[2026-06-22T09:53:48+08:00][sql] SHOW FULL COLUMNS FROM `cmf_theme_file` [ RunTime:0.000811s ]
[2026-06-22T09:53:48+08:00][sql] SELECT `more`,`file`,`id` FROM `cmf_theme_file` WHERE  `theme` = 'simpleboot3_mobile'  AND (  `is_public` = 1 OR `file` = 'portal/index' ) ORDER BY `is_public` DESC [ RunTime:0.000245s ]
[2026-06-22T09:53:48+08:00][sql] SELECT `option_value` FROM `cmf_option` WHERE  `option_name` = 'storage' LIMIT 1 [ RunTime:0.000760s ]
[2026-06-22T09:54:00+08:00][sql] CONNECT:[ UseTime:0.000743s ] mysql:host=127.0.0.1;port=3306;dbname=newncl;charset=utf8mb4
[2026-06-22T09:54:00+08:00][sql] SHOW FULL COLUMNS FROM `cmf_option` [ RunTime:0.001366s ]
[2026-06-22T09:54:00+08:00][sql] SELECT `option_value` FROM `cmf_option` WHERE  `option_name` = 'cdn_settings' LIMIT 1 [ RunTime:0.000247s ]
[2026-06-22T09:54:00+08:00][sql] SELECT `option_value` FROM `cmf_option` WHERE  `option_name` = 'cdn_settings' LIMIT 1 [ RunTime:0.000261s ]
[2026-06-22T09:54:00+08:00][sql] SHOW FULL COLUMNS FROM `cmf_product_category` [ RunTime:0.000991s ]
[2026-06-22T09:54:00+08:00][sql] SELECT * FROM `cmf_product_category` WHERE  `parent_id` = 0 ORDER BY `list_order` ASC,`create_time` DESC [ RunTime:0.000331s ]
[2026-06-22T09:54:00+08:00][sql] SELECT * FROM `cmf_product_category` WHERE  `parent_id` IN (28,19,23,25,30,22,27) [ RunTime:0.000384s ]
[2026-06-22T09:54:00+08:00][sql] SHOW FULL COLUMNS FROM `cmf_portal_category` [ RunTime:0.002364s ]
[2026-06-22T09:54:00+08:00][sql] SELECT * FROM `cmf_portal_category` WHERE (  `type` = 8 ) AND `cmf_portal_category`.`delete_time` = '0' ORDER BY `list_order` ASC [ RunTime:0.000594s ]
[2026-06-22T09:54:00+08:00][sql] SHOW FULL COLUMNS FROM `cmf_slide_item` [ RunTime:0.001812s ]
[2026-06-22T09:54:00+08:00][sql] SELECT `title`,`description`,`image`,`url`,`target`,`content` FROM `cmf_slide_item` WHERE  `slide_id` = 1 ORDER BY `list_order` ASC [ RunTime:0.000535s ]
[2026-06-22T09:54:00+08:00][sql] SHOW FULL COLUMNS FROM `cmf_slide` [ RunTime:0.000992s ]
[2026-06-22T09:54:00+08:00][sql] SELECT * FROM `cmf_slide` WHERE  `name` LIKE '%choose%' OR `name` LIKE '%选择%' LIMIT 1 [ RunTime:0.000313s ]
[2026-06-22T09:54:00+08:00][sql] SELECT `title`,`description`,`image`,`url`,`target`,`content` FROM `cmf_slide_item` WHERE  `slide_id` = 14  AND `status` = 1 ORDER BY `list_order` ASC [ RunTime:0.000343s ]
[2026-06-22T09:54:00+08:00][sql] SELECT * FROM `cmf_product_category` WHERE  `parent_id` = 0  AND `recommend` = 1 ORDER BY `list_order` ASC,`create_time` DESC [ RunTime:0.000326s ]
[2026-06-22T09:54:00+08:00][sql] SHOW FULL COLUMNS FROM `cmf_product` [ RunTime:0.001289s ]
[2026-06-22T09:54:00+08:00][sql] SELECT `id`,`title`,`thumbnail`,`industry` FROM `cmf_product` WHERE  `is_recommended` = 1  AND `category_id` = 28 ORDER BY `list_order` ASC LIMIT 6 [ RunTime:0.000641s ]
[2026-06-22T09:54:00+08:00][sql] SELECT `id`,`title`,`thumbnail`,`industry` FROM `cmf_product` WHERE  `is_recommended` = 1  AND `category_id` = 19 ORDER BY `list_order` ASC LIMIT 6 [ RunTime:0.000431s ]
[2026-06-22T09:54:00+08:00][sql] SELECT `id`,`title`,`thumbnail`,`industry` FROM `cmf_product` WHERE  `is_recommended` = 1  AND `category_id` = 23 ORDER BY `list_order` ASC LIMIT 6 [ RunTime:0.000291s ]
[2026-06-22T09:54:00+08:00][sql] SELECT `id`,`title`,`thumbnail`,`industry` FROM `cmf_product` WHERE  `is_recommended` = 1  AND `category_id` = 25 ORDER BY `list_order` ASC LIMIT 6 [ RunTime:0.000294s ]
[2026-06-22T09:54:00+08:00][sql] SELECT `id`,`title`,`thumbnail`,`industry` FROM `cmf_product` WHERE  `is_recommended` = 1  AND `category_id` = 30 ORDER BY `list_order` ASC LIMIT 6 [ RunTime:0.000295s ]
[2026-06-22T09:54:00+08:00][sql] SHOW FULL COLUMNS FROM `cmf_portal_post` [ RunTime:0.001694s ]
[2026-06-22T09:54:00+08:00][sql] SELECT `p`.`id`,`p`.`post_title`,`p`.`post_excerpt`,`p`.`thumbnail`,`p`.`create_time`,`c`.`category_id` FROM `cmf_portal_post` `p` INNER JOIN `cmf_portal_category_post` `c` ON `p`.`id`=`c`.`post_id` WHERE (  `p`.`post_type` = '8' ) AND `p`.`delete_time` = '0' ORDER BY `c`.`list_order` ASC,`p`.`create_time` DESC [ RunTime:0.000507s ]
[2026-06-22T09:54:00+08:00][sql] SELECT `id`,`post_title`,`post_excerpt`,`more` FROM `cmf_portal_post` WHERE (  `post_type` = 3 ) AND `cmf_portal_post`.`delete_time` = '0' ORDER BY `create_time` DESC [ RunTime:0.000443s ]
[2026-06-22T09:54:00+08:00][sql] SHOW FULL COLUMNS FROM `cmf_theme_file` [ RunTime:0.000943s ]
[2026-06-22T09:54:00+08:00][sql] SELECT `more`,`file`,`id` FROM `cmf_theme_file` WHERE  `theme` = 'simpleboot3'  AND (  `is_public` = 1 OR `file` = 'portal/index' ) ORDER BY `is_public` DESC [ RunTime:0.000360s ]
[2026-06-22T09:54:00+08:00][sql] SELECT `option_value` FROM `cmf_option` WHERE  `option_name` = 'storage' LIMIT 1 [ RunTime:0.000297s ]
[2026-06-22T09:55:47+08:00][sql] CONNECT:[ UseTime:0.000961s ] mysql:host=127.0.0.1;port=3306;dbname=newncl;charset=utf8mb4
[2026-06-22T09:55:47+08:00][sql] SHOW FULL COLUMNS FROM `cmf_option` [ RunTime:0.001648s ]
[2026-06-22T09:55:47+08:00][sql] SELECT `option_value` FROM `cmf_option` WHERE  `option_name` = 'cdn_settings' LIMIT 1 [ RunTime:0.000378s ]
[2026-06-22T09:55:47+08:00][sql] SELECT `option_value` FROM `cmf_option` WHERE  `option_name` = 'cdn_settings' LIMIT 1 [ RunTime:0.000508s ]
[2026-06-22T09:55:47+08:00][sql] SHOW FULL COLUMNS FROM `cmf_product_category` [ RunTime:0.001124s ]
[2026-06-22T09:55:47+08:00][sql] SELECT * FROM `cmf_product_category` WHERE  `parent_id` = 0 ORDER BY `list_order` ASC,`create_time` DESC [ RunTime:0.000345s ]
[2026-06-22T09:55:47+08:00][sql] SELECT * FROM `cmf_product_category` WHERE  `parent_id` IN (28,19,23,25,30,22,27) [ RunTime:0.000279s ]
[2026-06-22T09:55:47+08:00][sql] SHOW FULL COLUMNS FROM `cmf_portal_category` [ RunTime:0.001388s ]
[2026-06-22T09:55:47+08:00][sql] SELECT * FROM `cmf_portal_category` WHERE (  `type` = 8 ) AND `cmf_portal_category`.`delete_time` = '0' ORDER BY `list_order` ASC [ RunTime:0.000353s ]
[2026-06-22T09:55:47+08:00][sql] SHOW FULL COLUMNS FROM `cmf_slide_item` [ RunTime:0.001045s ]
[2026-06-22T09:55:47+08:00][sql] SELECT `title`,`description`,`image`,`url`,`target`,`content` FROM `cmf_slide_item` WHERE  `slide_id` = 1 ORDER BY `list_order` ASC [ RunTime:0.000334s ]
[2026-06-22T09:55:47+08:00][sql] SHOW FULL COLUMNS FROM `cmf_slide` [ RunTime:0.000848s ]
[2026-06-22T09:55:47+08:00][sql] SELECT * FROM `cmf_slide` WHERE  `name` LIKE '%choose%' OR `name` LIKE '%选择%' LIMIT 1 [ RunTime:0.000298s ]
[2026-06-22T09:55:47+08:00][sql] SELECT `title`,`description`,`image`,`url`,`target`,`content` FROM `cmf_slide_item` WHERE  `slide_id` = 14  AND `status` = 1 ORDER BY `list_order` ASC [ RunTime:0.000350s ]
[2026-06-22T09:55:47+08:00][sql] SELECT * FROM `cmf_product_category` WHERE  `parent_id` = 0  AND `recommend` = 1 ORDER BY `list_order` ASC,`create_time` DESC [ RunTime:0.000304s ]
[2026-06-22T09:55:47+08:00][sql] SHOW FULL COLUMNS FROM `cmf_product` [ RunTime:0.001533s ]
[2026-06-22T09:55:47+08:00][sql] SELECT `id`,`title`,`thumbnail`,`industry` FROM `cmf_product` WHERE  `is_recommended` = 1  AND `category_id` = 28 ORDER BY `list_order` ASC LIMIT 6 [ RunTime:0.000454s ]
[2026-06-22T09:55:47+08:00][sql] SELECT `id`,`title`,`thumbnail`,`industry` FROM `cmf_product` WHERE  `is_recommended` = 1  AND `category_id` = 19 ORDER BY `list_order` ASC LIMIT 6 [ RunTime:0.000335s ]
[2026-06-22T09:55:47+08:00][sql] SELECT `id`,`title`,`thumbnail`,`industry` FROM `cmf_product` WHERE  `is_recommended` = 1  AND `category_id` = 23 ORDER BY `list_order` ASC LIMIT 6 [ RunTime:0.000266s ]
[2026-06-22T09:55:47+08:00][sql] SELECT `id`,`title`,`thumbnail`,`industry` FROM `cmf_product` WHERE  `is_recommended` = 1  AND `category_id` = 25 ORDER BY `list_order` ASC LIMIT 6 [ RunTime:0.000279s ]
[2026-06-22T09:55:47+08:00][sql] SELECT `id`,`title`,`thumbnail`,`industry` FROM `cmf_product` WHERE  `is_recommended` = 1  AND `category_id` = 30 ORDER BY `list_order` ASC LIMIT 6 [ RunTime:0.000265s ]
[2026-06-22T09:55:47+08:00][sql] SHOW FULL COLUMNS FROM `cmf_portal_post` [ RunTime:0.001099s ]
[2026-06-22T09:55:47+08:00][sql] SELECT `p`.`id`,`p`.`post_title`,`p`.`post_excerpt`,`p`.`thumbnail`,`p`.`create_time`,`c`.`category_id` FROM `cmf_portal_post` `p` INNER JOIN `cmf_portal_category_post` `c` ON `p`.`id`=`c`.`post_id` WHERE (  `p`.`post_type` = '8' ) AND `p`.`delete_time` = '0' ORDER BY `c`.`list_order` ASC,`p`.`create_time` DESC [ RunTime:0.000441s ]
[2026-06-22T09:55:47+08:00][sql] SELECT `id`,`post_title`,`post_excerpt`,`more` FROM `cmf_portal_post` WHERE (  `post_type` = 3 ) AND `cmf_portal_post`.`delete_time` = '0' ORDER BY `create_time` DESC [ RunTime:0.000334s ]
[2026-06-22T09:55:47+08:00][sql] SHOW FULL COLUMNS FROM `cmf_theme_file` [ RunTime:0.000885s ]
[2026-06-22T09:55:47+08:00][sql] SELECT `more`,`file`,`id` FROM `cmf_theme_file` WHERE  `theme` = 'simpleboot3'  AND (  `is_public` = 1 OR `file` = 'portal/index' ) ORDER BY `is_public` DESC [ RunTime:0.000281s ]
[2026-06-22T09:55:47+08:00][sql] SELECT `option_value` FROM `cmf_option` WHERE  `option_name` = 'storage' LIMIT 1 [ RunTime:0.000302s ]
[2026-06-22T10:19:03+08:00][sql] CONNECT:[ UseTime:0.001557s ] mysql:host=127.0.0.1;port=3306;dbname=newncl;charset=utf8mb4
[2026-06-22T10:19:03+08:00][sql] SHOW FULL COLUMNS FROM `cmf_plugin` [ RunTime:0.001526s ]
[2026-06-22T10:19:03+08:00][sql] SELECT `config` FROM `cmf_plugin` WHERE  `name` = 'SwitchTheme' LIMIT 1 [ RunTime:0.001029s ]
[2026-06-22T10:19:03+08:00][sql] SHOW FULL COLUMNS FROM `cmf_option` [ RunTime:0.001442s ]
[2026-06-22T10:19:03+08:00][sql] SELECT `option_value` FROM `cmf_option` WHERE  `option_name` = 'cdn_settings' LIMIT 1 [ RunTime:0.000375s ]
[2026-06-22T10:19:03+08:00][sql] SELECT `option_value` FROM `cmf_option` WHERE  `option_name` = 'cdn_settings' LIMIT 1 [ RunTime:0.000765s ]
[2026-06-22T10:19:03+08:00][sql] SHOW FULL COLUMNS FROM `cmf_product_category` [ RunTime:0.001486s ]
[2026-06-22T10:19:03+08:00][sql] SELECT * FROM `cmf_product_category` WHERE  `parent_id` = 0 ORDER BY `list_order` ASC,`create_time` DESC [ RunTime:0.000436s ]
[2026-06-22T10:19:03+08:00][sql] SELECT * FROM `cmf_product_category` WHERE  `parent_id` IN (28,19,23,25,30,22,27) [ RunTime:0.000497s ]
[2026-06-22T10:19:03+08:00][sql] SHOW FULL COLUMNS FROM `cmf_portal_category` [ RunTime:0.001029s ]
[2026-06-22T10:19:03+08:00][sql] SELECT * FROM `cmf_portal_category` WHERE (  `type` = 8 ) AND `cmf_portal_category`.`delete_time` = '0' ORDER BY `list_order` ASC [ RunTime:0.000366s ]
[2026-06-22T10:19:03+08:00][sql] SHOW FULL COLUMNS FROM `cmf_slide_item` [ RunTime:0.001337s ]
[2026-06-22T10:19:03+08:00][sql] SELECT `title`,`description`,`image` FROM `cmf_slide_item` WHERE  `slide_id` = 4  AND `status` = 1 ORDER BY `list_order` ASC,`id` DESC LIMIT 1 [ RunTime:0.000469s ]
[2026-06-22T10:19:03+08:00][sql] SHOW FULL COLUMNS FROM `cmf_theme_file` [ RunTime:0.000993s ]
[2026-06-22T10:19:03+08:00][sql] SELECT `more`,`file`,`id` FROM `cmf_theme_file` WHERE  `theme` = 'simpleboot3'  AND (  `is_public` = 1 OR `file` = 'portal/create' ) ORDER BY `is_public` DESC [ RunTime:0.000304s ]
[2026-06-22T10:19:03+08:00][sql] SELECT `option_value` FROM `cmf_option` WHERE  `option_name` = 'storage' LIMIT 1 [ RunTime:0.000721s ]
[2026-06-22T10:39:54+08:00][sql] CONNECT:[ UseTime:0.001954s ] mysql:host=127.0.0.1;port=3306;dbname=newncl;charset=utf8mb4
[2026-06-22T10:39:54+08:00][sql] SHOW FULL COLUMNS FROM `cmf_option` [ RunTime:0.001917s ]
[2026-06-22T10:39:54+08:00][sql] SELECT `option_value` FROM `cmf_option` WHERE  `option_name` = 'cdn_settings' LIMIT 1 [ RunTime:0.000338s ]
[2026-06-22T10:39:54+08:00][sql] SELECT `option_value` FROM `cmf_option` WHERE  `option_name` = 'cdn_settings' LIMIT 1 [ RunTime:0.000234s ]
[2026-06-22T10:39:54+08:00][sql] SHOW FULL COLUMNS FROM `cmf_product_category` [ RunTime:0.000913s ]
[2026-06-22T10:39:54+08:00][sql] SELECT * FROM `cmf_product_category` WHERE  `parent_id` = 0 ORDER BY `list_order` ASC,`create_time` DESC [ RunTime:0.000367s ]
[2026-06-22T10:39:54+08:00][sql] SELECT * FROM `cmf_product_category` WHERE  `parent_id` IN (28,19,23,25,30,22,27) [ RunTime:0.000277s ]
[2026-06-22T10:39:54+08:00][sql] SHOW FULL COLUMNS FROM `cmf_portal_category` [ RunTime:0.001827s ]
[2026-06-22T10:39:54+08:00][sql] SELECT * FROM `cmf_portal_category` WHERE (  `type` = 8 ) AND `cmf_portal_category`.`delete_time` = '0' ORDER BY `list_order` ASC [ RunTime:0.000395s ]
[2026-06-22T10:39:54+08:00][sql] SHOW FULL COLUMNS FROM `cmf_slide_item` [ RunTime:0.000920s ]
[2026-06-22T10:39:54+08:00][sql] SELECT `title`,`description`,`image`,`url`,`target`,`content` FROM `cmf_slide_item` WHERE  `slide_id` = 1 ORDER BY `list_order` ASC [ RunTime:0.000351s ]
[2026-06-22T10:39:54+08:00][sql] SHOW FULL COLUMNS FROM `cmf_slide` [ RunTime:0.000914s ]
[2026-06-22T10:39:54+08:00][sql] SELECT * FROM `cmf_slide` WHERE  `name` LIKE '%choose%' OR `name` LIKE '%选择%' LIMIT 1 [ RunTime:0.000392s ]
[2026-06-22T10:39:54+08:00][sql] SELECT `title`,`description`,`image`,`url`,`target`,`content` FROM `cmf_slide_item` WHERE  `slide_id` = 14  AND `status` = 1 ORDER BY `list_order` ASC [ RunTime:0.000264s ]
[2026-06-22T10:39:54+08:00][sql] SELECT * FROM `cmf_product_category` WHERE  `parent_id` = 0  AND `recommend` = 1 ORDER BY `list_order` ASC,`create_time` DESC [ RunTime:0.000272s ]
[2026-06-22T10:39:54+08:00][sql] SHOW FULL COLUMNS FROM `cmf_product` [ RunTime:0.000986s ]
[2026-06-22T10:39:54+08:00][sql] SELECT `id`,`title`,`thumbnail`,`industry` FROM `cmf_product` WHERE  `is_recommended` = 1  AND `category_id` = 28 ORDER BY `list_order` ASC LIMIT 6 [ RunTime:0.000721s ]
[2026-06-22T10:39:54+08:00][sql] SELECT `id`,`title`,`thumbnail`,`industry` FROM `cmf_product` WHERE  `is_recommended` = 1  AND `category_id` = 19 ORDER BY `list_order` ASC LIMIT 6 [ RunTime:0.000446s ]
[2026-06-22T10:39:54+08:00][sql] SELECT `id`,`title`,`thumbnail`,`industry` FROM `cmf_product` WHERE  `is_recommended` = 1  AND `category_id` = 23 ORDER BY `list_order` ASC LIMIT 6 [ RunTime:0.000272s ]
[2026-06-22T10:39:54+08:00][sql] SELECT `id`,`title`,`thumbnail`,`industry` FROM `cmf_product` WHERE  `is_recommended` = 1  AND `category_id` = 25 ORDER BY `list_order` ASC LIMIT 6 [ RunTime:0.000293s ]
[2026-06-22T10:39:54+08:00][sql] SELECT `id`,`title`,`thumbnail`,`industry` FROM `cmf_product` WHERE  `is_recommended` = 1  AND `category_id` = 30 ORDER BY `list_order` ASC LIMIT 6 [ RunTime:0.000313s ]
[2026-06-22T10:39:54+08:00][sql] SHOW FULL COLUMNS FROM `cmf_portal_post` [ RunTime:0.001244s ]
[2026-06-22T10:39:54+08:00][sql] SELECT `p`.`id`,`p`.`post_title`,`p`.`post_excerpt`,`p`.`thumbnail`,`p`.`create_time`,`c`.`category_id` FROM `cmf_portal_post` `p` INNER JOIN `cmf_portal_category_post` `c` ON `p`.`id`=`c`.`post_id` WHERE (  `p`.`post_type` = '8' ) AND `p`.`delete_time` = '0' ORDER BY `c`.`list_order` ASC,`p`.`create_time` DESC [ RunTime:0.000713s ]
[2026-06-22T10:39:54+08:00][sql] SELECT `id`,`post_title`,`post_excerpt`,`more` FROM `cmf_portal_post` WHERE (  `post_type` = 3 ) AND `cmf_portal_post`.`delete_time` = '0' ORDER BY `create_time` DESC [ RunTime:0.000326s ]
[2026-06-22T10:39:54+08:00][sql] SHOW FULL COLUMNS FROM `cmf_theme_file` [ RunTime:0.001107s ]
[2026-06-22T10:39:54+08:00][sql] SELECT `more`,`file`,`id` FROM `cmf_theme_file` WHERE  `theme` = 'simpleboot3'  AND (  `is_public` = 1 OR `file` = 'portal/index' ) ORDER BY `is_public` DESC [ RunTime:0.000370s ]
[2026-06-22T10:39:54+08:00][sql] SELECT `option_value` FROM `cmf_option` WHERE  `option_name` = 'storage' LIMIT 1 [ RunTime:0.000265s ]
[2026-06-22T15:59:19+08:00][sql] CONNECT:[ UseTime:0.001061s ] mysql:host=127.0.0.1;port=3306;dbname=newncl;charset=utf8mb4
[2026-06-22T15:59:19+08:00][sql] SHOW FULL COLUMNS FROM `cmf_plugin` [ RunTime:0.003322s ]
[2026-06-22T15:59:19+08:00][sql] SELECT `config` FROM `cmf_plugin` WHERE  `name` = 'SwitchTheme' LIMIT 1 [ RunTime:0.002492s ]
[2026-06-22T15:59:19+08:00][sql] SHOW FULL COLUMNS FROM `cmf_option` [ RunTime:0.001072s ]
[2026-06-22T15:59:19+08:00][sql] SELECT `option_value` FROM `cmf_option` WHERE  `option_name` = 'cdn_settings' LIMIT 1 [ RunTime:0.000516s ]
[2026-06-22T15:59:19+08:00][sql] SELECT `option_value` FROM `cmf_option` WHERE  `option_name` = 'cdn_settings' LIMIT 1 [ RunTime:0.000513s ]
[2026-06-22T15:59:19+08:00][sql] SHOW FULL COLUMNS FROM `cmf_product_category` [ RunTime:0.001438s ]
[2026-06-22T15:59:19+08:00][sql] SELECT * FROM `cmf_product_category` WHERE  `parent_id` = 0 ORDER BY `list_order` ASC,`create_time` DESC [ RunTime:0.001739s ]
[2026-06-22T15:59:19+08:00][sql] SELECT * FROM `cmf_product_category` WHERE  `parent_id` IN (28,19,23,25,30,22,27) [ RunTime:0.001453s ]
[2026-06-22T15:59:19+08:00][sql] SHOW FULL COLUMNS FROM `cmf_portal_category` [ RunTime:0.002272s ]
[2026-06-22T15:59:19+08:00][sql] SELECT * FROM `cmf_portal_category` WHERE (  `type` = 8 ) AND `cmf_portal_category`.`delete_time` = '0' ORDER BY `list_order` ASC [ RunTime:0.000918s ]
[2026-06-22T15:59:19+08:00][sql] SHOW FULL COLUMNS FROM `cmf_slide_item` [ RunTime:0.002578s ]
[2026-06-22T15:59:19+08:00][sql] SELECT `title`,`description`,`image`,`url`,`target`,`content` FROM `cmf_slide_item` WHERE  `slide_id` = 1 ORDER BY `list_order` ASC [ RunTime:0.001256s ]
[2026-06-22T15:59:19+08:00][sql] SHOW FULL COLUMNS FROM `cmf_slide` [ RunTime:0.001326s ]
[2026-06-22T15:59:19+08:00][sql] SELECT * FROM `cmf_slide` WHERE  `name` LIKE '%choose%' OR `name` LIKE '%选择%' LIMIT 1 [ RunTime:0.001204s ]
[2026-06-22T15:59:19+08:00][sql] SELECT `title`,`description`,`image`,`url`,`target`,`content` FROM `cmf_slide_item` WHERE  `slide_id` = 14  AND `status` = 1 ORDER BY `list_order` ASC [ RunTime:0.000477s ]
[2026-06-22T15:59:19+08:00][sql] SELECT * FROM `cmf_product_category` WHERE  `parent_id` = 0  AND `recommend` = 1 ORDER BY `list_order` ASC,`create_time` DESC [ RunTime:0.000780s ]
[2026-06-22T15:59:19+08:00][sql] SHOW FULL COLUMNS FROM `cmf_product` [ RunTime:0.001604s ]
[2026-06-22T15:59:19+08:00][sql] SELECT `id`,`title`,`thumbnail`,`industry` FROM `cmf_product` WHERE  `is_recommended` = 1  AND `category_id` = 28 ORDER BY `list_order` ASC LIMIT 6 [ RunTime:0.004486s ]
[2026-06-22T15:59:19+08:00][sql] SELECT `id`,`title`,`thumbnail`,`industry` FROM `cmf_product` WHERE  `is_recommended` = 1  AND `category_id` = 19 ORDER BY `list_order` ASC LIMIT 6 [ RunTime:0.001235s ]
[2026-06-22T15:59:19+08:00][sql] SELECT `id`,`title`,`thumbnail`,`industry` FROM `cmf_product` WHERE  `is_recommended` = 1  AND `category_id` = 23 ORDER BY `list_order` ASC LIMIT 6 [ RunTime:0.000406s ]
[2026-06-22T15:59:19+08:00][sql] SELECT `id`,`title`,`thumbnail`,`industry` FROM `cmf_product` WHERE  `is_recommended` = 1  AND `category_id` = 25 ORDER BY `list_order` ASC LIMIT 6 [ RunTime:0.000459s ]
[2026-06-22T15:59:19+08:00][sql] SELECT `id`,`title`,`thumbnail`,`industry` FROM `cmf_product` WHERE  `is_recommended` = 1  AND `category_id` = 30 ORDER BY `list_order` ASC LIMIT 6 [ RunTime:0.000369s ]
[2026-06-22T15:59:19+08:00][sql] SHOW FULL COLUMNS FROM `cmf_portal_post` [ RunTime:0.001556s ]
[2026-06-22T15:59:19+08:00][sql] SELECT `p`.`id`,`p`.`post_title`,`p`.`post_excerpt`,`p`.`thumbnail`,`p`.`create_time`,`c`.`category_id` FROM `cmf_portal_post` `p` INNER JOIN `cmf_portal_category_post` `c` ON `p`.`id`=`c`.`post_id` WHERE (  `p`.`post_type` = '8' ) AND `p`.`delete_time` = '0' ORDER BY `c`.`list_order` ASC,`p`.`create_time` DESC [ RunTime:0.001476s ]
[2026-06-22T15:59:19+08:00][sql] SELECT `id`,`post_title`,`post_excerpt`,`more` FROM `cmf_portal_post` WHERE (  `post_type` = 3 ) AND `cmf_portal_post`.`delete_time` = '0' ORDER BY `create_time` DESC [ RunTime:0.000394s ]
[2026-06-22T15:59:19+08:00][sql] SHOW FULL COLUMNS FROM `cmf_theme_file` [ RunTime:0.001394s ]
[2026-06-22T15:59:19+08:00][sql] SELECT `more`,`file`,`id` FROM `cmf_theme_file` WHERE  `theme` = 'simpleboot3'  AND (  `is_public` = 1 OR `file` = 'portal/index' ) ORDER BY `is_public` DESC [ RunTime:0.001723s ]
[2026-06-22T15:59:19+08:00][sql] SELECT `option_value` FROM `cmf_option` WHERE  `option_name` = 'storage' LIMIT 1 [ RunTime:0.000632s ]
[2026-06-22T15:59:38+08:00][sql] CONNECT:[ UseTime:0.001176s ] mysql:host=127.0.0.1;port=3306;dbname=newncl;charset=utf8mb4
[2026-06-22T15:59:38+08:00][sql] SHOW FULL COLUMNS FROM `cmf_option` [ RunTime:0.001831s ]
[2026-06-22T15:59:38+08:00][sql] SELECT `option_value` FROM `cmf_option` WHERE  `option_name` = 'cdn_settings' LIMIT 1 [ RunTime:0.000459s ]
[2026-06-22T15:59:38+08:00][sql] SELECT `option_value` FROM `cmf_option` WHERE  `option_name` = 'cdn_settings' LIMIT 1 [ RunTime:0.000290s ]
[2026-06-22T15:59:38+08:00][sql] SHOW FULL COLUMNS FROM `cmf_product_category` [ RunTime:0.000946s ]
[2026-06-22T15:59:38+08:00][sql] SELECT * FROM `cmf_product_category` WHERE  `parent_id` = 0 ORDER BY `list_order` ASC,`create_time` DESC [ RunTime:0.000692s ]
[2026-06-22T15:59:38+08:00][sql] SELECT * FROM `cmf_product_category` WHERE  `parent_id` IN (28,19,23,25,30,22,27) [ RunTime:0.000385s ]
[2026-06-22T15:59:38+08:00][sql] SHOW FULL COLUMNS FROM `cmf_portal_category` [ RunTime:0.001525s ]
[2026-06-22T15:59:38+08:00][sql] SELECT * FROM `cmf_portal_category` WHERE (  `type` = 8 ) AND `cmf_portal_category`.`delete_time` = '0' ORDER BY `list_order` ASC [ RunTime:0.000513s ]
[2026-06-22T15:59:38+08:00][sql] SHOW FULL COLUMNS FROM `cmf_slide_item` [ RunTime:0.000982s ]
[2026-06-22T15:59:38+08:00][sql] SELECT `title`,`description`,`image`,`url`,`target`,`content` FROM `cmf_slide_item` WHERE  `slide_id` = 1 ORDER BY `list_order` ASC [ RunTime:0.000501s ]
[2026-06-22T15:59:38+08:00][sql] SHOW FULL COLUMNS FROM `cmf_slide` [ RunTime:0.000951s ]
[2026-06-22T15:59:38+08:00][sql] SELECT * FROM `cmf_slide` WHERE  `name` LIKE '%choose%' OR `name` LIKE '%选择%' LIMIT 1 [ RunTime:0.000453s ]
[2026-06-22T15:59:38+08:00][sql] SELECT `title`,`description`,`image`,`url`,`target`,`content` FROM `cmf_slide_item` WHERE  `slide_id` = 14  AND `status` = 1 ORDER BY `list_order` ASC [ RunTime:0.000359s ]
[2026-06-22T15:59:38+08:00][sql] SELECT * FROM `cmf_product_category` WHERE  `parent_id` = 0  AND `recommend` = 1 ORDER BY `list_order` ASC,`create_time` DESC [ RunTime:0.000328s ]
[2026-06-22T15:59:38+08:00][sql] SHOW FULL COLUMNS FROM `cmf_product` [ RunTime:0.001227s ]
[2026-06-22T15:59:38+08:00][sql] SELECT `id`,`title`,`thumbnail`,`industry` FROM `cmf_product` WHERE  `is_recommended` = 1  AND `category_id` = 28 ORDER BY `list_order` ASC LIMIT 6 [ RunTime:0.000658s ]
[2026-06-22T15:59:38+08:00][sql] SELECT `id`,`title`,`thumbnail`,`industry` FROM `cmf_product` WHERE  `is_recommended` = 1  AND `category_id` = 19 ORDER BY `list_order` ASC LIMIT 6 [ RunTime:0.000358s ]
[2026-06-22T15:59:38+08:00][sql] SELECT `id`,`title`,`thumbnail`,`industry` FROM `cmf_product` WHERE  `is_recommended` = 1  AND `category_id` = 23 ORDER BY `list_order` ASC LIMIT 6 [ RunTime:0.000345s ]
[2026-06-22T15:59:38+08:00][sql] SELECT `id`,`title`,`thumbnail`,`industry` FROM `cmf_product` WHERE  `is_recommended` = 1  AND `category_id` = 25 ORDER BY `list_order` ASC LIMIT 6 [ RunTime:0.000447s ]
[2026-06-22T15:59:38+08:00][sql] SELECT `id`,`title`,`thumbnail`,`industry` FROM `cmf_product` WHERE  `is_recommended` = 1  AND `category_id` = 30 ORDER BY `list_order` ASC LIMIT 6 [ RunTime:0.000311s ]
[2026-06-22T15:59:38+08:00][sql] SHOW FULL COLUMNS FROM `cmf_portal_post` [ RunTime:0.001365s ]
[2026-06-22T15:59:38+08:00][sql] SELECT `p`.`id`,`p`.`post_title`,`p`.`post_excerpt`,`p`.`thumbnail`,`p`.`create_time`,`c`.`category_id` FROM `cmf_portal_post` `p` INNER JOIN `cmf_portal_category_post` `c` ON `p`.`id`=`c`.`post_id` WHERE (  `p`.`post_type` = '8' ) AND `p`.`delete_time` = '0' ORDER BY `c`.`list_order` ASC,`p`.`create_time` DESC [ RunTime:0.001090s ]
[2026-06-22T15:59:38+08:00][sql] SELECT `id`,`post_title`,`post_excerpt`,`more` FROM `cmf_portal_post` WHERE (  `post_type` = 3 ) AND `cmf_portal_post`.`delete_time` = '0' ORDER BY `create_time` DESC [ RunTime:0.000416s ]
[2026-06-22T15:59:38+08:00][sql] SHOW FULL COLUMNS FROM `cmf_theme_file` [ RunTime:0.001081s ]
[2026-06-22T15:59:38+08:00][sql] SELECT `more`,`file`,`id` FROM `cmf_theme_file` WHERE  `theme` = 'simpleboot3_mobile'  AND (  `is_public` = 1 OR `file` = 'portal/index' ) ORDER BY `is_public` DESC [ RunTime:0.000448s ]
[2026-06-22T15:59:38+08:00][sql] SELECT `option_value` FROM `cmf_option` WHERE  `option_name` = 'storage' LIMIT 1 [ RunTime:0.000397s ]
[2026-06-22T16:06:43+08:00][sql] CONNECT:[ UseTime:0.001525s ] mysql:host=127.0.0.1;port=3306;dbname=newncl;charset=utf8mb4
[2026-06-22T16:06:43+08:00][sql] SHOW FULL COLUMNS FROM `cmf_option` [ RunTime:0.002041s ]
[2026-06-22T16:06:43+08:00][sql] SELECT `option_value` FROM `cmf_option` WHERE  `option_name` = 'cdn_settings' LIMIT 1 [ RunTime:0.000538s ]
[2026-06-22T16:06:43+08:00][sql] SELECT `option_value` FROM `cmf_option` WHERE  `option_name` = 'cdn_settings' LIMIT 1 [ RunTime:0.000293s ]
[2026-06-22T16:06:43+08:00][sql] SHOW FULL COLUMNS FROM `cmf_product_category` [ RunTime:0.002059s ]
[2026-06-22T16:06:43+08:00][sql] SELECT * FROM `cmf_product_category` WHERE  `parent_id` = 0 ORDER BY `list_order` ASC,`create_time` DESC [ RunTime:0.000784s ]
[2026-06-22T16:06:43+08:00][sql] SELECT * FROM `cmf_product_category` WHERE  `parent_id` IN (28,19,23,25,30,22,27) [ RunTime:0.000366s ]
[2026-06-22T16:06:43+08:00][sql] SHOW FULL COLUMNS FROM `cmf_portal_category` [ RunTime:0.001188s ]
[2026-06-22T16:06:43+08:00][sql] SELECT * FROM `cmf_portal_category` WHERE (  `type` = 8 ) AND `cmf_portal_category`.`delete_time` = '0' ORDER BY `list_order` ASC [ RunTime:0.000486s ]
[2026-06-22T16:06:43+08:00][sql] SHOW FULL COLUMNS FROM `cmf_slide_item` [ RunTime:0.000985s ]
[2026-06-22T16:06:43+08:00][sql] SELECT `title`,`description`,`image`,`url`,`target`,`content` FROM `cmf_slide_item` WHERE  `slide_id` = 1 ORDER BY `list_order` ASC [ RunTime:0.000495s ]
[2026-06-22T16:06:43+08:00][sql] SHOW FULL COLUMNS FROM `cmf_slide` [ RunTime:0.001298s ]
[2026-06-22T16:06:43+08:00][sql] SELECT * FROM `cmf_slide` WHERE  `name` LIKE '%choose%' OR `name` LIKE '%选择%' LIMIT 1 [ RunTime:0.000564s ]
[2026-06-22T16:06:43+08:00][sql] SELECT `title`,`description`,`image`,`url`,`target`,`content` FROM `cmf_slide_item` WHERE  `slide_id` = 14  AND `status` = 1 ORDER BY `list_order` ASC [ RunTime:0.000375s ]
[2026-06-22T16:06:43+08:00][sql] SELECT * FROM `cmf_product_category` WHERE  `parent_id` = 0  AND `recommend` = 1 ORDER BY `list_order` ASC,`create_time` DESC [ RunTime:0.000353s ]
[2026-06-22T16:06:43+08:00][sql] SHOW FULL COLUMNS FROM `cmf_product` [ RunTime:0.001786s ]
[2026-06-22T16:06:43+08:00][sql] SELECT `id`,`title`,`thumbnail`,`industry` FROM `cmf_product` WHERE  `is_recommended` = 1  AND `category_id` = 28 ORDER BY `list_order` ASC LIMIT 6 [ RunTime:0.000741s ]
[2026-06-22T16:06:43+08:00][sql] SELECT `id`,`title`,`thumbnail`,`industry` FROM `cmf_product` WHERE  `is_recommended` = 1  AND `category_id` = 19 ORDER BY `list_order` ASC LIMIT 6 [ RunTime:0.000357s ]
[2026-06-22T16:06:43+08:00][sql] SELECT `id`,`title`,`thumbnail`,`industry` FROM `cmf_product` WHERE  `is_recommended` = 1  AND `category_id` = 23 ORDER BY `list_order` ASC LIMIT 6 [ RunTime:0.000290s ]
[2026-06-22T16:06:43+08:00][sql] SELECT `id`,`title`,`thumbnail`,`industry` FROM `cmf_product` WHERE  `is_recommended` = 1  AND `category_id` = 25 ORDER BY `list_order` ASC LIMIT 6 [ RunTime:0.000299s ]
[2026-06-22T16:06:43+08:00][sql] SELECT `id`,`title`,`thumbnail`,`industry` FROM `cmf_product` WHERE  `is_recommended` = 1  AND `category_id` = 30 ORDER BY `list_order` ASC LIMIT 6 [ RunTime:0.000288s ]
[2026-06-22T16:06:43+08:00][sql] SHOW FULL COLUMNS FROM `cmf_portal_post` [ RunTime:0.001305s ]
[2026-06-22T16:06:43+08:00][sql] SELECT `p`.`id`,`p`.`post_title`,`p`.`post_excerpt`,`p`.`thumbnail`,`p`.`create_time`,`c`.`category_id` FROM `cmf_portal_post` `p` INNER JOIN `cmf_portal_category_post` `c` ON `p`.`id`=`c`.`post_id` WHERE (  `p`.`post_type` = '8' ) AND `p`.`delete_time` = '0' ORDER BY `c`.`list_order` ASC,`p`.`create_time` DESC [ RunTime:0.000818s ]
[2026-06-22T16:06:43+08:00][sql] SELECT `id`,`post_title`,`post_excerpt`,`more` FROM `cmf_portal_post` WHERE (  `post_type` = 3 ) AND `cmf_portal_post`.`delete_time` = '0' ORDER BY `create_time` DESC [ RunTime:0.000345s ]
[2026-06-22T16:06:43+08:00][sql] SHOW FULL COLUMNS FROM `cmf_theme_file` [ RunTime:0.000980s ]
[2026-06-22T16:06:43+08:00][sql] SELECT `more`,`file`,`id` FROM `cmf_theme_file` WHERE  `theme` = 'simpleboot3'  AND (  `is_public` = 1 OR `file` = 'portal/index' ) ORDER BY `is_public` DESC [ RunTime:0.000506s ]
[2026-06-22T16:06:43+08:00][sql] SELECT `option_value` FROM `cmf_option` WHERE  `option_name` = 'storage' LIMIT 1 [ RunTime:0.000719s ]
